cell_id,WBP5,is_cancer,site,non_cancer_type,compartment,patient,detected
HN28_P15_D06_S330_comb,0,0,Lymph node,Fibroblast,Fibroblast,28,FALSE
HN28_P6_G05_S173_comb,0,0,Primary,Fibroblast,Fibroblast,28,FALSE
HN26_P14_D11_S239_comb,3.1172,1,Lymph node,0,Cancer cells,26,TRUE
HN26_P14_H05_S281_comb,3.206,0,Lymph node,Fibroblast,Fibroblast,26,TRUE
HN26_P25_H09_S189_comb,0,1,Lymph node,0,Cancer cells,26,FALSE
HN26_P14_H06_S282_comb,0,1,Lymph node,0,Cancer cells,26,FALSE
HN25_P25_C04_S316_comb,0,1,Lymph node,0,Cancer cells,25,FALSE
HN26_P25_A11_S107_comb,0,0,Lymph node,Fibroblast,Fibroblast,26,FALSE
HN26_P25_C09_S129_comb,3.0133,1,Lymph node,0,Cancer cells,26,TRUE
HNSCC26_P24_H05_S377_comb,0,1,Lymph node,0,Cancer cells,26,FALSE
HN25_P5_E10_S58_comb,0,0,Primary,Fibroblast,Fibroblast,25,FALSE
HN25_P24_B02_S110_comb,4.1952,1,Lymph node,0,Cancer cells,25,TRUE
HN25_P25_C01_S313_comb,0,0,Lymph node,B cell,B cell,25,FALSE
HN28_P15_G06_S366_comb,0,0,Lymph node,Fibroblast,Fibroblast,28,FALSE
HN26_P6_B06_S18_comb,0,0,Primary,Fibroblast,Fibroblast,26,FALSE
HN25_P5_C05_S29_comb,4.8071,0,Primary,Fibroblast,Fibroblast,25,TRUE
HN28_P6_D09_S141_comb,0,0,Primary,Fibroblast,Fibroblast,28,FALSE
HN26_P5_H01_S85_comb,0.28924,1,Primary,0,Cancer cells,26,TRUE
HN26_P13_D07_S139_comb,0,0,Lymph node,Fibroblast,Fibroblast,26,FALSE
HN26_P5_E06_S54_comb,0.29396,1,Primary,0,Cancer cells,26,TRUE
HN26_P26_H05_S377_comb,0,1,Lymph node,0,Cancer cells,26,FALSE
HNSCC26_P24_F12_S360_comb,4.0679,1,Lymph node,0,Cancer cells,26,TRUE
HNSCC26_P24_F03_S351_comb,3.2912,1,Lymph node,0,Cancer cells,26,TRUE
HN26_P6_D08_S44_comb,3.2823,1,Primary,0,Cancer cells,26,TRUE
HN25_P5_E12_S60_comb,0,0,Primary,Fibroblast,Fibroblast,25,FALSE
HNSCC26_P24_C01_S313_comb,2.9228,1,Lymph node,0,Cancer cells,26,TRUE
HN25_P5_F01_S61_comb,4.6485,0,Primary,Fibroblast,Fibroblast,25,TRUE
HN26_P5_D12_S48_comb,0,0,Primary,Fibroblast,Fibroblast,26,FALSE
HN25_P25_C11_S323_comb,5.5527,0,Lymph node,Fibroblast,Fibroblast,25,TRUE
HN25_P25_B12_S312_comb,4.7508,1,Lymph node,0,Cancer cells,25,TRUE
HN25_P5_E11_S59_comb,2.8223,1,Primary,0,Cancer cells,25,TRUE
HN26_P5_G11_S83_comb,6.4248,0,Primary,Fibroblast,Fibroblast,26,TRUE
HNSCC26_P12_G04_S268_comb,0,0,Lymph node,Fibroblast,Fibroblast,26,FALSE
HN25_P23_G05_S269_comb,0,0,Lymph node,Fibroblast,Fibroblast,25,FALSE
HN26_P25_E02_S146_comb,0,1,Lymph node,0,Cancer cells,26,FALSE
HN25_P25_F01_S349_comb,0,0,Lymph node,Fibroblast,Fibroblast,25,FALSE
HN26_P26_E10_S346_comb,1.3885,1,Lymph node,0,Cancer cells,26,TRUE
HN26_P6_B04_S16_comb,3.6002,1,Primary,0,Cancer cells,26,TRUE
HN25_P23_C01_S217_comb,0,0,Lymph node,B cell,B cell,25,FALSE
HN28_P6_A09_S105_comb,0,0,Primary,Fibroblast,Fibroblast,28,FALSE
HN25_P25_E06_S342_comb,0,0,Lymph node,Fibroblast,Fibroblast,25,FALSE
HN25_P23_H09_S285_comb,0,0,Lymph node,Fibroblast,Fibroblast,25,FALSE
HN28_P6_H07_S187_comb,5.4038,0,Primary,Fibroblast,Fibroblast,28,TRUE
HNSCC26_P24_D01_S325_comb,3.8321,1,Lymph node,0,Cancer cells,26,TRUE
HN25_P24_H02_S182_comb,3.5913,1,Lymph node,0,Cancer cells,25,TRUE
HN26_P13_E03_S147_comb,0,1,Lymph node,0,Cancer cells,26,FALSE
HN26_P25_B03_S111_comb,3.3121,1,Lymph node,0,Cancer cells,26,TRUE
HNSCC26_P12_D11_S239_comb,0,0,Lymph node,Fibroblast,Fibroblast,26,FALSE
HN28_P6_B03_S111_comb,4.7403,0,Primary,Fibroblast,Fibroblast,28,TRUE
HN26_P5_H08_S92_comb,3.2019,1,Primary,0,Cancer cells,26,TRUE
HN25_P5_B06_S18_comb,3.5924,0,Primary,myocyte,myocyte,25,TRUE
HN25_P5_B04_S16_comb,0.44148,0,Primary,#NAME?,#NAME?,25,TRUE
HNSCC26_P24_D02_S326_comb,2.6034,1,Lymph node,0,Cancer cells,26,TRUE
HN25_P5_A05_S5_comb,0,0,Primary,Fibroblast,Fibroblast,25,FALSE
HN26_P5_D09_S45_comb,0,1,Primary,0,Cancer cells,26,FALSE
HNSCC26_P12_G11_S275_comb,0.47923,0,Lymph node,Fibroblast,Fibroblast,26,TRUE
HN26_P25_A01_S97_comb,0,1,Lymph node,0,Cancer cells,26,FALSE
HN26_P25_A03_S99_comb,0,1,Lymph node,0,Cancer cells,26,FALSE
HNSCC26_P12_H11_S287_comb,0,0,Lymph node,Fibroblast,Fibroblast,26,FALSE
HN25_P24_F06_S162_comb,6.3805,0,Lymph node,Fibroblast,Fibroblast,25,TRUE
HN26_P6_A08_S8_comb,0,0,Primary,Fibroblast,Fibroblast,26,FALSE
HNSCC26_P24_H10_S382_comb,0,0,Lymph node,0,0,26,FALSE
HN25_P5_B12_S24_comb,3.8609,1,Primary,0,Cancer cells,25,TRUE
HN28_P6_A02_S98_comb,0,0,Primary,Fibroblast,Fibroblast,28,FALSE
HN25_P24_G02_S170_comb,6.7578,0,Lymph node,Fibroblast,Fibroblast,25,TRUE
HN26_P13_C04_S124_comb,0,1,Lymph node,0,Cancer cells,26,FALSE
HN25_P25_A12_S300_comb,2.9165,1,Lymph node,0,Cancer cells,25,TRUE
HN26_P14_C05_S221_comb,0,0,Lymph node,Fibroblast,Fibroblast,26,FALSE
HN25_P24_H04_S184_comb,6.3479,0,Lymph node,Fibroblast,Fibroblast,25,TRUE
HN26_P25_A07_S103_comb,0,0,Lymph node,Macrophage,Macrophage,26,FALSE
HNSCC26_P12_H07_S283_comb,0.56365,1,Lymph node,0,Cancer cells,26,TRUE
HN26_P25_C02_S122_comb,2.6182,1,Lymph node,0,Cancer cells,26,TRUE
HN26_P26_F06_S354_comb,3.38,1,Lymph node,0,Cancer cells,26,TRUE
HN28_P6_H10_S190_comb,0,0,Primary,Fibroblast,Fibroblast,28,FALSE
HN25_P25_C07_S319_comb,3.1192,1,Lymph node,0,Cancer cells,25,TRUE
HNSCC26_P24_C09_S321_comb,6.1701,1,Lymph node,0,Cancer cells,26,TRUE
HNSCC26_P24_F08_S356_comb,0.48336,0,Lymph node,Fibroblast,Fibroblast,26,TRUE
HN28_P6_G06_S174_comb,0,0,Primary,Fibroblast,Fibroblast,28,FALSE
HN25_P5_H09_S93_comb,0,0,Primary,Fibroblast,Fibroblast,25,FALSE
HN26_P14_A02_S194_comb,0,0,Lymph node,Fibroblast,Fibroblast,26,FALSE
HNSCC26_P24_B09_S309_comb,5.2063,1,Lymph node,0,Cancer cells,26,TRUE
HN26_P13_F04_S160_comb,0,0,Lymph node,Fibroblast,Fibroblast,26,FALSE
HN25_P24_A08_S104_comb,0,0,Lymph node,Fibroblast,Fibroblast,25,FALSE
HN26_P13_F07_S163_comb,0,0,Lymph node,Fibroblast,Fibroblast,26,FALSE
HN26_P13_D06_S138_comb,3.2222,1,Lymph node,0,Cancer cells,26,TRUE
HN28_P15_B12_S312_comb,2.3863,1,Lymph node,0,Cancer cells,28,TRUE
HN28_P15_D11_S335_comb,6.8556,0,Lymph node,Fibroblast,Fibroblast,28,TRUE
HN28_P15_C09_S321_comb,6.3191,0,Lymph node,Fibroblast,Fibroblast,28,TRUE
HN26_P25_G03_S171_comb,5.0071,1,Lymph node,0,Cancer cells,26,TRUE
HN28_P6_C01_S121_comb,0,0,Primary,Endothelial,Endothelial,28,FALSE
HN25_P23_H02_S278_comb,0,0,Lymph node,B cell,B cell,25,FALSE
HN26_P25_E03_S147_comb,1.9107,1,Lymph node,0,Cancer cells,26,TRUE
HN26_P5_F06_S66_comb,7.0801,0,Primary,Fibroblast,Fibroblast,26,TRUE
HN28_P15_A01_S289_comb,5.0884,0,Lymph node,Fibroblast,Fibroblast,28,TRUE
HN26_P25_F09_S165_comb,0,1,Lymph node,0,Cancer cells,26,FALSE
HN25_P5_B01_S13_comb,5.4554,0,Primary,Fibroblast,Fibroblast,25,TRUE
HN26_P6_B02_S14_comb,3.9438,1,Primary,0,Cancer cells,26,TRUE
HNSCC26_P24_A09_S297_comb,3.898,1,Lymph node,0,Cancer cells,26,TRUE
HN28_P6_E12_S156_comb,6.3696,0,Primary,Fibroblast,Fibroblast,28,TRUE
HN25_P5_G10_S82_comb,4.3377,0,Primary,Fibroblast,Fibroblast,25,TRUE
HNSCC26_P24_F11_S359_comb,0.29748,1,Lymph node,0,Cancer cells,26,TRUE
HN26_P13_G10_S178_comb,6.3046,0,Lymph node,Fibroblast,Fibroblast,26,TRUE
HN26_P6_G03_S75_comb,0,0,Primary,Fibroblast,Fibroblast,26,FALSE
HN25_P24_B12_S120_comb,0,0,Lymph node,T cell,T cell,25,FALSE
HN26_P13_B04_S112_comb,3.0444,1,Lymph node,0,Cancer cells,26,TRUE
HN26_P13_H09_S189_comb,0,0,Lymph node,Fibroblast,Fibroblast,26,FALSE
HN25_P5_E09_S57_comb,1.7088,1,Primary,0,Cancer cells,25,TRUE
HN26_P26_D03_S327_comb,4.6861,1,Lymph node,0,Cancer cells,26,TRUE
HN26_P14_B04_S208_comb,2.892,1,Lymph node,0,Cancer cells,26,TRUE
HN25_P25_F05_S353_comb,0,0,Lymph node,Fibroblast,Fibroblast,25,FALSE
HN26_P14_H03_S279_comb,0,1,Lymph node,0,Cancer cells,26,FALSE
HN28_P6_D03_S135_comb,5.0902,0,Primary,Fibroblast,Fibroblast,28,TRUE
HN26_P5_F01_S61_comb,6.7987,0,Primary,Fibroblast,Fibroblast,26,TRUE
HNSCC26_P24_G03_S363_comb,0,0,Lymph node,0,0,26,FALSE
HN28_P6_A11_S107_comb,0,0,Primary,0,0,28,FALSE
HN26_P14_F07_S259_comb,0,0,Lymph node,Fibroblast,Fibroblast,26,FALSE
HN26_P25_G08_S176_comb,4.5083,1,Lymph node,0,Cancer cells,26,TRUE
HN25_P25_G12_S372_comb,3.7,1,Lymph node,0,Cancer cells,25,TRUE
HNSCC26_P12_F04_S256_comb,4.5398,1,Lymph node,0,Cancer cells,26,TRUE
HN26_P6_B05_S17_comb,3.5414,1,Primary,0,Cancer cells,26,TRUE
HN26_P26_H04_S376_comb,2.5864,1,Lymph node,0,Cancer cells,26,TRUE
HN28_P15_B10_S310_comb,0,0,Lymph node,B cell,B cell,28,FALSE
HN28_P15_F05_S353_comb,5.0607,0,Lymph node,Fibroblast,Fibroblast,28,TRUE
HN25_P25_B08_S308_comb,0,0,Lymph node,Dendritic,Dendritic,25,FALSE
HNSCC26_P24_E10_S346_comb,6.9658,0,Lymph node,Fibroblast,Fibroblast,26,TRUE
HN26_P5_F02_S62_comb,0,1,Primary,0,Cancer cells,26,FALSE
HN28_P15_D01_S325_comb,0,0,Lymph node,Fibroblast,Fibroblast,28,FALSE
HN25_P25_A07_S295_comb,0,0,Lymph node,Fibroblast,Fibroblast,25,FALSE
HN26_P14_C10_S226_comb,0,1,Lymph node,0,Cancer cells,26,FALSE
HNSCC26_P24_H08_S380_comb,3.5783,1,Lymph node,0,Cancer cells,26,TRUE
HN26_P5_G03_S75_comb,6.265,0,Primary,Fibroblast,Fibroblast,26,TRUE
HN25_P5_D05_S41_comb,5.6776,0,Primary,Fibroblast,Fibroblast,25,TRUE
HN26_P26_D10_S334_comb,5.0788,0,Lymph node,Fibroblast,Fibroblast,26,TRUE
HN26_P6_H12_S96_comb,0,0,Primary,Fibroblast,Fibroblast,26,FALSE
HN25_P5_D12_S48_comb,5.5333,1,Primary,0,Cancer cells,25,TRUE
HN25_P5_F12_S72_comb,3.3576,1,Primary,0,Cancer cells,25,TRUE
HN26_P14_C04_S220_comb,0,1,Lymph node,0,Cancer cells,26,FALSE
HN26_P26_B12_S312_comb,5.5197,1,Lymph node,0,Cancer cells,26,TRUE
HN25_P5_E06_S54_comb,2.8166,0,Primary,Fibroblast,Fibroblast,25,TRUE
HN25_P23_B12_S216_comb,4.681,1,Lymph node,0,Cancer cells,25,TRUE
HN26_P25_H04_S184_comb,2.5668,1,Lymph node,0,Cancer cells,26,TRUE
HN28_P6_E06_S150_comb,3.8927,0,Primary,Fibroblast,Fibroblast,28,TRUE
HN25_P24_D08_S140_comb,5.1471,0,Lymph node,Fibroblast,Fibroblast,25,TRUE
HN28_P6_E09_S153_comb,0,0,Primary,Fibroblast,Fibroblast,28,FALSE
HN26_P26_D12_S336_comb,1.7407,1,Lymph node,0,Cancer cells,26,TRUE
HN26_P26_F07_S355_comb,3.1423,1,Lymph node,0,Cancer cells,26,TRUE
HN28_P15_G07_S367_comb,3.9221,1,Lymph node,0,Cancer cells,28,TRUE
HN25_P23_B11_S215_comb,0.72596,0,Lymph node,Fibroblast,Fibroblast,25,TRUE
HN25_P24_G09_S177_comb,0,0,Lymph node,Fibroblast,Fibroblast,25,FALSE
HN28_P15_F12_S360_comb,3.6114,1,Lymph node,0,Cancer cells,28,TRUE
HN28_P15_A06_S294_comb,0,0,Lymph node,Fibroblast,Fibroblast,28,FALSE
HN26_P14_D08_S236_comb,0,0,Lymph node,Fibroblast,Fibroblast,26,FALSE
HN28_P15_H10_S382_comb,2.6003,0,Lymph node,Fibroblast,Fibroblast,28,TRUE
HN26_P25_C12_S132_comb,3.6388,1,Lymph node,0,Cancer cells,26,TRUE
HN25_P24_E11_S155_comb,0,0,Lymph node,Fibroblast,Fibroblast,25,FALSE
HN26_P13_G06_S174_comb,0,0,Lymph node,B cell,B cell,26,FALSE
HN25_P5_F09_S69_comb,2.3294,1,Primary,0,Cancer cells,25,TRUE
HN26_P25_E11_S155_comb,0,0,Lymph node,0,0,26,FALSE
HN25_P23_E12_S252_comb,0,1,Lymph node,0,Cancer cells,25,FALSE
HN28_P15_H08_S380_comb,0.41576,0,Lymph node,Fibroblast,Fibroblast,28,TRUE
HN25_P24_F07_S163_comb,3.1195,1,Lymph node,0,Cancer cells,25,TRUE
HN25_P23_G06_S270_comb,3.8052,1,Lymph node,0,Cancer cells,25,TRUE
HN28_P6_E02_S146_comb,0,0,Primary,Fibroblast,Fibroblast,28,FALSE
HN25_P24_G10_S178_comb,0,1,Lymph node,0,Cancer cells,25,FALSE
HN26_P14_D05_S233_comb,0,1,Lymph node,0,Cancer cells,26,FALSE
HN26_P14_A01_S193_comb,2.3138,1,Lymph node,0,Cancer cells,26,TRUE
HNSCC26_P24_C10_S322_comb,0,1,Lymph node,0,Cancer cells,26,FALSE
HN26_P26_H09_S381_comb,0,1,Lymph node,0,Cancer cells,26,FALSE
HN25_P24_F02_S158_comb,4.8743,0,Lymph node,Fibroblast,Fibroblast,25,TRUE
HN28_P15_H11_S383_comb,4.2666,0,Lymph node,Fibroblast,Fibroblast,28,TRUE
HN25_P23_C06_S222_comb,0,0,Lymph node,Fibroblast,Fibroblast,25,FALSE
HN25_P5_D10_S46_comb,0,0,Primary,Fibroblast,Fibroblast,25,FALSE
HN26_P26_B08_S308_comb,0,1,Lymph node,0,Cancer cells,26,FALSE
HN26_P25_D02_S134_comb,0,1,Lymph node,0,Cancer cells,26,FALSE
HN25_P23_H03_S279_comb,2.7795,0,Lymph node,Fibroblast,Fibroblast,25,TRUE
HN26_P26_C04_S316_comb,3.365,1,Lymph node,0,Cancer cells,26,TRUE
HN28_P6_E10_S154_comb,0,0,Primary,Fibroblast,Fibroblast,28,FALSE
HN26_P25_B08_S116_comb,3.8211,1,Lymph node,0,Cancer cells,26,TRUE
HN28_P6_D12_S144_comb,0,0,Primary,Fibroblast,Fibroblast,28,FALSE
HN26_P14_H11_S287_comb,6.5533,0,Lymph node,Fibroblast,Fibroblast,26,TRUE
HN25_P24_C10_S130_comb,0,0,Lymph node,Fibroblast,Fibroblast,25,FALSE
HN25_P25_C02_S314_comb,0,0,Lymph node,B cell,B cell,25,FALSE
HN26_P13_A02_S98_comb,0,0,Lymph node,Dendritic,Dendritic,26,FALSE
HN26_P5_E08_S56_comb,0,0,Primary,Fibroblast,Fibroblast,26,FALSE
HN28_P6_B07_S115_comb,0,0,Primary,Fibroblast,Fibroblast,28,FALSE
HN25_P24_F05_S161_comb,0,0,Lymph node,Fibroblast,Fibroblast,25,FALSE
HN26_P14_B09_S213_comb,2.9802,1,Lymph node,0,Cancer cells,26,TRUE
HN25_P23_B01_S205_comb,5.441,1,Lymph node,0,Cancer cells,25,TRUE
HN25_P5_A07_S7_comb,2.6492,1,Primary,0,Cancer cells,25,TRUE
HN28_P15_A02_S290_comb,4.139,0,Lymph node,Fibroblast,Fibroblast,28,TRUE
HN26_P13_D01_S133_comb,4.2522,1,Lymph node,0,Cancer cells,26,TRUE
HN28_P6_B09_S117_comb,0,0,Primary,Fibroblast,Fibroblast,28,FALSE
HN25_P5_E05_S53_comb,4.6412,0,Primary,Fibroblast,Fibroblast,25,TRUE
HN25_P5_D04_S40_comb,5.8437,0,Primary,Fibroblast,Fibroblast,25,TRUE
HN25_P25_E01_S337_comb,0.60975,0,Lymph node,B cell,B cell,25,TRUE
HN28_P6_F05_S161_comb,8.2688,0,Primary,Fibroblast,Fibroblast,28,TRUE
HN26_P14_E08_S248_comb,0,0,Lymph node,Fibroblast,Fibroblast,26,FALSE
HN28_P6_D08_S140_comb,5.2142,0,Primary,Fibroblast,Fibroblast,28,TRUE
HN26_P6_B08_S20_comb,0,1,Primary,0,Cancer cells,26,FALSE
HN26_P5_A09_S9_comb,3.7547,1,Primary,0,Cancer cells,26,TRUE
HN26_P25_H01_S181_comb,4.8106,1,Lymph node,0,Cancer cells,26,TRUE
HNSCC26_P24_B11_S311_comb,0,1,Lymph node,0,Cancer cells,26,FALSE
HN26_P6_F03_S63_comb,0,0,Primary,Fibroblast,Fibroblast,26,FALSE
HN28_P6_G08_S176_comb,6.7195,0,Primary,Fibroblast,Fibroblast,28,TRUE
HN26_P26_A03_S291_comb,0,0,Lymph node,Fibroblast,Fibroblast,26,FALSE
HN25_P23_A12_S204_comb,0,0,Lymph node,B cell,B cell,25,FALSE
HN26_P13_F01_S157_comb,0,1,Lymph node,0,Cancer cells,26,FALSE
HN25_P5_G12_S84_comb,0,0,Primary,Mast,Mast,25,FALSE
HN26_P5_A07_S7_comb,2.8877,1,Primary,0,Cancer cells,26,TRUE
HN25_P23_B02_S206_comb,0,0,Lymph node,Fibroblast,Fibroblast,25,FALSE
HN25_P5_B07_S19_comb,0,0,Primary,Fibroblast,Fibroblast,25,FALSE
HN25_P5_H04_S88_comb,0,0,Primary,0,0,25,FALSE
HN28_P15_C11_S323_comb,5.8604,0,Lymph node,Fibroblast,Fibroblast,28,TRUE
HNSCC26_P12_F08_S260_comb,0,1,Lymph node,0,Cancer cells,26,FALSE
HN28_P6_F12_S168_comb,4.8843,0,Primary,Fibroblast,Fibroblast,28,TRUE
HN26_P5_G06_S78_comb,0,1,Primary,0,Cancer cells,26,FALSE
HN28_P6_G11_S179_comb,6.0328,0,Primary,Fibroblast,Fibroblast,28,TRUE
HN26_P5_H04_S88_comb,0,0,Primary,Fibroblast,Fibroblast,26,FALSE
HNSCC26_P24_B01_S301_comb,3.4168,1,Lymph node,0,Cancer cells,26,TRUE
HN25_P24_D12_S144_comb,5.2181,0,Lymph node,Fibroblast,Fibroblast,25,TRUE
HN28_P15_C05_S317_comb,0,0,Lymph node,T cell,T cell,28,FALSE
HNSCC26_P24_E02_S338_comb,3.2055,1,Lymph node,0,Cancer cells,26,TRUE
HN25_P25_C10_S322_comb,4.8109,1,Lymph node,0,Cancer cells,25,TRUE
HN28_P15_B05_S305_comb,0.52005,0,Lymph node,Fibroblast,Fibroblast,28,TRUE
HN28_P15_C07_S319_comb,3.4152,1,Lymph node,0,Cancer cells,28,TRUE
HN28_P15_E02_S338_comb,4.2112,1,Lymph node,0,Cancer cells,28,TRUE
HN26_P6_F08_S68_comb,4.7062,0,Primary,Fibroblast,Fibroblast,26,TRUE
HN25_P25_D09_S333_comb,3.5803,1,Lymph node,0,Cancer cells,25,TRUE
HN28_P6_F09_S165_comb,0,0,Primary,Fibroblast,Fibroblast,28,FALSE
HN25_P23_A08_S200_comb,0,0,Lymph node,Macrophage,Macrophage,25,FALSE
HN28_P6_C07_S127_comb,5.2753,0,Primary,Fibroblast,Fibroblast,28,TRUE
HN28_P15_F10_S358_comb,3.6725,1,Lymph node,0,Cancer cells,28,TRUE
HN28_P6_H12_S192_comb,0,0,Primary,Fibroblast,Fibroblast,28,FALSE
HN26_P6_F07_S67_comb,2.286,0,Primary,Fibroblast,Fibroblast,26,TRUE
HNSCC26_P24_D12_S336_comb,3.8864,1,Lymph node,0,Cancer cells,26,TRUE
HN26_P6_D05_S41_comb,4.6699,1,Primary,0,Cancer cells,26,TRUE
HN25_P24_D09_S141_comb,0,0,Lymph node,B cell,B cell,25,FALSE
HN25_P24_C08_S128_comb,0,0,Lymph node,Fibroblast,Fibroblast,25,FALSE
HN26_P25_D04_S136_comb,0,0,Lymph node,Fibroblast,Fibroblast,26,FALSE
HN28_P15_D12_S336_comb,3.2827,1,Lymph node,0,Cancer cells,28,TRUE
HN25_P5_B03_S15_comb,5.9677,0,Primary,Fibroblast,Fibroblast,25,TRUE
HN25_P25_F03_S351_comb,0,0,Lymph node,B cell,B cell,25,FALSE
HN25_P5_A09_S9_comb,0,0,Primary,myocyte,myocyte,25,FALSE
HN26_P25_C03_S123_comb,0,1,Lymph node,0,Cancer cells,26,FALSE
HNSCC26_P24_B12_S312_comb,3.4852,1,Lymph node,0,Cancer cells,26,TRUE
HNSCC26_P24_G05_S365_comb,0,1,Lymph node,0,Cancer cells,26,FALSE
HN25_P25_H06_S378_comb,0,1,Lymph node,0,Cancer cells,25,FALSE
HN26_P25_G05_S173_comb,3.9409,1,Lymph node,0,Cancer cells,26,TRUE
HN26_P14_B11_S215_comb,0,1,Lymph node,0,Cancer cells,26,FALSE
HN28_P6_C02_S122_comb,0,0,Primary,Fibroblast,Fibroblast,28,FALSE
HN28_P6_D06_S138_comb,0,0,Primary,Fibroblast,Fibroblast,28,FALSE
HNSCC26_P24_B08_S308_comb,4.2219,1,Lymph node,0,Cancer cells,26,TRUE
HN25_P5_D01_S37_comb,0,0,Primary,Fibroblast,Fibroblast,25,FALSE
HN26_P6_H06_S90_comb,4.1893,1,Primary,0,Cancer cells,26,TRUE
HN25_P5_H06_S90_comb,0,0,Primary,Fibroblast,Fibroblast,25,FALSE
HN26_P26_E08_S344_comb,0,1,Lymph node,0,Cancer cells,26,FALSE
HNSCC26_P12_A02_S194_comb,0,0,Lymph node,Fibroblast,Fibroblast,26,FALSE
HN26_P5_F05_S65_comb,0,0,Primary,Fibroblast,Fibroblast,26,FALSE
HN25_P25_D05_S329_comb,3.7356,1,Lymph node,0,Cancer cells,25,TRUE
HN26_P14_D10_S238_comb,0,1,Lymph node,0,Cancer cells,26,FALSE
HN26_P6_B07_S19_comb,1.6351,0,Primary,Fibroblast,Fibroblast,26,TRUE
HN26_P14_D06_S234_comb,0,1,Lymph node,0,Cancer cells,26,FALSE
HNSCC26_P24_F09_S357_comb,3.5297,1,Lymph node,0,Cancer cells,26,TRUE
HN25_P25_A09_S297_comb,4.9525,1,Lymph node,0,Cancer cells,25,TRUE
HN26_P25_F05_S161_comb,3.3464,1,Lymph node,0,Cancer cells,26,TRUE
HN26_P5_E02_S50_comb,0,0,Primary,Fibroblast,Fibroblast,26,FALSE
HNSCC26_P12_F11_S263_comb,0,1,Lymph node,0,Cancer cells,26,FALSE
HN26_P14_F05_S257_comb,0,0,Lymph node,Fibroblast,Fibroblast,26,FALSE
HN25_P23_B03_S207_comb,0,0,Lymph node,Fibroblast,Fibroblast,25,FALSE
HN26_P25_C04_S124_comb,3.9822,1,Lymph node,0,Cancer cells,26,TRUE
HN28_P15_A07_S295_comb,2.366,1,Lymph node,0,Cancer cells,28,TRUE
HN26_P5_E12_S60_comb,0,0,Primary,Fibroblast,Fibroblast,26,FALSE
HN25_P5_D07_S43_comb,5.5368,0,Primary,Fibroblast,Fibroblast,25,TRUE
HN25_P5_C09_S33_comb,4.2973,1,Primary,0,Cancer cells,25,TRUE
HN25_P25_E07_S343_comb,0,0,Lymph node,Fibroblast,Fibroblast,25,FALSE
HN28_P15_E03_S339_comb,0,0,Lymph node,Fibroblast,Fibroblast,28,FALSE
HN25_P5_C12_S36_comb,5.843,0,Primary,Fibroblast,Fibroblast,25,TRUE
HNSCC26_P12_E03_S243_comb,5.6953,0,Lymph node,0,0,26,TRUE
HN28_P6_C11_S131_comb,2.6388,0,Primary,Fibroblast,Fibroblast,28,TRUE
HN25_P24_E04_S148_comb,0,0,Lymph node,Fibroblast,Fibroblast,25,FALSE
HNSCC26_P12_G10_S274_comb,0,0,Lymph node,Fibroblast,Fibroblast,26,FALSE
HN26_P13_E07_S151_comb,0,0,Lymph node,Fibroblast,Fibroblast,26,FALSE
HN26_P13_H03_S183_comb,0,0,Lymph node,Fibroblast,Fibroblast,26,FALSE
HN25_P5_C08_S32_comb,4.1987,0,Primary,Fibroblast,Fibroblast,25,TRUE
HN26_P14_F02_S254_comb,4.8698,1,Lymph node,0,Cancer cells,26,TRUE
HNSCC26_P12_C07_S223_comb,0,0,Lymph node,Fibroblast,Fibroblast,26,FALSE
HN25_P5_G02_S74_comb,3.2547,1,Primary,0,Cancer cells,25,TRUE
HNSCC26_P24_D11_S335_comb,2.4473,1,Lymph node,0,Cancer cells,26,TRUE
HN25_P25_A03_S291_comb,0,0,Lymph node,Fibroblast,Fibroblast,25,FALSE
HN25_P5_H12_S96_comb,4.6078,0,Primary,0,0,25,TRUE
HN26_P25_A05_S101_comb,1.7455,1,Lymph node,0,Cancer cells,26,TRUE
HN26_P14_F03_S255_comb,2.251,1,Lymph node,0,Cancer cells,26,TRUE
HN25_P5_E08_S56_comb,6.6295,0,Primary,Fibroblast,Fibroblast,25,TRUE
HN28_P15_D02_S326_comb,0,0,Lymph node,Fibroblast,Fibroblast,28,FALSE
HN25_P5_D08_S44_comb,3.2973,1,Primary,0,Cancer cells,25,TRUE
HN25_P25_F11_S359_comb,5.0936,0,Lymph node,Fibroblast,Fibroblast,25,TRUE
HN25_P23_E05_S245_comb,6.8188,0,Lymph node,Fibroblast,Fibroblast,25,TRUE
HN28_P15_G03_S363_comb,4.5952,1,Lymph node,0,Cancer cells,28,TRUE
HN26_P26_G04_S364_comb,4.8671,1,Lymph node,0,Cancer cells,26,TRUE
HN28_P6_H09_S189_comb,5.4954,1,Primary,0,Cancer cells,28,TRUE
HNSCC26_P24_D04_S328_comb,6.9335,1,Lymph node,0,Cancer cells,26,TRUE
HN25_P25_C08_S320_comb,0.33113,0,Lymph node,Fibroblast,Fibroblast,25,TRUE
HN26_P5_A06_S6_comb,4.4361,1,Primary,0,Cancer cells,26,TRUE
HN28_P15_C12_S324_comb,4.4139,0,Lymph node,Fibroblast,Fibroblast,28,TRUE
HNSCC26_P12_H10_S286_comb,0.3505,1,Lymph node,0,Cancer cells,26,TRUE
HN28_P15_D05_S329_comb,4.7501,1,Lymph node,0,Cancer cells,28,TRUE
HN25_P5_A06_S6_comb,2.2762,1,Primary,0,Cancer cells,25,TRUE
HN26_P14_C09_S225_comb,0,0,Lymph node,Fibroblast,Fibroblast,26,FALSE
HN25_P5_H02_S86_comb,0,0,Primary,#NAME?,#NAME?,25,FALSE
HN25_P5_A12_S12_comb,4.0425,0,Primary,Fibroblast,Fibroblast,25,TRUE
HN26_P14_G04_S268_comb,4.9826,0,Lymph node,Fibroblast,Fibroblast,26,TRUE
HN26_P6_E01_S49_comb,7.1452,0,Primary,Fibroblast,Fibroblast,26,TRUE
HN26_P14_D04_S232_comb,1.3533,1,Lymph node,0,Cancer cells,26,TRUE
HN26_P26_F04_S352_comb,0,1,Lymph node,0,Cancer cells,26,FALSE
HN25_P23_F04_S256_comb,0,0,Lymph node,Fibroblast,Fibroblast,25,FALSE
HN28_P6_A03_S99_comb,0,0,Primary,Fibroblast,Fibroblast,28,FALSE
HNSCC26_P24_H06_S378_comb,3.2713,1,Lymph node,0,Cancer cells,26,TRUE
HNSCC26_P24_A05_S293_comb,3.2376,1,Lymph node,0,Cancer cells,26,TRUE
HN26_P14_E12_S252_comb,3.8283,1,Lymph node,0,Cancer cells,26,TRUE
HN26_P26_B01_S301_comb,3.119,1,Lymph node,0,Cancer cells,26,TRUE
HNSCC26_P24_E01_S337_comb,4.1967,1,Lymph node,0,Cancer cells,26,TRUE
HNSCC26_P12_D04_S232_comb,0,1,Lymph node,0,Cancer cells,26,FALSE
HN25_P23_C05_S221_comb,0,0,Lymph node,Fibroblast,Fibroblast,25,FALSE
HNSCC26_P24_B02_S302_comb,4.3947,1,Lymph node,0,Cancer cells,26,TRUE
HN28_P6_D10_S142_comb,0,0,Primary,Fibroblast,Fibroblast,28,FALSE
HN26_P26_B09_S309_comb,3.0215,1,Lymph node,0,Cancer cells,26,TRUE
HNSCC26_P12_D10_S238_comb,5.1489,1,Lymph node,0,Cancer cells,26,TRUE
HN25_P23_H04_S280_comb,3.8797,1,Lymph node,0,Cancer cells,25,TRUE
HN28_P6_F01_S157_comb,4.725,0,Primary,Fibroblast,Fibroblast,28,TRUE
HN26_P5_G02_S74_comb,0,0,Primary,Fibroblast,Fibroblast,26,FALSE
HN25_P23_H10_S286_comb,0,0,Lymph node,Fibroblast,Fibroblast,25,FALSE
HN28_P6_B12_S120_comb,6.6928,0,Primary,Fibroblast,Fibroblast,28,TRUE
HN26_P13_F12_S168_comb,0,1,Lymph node,0,Cancer cells,26,FALSE
HN25_P25_C03_S315_comb,4.675,1,Lymph node,0,Cancer cells,25,TRUE
HN28_P15_E11_S347_comb,0,0,Lymph node,B cell,B cell,28,FALSE
HN26_P25_B05_S113_comb,2.0229,1,Lymph node,0,Cancer cells,26,TRUE
HN28_P15_B03_S303_comb,0,0,Lymph node,B cell,B cell,28,FALSE
HN25_P24_G05_S173_comb,3.0192,1,Lymph node,0,Cancer cells,25,TRUE
HN26_P14_D03_S231_comb,1.5835,0,Lymph node,Fibroblast,Fibroblast,26,TRUE
HN26_P25_C07_S127_comb,5.1893,1,Lymph node,0,Cancer cells,26,TRUE
HN25_P5_E04_S52_comb,0,0,Primary,Fibroblast,Fibroblast,25,FALSE
HN28_P6_B11_S119_comb,0,0,Primary,Fibroblast,Fibroblast,28,FALSE
HN26_P6_G04_S76_comb,0,0,Primary,T cell,T cell,26,FALSE
HN26_P14_A05_S197_comb,6.3052,0,Lymph node,Fibroblast,Fibroblast,26,TRUE
HN26_P25_B10_S118_comb,0,1,Lymph node,0,Cancer cells,26,FALSE
HN28_P6_G09_S177_comb,6.587,0,Primary,Fibroblast,Fibroblast,28,TRUE
HN26_P5_E03_S51_comb,6.0454,0,Primary,Fibroblast,Fibroblast,26,TRUE
HN28_P15_D03_S327_comb,0,0,Lymph node,B cell,B cell,28,FALSE
HN25_P5_E07_S55_comb,1.9631,1,Primary,0,Cancer cells,25,TRUE
HN28_P15_F09_S357_comb,0,1,Lymph node,0,Cancer cells,28,FALSE
HN26_P14_F10_S262_comb,3.0041,1,Lymph node,0,Cancer cells,26,TRUE
HN26_P6_C01_S25_comb,0,0,Primary,Fibroblast,Fibroblast,26,FALSE
HN25_P24_E10_S154_comb,2.5612,1,Lymph node,0,Cancer cells,25,TRUE
HN28_P15_E01_S337_comb,2.6776,1,Lymph node,0,Cancer cells,28,TRUE
HN26_P25_A08_S104_comb,0,1,Lymph node,0,Cancer cells,26,FALSE
HN25_P25_E02_S338_comb,0,0,Lymph node,Fibroblast,Fibroblast,25,FALSE
HN26_P26_F02_S350_comb,4.5923,1,Lymph node,0,Cancer cells,26,TRUE
HNSCC26_P12_A07_S199_comb,1.2345,1,Lymph node,0,Cancer cells,26,TRUE
HN26_P5_G12_S84_comb,6.5701,0,Primary,Fibroblast,Fibroblast,26,TRUE
HN26_P26_C10_S322_comb,0,0,Lymph node,Fibroblast,Fibroblast,26,FALSE
HN25_P24_F08_S164_comb,0,0,Lymph node,Fibroblast,Fibroblast,25,FALSE
HN26_P5_H10_S94_comb,2.0621,1,Primary,0,Cancer cells,26,TRUE
HN28_P15_H09_S381_comb,5.0063,0,Lymph node,Fibroblast,Fibroblast,28,TRUE
HN28_P15_G12_S372_comb,0,1,Lymph node,0,Cancer cells,28,FALSE
HN26_P26_B04_S304_comb,0,0,Lymph node,Fibroblast,Fibroblast,26,FALSE
HN25_P24_G07_S175_comb,2.7551,1,Lymph node,0,Cancer cells,25,TRUE
HN26_P25_F10_S166_comb,2.7727,1,Lymph node,0,Cancer cells,26,TRUE
HN25_P23_C04_S220_comb,0,0,Lymph node,Fibroblast,Fibroblast,25,FALSE
HN25_P23_H08_S284_comb,0,0,Lymph node,Fibroblast,Fibroblast,25,FALSE
HN26_P13_E12_S156_comb,0,1,Lymph node,0,Cancer cells,26,FALSE
HN28_P6_B02_S110_comb,0,0,Primary,0,0,28,FALSE
HN25_P5_C07_S31_comb,5.1909,1,Primary,0,Cancer cells,25,TRUE
HN25_P24_B04_S112_comb,3.5931,1,Lymph node,0,Cancer cells,25,TRUE
HN26_P6_H05_S89_comb,4.7485,0,Primary,Fibroblast,Fibroblast,26,TRUE
HN25_P5_H08_S92_comb,0,0,Primary,Fibroblast,Fibroblast,25,FALSE
HN26_P14_G10_S274_comb,0,1,Lymph node,0,Cancer cells,26,FALSE
HN25_P24_B06_S114_comb,6.1586,0,Lymph node,Fibroblast,Fibroblast,25,TRUE
HN25_P23_G01_S265_comb,4.3942,1,Lymph node,0,Cancer cells,25,TRUE
HN28_P6_H02_S182_comb,0.70664,0,Primary,Fibroblast,Fibroblast,28,TRUE
HNSCC26_P24_A07_S295_comb,3.1457,1,Lymph node,0,Cancer cells,26,TRUE
HN26_P14_B03_S207_comb,0,1,Lymph node,0,Cancer cells,26,FALSE
HN28_P6_F07_S163_comb,4.5708,0,Primary,Fibroblast,Fibroblast,28,TRUE
HN25_P5_G03_S75_comb,4.8497,1,Primary,0,Cancer cells,25,TRUE
HN26_P13_A11_S107_comb,0,0,Lymph node,Fibroblast,Fibroblast,26,FALSE
HN25_P23_E06_S246_comb,4.4915,1,Lymph node,0,Cancer cells,25,TRUE
HN28_P15_A04_S292_comb,0,0,Lymph node,Fibroblast,Fibroblast,28,FALSE
HN25_P5_B10_S22_comb,0,1,Primary,0,Cancer cells,25,FALSE
HN28_P15_H05_S377_comb,5.4449,0,Lymph node,Fibroblast,Fibroblast,28,TRUE
HN25_P5_C02_S26_comb,5.4325,1,Primary,0,Cancer cells,25,TRUE
HN25_P23_D02_S230_comb,0,0,Lymph node,Fibroblast,Fibroblast,25,FALSE
HN25_P24_G01_S169_comb,1.9542,1,Lymph node,0,Cancer cells,25,TRUE
HN28_P15_C06_S318_comb,0,0,Lymph node,Fibroblast,Fibroblast,28,FALSE
HN28_P15_H03_S375_comb,0,0,Lymph node,Fibroblast,Fibroblast,28,FALSE
HN28_P6_H11_S191_comb,0,0,Primary,Fibroblast,Fibroblast,28,FALSE
HN28_P6_C05_S125_comb,0,0,Primary,Fibroblast,Fibroblast,28,FALSE
HN26_P14_D07_S235_comb,0,0,Lymph node,Fibroblast,Fibroblast,26,FALSE
HN26_P5_D11_S47_comb,0,0,Primary,0,0,26,FALSE
HNSCC26_P12_B06_S210_comb,2.2934,1,Lymph node,0,Cancer cells,26,TRUE
HN28_P6_H01_S181_comb,0,0,Primary,Fibroblast,Fibroblast,28,FALSE
HN26_P14_A12_S204_comb,5.612,0,Lymph node,Fibroblast,Fibroblast,26,TRUE
HN25_P5_F08_S68_comb,5.2412,0,Primary,Fibroblast,Fibroblast,25,TRUE
HN25_P24_G08_S176_comb,3.6648,1,Lymph node,0,Cancer cells,25,TRUE
HN25_P5_A08_S8_comb,5.9834,0,Primary,Fibroblast,Fibroblast,25,TRUE
HNSCC26_P12_C11_S227_comb,0,0,Lymph node,0,0,26,FALSE
HN28_P15_E08_S344_comb,1.5941,1,Lymph node,0,Cancer cells,28,TRUE
HNSCC26_P24_G10_S370_comb,0,0,Lymph node,Fibroblast,Fibroblast,26,FALSE
HN25_P25_D07_S331_comb,4.1619,0,Lymph node,Fibroblast,Fibroblast,25,TRUE
HN26_P14_E09_S249_comb,6.5167,0,Lymph node,Fibroblast,Fibroblast,26,TRUE
HN28_P15_H01_S373_comb,2.5509,0,Lymph node,Endothelial,Endothelial,28,TRUE
HN26_P6_C06_S30_comb,0,1,Primary,0,Cancer cells,26,FALSE
HN26_P5_C11_S35_comb,0,0,Primary,Fibroblast,Fibroblast,26,FALSE
HN26_P14_H08_S284_comb,5.4758,0,Lymph node,Fibroblast,Fibroblast,26,TRUE
HN26_P25_D05_S137_comb,0,1,Lymph node,0,Cancer cells,26,FALSE
HNSCC26_P12_E01_S241_comb,0,0,Lymph node,Fibroblast,Fibroblast,26,FALSE
HNSCC26_P24_C12_S324_comb,0,0,Lymph node,Fibroblast,Fibroblast,26,FALSE
HN25_P23_F08_S260_comb,2.9007,1,Lymph node,0,Cancer cells,25,TRUE
HN28_P15_H07_S379_comb,4.785,0,Lymph node,Fibroblast,Fibroblast,28,TRUE
HN25_P5_H03_S87_comb,0,0,Primary,Fibroblast,Fibroblast,25,FALSE
HN25_P25_G11_S371_comb,0.16736,1,Lymph node,0,Cancer cells,25,TRUE
HN25_P23_F07_S259_comb,0,0,Lymph node,B cell,B cell,25,FALSE
HNSCC26_P12_B01_S205_comb,0,1,Lymph node,0,Cancer cells,26,FALSE
HN25_P23_D04_S232_comb,4.7436,0,Lymph node,Fibroblast,Fibroblast,25,TRUE
HN25_P25_E12_S348_comb,3.929,0,Lymph node,Fibroblast,Fibroblast,25,TRUE
HN26_P25_F02_S158_comb,4.8392,1,Lymph node,0,Cancer cells,26,TRUE
HN28_P15_F08_S356_comb,0,0,Lymph node,Fibroblast,Fibroblast,28,FALSE
HN25_P5_D09_S45_comb,3.0986,1,Primary,0,Cancer cells,25,TRUE
HN25_P24_D02_S134_comb,0,0,Lymph node,Fibroblast,Fibroblast,25,FALSE
HN25_P25_E09_S345_comb,0,0,Lymph node,Mast,Mast,25,FALSE
HN28_P6_F03_S159_comb,0,0,Primary,Fibroblast,Fibroblast,28,FALSE
HN25_P25_C09_S321_comb,0,0,Lymph node,Fibroblast,Fibroblast,25,FALSE
HN28_P6_D05_S137_comb,0,0,Primary,Fibroblast,Fibroblast,28,FALSE
HNSCC26_P24_G09_S369_comb,0,1,Lymph node,0,Cancer cells,26,FALSE
HN25_P25_B07_S307_comb,5.1306,0,Lymph node,Fibroblast,Fibroblast,25,TRUE
HN26_P13_E05_S149_comb,5.4447,1,Lymph node,0,Cancer cells,26,TRUE
HN26_P14_D01_S229_comb,0,0,Lymph node,Fibroblast,Fibroblast,26,FALSE
HN26_P5_D02_S38_comb,0,0,Primary,Fibroblast,Fibroblast,26,FALSE
HN25_P23_D01_S229_comb,0,1,Lymph node,0,Cancer cells,25,FALSE
HN26_P6_E02_S50_comb,5.8057,0,Primary,Fibroblast,Fibroblast,26,TRUE
HN26_P26_G10_S370_comb,0,0,Lymph node,Dendritic,Dendritic,26,FALSE
HN26_P13_F11_S167_comb,0,1,Lymph node,0,Cancer cells,26,FALSE
HN26_P25_A12_S108_comb,0,1,Lymph node,0,Cancer cells,26,FALSE
HN28_P15_D08_S332_comb,3.9079,1,Lymph node,0,Cancer cells,28,TRUE
HN26_P6_E09_S57_comb,1.3752,0,Primary,0,0,26,TRUE
HN28_P6_D11_S143_comb,0,0,Primary,Fibroblast,Fibroblast,28,FALSE
HNSCC26_P24_D06_S330_comb,3.0866,1,Lymph node,0,Cancer cells,26,TRUE
HN25_P24_A04_S100_comb,0,0,Lymph node,Fibroblast,Fibroblast,25,FALSE
HN25_P24_E01_S145_comb,6.0363,1,Lymph node,0,Cancer cells,25,TRUE
HN28_P15_B09_S309_comb,4.5959,0,Lymph node,Fibroblast,Fibroblast,28,TRUE
HNSCC26_P24_G01_S361_comb,0,1,Lymph node,0,Cancer cells,26,FALSE
HN25_P5_H11_S95_comb,0,0,Primary,myocyte,myocyte,25,FALSE
HN25_P24_A01_S97_comb,4.5093,0,Lymph node,Fibroblast,Fibroblast,25,TRUE
HN26_P6_B09_S21_comb,0,0,Primary,T cell,T cell,26,FALSE
HN26_P26_A10_S298_comb,0,1,Lymph node,0,Cancer cells,26,FALSE
HN28_P6_A05_S101_comb,0,0,Primary,Fibroblast,Fibroblast,28,FALSE
HN26_P14_E01_S241_comb,0,0,Lymph node,Fibroblast,Fibroblast,26,FALSE
HN28_P6_A04_S100_comb,1.117,0,Primary,Fibroblast,Fibroblast,28,TRUE
HN25_P5_H05_S89_comb,5.4053,0,Primary,Fibroblast,Fibroblast,25,TRUE
HN25_P23_D03_S231_comb,0,0,Lymph node,Mast,Mast,25,FALSE
HN28_P6_B04_S112_comb,0,0,Primary,Fibroblast,Fibroblast,28,FALSE
HN26_P13_E01_S145_comb,1.8488,1,Lymph node,0,Cancer cells,26,TRUE
HNSCC26_P12_D01_S229_comb,0,0,Lymph node,Fibroblast,Fibroblast,26,FALSE
HN26_P25_E04_S148_comb,4.146,1,Lymph node,0,Cancer cells,26,TRUE
HN26_P14_A04_S196_comb,4.2628,1,Lymph node,0,Cancer cells,26,TRUE
HNSCC26_P24_A01_S289_comb,0,0,Lymph node,0,0,26,FALSE
HN28_P15_C02_S314_comb,0,1,Lymph node,0,Cancer cells,28,FALSE
HN25_P23_E02_S242_comb,0,0,Lymph node,Fibroblast,Fibroblast,25,FALSE
HN26_P13_E09_S153_comb,0,0,Lymph node,Fibroblast,Fibroblast,26,FALSE
HN25_P24_A12_S108_comb,0,0,Lymph node,Fibroblast,Fibroblast,25,FALSE
HN25_P25_H09_S381_comb,0,0,Lymph node,0,0,25,FALSE
HN25_P5_A10_S10_comb,3.1504,0,Primary,Fibroblast,Fibroblast,25,TRUE
HNSCC26_P12_D08_S236_comb,2.8174,1,Lymph node,0,Cancer cells,26,TRUE
HN25_P24_F01_S157_comb,4.9289,1,Lymph node,0,Cancer cells,25,TRUE
HN26_P5_D01_S37_comb,4.3834,1,Primary,0,Cancer cells,26,TRUE
HN26_P6_A04_S4_comb,3.3377,1,Primary,0,Cancer cells,26,TRUE
HNSCC26_P24_E04_S340_comb,0,0,Lymph node,Fibroblast,Fibroblast,26,FALSE
HN26_P26_B07_S307_comb,4.3286,1,Lymph node,0,Cancer cells,26,TRUE
HN28_P15_F06_S354_comb,0.38184,1,Lymph node,0,Cancer cells,28,TRUE
HN25_P5_E01_S49_comb,2.7864,1,Primary,0,Cancer cells,25,TRUE
HN28_P6_B06_S114_comb,6.2528,0,Primary,Fibroblast,Fibroblast,28,TRUE
HNSCC26_P24_H07_S379_comb,0,1,Lymph node,0,Cancer cells,26,FALSE
HN26_P26_G01_S361_comb,0,1,Lymph node,0,Cancer cells,26,FALSE
HN26_P26_A12_S300_comb,2.7201,1,Lymph node,0,Cancer cells,26,TRUE
HN26_P14_C12_S228_comb,0,1,Lymph node,0,Cancer cells,26,FALSE
HN26_P5_C03_S27_comb,6.905,0,Primary,Fibroblast,Fibroblast,26,TRUE
HN28_P6_D07_S139_comb,4.7111,0,Primary,Fibroblast,Fibroblast,28,TRUE
HN26_P25_G06_S174_comb,0,0,Lymph node,Fibroblast,Fibroblast,26,FALSE
HN25_P5_B02_S14_comb,5.5231,0,Primary,Fibroblast,Fibroblast,25,TRUE
HN25_P25_A10_S298_comb,5.8077,0,Lymph node,Fibroblast,Fibroblast,25,TRUE
HN25_P25_A06_S294_comb,5.0472,0,Lymph node,Fibroblast,Fibroblast,25,TRUE
HN26_P5_D06_S42_comb,4.462,1,Primary,0,Cancer cells,26,TRUE
HNSCC26_P12_E08_S248_comb,3.3357,0,Lymph node,Macrophage,Macrophage,26,TRUE
HN28_P15_A11_S299_comb,0,0,Lymph node,Fibroblast,Fibroblast,28,FALSE
HN28_P6_F04_S160_comb,0,0,Primary,Fibroblast,Fibroblast,28,FALSE
HN28_P6_E07_S151_comb,0,0,Primary,Fibroblast,Fibroblast,28,FALSE
HN26_P5_C12_S36_comb,0,0,Primary,Mast,Mast,26,FALSE
HN28_P15_B04_S304_comb,0.54794,1,Lymph node,0,Cancer cells,28,TRUE
HN26_P6_H10_S94_comb,0,1,Primary,0,Cancer cells,26,FALSE
HN26_P26_C05_S317_comb,1.1017,1,Lymph node,0,Cancer cells,26,TRUE
HN28_P6_E04_S148_comb,5.8699,0,Primary,Fibroblast,Fibroblast,28,TRUE
HN25_P25_G02_S362_comb,3.7711,1,Lymph node,0,Cancer cells,25,TRUE
HN25_P5_H01_S85_comb,5.8138,0,Primary,Fibroblast,Fibroblast,25,TRUE
HN25_P24_F12_S168_comb,4.9126,1,Lymph node,0,Cancer cells,25,TRUE
HN26_P25_H08_S188_comb,0,1,Lymph node,0,Cancer cells,26,FALSE
HN28_P15_C04_S316_comb,0,0,Lymph node,Fibroblast,Fibroblast,28,FALSE
HN26_P5_F12_S72_comb,4.3027,0,Primary,Fibroblast,Fibroblast,26,TRUE
HN26_P25_H06_S186_comb,0,1,Lymph node,0,Cancer cells,26,FALSE
HNSCC26_P12_D02_S230_comb,6.1593,0,Lymph node,Fibroblast,Fibroblast,26,TRUE
HN28_P6_F08_S164_comb,0,0,Primary,Fibroblast,Fibroblast,28,FALSE
HN25_P24_B07_S115_comb,2.4696,1,Lymph node,0,Cancer cells,25,TRUE
HN28_P15_B11_S311_comb,0,0,Lymph node,Fibroblast,Fibroblast,28,FALSE
HN26_P25_H05_S185_comb,5.543,1,Lymph node,0,Cancer cells,26,TRUE
HN28_P6_F11_S167_comb,0,0,Primary,Fibroblast,Fibroblast,28,FALSE
HNSCC26_P24_E12_S348_comb,3.5832,1,Lymph node,0,Cancer cells,26,TRUE
HN26_P6_G01_S73_comb,0,1,Primary,0,Cancer cells,26,FALSE
HN28_P6_F10_S166_comb,4.754,0,Primary,Fibroblast,Fibroblast,28,TRUE
HN25_P24_A05_S101_comb,5.9682,0,Lymph node,Fibroblast,Fibroblast,25,TRUE
HN25_P25_B05_S305_comb,4.5029,1,Lymph node,0,Cancer cells,25,TRUE
HN25_P5_G04_S76_comb,0,0,Primary,T cell,T cell,25,FALSE
HN26_P13_G08_S176_comb,0,0,Lymph node,0,0,26,FALSE
HN26_P25_D08_S140_comb,1.3127,1,Lymph node,0,Cancer cells,26,TRUE
HN25_P5_C11_S35_comb,0.82049,0,Primary,Dendritic,Dendritic,25,TRUE
HN25_P5_E03_S51_comb,0,0,Primary,T cell,T cell,25,FALSE
HN28_P15_G11_S371_comb,0,0,Lymph node,Fibroblast,Fibroblast,28,FALSE
HN25_P23_B08_S212_comb,0,0,Lymph node,Fibroblast,Fibroblast,25,FALSE
HN25_P5_F02_S62_comb,0,0,Primary,Fibroblast,Fibroblast,25,FALSE
HN25_P5_C10_S34_comb,5.3942,0,Primary,Fibroblast,Fibroblast,25,TRUE
HN26_P13_G01_S169_comb,0,1,Lymph node,0,Cancer cells,26,FALSE
HN26_P6_F09_S69_comb,0,0,Primary,Fibroblast,Fibroblast,26,FALSE
HN25_P24_B01_S109_comb,1.3144,1,Lymph node,0,Cancer cells,25,TRUE
HN25_P25_A08_S296_comb,0,0,Lymph node,Fibroblast,Fibroblast,25,FALSE
HN26_P26_D07_S331_comb,1.742,1,Lymph node,0,Cancer cells,26,TRUE
HNSCC26_P24_G06_S366_comb,4.1977,1,Lymph node,0,Cancer cells,26,TRUE
HNSCC26_P12_F06_S258_comb,2.7643,1,Lymph node,0,Cancer cells,26,TRUE
HN25_P5_F11_S71_comb,4.0429,1,Primary,0,Cancer cells,25,TRUE
HN25_P23_A02_S194_comb,0,0,Lymph node,Fibroblast,Fibroblast,25,FALSE
HN26_P26_H03_S375_comb,2.8908,1,Lymph node,0,Cancer cells,26,TRUE
HN26_P26_B05_S305_comb,0,0,Lymph node,T cell,T cell,26,FALSE
HN25_P5_H07_S91_comb,5.7098,0,Primary,Fibroblast,Fibroblast,25,TRUE
HN26_P6_H04_S88_comb,0,1,Primary,0,Cancer cells,26,FALSE
HN26_P13_D11_S143_comb,2.2041,1,Lymph node,0,Cancer cells,26,TRUE
HN26_P26_B02_S302_comb,4.07,1,Lymph node,0,Cancer cells,26,TRUE
HN25_P23_F01_S253_comb,1.5509,0,Lymph node,Fibroblast,Fibroblast,25,TRUE
HN28_P15_A08_S296_comb,5.3016,0,Lymph node,Fibroblast,Fibroblast,28,TRUE
HN25_P24_A02_S98_comb,3.7644,1,Lymph node,0,Cancer cells,25,TRUE
HN25_P5_G08_S80_comb,5.1859,0,Primary,Fibroblast,Fibroblast,25,TRUE
HN26_P25_G04_S172_comb,1.8675,1,Lymph node,0,Cancer cells,26,TRUE
HN25_P23_D12_S240_comb,0,0,Lymph node,Fibroblast,Fibroblast,25,FALSE
HN26_P6_A05_S5_comb,5.2161,1,Primary,0,Cancer cells,26,TRUE
HN28_P15_H04_S376_comb,0,0,Lymph node,B cell,B cell,28,FALSE
HN26_P26_C09_S321_comb,0,0,Lymph node,Macrophage,Macrophage,26,FALSE
HN25_P5_F06_S66_comb,0,0,Primary,Mast,Mast,25,FALSE
HN28_P6_C10_S130_comb,6.1401,0,Primary,Fibroblast,Fibroblast,28,TRUE
HN25_P25_A11_S299_comb,0,0,Lymph node,Fibroblast,Fibroblast,25,FALSE
HN25_P5_B09_S21_comb,4.724,1,Primary,0,Cancer cells,25,TRUE
HN26_P5_G08_S80_comb,6.378,0,Primary,Fibroblast,Fibroblast,26,TRUE
HN28_P15_D09_S333_comb,0,1,Lymph node,0,Cancer cells,28,FALSE
HN26_P25_E12_S156_comb,0,0,Lymph node,Fibroblast,Fibroblast,26,FALSE
HN26_P6_H11_S95_comb,6.0934,0,Primary,Fibroblast,Fibroblast,26,TRUE
HN25_P5_B08_S20_comb,0,0,Primary,Mast,Mast,25,FALSE
HN26_P13_A08_S104_comb,2.9877,1,Lymph node,0,Cancer cells,26,TRUE
HN28_P6_D04_S136_comb,5.5695,0,Primary,Fibroblast,Fibroblast,28,TRUE
HN26_P5_F03_S63_comb,6.267,0,Primary,Fibroblast,Fibroblast,26,TRUE
HN26_P25_B07_S115_comb,0,1,Lymph node,0,Cancer cells,26,FALSE
HNSCC26_P12_G07_S271_comb,0,1,Lymph node,0,Cancer cells,26,FALSE
HN28_P6_D02_S134_comb,0,0,Primary,Fibroblast,Fibroblast,28,FALSE
HN28_P15_G05_S365_comb,0,0,Lymph node,B cell,B cell,28,FALSE
HN25_P5_G09_S81_comb,0,0,Primary,Fibroblast,Fibroblast,25,FALSE
HN25_P23_E09_S249_comb,6.2938,0,Lymph node,Fibroblast,Fibroblast,25,TRUE
HN25_P5_C03_S27_comb,0,0,Primary,Mast,Mast,25,FALSE
HN28_P15_B02_S302_comb,2.9313,1,Lymph node,0,Cancer cells,28,TRUE
HN26_P6_E03_S51_comb,3.5973,1,Primary,0,Cancer cells,26,TRUE
HNSCC26_P12_D06_S234_comb,0,0,Lymph node,Fibroblast,Fibroblast,26,FALSE
HN25_P25_E08_S344_comb,3.674,1,Lymph node,0,Cancer cells,25,TRUE
HN25_P5_D02_S38_comb,0,0,Primary,Fibroblast,Fibroblast,25,FALSE
HN28_P15_D10_S334_comb,0,1,Lymph node,0,Cancer cells,28,FALSE
HN26_P5_E01_S49_comb,0,0,Primary,Fibroblast,Fibroblast,26,FALSE
HN26_P6_B01_S13_comb,0,0,Primary,Fibroblast,Fibroblast,26,FALSE
HN28_P15_G02_S362_comb,0,0,Lymph node,B cell,B cell,28,FALSE
HN26_P5_C07_S31_comb,0,0,Primary,Fibroblast,Fibroblast,26,FALSE
HNSCC26_P24_F07_S355_comb,0,1,Lymph node,0,Cancer cells,26,FALSE
HNSCC26_P24_D07_S331_comb,4.1391,1,Lymph node,0,Cancer cells,26,TRUE
HN26_P6_A09_S9_comb,0,1,Primary,0,Cancer cells,26,FALSE
HN28_P6_F06_S162_comb,0,0,Primary,Fibroblast,Fibroblast,28,FALSE
HN28_P6_A10_S106_comb,0,0,Primary,Fibroblast,Fibroblast,28,FALSE
HNSCC26_P24_A06_S294_comb,0,0,Lymph node,T cell,T cell,26,FALSE
HN26_P14_G11_S275_comb,0,0,Lymph node,Fibroblast,Fibroblast,26,FALSE
HN25_P24_H12_S192_comb,0,0,Lymph node,Dendritic,Dendritic,25,FALSE
HNSCC26_P12_F07_S259_comb,0,0,Lymph node,Fibroblast,Fibroblast,26,FALSE
HN25_P5_G05_S77_comb,3.009,1,Primary,0,Cancer cells,25,TRUE
HN26_P26_G09_S369_comb,0,1,Lymph node,0,Cancer cells,26,FALSE
HN26_P5_B04_S16_comb,0,0,Primary,Fibroblast,Fibroblast,26,FALSE
HN28_P6_A08_S104_comb,0,0,Primary,Fibroblast,Fibroblast,28,FALSE
HN28_P6_B10_S118_comb,0,0,Primary,Fibroblast,Fibroblast,28,FALSE
HN26_P14_C03_S219_comb,2.2839,0,Lymph node,Fibroblast,Fibroblast,26,TRUE
HNSCC26_P24_F05_S353_comb,0,1,Lymph node,0,Cancer cells,26,FALSE
HN28_P15_A03_S291_comb,3.3244,1,Lymph node,0,Cancer cells,28,TRUE
HNSCC26_P24_C02_S314_comb,1.0538,1,Lymph node,0,Cancer cells,26,TRUE
HN26_P6_F02_S62_comb,3.338,1,Primary,0,Cancer cells,26,TRUE
HN26_P6_G07_S79_comb,0.40817,1,Primary,0,Cancer cells,26,TRUE
HN28_P15_H02_S374_comb,0,0,Lymph node,Fibroblast,Fibroblast,28,FALSE
HN25_P23_B06_S210_comb,0,0,Lymph node,Fibroblast,Fibroblast,25,FALSE
HNSCC26_P12_C02_S218_comb,4.7254,1,Lymph node,0,Cancer cells,26,TRUE
HNSCC26_P24_A04_S292_comb,3.6887,1,Lymph node,0,Cancer cells,26,TRUE
HN28_P15_H06_S378_comb,3.0536,1,Lymph node,0,Cancer cells,28,TRUE
HN26_P26_H11_S383_comb,0,1,Lymph node,0,Cancer cells,26,FALSE
HN28_P5_D11_S239_comb,6.349,0,Primary,Fibroblast,Fibroblast,28,TRUE
HN28_P14_E02_S146_comb,4.4459,0,Lymph node,Fibroblast,Fibroblast,28,TRUE
HN28_P3P4_A07_S7_comb,0,0,Primary,Fibroblast,Fibroblast,28,FALSE
HN28_P3P4_F08_S68_comb,4.9904,0,Primary,Fibroblast,Fibroblast,28,TRUE
HN28_P14_D07_S139_comb,3.9925,1,Lymph node,0,Cancer cells,28,TRUE
HN28_P3P4_D07_S43_comb,0,1,Primary,0,Cancer cells,28,FALSE
HN23_P11_D10_S46_comb,0,0,Primary,T cell,T cell,23,FALSE
HN23_P11_B04_S16_comb,0,0,Primary,T cell,T cell,23,FALSE
HN28_P3P4_A12_S12_comb,0,0,Primary,Fibroblast,Fibroblast,28,FALSE
HN28_P3P4_A03_S3_comb,0.45312,0,Primary,myocyte,myocyte,28,TRUE
HN28_P14_G09_S177_comb,1.5656,1,Lymph node,0,Cancer cells,28,TRUE
HN28_P3P4_H08_S92_comb,5.558,0,Primary,Fibroblast,Fibroblast,28,TRUE
HN28_P3P4_A08_S8_comb,0,0,Primary,Fibroblast,Fibroblast,28,FALSE
HN28_P5_A11_S203_comb,0,0,Primary,Endothelial,Endothelial,28,FALSE
HN28_P3P4_F02_S62_comb,3.9011,0,Primary,Fibroblast,Fibroblast,28,TRUE
HN28_P5_G10_S274_comb,4.386,0,Primary,Fibroblast,Fibroblast,28,TRUE
HN28_P14_H04_S184_comb,0,0,Lymph node,B cell,B cell,28,FALSE
HN28_P3P4_G12_S84_comb,5.6434,0,Primary,Fibroblast,Fibroblast,28,TRUE
HN28_P14_G04_S172_comb,0,1,Lymph node,0,Cancer cells,28,FALSE
HN28_P5_A05_S197_comb,0,0,Primary,Fibroblast,Fibroblast,28,FALSE
HN23_P11_A04_S4_comb,0,0,Primary,T cell,T cell,23,FALSE
HN28_P5_G05_S269_comb,4.1423,1,Primary,0,Cancer cells,28,TRUE
HN28_P3P4_H07_S91_comb,0,0,Primary,Fibroblast,Fibroblast,28,FALSE
HN28_P5_G12_S276_comb,0,0,Primary,Fibroblast,Fibroblast,28,FALSE
HN28_P3P4_H01_S85_comb,4.7499,1,Primary,0,Cancer cells,28,TRUE
HN23_P11_B07_S19_comb,0,0,Primary,T cell,T cell,23,FALSE
HN28_P5_B03_S207_comb,0,0,Primary,Fibroblast,Fibroblast,28,FALSE
HN23_P11_C01_S25_comb,0,0,Primary,T cell,T cell,23,FALSE
HN23_P11_C09_S33_comb,0,0,Primary,T cell,T cell,23,FALSE
HN28_P5_E07_S247_comb,2.488,1,Primary,0,Cancer cells,28,TRUE
HN28_P3P4_F06_S66_comb,5.2512,0,Primary,0,0,28,TRUE
HN28_P3P4_E08_S56_comb,5.0766,0,Primary,Fibroblast,Fibroblast,28,TRUE
HN28_P5_F08_S260_comb,0,0,Primary,Fibroblast,Fibroblast,28,FALSE
HN28_P3P4_E05_S53_comb,5.5757,0,Primary,Fibroblast,Fibroblast,28,TRUE
HN28_P3P4_D11_S47_comb,4.8373,0,Primary,0,0,28,TRUE
HN28_P5_F02_S254_comb,4.179,0,Primary,Fibroblast,Fibroblast,28,TRUE
HN23_P11_H03_S87_comb,0,0,Primary,T cell,T cell,23,FALSE
HN23_P11_E09_S57_comb,0,0,Primary,T cell,T cell,23,FALSE
HN23_P11_C07_S31_comb,0,0,Primary,T cell,T cell,23,FALSE
HN28_P3P4_C11_S35_comb,0,0,Primary,Fibroblast,Fibroblast,28,FALSE
HN28_P3P4_G05_S77_comb,2.2821,0,Primary,Fibroblast,Fibroblast,28,TRUE
HN28_P14_F03_S159_comb,0,0,Lymph node,Fibroblast,Fibroblast,28,FALSE
HN28_P3P4_H10_S94_comb,0.50691,0,Primary,Fibroblast,Fibroblast,28,TRUE
HN28_P14_C04_S124_comb,6.409,0,Lymph node,Fibroblast,Fibroblast,28,TRUE
HN28_P14_E09_S153_comb,0,0,Lymph node,Fibroblast,Fibroblast,28,FALSE
HN28_P5_H08_S284_comb,0,0,Primary,Fibroblast,Fibroblast,28,FALSE
HN28_P3P4_E06_S54_comb,0,0,Primary,Fibroblast,Fibroblast,28,FALSE
HN28_P3P4_C04_S28_comb,6.5028,0,Primary,Fibroblast,Fibroblast,28,TRUE
HN23_P11_B10_S22_comb,5.9556,0,Primary,T cell,T cell,23,TRUE
HN28_P14_E03_S147_comb,5.4132,0,Lymph node,Fibroblast,Fibroblast,28,TRUE
HN28_P14_B05_S113_comb,0,0,Lymph node,B cell,B cell,28,FALSE
HN28_P5_G04_S268_comb,0,0,Primary,Fibroblast,Fibroblast,28,FALSE
HN28_P5_H11_S287_comb,0,0,Primary,Fibroblast,Fibroblast,28,FALSE
HN28_P3P4_B04_S16_comb,0,0,Primary,Fibroblast,Fibroblast,28,FALSE
HN23_P11_G07_S79_comb,0,0,Primary,T cell,T cell,23,FALSE
HN28_P5_E09_S249_comb,0,0,Primary,Fibroblast,Fibroblast,28,FALSE
HN28_P3P4_F03_S63_comb,4.7614,0,Primary,Fibroblast,Fibroblast,28,TRUE
HN28_P3P4_G03_S75_comb,5.617,0,Primary,Endothelial,Endothelial,28,TRUE
HN28_P5_B02_S206_comb,2.8637,1,Primary,0,Cancer cells,28,TRUE
HN28_P3P4_D12_S48_comb,0,0,Primary,Fibroblast,Fibroblast,28,FALSE
HN28_P3P4_B02_S14_comb,0,0,Primary,Fibroblast,Fibroblast,28,FALSE
HN23_P11_G12_S84_comb,0,0,Primary,T cell,T cell,23,FALSE
HN28_P5_A07_S199_comb,4.7044,0,Primary,0,0,28,TRUE
HN28_P14_A06_S102_comb,2.0868,1,Lymph node,0,Cancer cells,28,TRUE
HN28_P3P4_E03_S51_comb,0.6107,0,Primary,Fibroblast,Fibroblast,28,TRUE
HN28_P14_D05_S137_comb,0,0,Lymph node,Fibroblast,Fibroblast,28,FALSE
HN28_P14_G02_S170_comb,3.2182,1,Lymph node,0,Cancer cells,28,TRUE
HN28_P5_H07_S283_comb,5.4899,0,Primary,Fibroblast,Fibroblast,28,TRUE
HN28_P3P4_D09_S45_comb,4.2466,1,Primary,0,Cancer cells,28,TRUE
HN28_P14_E06_S150_comb,0,0,Lymph node,Endothelial,Endothelial,28,FALSE
HN28_P3P4_B06_S18_comb,0,0,Primary,Fibroblast,Fibroblast,28,FALSE
HN28_P5_D07_S235_comb,1.1473,0,Primary,Fibroblast,Fibroblast,28,TRUE
HN28_P3P4_G02_S74_comb,5.9649,0,Primary,Fibroblast,Fibroblast,28,TRUE
HN28_P5_G07_S271_comb,5.8428,0,Primary,Fibroblast,Fibroblast,28,TRUE
HN23_P11_B08_S20_comb,0,0,Primary,T cell,T cell,23,FALSE
HN28_P14_C01_S121_comb,0,0,Lymph node,B cell,B cell,28,FALSE
HN28_P3P4_H12_S96_comb,0,0,Primary,Fibroblast,Fibroblast,28,FALSE
HN23_P11_A12_S12_comb,0,0,Primary,T cell,T cell,23,FALSE
HN23_P11_G05_S77_comb,0,0,Primary,T cell,T cell,23,FALSE
HN28_P14_B08_S116_comb,0,0,Lymph node,B cell,B cell,28,FALSE
HN28_P3P4_F05_S65_comb,0,0,Primary,Fibroblast,Fibroblast,28,FALSE
HN28_P14_C07_S127_comb,0,1,Lymph node,0,Cancer cells,28,FALSE
HN28_P3P4_E02_S50_comb,0,0,Primary,myocyte,myocyte,28,FALSE
HN28_P14_C09_S129_comb,5.3613,0,Lymph node,Endothelial,Endothelial,28,TRUE
HN28_P14_B04_S112_comb,6.8002,0,Lymph node,B cell,B cell,28,TRUE
HN23_P11_B05_S17_comb,0,0,Primary,T cell,T cell,23,FALSE
HN28_P5_C08_S224_comb,0,0,Primary,Fibroblast,Fibroblast,28,FALSE
HN28_P14_F07_S163_comb,0.584,0,Lymph node,Fibroblast,Fibroblast,28,TRUE
HN28_P5_F06_S258_comb,6.3914,0,Primary,Fibroblast,Fibroblast,28,TRUE
HN28_P14_C05_S125_comb,0,0,Lymph node,Fibroblast,Fibroblast,28,FALSE
HN28_P5_D04_S232_comb,0,0,Primary,Fibroblast,Fibroblast,28,FALSE
HN28_P14_A08_S104_comb,0,0,Lymph node,Macrophage,Macrophage,28,FALSE
HN23_P11_G09_S81_comb,0,0,Primary,T cell,T cell,23,FALSE
HN28_P5_D02_S230_comb,1.8343,0,Primary,Fibroblast,Fibroblast,28,TRUE
HN23_P11_G08_S80_comb,0,0,Primary,T cell,T cell,23,FALSE
HN28_P14_C06_S126_comb,2.6374,1,Lymph node,0,Cancer cells,28,TRUE
HN28_P14_A10_S106_comb,4.606,1,Lymph node,0,Cancer cells,28,TRUE
HN28_P5_H04_S280_comb,0,0,Primary,Fibroblast,Fibroblast,28,FALSE
HN28_P14_A09_S105_comb,5.0014,0,Lymph node,Fibroblast,Fibroblast,28,TRUE
HN28_P5_G01_S265_comb,0,0,Primary,Fibroblast,Fibroblast,28,FALSE
HN28_P5_C09_S225_comb,0,0,Primary,Fibroblast,Fibroblast,28,FALSE
HN28_P14_B07_S115_comb,3.994,1,Lymph node,0,Cancer cells,28,TRUE
HN28_P3P4_G04_S76_comb,0,0,Primary,Fibroblast,Fibroblast,28,FALSE
HN23_P11_H12_S96_comb,0,0,Primary,T cell,T cell,23,FALSE
HN28_P3P4_A01_S1_comb,4.5297,0,Primary,Fibroblast,Fibroblast,28,TRUE
HN28_P3P4_H05_S89_comb,4.7274,0,Primary,Fibroblast,Fibroblast,28,TRUE
HN28_P5_E10_S250_comb,0,0,Primary,Fibroblast,Fibroblast,28,FALSE
HN28_P14_A07_S103_comb,2.1368,1,Lymph node,0,Cancer cells,28,TRUE
HN28_P5_A09_S201_comb,1.7527,1,Primary,0,Cancer cells,28,TRUE
HN28_P14_F11_S167_comb,3.0349,1,Lymph node,0,Cancer cells,28,TRUE
HN23_P11_A08_S8_comb,0,0,Primary,T cell,T cell,23,FALSE
HN28_P14_B10_S118_comb,0,0,Lymph node,Fibroblast,Fibroblast,28,FALSE
HN28_P3P4_C12_S36_comb,0,0,Primary,Fibroblast,Fibroblast,28,FALSE
HN28_P14_E08_S152_comb,2.6267,1,Lymph node,0,Cancer cells,28,TRUE
HN28_P14_C10_S130_comb,3.5146,1,Lymph node,0,Cancer cells,28,TRUE
HN28_P3P4_H09_S93_comb,0,0,Primary,Fibroblast,Fibroblast,28,FALSE
HN28_P14_A02_S98_comb,0.38736,0,Lymph node,Endothelial,Endothelial,28,TRUE
HN28_P14_A03_S99_comb,0,0,Lymph node,Fibroblast,Fibroblast,28,FALSE
HN23_P11_E01_S49_comb,0,0,Primary,T cell,T cell,23,FALSE
HN28_P14_D08_S140_comb,0,0,Lymph node,Fibroblast,Fibroblast,28,FALSE
HN28_P3P4_B01_S13_comb,0,0,Primary,Fibroblast,Fibroblast,28,FALSE
HN28_P3P4_H06_S90_comb,6.0587,0,Primary,Fibroblast,Fibroblast,28,TRUE
HN23_P11_B01_S13_comb,0,0,Primary,T cell,T cell,23,FALSE
HN28_P3P4_B10_S22_comb,0,0,Primary,myocyte,myocyte,28,FALSE
HN28_P3P4_F10_S70_comb,0,0,Primary,Fibroblast,Fibroblast,28,FALSE
HN28_P3P4_A06_S6_comb,0,1,Primary,0,Cancer cells,28,FALSE
HN23_P11_F01_S61_comb,0,0,Primary,T cell,T cell,23,FALSE
HN28_P5_E04_S244_comb,4.7612,0,Primary,Fibroblast,Fibroblast,28,TRUE
HN28_P5_B04_S208_comb,0,0,Primary,Fibroblast,Fibroblast,28,FALSE
HN23_P11_E08_S56_comb,0,0,Primary,T cell,T cell,23,FALSE
HN28_P5_B05_S209_comb,0,0,Primary,Fibroblast,Fibroblast,28,FALSE
HN28_P5_F03_S255_comb,0,0,Primary,Fibroblast,Fibroblast,28,FALSE
HN28_P5_H02_S278_comb,4.0781,1,Primary,0,Cancer cells,28,TRUE
HN23_P11_D09_S45_comb,0,0,Primary,T cell,T cell,23,FALSE
HN23_P11_D04_S40_comb,0,0,Primary,T cell,T cell,23,FALSE
HN28_P3P4_B12_S24_comb,3.9426,1,Primary,0,Cancer cells,28,TRUE
HN28_P3P4_G06_S78_comb,4.8732,0,Primary,Fibroblast,Fibroblast,28,TRUE
HN28_P3P4_B08_S20_comb,0,0,Primary,Fibroblast,Fibroblast,28,FALSE
HN28_P3P4_B11_S23_comb,0,0,Primary,Endothelial,Endothelial,28,FALSE
HN23_P11_E04_S52_comb,0,0,Primary,T cell,T cell,23,FALSE
HN28_P5_H03_S279_comb,4.3979,0,Primary,Fibroblast,Fibroblast,28,TRUE
HN23_P11_F09_S69_comb,0,0,Primary,T cell,T cell,23,FALSE
HN28_P14_G12_S180_comb,0,0,Lymph node,Fibroblast,Fibroblast,28,FALSE
HN28_P3P4_E07_S55_comb,0,0,Primary,Fibroblast,Fibroblast,28,FALSE
HN28_P14_C02_S122_comb,0,0,Lymph node,Fibroblast,Fibroblast,28,FALSE
HN28_P3P4_H02_S86_comb,0,0,Primary,Fibroblast,Fibroblast,28,FALSE
HN28_P3P4_E04_S52_comb,0,0,Primary,Fibroblast,Fibroblast,28,FALSE
HN28_P3P4_D08_S44_comb,0,0,Primary,Fibroblast,Fibroblast,28,FALSE
HN28_P3P4_D04_S40_comb,5.1528,0,Primary,Fibroblast,Fibroblast,28,TRUE
HN28_P5_H09_S285_comb,0,0,Primary,Fibroblast,Fibroblast,28,FALSE
HN23_P11_C04_S28_comb,0,0,Primary,T cell,T cell,23,FALSE
HN28_P5_C10_S226_comb,5.9987,0,Primary,Fibroblast,Fibroblast,28,TRUE
HN28_P5_B11_S215_comb,0,0,Primary,Fibroblast,Fibroblast,28,FALSE
HN28_P14_D12_S144_comb,1.583,1,Lymph node,0,Cancer cells,28,TRUE
HN23_P11_H04_S88_comb,0,0,Primary,T cell,T cell,23,FALSE
HN28_P3P4_H11_S95_comb,0,0,Primary,Fibroblast,Fibroblast,28,FALSE
HN28_P3P4_E09_S57_comb,0,0,Primary,Fibroblast,Fibroblast,28,FALSE
HN28_P14_D09_S141_comb,0,0,Lymph node,Fibroblast,Fibroblast,28,FALSE
HN28_P5_B10_S214_comb,4.841,0,Primary,Fibroblast,Fibroblast,28,TRUE
HN28_P3P4_D06_S42_comb,5.6081,0,Primary,Fibroblast,Fibroblast,28,TRUE
HN28_P5_E05_S245_comb,0,0,Primary,Fibroblast,Fibroblast,28,FALSE
HN28_P14_A04_S100_comb,0,0,Lymph node,B cell,B cell,28,FALSE
HN28_P3P4_B09_S21_comb,0,0,Primary,Fibroblast,Fibroblast,28,FALSE
HN28_P3P4_A02_S2_comb,0,0,Primary,Macrophage,Macrophage,28,FALSE
HN28_P5_H10_S286_comb,0,0,Primary,Fibroblast,Fibroblast,28,FALSE
HN28_P3P4_D02_S38_comb,4.8836,0,Primary,Fibroblast,Fibroblast,28,TRUE
HN28_P3P4_G01_S73_comb,5.4562,0,Primary,Fibroblast,Fibroblast,28,TRUE
HN28_P3P4_H04_S88_comb,2.6262,1,Primary,0,Cancer cells,28,TRUE
HN28_P5_F04_S256_comb,0,0,Primary,Fibroblast,Fibroblast,28,FALSE
HN28_P5_C04_S220_comb,2.6749,1,Primary,0,Cancer cells,28,TRUE
HN23_P11_H11_S95_comb,0,0,Primary,T cell,T cell,23,FALSE
HN28_P14_G10_S178_comb,4.9347,0,Lymph node,Fibroblast,Fibroblast,28,TRUE
HN28_P5_G09_S273_comb,0,0,Primary,Fibroblast,Fibroblast,28,FALSE
HN23_P11_E10_S58_comb,0,0,Primary,T cell,T cell,23,FALSE
HN28_P3P4_F12_S72_comb,6.3589,0,Primary,Fibroblast,Fibroblast,28,TRUE
HN28_P3P4_B07_S19_comb,5.1952,0,Primary,Fibroblast,Fibroblast,28,TRUE
HN23_P11_B12_S24_comb,0,0,Primary,T cell,T cell,23,FALSE
HN28_P3P4_C06_S30_comb,0,0,Primary,Fibroblast,Fibroblast,28,FALSE
HN28_P5_C07_S223_comb,0,0,Primary,Fibroblast,Fibroblast,28,FALSE
HN28_P3P4_E10_S58_comb,0,0,Primary,Fibroblast,Fibroblast,28,FALSE
HN28_P14_D10_S142_comb,0,0,Lymph node,B cell,B cell,28,FALSE
HN28_P14_H02_S182_comb,2.5614,1,Lymph node,0,Cancer cells,28,TRUE
HN28_P3P4_D01_S37_comb,4.1733,1,Primary,0,Cancer cells,28,TRUE
HN28_P5_A01_S193_comb,5.16,0,Primary,Fibroblast,Fibroblast,28,TRUE
HN23_P11_E11_S59_comb,0,0,Primary,T cell,T cell,23,FALSE
HN23_P11_E07_S55_comb,0,0,Primary,T cell,T cell,23,FALSE
HN23_P11_G06_S78_comb,0,0,Primary,T cell,T cell,23,FALSE
HN23_P11_D11_S47_comb,0,0,Primary,T cell,T cell,23,FALSE
HN28_P5_F11_S263_comb,4.318,1,Primary,0,Cancer cells,28,TRUE
HN28_P14_H07_S187_comb,0.76384,0,Lymph node,Fibroblast,Fibroblast,28,TRUE
HN28_P3P4_F04_S64_comb,5.2688,0,Primary,Fibroblast,Fibroblast,28,TRUE
HN28_P5_E02_S242_comb,0,0,Primary,Fibroblast,Fibroblast,28,FALSE
HN28_P14_G08_S176_comb,3.4155,1,Lymph node,0,Cancer cells,28,TRUE
HN28_P5_A10_S202_comb,4.9475,0,Primary,Fibroblast,Fibroblast,28,TRUE
HN23_P11_G11_S83_comb,0,0,Primary,T cell,T cell,23,FALSE
HN28_P3P4_G11_S83_comb,4.5636,0,Primary,Fibroblast,Fibroblast,28,TRUE
HN23_P11_E12_S60_comb,0,0,Primary,T cell,T cell,23,FALSE
HN28_P3P4_A05_S5_comb,6.0666,0,Primary,Fibroblast,Fibroblast,28,TRUE
HN28_P5_H06_S282_comb,5.4601,0,Primary,Fibroblast,Fibroblast,28,TRUE
HN23_P11_F03_S63_comb,0,0,Primary,T cell,T cell,23,FALSE
HN28_P5_H01_S277_comb,0,1,Primary,0,Cancer cells,28,FALSE
HN28_P5_F12_S264_comb,3.1327,1,Primary,0,Cancer cells,28,TRUE
HN28_P3P4_C08_S32_comb,6.1823,0,Primary,Fibroblast,Fibroblast,28,TRUE
HN28_P3P4_D10_S46_comb,0,0,Primary,myocyte,myocyte,28,FALSE
HN28_P3P4_C01_S25_comb,0,0,Primary,Fibroblast,Fibroblast,28,FALSE
HN28_P14_G11_S179_comb,6.442,0,Lymph node,Fibroblast,Fibroblast,28,TRUE
HN23_P11_C03_S27_comb,0,0,Primary,T cell,T cell,23,FALSE
HN28_P5_B09_S213_comb,4.4551,1,Primary,0,Cancer cells,28,TRUE
HN28_P5_C05_S221_comb,3.9106,1,Primary,0,Cancer cells,28,TRUE
HN28_P5_F07_S259_comb,0,0,Primary,Fibroblast,Fibroblast,28,FALSE
HN28_P14_D06_S138_comb,0,0,Lymph node,Fibroblast,Fibroblast,28,FALSE
HN28_P3P4_F09_S69_comb,6.1601,0,Primary,Fibroblast,Fibroblast,28,TRUE
HN23_P11_A09_S9_comb,0,0,Primary,T cell,T cell,23,FALSE
HN28_P14_E07_S151_comb,0,0,Lymph node,Fibroblast,Fibroblast,28,FALSE
HN28_P14_B11_S119_comb,0.44042,0,Lymph node,Fibroblast,Fibroblast,28,TRUE
HN23_P11_D07_S43_comb,0,0,Primary,T cell,T cell,23,FALSE
HN28_P14_F10_S166_comb,4.5427,0,Lymph node,Fibroblast,Fibroblast,28,TRUE
HN28_P5_B08_S212_comb,2.3704,1,Primary,0,Cancer cells,28,TRUE
HN28_P14_E10_S154_comb,0,0,Lymph node,Fibroblast,Fibroblast,28,FALSE
HN28_P5_C01_S217_comb,0,0,Primary,myocyte,myocyte,28,FALSE
HN28_P3P4_A11_S11_comb,4.7391,0,Primary,Fibroblast,Fibroblast,28,TRUE
HN28_P3P4_C10_S34_comb,0,0,Primary,Fibroblast,Fibroblast,28,FALSE
HN28_P5_D01_S229_comb,0,0,Primary,Fibroblast,Fibroblast,28,FALSE
HN28_P3P4_E12_S60_comb,0,0,Primary,myocyte,myocyte,28,FALSE
HN28_P3P4_F01_S61_comb,0,0,Primary,Fibroblast,Fibroblast,28,FALSE
HN28_P3P4_A09_S9_comb,3.2737,1,Primary,0,Cancer cells,28,TRUE
HN28_P14_D02_S134_comb,3.9209,0,Lymph node,Fibroblast,Fibroblast,28,TRUE
HN23_P11_E03_S51_comb,0,0,Primary,T cell,T cell,23,FALSE
HN28_P3P4_B05_S17_comb,6.7016,0,Primary,Fibroblast,Fibroblast,28,TRUE
HN28_P5_A08_S200_comb,0,0,Primary,Fibroblast,Fibroblast,28,FALSE
HN28_P14_E01_S145_comb,0,0,Lymph node,Fibroblast,Fibroblast,28,FALSE
HN28_P14_G01_S169_comb,1.8965,0,Lymph node,0,0,28,TRUE
HN28_P5_H05_S281_comb,5.7304,0,Primary,Fibroblast,Fibroblast,28,TRUE
HN28_P3P4_A04_S4_comb,0,0,Primary,Fibroblast,Fibroblast,28,FALSE
HN28_P3P4_G07_S79_comb,0,0,Primary,Fibroblast,Fibroblast,28,FALSE
HN28_P5_E06_S246_comb,0,0,Primary,Fibroblast,Fibroblast,28,FALSE
HN28_P14_G05_S173_comb,3.4677,1,Lymph node,0,Cancer cells,28,TRUE
HN23_P11_G10_S82_comb,0,0,Primary,T cell,T cell,23,FALSE
HN28_P3P4_C09_S33_comb,0,0,Primary,Fibroblast,Fibroblast,28,FALSE
HN28_P3P4_F07_S67_comb,4.1185,0,Primary,Endothelial,Endothelial,28,TRUE
HN28_P5_G08_S272_comb,5.2542,1,Primary,0,Cancer cells,28,TRUE
HN28_P14_F01_S157_comb,2.5833,1,Lymph node,0,Cancer cells,28,TRUE
HN28_P3P4_G08_S80_comb,0,0,Primary,Fibroblast,Fibroblast,28,FALSE
HN23_P11_H10_S94_comb,0,0,Primary,T cell,T cell,23,FALSE
HN28_P3P4_H03_S87_comb,5.2565,0,Primary,Fibroblast,Fibroblast,28,TRUE
HN28_P14_B12_S120_comb,0,0,Lymph node,Fibroblast,Fibroblast,28,FALSE
HN28_P5_A12_S204_comb,6.0217,0,Primary,Fibroblast,Fibroblast,28,TRUE
HN28_P14_F02_S158_comb,2.1408,1,Lymph node,0,Cancer cells,28,TRUE
HN28_P14_B09_S117_comb,3.8285,0,Lymph node,Fibroblast,Fibroblast,28,TRUE
HN28_P3P4_A10_S10_comb,4.6984,0,Primary,Fibroblast,Fibroblast,28,TRUE
HN28_P5_D05_S233_comb,4.566,1,Primary,0,Cancer cells,28,TRUE
HN28_P5_D06_S234_comb,4.4781,0,Primary,Fibroblast,Fibroblast,28,TRUE
HN23_P11_A07_S7_comb,0,0,Primary,T cell,T cell,23,FALSE
HN28_P14_G06_S174_comb,0,1,Lymph node,0,Cancer cells,28,FALSE
HN28_P14_H12_S192_comb,4.4336,1,Lymph node,0,Cancer cells,28,TRUE
HN23_P11_G02_S74_comb,0,0,Primary,T cell,T cell,23,FALSE
HN28_P3P4_C03_S27_comb,3.6763,0,Primary,Fibroblast,Fibroblast,28,TRUE
HN23_P11_D03_S39_comb,0,0,Primary,T cell,T cell,23,FALSE
HN28_P14_B03_S111_comb,4.9781,0,Lymph node,Fibroblast,Fibroblast,28,TRUE
HN23_P11_B06_S18_comb,0,0,Primary,T cell,T cell,23,FALSE
HN28_P3P4_C02_S26_comb,0,0,Primary,Fibroblast,Fibroblast,28,FALSE
HN23_P11_B11_S23_comb,0,0,Primary,T cell,T cell,23,FALSE
HN28_P5_A04_S196_comb,1.8053,1,Primary,0,Cancer cells,28,TRUE
HN28_P5_E03_S243_comb,0,0,Primary,Fibroblast,Fibroblast,28,FALSE
HN28_P5_A03_S195_comb,0,0,Primary,Fibroblast,Fibroblast,28,FALSE
HN28_P5_D12_S240_comb,0,0,Primary,Fibroblast,Fibroblast,28,FALSE
HN28_P14_E11_S155_comb,0,0,Lymph node,Fibroblast,Fibroblast,28,FALSE
HN28_P14_C12_S132_comb,0,0,Lymph node,Mast,Mast,28,FALSE
HN28_P3P4_B03_S15_comb,0,0,Primary,Endothelial,Endothelial,28,FALSE
HN28_P14_A05_S101_comb,4.1908,1,Lymph node,0,Cancer cells,28,TRUE
HN28_P14_F04_S160_comb,5.2426,0,Lymph node,Fibroblast,Fibroblast,28,TRUE
HN28_P3P4_D03_S39_comb,0,0,Primary,Fibroblast,Fibroblast,28,FALSE
HN28_P5_G02_S266_comb,2.7679,0,Primary,Fibroblast,Fibroblast,28,TRUE
HN28_P3P4_C05_S29_comb,1.943,0,Primary,Fibroblast,Fibroblast,28,TRUE
HN28_P5_C02_S218_comb,5.8054,0,Primary,Fibroblast,Fibroblast,28,TRUE
HN28_P3P4_C07_S31_comb,0,0,Primary,Fibroblast,Fibroblast,28,FALSE
HN28_P5_E11_S251_comb,0,0,Primary,Fibroblast,Fibroblast,28,FALSE
HN28_P3P4_F11_S71_comb,0,0,Primary,Fibroblast,Fibroblast,28,FALSE
HN28_P5_F10_S262_comb,3.9451,1,Primary,0,Cancer cells,28,TRUE
HN25_P13P30_G05_S269_comb,0,0,Lymph node,T cell,T cell,25,FALSE
HN25_P13P30_C07_S223_comb,0,0,Primary,T cell,T cell,25,FALSE
HN25_P13P30_G03_S267_comb,0,0,Lymph node,T cell,T cell,25,FALSE
HN25_P13P30_F09_S261_comb,0,0,Lymph node,T cell,T cell,25,FALSE
HN25_P13P30_C05_S221_comb,0,0,Primary,T cell,T cell,25,FALSE
HN25_P13P30_C03_S219_comb,0,0,Primary,T cell,T cell,25,FALSE
HN25_P13P30_D11_S239_comb,0,0,Primary,T cell,T cell,25,FALSE
HN25_P13P30_A10_S202_comb,0,0,Primary,T cell,T cell,25,FALSE
HN25_P13P30_D03_S231_comb,0,0,Primary,T cell,T cell,25,FALSE
HN25_P13P30_C11_S227_comb,0,0,Primary,T cell,T cell,25,FALSE
HN25_P13P30_A05_S197_comb,0,0,Primary,T cell,T cell,25,FALSE
HN25_P13P30_D06_S234_comb,0,0,Primary,T cell,T cell,25,FALSE
HN25_P13P30_E05_S245_comb,0,0,Lymph node,T cell,T cell,25,FALSE
HN25_P13P30_C06_S222_comb,0,0,Primary,T cell,T cell,25,FALSE
HN25_P13P30_A08_S200_comb,0,0,Primary,T cell,T cell,25,FALSE
HN25_P13P30_B09_S213_comb,0,0,Primary,T cell,T cell,25,FALSE
HN25_P13P30_A03_S195_comb,0,0,Primary,T cell,T cell,25,FALSE
HN25_P13P30_B10_S214_comb,0,0,Primary,T cell,T cell,25,FALSE
HN25_P13P30_B03_S207_comb,0,0,Primary,T cell,T cell,25,FALSE
HN25_P13P30_C10_S226_comb,0,0,Primary,T cell,T cell,25,FALSE
HN25_P13P30_F12_S264_comb,0,0,Lymph node,T cell,T cell,25,FALSE
HN25_P13P30_E01_S241_comb,0,0,Lymph node,T cell,T cell,25,FALSE
HN25_P13P30_B08_S212_comb,0,0,Primary,T cell,T cell,25,FALSE
HN25_P13P30_B04_S208_comb,0,0,Primary,T cell,T cell,25,FALSE
HN25_P13P30_E07_S247_comb,0,0,Lymph node,T cell,T cell,25,FALSE
HN25_P13P30_C04_S220_comb,0,0,Primary,T cell,T cell,25,FALSE
HN25_P13P30_A01_S193_comb,0,0,Primary,T cell,T cell,25,FALSE
HN25_P13P30_A09_S201_comb,0,0,Primary,T cell,T cell,25,FALSE
HN25_P13P30_D10_S238_comb,0,0,Primary,T cell,T cell,25,FALSE
HN25_P13P30_A12_S204_comb,0,0,Primary,T cell,T cell,25,FALSE
HN25_P13P30_C08_S224_comb,0,0,Primary,T cell,T cell,25,FALSE
HN25_P13P30_B05_S209_comb,0,0,Primary,T cell,T cell,25,FALSE
HN25_P13P30_F07_S259_comb,0,0,Lymph node,T cell,T cell,25,FALSE
HN25_P13P30_H02_S278_comb,0,0,Lymph node,T cell,T cell,25,FALSE
HN25_P13P30_D07_S235_comb,0,0,Primary,T cell,T cell,25,FALSE
HN25_P13P30_F01_S253_comb,0,0,Lymph node,T cell,T cell,25,FALSE
HNSCC25_P20_B02_S302_comb,5.1663,0,Lymph node,B cell,B cell,25,TRUE
HNSCC25_P20_F12_S360_comb,5.682,0,Lymph node,Fibroblast,Fibroblast,25,TRUE
HNSCC25_P2_C05_S29_comb,0,0,Primary,0,0,25,FALSE
HNSCC25_P20_E07_S343_comb,2.8065,1,Lymph node,0,Cancer cells,25,TRUE
HNSCC25_P20_E09_S345_comb,3.4205,1,Lymph node,0,Cancer cells,25,TRUE
HNSCC25_P2_G09_S81_comb,4.7034,1,Primary,0,Cancer cells,25,TRUE
HNSCC25_P20_C01_S313_comb,5.1949,1,Lymph node,0,Cancer cells,25,TRUE
HNSCC25_P2_H08_S92_comb,7.3703,0,Primary,Fibroblast,Fibroblast,25,TRUE
HNSCC25_P2_H09_S93_comb,6.0764,0,Primary,Fibroblast,Fibroblast,25,TRUE
HNSCC25_P20_C05_S317_comb,6.7751,0,Lymph node,Fibroblast,Fibroblast,25,TRUE
HNSCC25_P2_F07_S67_comb,5.9338,0,Primary,Fibroblast,Fibroblast,25,TRUE
HNSCC25_P20_D11_S335_comb,3.0454,1,Lymph node,0,Cancer cells,25,TRUE
HNSCC25_P2_F09_S69_comb,0.94636,0,Primary,0,0,25,TRUE
HNSCC25_P2_A04_S4_comb,6.8698,0,Primary,Fibroblast,Fibroblast,25,TRUE
HNSCC25_P20_B08_S308_comb,0,0,Lymph node,B cell,B cell,25,FALSE
HNSCC25_P2_E02_S50_comb,5.6613,0,Primary,Fibroblast,Fibroblast,25,TRUE
HNSCC25_P2_F05_S65_comb,0,0,Primary,Fibroblast,Fibroblast,25,FALSE
HNSCC25_P2_E08_S56_comb,5.4818,1,Primary,0,Cancer cells,25,TRUE
HNSCC25_P2_D12_S48_comb,4.661,1,Primary,0,Cancer cells,25,TRUE
HNSCC25_P2_C06_S30_comb,2.2482,0,Primary,0,0,25,TRUE
HNSCC25_P2_H01_S85_comb,0,0,Primary,Fibroblast,Fibroblast,25,FALSE
HNSCC25_P20_C02_S314_comb,5.4201,0,Lymph node,Fibroblast,Fibroblast,25,TRUE
HNSCC25_P2_D11_S47_comb,4.3288,1,Primary,0,Cancer cells,25,TRUE
HNSCC25_P20_G07_S367_comb,5.4187,1,Lymph node,0,Cancer cells,25,TRUE
HNSCC25_P20_H01_S373_comb,0,0,Lymph node,Fibroblast,Fibroblast,25,FALSE
HNSCC25_P20_G01_S361_comb,4.4573,0,Lymph node,Fibroblast,Fibroblast,25,TRUE
HNSCC25_P20_B03_S303_comb,5.3436,0,Lymph node,Fibroblast,Fibroblast,25,TRUE
HNSCC25_P20_H02_S374_comb,0,0,Lymph node,B cell,B cell,25,FALSE
HNSCC25_P2_B10_S22_comb,0,0,Primary,Dendritic,Dendritic,25,FALSE
HNSCC25_P2_C01_S25_comb,5.6758,1,Primary,0,Cancer cells,25,TRUE
HNSCC25_P2_G02_S74_comb,4.3298,1,Primary,0,Cancer cells,25,TRUE
HNSCC25_P2_E04_S52_comb,0,1,Primary,0,Cancer cells,25,FALSE
HNSCC25_P20_B06_S306_comb,0,1,Lymph node,0,Cancer cells,25,FALSE
HNSCC25_P2_B11_S23_comb,5.2528,0,Primary,Fibroblast,Fibroblast,25,TRUE
HNSCC25_P2_D10_S46_comb,0,0,Primary,Fibroblast,Fibroblast,25,FALSE
HNSCC25_P20_F09_S357_comb,0,0,Lymph node,Fibroblast,Fibroblast,25,FALSE
HNSCC25_P2_F10_S70_comb,2.9254,1,Primary,0,Cancer cells,25,TRUE
HNSCC25_P2_H06_S90_comb,0,0,Primary,T cell,T cell,25,FALSE
HNSCC25_P2_C09_S33_comb,6.9454,0,Primary,Fibroblast,Fibroblast,25,TRUE
HNSCC25_P20_D03_S327_comb,4.3162,0,Lymph node,Fibroblast,Fibroblast,25,TRUE
HNSCC25_P2_C03_S27_comb,7.3742,0,Primary,Fibroblast,Fibroblast,25,TRUE
HNSCC25_P2_G01_S73_comb,0,0,Primary,0,0,25,FALSE
HNSCC25_P2_G12_S84_comb,0,0,Primary,Fibroblast,Fibroblast,25,FALSE
HNSCC25_P2_G11_S83_comb,4.5474,1,Primary,0,Cancer cells,25,TRUE
HNSCC25_P2_B01_S13_comb,4.7732,1,Primary,0,Cancer cells,25,TRUE
HNSCC25_P20_B05_S305_comb,3.9575,0,Lymph node,Fibroblast,Fibroblast,25,TRUE
HNSCC25_P20_E06_S342_comb,2.8482,1,Lymph node,0,Cancer cells,25,TRUE
HNSCC25_P20_D08_S332_comb,6.6275,0,Lymph node,Fibroblast,Fibroblast,25,TRUE
HNSCC25_P20_A05_S293_comb,5.5992,0,Lymph node,Fibroblast,Fibroblast,25,TRUE
HNSCC25_P20_G09_S369_comb,4.0029,1,Lymph node,0,Cancer cells,25,TRUE
HNSCC25_P20_E02_S338_comb,1.5719,1,Lymph node,0,Cancer cells,25,TRUE
HNSCC25_P2_D09_S45_comb,6.1476,0,Primary,Fibroblast,Fibroblast,25,TRUE
HNSCC25_P20_D02_S326_comb,0,0,Lymph node,Fibroblast,Fibroblast,25,FALSE
HNSCC25_P2_E09_S57_comb,5.8861,1,Primary,0,Cancer cells,25,TRUE
HNSCC25_P20_G02_S362_comb,0,0,Lymph node,Fibroblast,Fibroblast,25,FALSE
HNSCC25_P2_H07_S91_comb,4.1074,1,Primary,0,Cancer cells,25,TRUE
HNSCC25_P2_G08_S80_comb,5.4419,0,Primary,Fibroblast,Fibroblast,25,TRUE
HNSCC25_P2_F12_S72_comb,5.08,1,Primary,0,Cancer cells,25,TRUE
HNSCC25_P2_B06_S18_comb,4.787,1,Primary,0,Cancer cells,25,TRUE
HNSCC25_P2_F06_S66_comb,5.1789,1,Primary,0,Cancer cells,25,TRUE
HNSCC25_P2_A02_S2_comb,4.8521,0,Primary,Fibroblast,Fibroblast,25,TRUE
HNSCC25_P2_B12_S24_comb,6.3045,0,Primary,Fibroblast,Fibroblast,25,TRUE
HNSCC25_P2_E10_S58_comb,4.3743,0,Primary,Fibroblast,Fibroblast,25,TRUE
HNSCC25_P20_F06_S354_comb,0,0,Lymph node,B cell,B cell,25,FALSE
HNSCC25_P2_E03_S51_comb,4.2278,0,Primary,Fibroblast,Fibroblast,25,TRUE
HNSCC25_P2_G05_S77_comb,0,0,Primary,Fibroblast,Fibroblast,25,FALSE
HNSCC25_P2_D05_S41_comb,2.3519,0,Primary,0,0,25,TRUE
HNSCC25_P2_E07_S55_comb,0,0,Primary,Fibroblast,Fibroblast,25,FALSE
HNSCC25_P20_D09_S333_comb,4.2006,1,Lymph node,0,Cancer cells,25,TRUE
HNSCC25_P2_F04_S64_comb,0,0,Primary,Mast,Mast,25,FALSE
HNSCC25_P2_B05_S17_comb,0,0,Primary,Fibroblast,Fibroblast,25,FALSE
HNSCC25_P20_C11_S323_comb,0,0,Lymph node,Fibroblast,Fibroblast,25,FALSE
HNSCC25_P2_F11_S71_comb,5.7426,1,Primary,0,Cancer cells,25,TRUE
HNSCC25_P2_B02_S14_comb,5.182,1,Primary,0,Cancer cells,25,TRUE
HNSCC25_P2_B03_S15_comb,6.2315,0,Primary,Fibroblast,Fibroblast,25,TRUE
HNSCC25_P2_F02_S62_comb,0,0,Primary,0,0,25,FALSE
HNSCC25_P2_E06_S54_comb,0,0,Primary,Fibroblast,Fibroblast,25,FALSE
HNSCC25_P20_F04_S352_comb,2.543,1,Lymph node,0,Cancer cells,25,TRUE
HNSCC25_P20_H08_S380_comb,0.38073,0,Lymph node,B cell,B cell,25,TRUE
HNSCC25_P2_A01_S1_comb,5.6116,0,Primary,Fibroblast,Fibroblast,25,TRUE
HNSCC25_P2_A06_S6_comb,0,0,Primary,0,0,25,FALSE
HNSCC25_P20_A04_S292_comb,0,0,Lymph node,Fibroblast,Fibroblast,25,FALSE
HNSCC25_P2_D06_S42_comb,0,0,Primary,Fibroblast,Fibroblast,25,FALSE
HNSCC25_P20_G04_S364_comb,4.0857,0,Lymph node,Fibroblast,Fibroblast,25,TRUE
HNSCC25_P2_A03_S3_comb,0,0,Primary,Fibroblast,Fibroblast,25,FALSE
HNSCC25_P2_A10_S10_comb,5.5059,0,Primary,#NAME?,#NAME?,25,TRUE
HNSCC25_P20_B07_S307_comb,0,0,Lymph node,B cell,B cell,25,FALSE
HNSCC25_P20_D12_S336_comb,4.1543,1,Lymph node,0,Cancer cells,25,TRUE
HNSCC25_P2_C11_S35_comb,6.8577,0,Primary,Fibroblast,Fibroblast,25,TRUE
HNSCC25_P20_E08_S344_comb,5.1128,1,Lymph node,0,Cancer cells,25,TRUE
HNSCC25_P2_D03_S39_comb,5.3099,0,Primary,Fibroblast,Fibroblast,25,TRUE
HNSCC25_P2_D07_S43_comb,4.5185,1,Primary,0,Cancer cells,25,TRUE
HNSCC25_P2_H04_S88_comb,0,0,Primary,Dendritic,Dendritic,25,FALSE
HNSCC25_P2_C04_S28_comb,6.2822,1,Primary,0,Cancer cells,25,TRUE
HNSCC25_P2_H03_S87_comb,0,1,Primary,0,Cancer cells,25,FALSE
HNSCC25_P20_D06_S330_comb,0,0,Lymph node,B cell,B cell,25,FALSE
HNSCC25_P2_B08_S20_comb,4.3373,1,Primary,0,Cancer cells,25,TRUE
HNSCC25_P2_A05_S5_comb,4.7981,0,Primary,#NAME?,#NAME?,25,TRUE
HNSCC25_P2_B04_S16_comb,7.4213,0,Primary,Fibroblast,Fibroblast,25,TRUE
HNSCC25_P2_A12_S12_comb,3.9343,1,Primary,0,Cancer cells,25,TRUE
HNSCC25_P2_H10_S94_comb,5.016,0,Primary,Fibroblast,Fibroblast,25,TRUE
HNSCC25_P2_F01_S61_comb,0,0,Primary,Fibroblast,Fibroblast,25,FALSE
HNSCC25_P20_A02_S290_comb,0,0,Lymph node,B cell,B cell,25,FALSE
HNSCC25_P20_B11_S311_comb,0,0,Lymph node,Macrophage,Macrophage,25,FALSE
HNSCC25_P20_F10_S358_comb,4.6213,1,Lymph node,0,Cancer cells,25,TRUE
HNSCC25_P20_H12_S384_comb,3.8749,1,Lymph node,0,Cancer cells,25,TRUE
HNSCC25_P2_D02_S38_comb,5.2781,0,Primary,Fibroblast,Fibroblast,25,TRUE
HNSCC25_P20_B12_S312_comb,0,0,Lymph node,Fibroblast,Fibroblast,25,FALSE
HNSCC25_P2_F03_S63_comb,4.2698,1,Primary,0,Cancer cells,25,TRUE
HNSCC25_P2_G03_S75_comb,5.1739,1,Primary,0,Cancer cells,25,TRUE
HNSCC25_P2_E05_S53_comb,7.3139,1,Primary,0,Cancer cells,25,TRUE
HNSCC25_P20_D07_S331_comb,0,0,Lymph node,B cell,B cell,25,FALSE
HNSCC25_P2_A09_S9_comb,0,1,Primary,0,Cancer cells,25,FALSE
HNSCC26_P3_F11_S167_comb,0,0,Primary,Fibroblast,Fibroblast,26,FALSE
HNSCC26_P23_B02_S302_comb,4.6525,1,Lymph node,0,Cancer cells,26,TRUE
HNSCC26_P3_H03_S183_comb,0,0,Primary,Fibroblast,Fibroblast,26,FALSE
HNSCC26_P3_G12_S180_comb,0,0,Primary,Fibroblast,Fibroblast,26,FALSE
HNSCC26_P23_G04_S364_comb,0,1,Lymph node,0,Cancer cells,26,FALSE
HNSCC26_P23_B10_S310_comb,5.5871,0,Lymph node,Fibroblast,Fibroblast,26,TRUE
HNSCC26_P23_D07_S331_comb,3.6471,1,Lymph node,0,Cancer cells,26,TRUE
HNSCC26_P3_A10_S106_comb,0.8679,0,Primary,Fibroblast,Fibroblast,26,TRUE
HNSCC26_P3_E11_S155_comb,0,0,Primary,Fibroblast,Fibroblast,26,FALSE
HNSCC26_P3_B08_S116_comb,0,0,Primary,Fibroblast,Fibroblast,26,FALSE
HNSCC26_P23_A04_S292_comb,0,0,Lymph node,Fibroblast,Fibroblast,26,FALSE
HNSCC26_P3_D09_S141_comb,0,0,Primary,Fibroblast,Fibroblast,26,FALSE
HNSCC26_P3_H07_S187_comb,0,0,Primary,Fibroblast,Fibroblast,26,FALSE
HNSCC26_P23_H01_S373_comb,3.138,1,Lymph node,0,Cancer cells,26,TRUE
HNSCC26_P23_F08_S356_comb,0,1,Lymph node,0,Cancer cells,26,FALSE
HNSCC26_P23_F11_S359_comb,3.897,1,Lymph node,0,Cancer cells,26,TRUE
HNSCC26_P3_D03_S135_comb,0,0,Primary,T cell,T cell,26,FALSE
HNSCC26_P23_B08_S308_comb,0,0,Lymph node,Fibroblast,Fibroblast,26,FALSE
HNSCC26_P23_F06_S354_comb,0,1,Lymph node,0,Cancer cells,26,FALSE
HNSCC26_P3_H06_S186_comb,0,1,Primary,0,Cancer cells,26,FALSE
HNSCC26_P23_E07_S343_comb,5.6913,1,Lymph node,0,Cancer cells,26,TRUE
HNSCC26_P3_B03_S111_comb,0,1,Primary,0,Cancer cells,26,FALSE
HNSCC26_P3_D10_S142_comb,4.6267,0,Primary,Fibroblast,Fibroblast,26,TRUE
HNSCC26_P3_A03_S99_comb,0,0,Primary,Fibroblast,Fibroblast,26,FALSE
HNSCC26_P23_G09_S369_comb,0,1,Lymph node,0,Cancer cells,26,FALSE
HNSCC26_P23_E01_S337_comb,5.4978,1,Lymph node,0,Cancer cells,26,TRUE
HNSCC26_P3_A02_S98_comb,0,1,Primary,0,Cancer cells,26,FALSE
HNSCC26_P3_C12_S132_comb,0,0,Primary,Fibroblast,Fibroblast,26,FALSE
HNSCC26_P23_A01_S289_comb,4.076,1,Lymph node,0,Cancer cells,26,TRUE
HNSCC26_P23_G01_S361_comb,0,0,Lymph node,Fibroblast,Fibroblast,26,FALSE
HNSCC26_P3_H09_S189_comb,0,0,Primary,Fibroblast,Fibroblast,26,FALSE
HNSCC26_P23_B03_S303_comb,0,0,Lymph node,Fibroblast,Fibroblast,26,FALSE
HNSCC26_P23_D06_S330_comb,0,1,Lymph node,0,Cancer cells,26,FALSE
HNSCC26_P23_C10_S322_comb,0,1,Lymph node,0,Cancer cells,26,FALSE
HNSCC26_P23_C11_S323_comb,0.23266,1,Lymph node,0,Cancer cells,26,TRUE
HNSCC26_P3_C10_S130_comb,0,1,Primary,0,Cancer cells,26,FALSE
HNSCC26_P23_A05_S293_comb,4.4151,0,Lymph node,Fibroblast,Fibroblast,26,TRUE
HNSCC26_P3_H10_S190_comb,6.0023,0,Primary,Fibroblast,Fibroblast,26,TRUE
HNSCC26_P3_F03_S159_comb,5.3115,1,Primary,0,Cancer cells,26,TRUE
HNSCC26_P23_H08_S380_comb,3.0386,1,Lymph node,0,Cancer cells,26,TRUE
HNSCC26_P3_E12_S156_comb,6.5636,0,Primary,Fibroblast,Fibroblast,26,TRUE
HNSCC26_P23_B07_S307_comb,0,1,Lymph node,0,Cancer cells,26,FALSE
HNSCC26_P23_E08_S344_comb,3.6977,1,Lymph node,0,Cancer cells,26,TRUE
HNSCC26_P3_E03_S147_comb,0,0,Primary,Fibroblast,Fibroblast,26,FALSE
HNSCC26_P23_G03_S363_comb,0.63784,1,Lymph node,0,Cancer cells,26,TRUE
HNSCC26_P3_C11_S131_comb,3.7796,1,Primary,0,Cancer cells,26,TRUE
HNSCC26_P3_A09_S105_comb,1.7342,0,Primary,0,0,26,TRUE
HNSCC26_P23_A06_S294_comb,0.27143,1,Lymph node,0,Cancer cells,26,TRUE
HNSCC26_P23_A07_S295_comb,0.83431,1,Lymph node,0,Cancer cells,26,TRUE
HNSCC26_P23_D01_S325_comb,0,0,Lymph node,0,0,26,FALSE
HNSCC26_P23_A10_S298_comb,5.6981,0,Lymph node,Fibroblast,Fibroblast,26,TRUE
HNSCC26_P23_C06_S318_comb,3.3787,1,Lymph node,0,Cancer cells,26,TRUE
HNSCC26_P23_C07_S319_comb,0,1,Lymph node,0,Cancer cells,26,FALSE
HNSCC26_P23_D05_S329_comb,4.5128,1,Lymph node,0,Cancer cells,26,TRUE
HNSCC26_P3_G08_S176_comb,0.15186,1,Primary,0,Cancer cells,26,TRUE
HNSCC26_P23_C02_S314_comb,2.7007,1,Lymph node,0,Cancer cells,26,TRUE
HNSCC26_P23_G11_S371_comb,2.9675,1,Lymph node,0,Cancer cells,26,TRUE
HNSCC26_P23_A03_S291_comb,0,1,Lymph node,0,Cancer cells,26,FALSE
HNSCC26_P23_D09_S333_comb,5.6399,1,Lymph node,0,Cancer cells,26,TRUE
HNSCC26_P3_D04_S136_comb,3.816,1,Primary,0,Cancer cells,26,TRUE
HNSCC26_P3_C07_S127_comb,0,1,Primary,0,Cancer cells,26,FALSE
HNSCC26_P3_H05_S185_comb,0,1,Primary,0,Cancer cells,26,FALSE
HNSCC26_P23_F07_S355_comb,3.2052,1,Lymph node,0,Cancer cells,26,TRUE
HNSCC26_P23_H11_S383_comb,4.8649,1,Lymph node,0,Cancer cells,26,TRUE
HNSCC26_P23_E02_S338_comb,5.3874,0,Lymph node,Fibroblast,Fibroblast,26,TRUE
HNSCC26_P3_D11_S143_comb,0,0,Primary,Fibroblast,Fibroblast,26,FALSE
HNSCC26_P3_E02_S146_comb,6.621,0,Primary,Fibroblast,Fibroblast,26,TRUE
HNSCC26_P23_C01_S313_comb,4.3537,1,Lymph node,0,Cancer cells,26,TRUE
HNSCC26_P23_F05_S353_comb,6.1177,0,Lymph node,Fibroblast,Fibroblast,26,TRUE
HNSCC26_P23_A11_S299_comb,0,1,Lymph node,0,Cancer cells,26,FALSE
HNSCC26_P23_C04_S316_comb,0,1,Lymph node,0,Cancer cells,26,FALSE
HNSCC26_P23_D12_S336_comb,0,1,Lymph node,0,Cancer cells,26,FALSE
HNSCC26_P3_D05_S137_comb,0,1,Primary,0,Cancer cells,26,FALSE
HNSCC26_P3_D07_S139_comb,0,0,Primary,Fibroblast,Fibroblast,26,FALSE
HNSCC26_P23_H03_S375_comb,4.6869,1,Lymph node,0,Cancer cells,26,TRUE
HNSCC26_P23_B05_S305_comb,0.36625,0,Lymph node,Fibroblast,Fibroblast,26,TRUE
HNSCC26_P3_F08_S164_comb,0,0,Primary,Fibroblast,Fibroblast,26,FALSE
HNSCC26_P23_G12_S372_comb,0,1,Lymph node,0,Cancer cells,26,FALSE
HNSCC26_P23_H07_S379_comb,0,1,Lymph node,0,Cancer cells,26,FALSE
HNSCC25_P12_B02_S110_comb,0,0,Primary,T cell,T cell,25,FALSE
HNSCC24_P3_H01_S85_comb,3.9493,0,Primary,Macrophage,Macrophage,24,TRUE
HNSCC25_P31_D01_S229_comb,0,0,Lymph node,T cell,T cell,25,FALSE
HNSCC25_P4_G05_S269_comb,3.5053,1,Primary,0,Cancer cells,25,TRUE
HNSCC25_P12_F08_S164_comb,0,0,Primary,T cell,T cell,25,FALSE
HNSCC24_P3_C11_S35_comb,0,0,Primary,Fibroblast,Fibroblast,24,FALSE
HNSCC24_P3_G12_S84_comb,0,0,Primary,Mast,Mast,24,FALSE
HNSCC25_P12_D04_S136_comb,0,0,Primary,T cell,T cell,25,FALSE
HNSCC25_P12_F03_S159_comb,0,0,Primary,T cell,T cell,25,FALSE
HNSCC25_P31_G02_S266_comb,0,0,Lymph node,T cell,T cell,25,FALSE
HNSCC25_P12_E01_S145_comb,0,0,Primary,T cell,T cell,25,FALSE
HNSCC25_P4_H01_S277_comb,0.36513,0,Primary,Fibroblast,Fibroblast,25,TRUE
HNSCC25_P12_B03_S111_comb,0,0,Primary,T cell,T cell,25,FALSE
HNSCC25_P4_H04_S280_comb,3.5254,1,Primary,0,Cancer cells,25,TRUE
HNSCC25_P31_B01_S205_comb,0,0,Lymph node,T cell,T cell,25,FALSE
HNSCC25_P12_C03_S123_comb,0,0,Primary,T cell,T cell,25,FALSE
HNSCC25_P4_F02_S254_comb,0.82538,0,Primary,Fibroblast,Fibroblast,25,TRUE
HNSCC25_P4_G12_S276_comb,3.4411,1,Primary,0,Cancer cells,25,TRUE
HNSCC25_P12_F10_S166_comb,0,0,Primary,T cell,T cell,25,FALSE
HNSCC25_P12_E06_S150_comb,0,0,Primary,T cell,T cell,25,FALSE
HNSCC25_P4_D11_S239_comb,0,0,Primary,T cell,T cell,25,FALSE
HNSCC25_P4_D05_S233_comb,3.1473,0,Primary,Fibroblast,Fibroblast,25,TRUE
HNSCC25_P12_A12_S108_comb,0,0,Primary,T cell,T cell,25,FALSE
HNSCC24_P3_D02_S38_comb,3.6612,0,Primary,0,0,24,TRUE
HNSCC25_P31_F05_S257_comb,0,0,Lymph node,T cell,T cell,25,FALSE
HNSCC25_P4_B03_S207_comb,0,0,Primary,Fibroblast,Fibroblast,25,FALSE
HNSCC25_P4_A03_S195_comb,0,0,Primary,Dendritic,Dendritic,25,FALSE
HNSCC25_P31_A08_S200_comb,0,0,Lymph node,T cell,T cell,25,FALSE
HNSCC25_P12_G02_S170_comb,0,0,Primary,T cell,T cell,25,FALSE
HNSCC25_P12_E08_S152_comb,0,0,Primary,T cell,T cell,25,FALSE
HNSCC25_P4_E03_S243_comb,4.6422,0,Primary,Fibroblast,Fibroblast,25,TRUE
HNSCC25_P31_G01_S265_comb,0,0,Lymph node,T cell,T cell,25,FALSE
HNSCC25_P12_F09_S165_comb,0,0,Primary,T cell,T cell,25,FALSE
HNSCC25_P31_E05_S245_comb,0,0,Lymph node,T cell,T cell,25,FALSE
HNSCC24_P3_F01_S61_comb,0,0,Primary,Mast,Mast,24,FALSE
HNSCC25_P31_G07_S271_comb,0,0,Lymph node,T cell,T cell,25,FALSE
HNSCC24_P3_B02_S14_comb,0,0,Primary,Mast,Mast,24,FALSE
HNSCC25_P4_C02_S218_comb,5.0242,0,Primary,Fibroblast,Fibroblast,25,TRUE
HNSCC25_P31_F02_S254_comb,0,0,Lymph node,T cell,T cell,25,FALSE
HNSCC24_P3_C01_S25_comb,0,0,Primary,Macrophage,Macrophage,24,FALSE
HNSCC25_P4_A02_S194_comb,1.0683,1,Primary,0,Cancer cells,25,TRUE
HNSCC25_P4_A01_S193_comb,4.2762,1,Primary,0,Cancer cells,25,TRUE
HNSCC24_P3_E06_S54_comb,0.98477,0,Primary,Fibroblast,Fibroblast,24,TRUE
HNSCC25_P4_C11_S227_comb,5.2872,0,Primary,Fibroblast,Fibroblast,25,TRUE
HNSCC25_P31_H07_S283_comb,0,0,Lymph node,T cell,T cell,25,FALSE
HNSCC24_P3_D08_S44_comb,0,0,Primary,Fibroblast,Fibroblast,24,FALSE
HNSCC25_P31_C11_S227_comb,0,0,Lymph node,T cell,T cell,25,FALSE
HNSCC25_P4_D01_S229_comb,5.7891,0,Primary,Fibroblast,Fibroblast,25,TRUE
HNSCC25_P31_A09_S201_comb,0,0,Lymph node,T cell,T cell,25,FALSE
HNSCC25_P4_G07_S271_comb,0,0,Primary,Fibroblast,Fibroblast,25,FALSE
HNSCC25_P31_B09_S213_comb,0,0,Lymph node,T cell,T cell,25,FALSE
HNSCC24_P3_G08_S80_comb,0,0,Primary,Mast,Mast,24,FALSE
HNSCC25_P31_D05_S233_comb,0,0,Lymph node,T cell,T cell,25,FALSE
HNSCC25_P4_H12_S288_comb,2.9315,1,Primary,0,Cancer cells,25,TRUE
HNSCC24_P3_E10_S58_comb,6.7214,0,Primary,Fibroblast,Fibroblast,24,TRUE
HNSCC24_P3_D10_S46_comb,0,0,Primary,Mast,Mast,24,FALSE
HNSCC25_P4_A07_S199_comb,2.7853,1,Primary,0,Cancer cells,25,TRUE
HNSCC25_P4_F03_S255_comb,3.8036,1,Primary,0,Cancer cells,25,TRUE
HNSCC25_P4_B09_S213_comb,4.6839,1,Primary,0,Cancer cells,25,TRUE
HNSCC24_P3_G09_S81_comb,0,0,Primary,Mast,Mast,24,FALSE
HNSCC25_P12_E12_S156_comb,0,0,Primary,T cell,T cell,25,FALSE
HNSCC25_P4_E02_S242_comb,0,0,Primary,myocyte,myocyte,25,FALSE
HNSCC24_P3_A01_S1_comb,4.6437,0,Primary,0,0,24,TRUE
HNSCC25_P31_H03_S279_comb,0,0,Lymph node,T cell,T cell,25,FALSE
HNSCC25_P12_H07_S187_comb,0,0,Primary,T cell,T cell,25,FALSE
HNSCC25_P12_E11_S155_comb,0,0,Primary,T cell,T cell,25,FALSE
HNSCC24_P3_D01_S37_comb,4.1489,1,Primary,0,Cancer cells,24,TRUE
HNSCC24_P3_A10_S10_comb,5.8077,0,Primary,Fibroblast,Fibroblast,24,TRUE
HNSCC25_P4_B01_S205_comb,0,0,Primary,Fibroblast,Fibroblast,25,FALSE
HNSCC24_P3_G10_S82_comb,0,0,Primary,T cell,T cell,24,FALSE
HNSCC25_P4_A08_S200_comb,4.4616,0,Primary,Endothelial,Endothelial,25,TRUE
HNSCC25_P12_B09_S117_comb,0,0,Primary,T cell,T cell,25,FALSE
HNSCC24_P3_B09_S21_comb,6.227,0,Primary,Fibroblast,Fibroblast,24,TRUE
HNSCC25_P31_H12_S288_comb,0,0,Lymph node,T cell,T cell,25,FALSE
HNSCC24_P3_G04_S76_comb,0,0,Primary,Mast,Mast,24,FALSE
HNSCC25_P31_A11_S203_comb,0,0,Lymph node,T cell,T cell,25,FALSE
HNSCC24_P3_E02_S50_comb,0,0,Primary,Mast,Mast,24,FALSE
HNSCC25_P12_A08_S104_comb,0,0,Primary,T cell,T cell,25,FALSE
HNSCC25_P12_H08_S188_comb,0,0,Primary,T cell,T cell,25,FALSE
HNSCC24_P3_B10_S22_comb,0,0,Primary,Fibroblast,Fibroblast,24,FALSE
HNSCC24_P3_H06_S90_comb,0,0,Primary,Mast,Mast,24,FALSE
HNSCC25_P12_H06_S186_comb,0,0,Primary,T cell,T cell,25,FALSE
HNSCC24_P3_H10_S94_comb,0,0,Primary,Mast,Mast,24,FALSE
HNSCC25_P4_E04_S244_comb,5.1734,0,Primary,Fibroblast,Fibroblast,25,TRUE
HNSCC25_P31_C01_S217_comb,0,0,Lymph node,T cell,T cell,25,FALSE
HNSCC25_P12_H12_S192_comb,0,0,Primary,T cell,T cell,25,FALSE
HNSCC25_P4_D03_S231_comb,0,0,Primary,Fibroblast,Fibroblast,25,FALSE
HNSCC25_P12_B10_S118_comb,0,0,Primary,T cell,T cell,25,FALSE
HNSCC25_P12_C02_S122_comb,0,0,Primary,Macrophage,Macrophage,25,FALSE
HNSCC25_P12_F11_S167_comb,0,0,Primary,T cell,T cell,25,FALSE
HNSCC25_P4_F11_S263_comb,0,0,Primary,Fibroblast,Fibroblast,25,FALSE
HNSCC24_P3_E09_S57_comb,0,0,Primary,Fibroblast,Fibroblast,24,FALSE
HNSCC25_P31_C05_S221_comb,0,0,Lymph node,T cell,T cell,25,FALSE
HNSCC25_P12_F06_S162_comb,0,0,Primary,T cell,T cell,25,FALSE
HNSCC25_P4_F07_S259_comb,0,1,Primary,0,Cancer cells,25,FALSE
HNSCC25_P31_G08_S272_comb,0,0,Lymph node,T cell,T cell,25,FALSE
HNSCC24_P3_C12_S36_comb,5.1267,0,Primary,Fibroblast,Fibroblast,24,TRUE
HNSCC25_P31_B06_S210_comb,0,0,Lymph node,T cell,T cell,25,FALSE
HNSCC24_P3_F03_S63_comb,0,0,Primary,Fibroblast,Fibroblast,24,FALSE
HNSCC25_P4_D08_S236_comb,0,0,Primary,Fibroblast,Fibroblast,25,FALSE
HNSCC25_P4_D09_S237_comb,0,0,Primary,Mast,Mast,25,FALSE
HNSCC24_P3_G05_S77_comb,6.0937,0,Primary,Fibroblast,Fibroblast,24,TRUE
HNSCC25_P4_F10_S262_comb,1.9767,0,Primary,Fibroblast,Fibroblast,25,TRUE
HNSCC25_P12_A11_S107_comb,0,0,Primary,T cell,T cell,25,FALSE
HNSCC25_P12_E02_S146_comb,0,0,Primary,T cell,T cell,25,FALSE
HNSCC24_P3_B03_S15_comb,5.3885,0,Primary,0,0,24,TRUE
HNSCC25_P12_H01_S181_comb,0,0,Primary,T cell,T cell,25,FALSE
HNSCC25_P31_C09_S225_comb,0,0,Lymph node,T cell,T cell,25,FALSE
HNSCC24_P3_B07_S19_comb,5.4559,0,Primary,Fibroblast,Fibroblast,24,TRUE
HNSCC25_P4_B05_S209_comb,0,0,Primary,Fibroblast,Fibroblast,25,FALSE
HNSCC25_P4_B04_S208_comb,0,1,Primary,0,Cancer cells,25,FALSE
HNSCC25_P4_G08_S272_comb,2.3824,1,Primary,0,Cancer cells,25,TRUE
HNSCC25_P31_A02_S194_comb,0,0,Lymph node,T cell,T cell,25,FALSE
HNSCC25_P4_B06_S210_comb,6.5536,0,Primary,Fibroblast,Fibroblast,25,TRUE
HNSCC24_P3_H05_S89_comb,0,0,Primary,Endothelial,Endothelial,24,FALSE
HNSCC25_P4_C04_S220_comb,4.5397,1,Primary,0,Cancer cells,25,TRUE
HNSCC25_P12_D11_S143_comb,0,0,Primary,T cell,T cell,25,FALSE
HNSCC25_P31_H04_S280_comb,0,0,Lymph node,T cell,T cell,25,FALSE
HNSCC24_P3_E03_S51_comb,0,0,Primary,Fibroblast,Fibroblast,24,FALSE
HNSCC25_P4_H07_S283_comb,5.4338,1,Primary,0,Cancer cells,25,TRUE
HNSCC25_P31_H01_S277_comb,0,0,Lymph node,T cell,T cell,25,FALSE
HNSCC25_P12_C06_S126_comb,0,0,Primary,T cell,T cell,25,FALSE
HNSCC25_P12_D02_S134_comb,0,0,Primary,T cell,T cell,25,FALSE
HNSCC25_P12_A03_S99_comb,0,0,Primary,T cell,T cell,25,FALSE
HNSCC25_P31_H11_S287_comb,0,0,Lymph node,T cell,T cell,25,FALSE
HNSCC25_P4_B12_S216_comb,5.0443,0,Primary,Fibroblast,Fibroblast,25,TRUE
HNSCC25_P31_B02_S206_comb,0,0,Lymph node,T cell,T cell,25,FALSE
HNSCC25_P4_C10_S226_comb,1.7803,1,Primary,0,Cancer cells,25,TRUE
HNSCC25_P31_D06_S234_comb,0,0,Lymph node,T cell,T cell,25,FALSE
HNSCC25_P4_F01_S253_comb,5.7675,0,Primary,Fibroblast,Fibroblast,25,TRUE
HNSCC25_P4_B07_S211_comb,4.8721,0,Primary,Fibroblast,Fibroblast,25,TRUE
HNSCC25_P4_A10_S202_comb,5.8794,0,Primary,Fibroblast,Fibroblast,25,TRUE
HNSCC25_P12_E10_S154_comb,0,0,Primary,T cell,T cell,25,FALSE
HNSCC25_P4_E07_S247_comb,6.4507,0,Primary,Fibroblast,Fibroblast,25,TRUE
HNSCC25_P12_E04_S148_comb,0,0,Primary,T cell,T cell,25,FALSE
HNSCC25_P31_H10_S286_comb,0,0,Lymph node,T cell,T cell,25,FALSE
HNSCC25_P31_A07_S199_comb,0,0,Lymph node,T cell,T cell,25,FALSE
HNSCC25_P4_G11_S275_comb,0,1,Primary,0,Cancer cells,25,FALSE
HNSCC25_P4_F12_S264_comb,4.982,1,Primary,0,Cancer cells,25,TRUE
HNSCC25_P12_B01_S109_comb,0,0,Primary,T cell,T cell,25,FALSE
HNSCC25_P31_F06_S258_comb,0,0,Lymph node,T cell,T cell,25,FALSE
HNSCC25_P31_G03_S267_comb,0,0,Lymph node,T cell,T cell,25,FALSE
HNSCC25_P31_D07_S235_comb,0,0,Lymph node,T cell,T cell,25,FALSE
HNSCC25_P4_H09_S285_comb,5.5907,0,Primary,T cell,T cell,25,TRUE
HNSCC25_P31_D04_S232_comb,0,0,Lymph node,T cell,T cell,25,FALSE
HNSCC25_P12_A10_S106_comb,0,0,Primary,T cell,T cell,25,FALSE
HNSCC25_P4_E08_S248_comb,5.8731,0,Primary,Fibroblast,Fibroblast,25,TRUE
HNSCC25_P31_C04_S220_comb,0,0,Lymph node,T cell,T cell,25,FALSE
HNSCC25_P4_A04_S196_comb,3.6426,1,Primary,0,Cancer cells,25,TRUE
HNSCC25_P4_F08_S260_comb,5.8917,0,Primary,Fibroblast,Fibroblast,25,TRUE
HNSCC25_P4_G09_S273_comb,4.4632,0,Primary,Fibroblast,Fibroblast,25,TRUE
HNSCC24_P3_A04_S4_comb,0,0,Primary,Fibroblast,Fibroblast,24,FALSE
HNSCC25_P4_C08_S224_comb,0,0,Primary,Fibroblast,Fibroblast,25,FALSE
HNSCC25_P31_B11_S215_comb,0,0,Lymph node,T cell,T cell,25,FALSE
HNSCC25_P4_A09_S201_comb,0,0,Primary,#NAME?,#NAME?,25,FALSE
HNSCC25_P12_B08_S116_comb,0,0,Primary,T cell,T cell,25,FALSE
HNSCC25_P31_C10_S226_comb,0,0,Lymph node,T cell,T cell,25,FALSE
HNSCC25_P12_G01_S169_comb,0,0,Primary,T cell,T cell,25,FALSE
HNSCC25_P31_D03_S231_comb,0,0,Lymph node,T cell,T cell,25,FALSE
HNSCC25_P31_G05_S269_comb,0,0,Lymph node,T cell,T cell,25,FALSE
HNSCC25_P4_D07_S235_comb,6.5233,0,Primary,Fibroblast,Fibroblast,25,TRUE
HNSCC25_P12_G05_S173_comb,0,0,Primary,T cell,T cell,25,FALSE
HNSCC24_P3_D12_S48_comb,0,0,Primary,Fibroblast,Fibroblast,24,FALSE
HNSCC25_P4_E01_S241_comb,4.3814,0,Primary,Fibroblast,Fibroblast,25,TRUE
HNSCC25_P31_F03_S255_comb,0,0,Lymph node,T cell,T cell,25,FALSE
HNSCC25_P4_F06_S258_comb,4.3396,0,Primary,Fibroblast,Fibroblast,25,TRUE
HNSCC25_P12_H04_S184_comb,0,0,Primary,T cell,T cell,25,FALSE
HNSCC25_P31_A10_S202_comb,0,0,Lymph node,T cell,T cell,25,FALSE
HNSCC25_P4_H02_S278_comb,3.9206,1,Primary,0,Cancer cells,25,TRUE
HNSCC25_P31_F10_S262_comb,0,0,Lymph node,T cell,T cell,25,FALSE
HNSCC25_P12_A01_S97_comb,0,0,Primary,T cell,T cell,25,FALSE
HNSCC25_P4_C06_S222_comb,3.5942,1,Primary,0,Cancer cells,25,TRUE
HNSCC25_P4_A06_S198_comb,4.6674,0,Primary,Fibroblast,Fibroblast,25,TRUE
HNSCC25_P31_G11_S275_comb,0,0,Lymph node,T cell,T cell,25,FALSE
HNSCC24_P3_C10_S34_comb,0,0,Primary,Mast,Mast,24,FALSE
HNSCC25_P12_H10_S190_comb,0,0,Primary,T cell,T cell,25,FALSE
HNSCC25_P12_D01_S133_comb,0,0,Primary,T cell,T cell,25,FALSE
HNSCC25_P31_F01_S253_comb,0,0,Lymph node,T cell,T cell,25,FALSE
HNSCC25_P4_G04_S268_comb,0,0,Primary,#NAME?,#NAME?,25,FALSE
HNSCC24_P3_F04_S64_comb,0.53207,0,Primary,Fibroblast,Fibroblast,24,TRUE
HNSCC25_P31_E03_S243_comb,0,0,Lymph node,T cell,T cell,25,FALSE
HNSCC24_P3_A06_S6_comb,0,0,Primary,Mast,Mast,24,FALSE
HNSCC25_P12_C09_S129_comb,0,0,Primary,T cell,T cell,25,FALSE
HNSCC25_P31_C06_S222_comb,0,0,Lymph node,T cell,T cell,25,FALSE
HNSCC24_P3_E12_S60_comb,3.8228,1,Primary,0,Cancer cells,24,TRUE
HNSCC25_P4_G03_S267_comb,1.0193,0,Primary,Fibroblast,Fibroblast,25,TRUE
HNSCC25_P4_D06_S234_comb,0,0,Primary,Fibroblast,Fibroblast,25,FALSE
HNSCC25_P4_H10_S286_comb,3.4938,0,Primary,Fibroblast,Fibroblast,25,TRUE
HNSCC25_P31_B07_S211_comb,0,0,Lymph node,T cell,T cell,25,FALSE
HNSCC25_P4_B10_S214_comb,0.58015,0,Primary,Fibroblast,Fibroblast,25,TRUE
HNSCC25_P4_D12_S240_comb,0.56071,0,Primary,0,0,25,TRUE
HNSCC25_P12_F12_S168_comb,0,0,Primary,T cell,T cell,25,FALSE
HNSCC25_P31_G04_S268_comb,0,0,Lymph node,T cell,T cell,25,FALSE
HNSCC25_P4_B02_S206_comb,0,0,Primary,Fibroblast,Fibroblast,25,FALSE
HNSCC25_P31_F04_S256_comb,0,0,Lymph node,T cell,T cell,25,FALSE
HNSCC25_P4_G06_S270_comb,4.0347,1,Primary,0,Cancer cells,25,TRUE
HNSCC24_P3_D03_S39_comb,0,0,Primary,Fibroblast,Fibroblast,24,FALSE
HNSCC25_P4_E11_S251_comb,3.6584,1,Primary,0,Cancer cells,25,TRUE
HNSCC25_P31_D08_S236_comb,0,0,Lymph node,T cell,T cell,25,FALSE
HNSCC25_P31_B04_S208_comb,0,0,Lymph node,T cell,T cell,25,FALSE
HNSCC24_P3_H03_S87_comb,3.14,1,Primary,0,Cancer cells,24,TRUE
HNSCC25_P4_G01_S265_comb,0,0,Primary,Fibroblast,Fibroblast,25,FALSE
HNSCC25_P4_E09_S249_comb,5.0917,1,Primary,0,Cancer cells,25,TRUE
HNSCC24_P3_D07_S43_comb,0,0,Primary,0,0,24,FALSE
HNSCC25_P4_C12_S228_comb,0,0,Primary,Mast,Mast,25,FALSE
HNSCC24_P3_C08_S32_comb,3.9979,0,Primary,Fibroblast,Fibroblast,24,TRUE
HNSCC25_P12_F01_S157_comb,0,0,Primary,T cell,T cell,25,FALSE
HNSCC25_P12_H09_S189_comb,0,0,Primary,T cell,T cell,25,FALSE
HNSCC25_P31_E08_S248_comb,0,0,Lymph node,T cell,T cell,25,FALSE
HNSCC24_P3_B06_S18_comb,2.4828,1,Primary,0,Cancer cells,24,TRUE
HNSCC24_P3_F02_S62_comb,4.4437,0,Primary,Fibroblast,Fibroblast,24,TRUE
HNSCC24_P3_B08_S20_comb,0.18903,0,Primary,Mast,Mast,24,TRUE
HNSCC25_P12_G07_S175_comb,0,0,Primary,T cell,T cell,25,FALSE
HNSCC24_P3_G11_S83_comb,0,0,Primary,Fibroblast,Fibroblast,24,FALSE
HNSCC25_P12_H11_S191_comb,0,0,Primary,T cell,T cell,25,FALSE
HNSCC25_P31_B12_S216_comb,0,0,Lymph node,T cell,T cell,25,FALSE
HNSCC24_P3_G01_S73_comb,5.8858,0,Primary,Fibroblast,Fibroblast,24,TRUE
HNSCC25_P31_A04_S196_comb,0,0,Lymph node,T cell,T cell,25,FALSE
HNSCC25_P12_G04_S172_comb,0,0,Primary,T cell,T cell,25,FALSE
HNSCC25_P31_C08_S224_comb,0,0,Lymph node,T cell,T cell,25,FALSE
HNSCC25_P12_E05_S149_comb,0,0,Primary,T cell,T cell,25,FALSE
HNSCC25_P31_E06_S246_comb,0,0,Lymph node,T cell,T cell,25,FALSE
HNSCC25_P4_B11_S215_comb,4.674,0,Primary,Fibroblast,Fibroblast,25,TRUE
HNSCC25_P4_F05_S257_comb,4.3247,1,Primary,0,Cancer cells,25,TRUE
HNSCC25_P4_D10_S238_comb,0,0,Primary,Fibroblast,Fibroblast,25,FALSE
HNSCC25_P12_A09_S105_comb,0,0,Primary,T cell,T cell,25,FALSE
HNSCC25_P4_B08_S212_comb,4.8844,0,Primary,Fibroblast,Fibroblast,25,TRUE
HNSCC24_P3_B01_S13_comb,0,0,Primary,Mast,Mast,24,FALSE
HNSCC25_P31_E04_S244_comb,0,0,Lymph node,T cell,T cell,25,FALSE
HNSCC25_P4_C09_S225_comb,4.5751,0,Primary,Fibroblast,Fibroblast,25,TRUE
HNSCC25_P12_G09_S177_comb,0,0,Primary,T cell,T cell,25,FALSE
HNSCC25_P31_B10_S214_comb,0,0,Lymph node,T cell,T cell,25,FALSE
HNSCC25_P31_E02_S242_comb,0,0,Lymph node,T cell,T cell,25,FALSE
HNSCC25_P12_B12_S120_comb,0,0,Primary,T cell,T cell,25,FALSE
HNSCC25_P4_C01_S217_comb,3.9946,1,Primary,0,Cancer cells,25,TRUE
HNSCC24_P3_C02_S26_comb,0,0,Primary,Fibroblast,Fibroblast,24,FALSE
HNSCC25_P12_A02_S98_comb,0,0,Primary,T cell,T cell,25,FALSE
HNSCC25_P12_G08_S176_comb,0,0,Primary,T cell,T cell,25,FALSE
HNSCC24_P3_G06_S78_comb,0.49057,1,Primary,0,Cancer cells,24,TRUE
HNSCC25_P12_C08_S128_comb,0,0,Primary,T cell,T cell,25,FALSE
HNSCC25_P31_E07_S247_comb,0,0,Lymph node,T cell,T cell,25,FALSE
HNSCC25_P12_D06_S138_comb,0,0,Primary,T cell,T cell,25,FALSE
HNSCC25_P31_E01_S241_comb,0,0,Lymph node,T cell,T cell,25,FALSE
HNSCC24_P3_F11_S71_comb,0,0,Primary,Mast,Mast,24,FALSE
HNSCC24_P3_E11_S59_comb,1.5504,0,Primary,Fibroblast,Fibroblast,24,TRUE
HNSCC25_P12_G11_S179_comb,0,0,Primary,T cell,T cell,25,FALSE
HNSCC25_P4_H06_S282_comb,0,1,Primary,0,Cancer cells,25,FALSE
HNSCC25_P31_H06_S282_comb,0,0,Lymph node,T cell,T cell,25,FALSE
HNSCC25_P31_A06_S198_comb,0,0,Lymph node,T cell,T cell,25,FALSE
HNSCC25_P4_D02_S230_comb,5.4859,0,Primary,Fibroblast,Fibroblast,25,TRUE
HNSCC24_P3_A02_S2_comb,0,0,Primary,Fibroblast,Fibroblast,24,FALSE
HNSCC24_P3_A07_S7_comb,3.1963,0,Primary,Fibroblast,Fibroblast,24,TRUE
HNSCC25_P31_C02_S218_comb,0,0,Lymph node,T cell,T cell,25,FALSE
HNSCC25_P12_D12_S144_comb,0,0,Primary,T cell,T cell,25,FALSE
HNSCC25_P31_A03_S195_comb,0,0,Lymph node,T cell,T cell,25,FALSE
HNSCC25_P12_B04_S112_comb,0,0,Primary,T cell,T cell,25,FALSE
HNSCC25_P4_H08_S284_comb,0.17377,0,Primary,Fibroblast,Fibroblast,25,TRUE
HNSCC25_P12_H03_S183_comb,0,0,Primary,T cell,T cell,25,FALSE
HNSCC25_P4_E12_S252_comb,3.7696,1,Primary,0,Cancer cells,25,TRUE
HNSCC25_P31_A05_S197_comb,0,0,Lymph node,T cell,T cell,25,FALSE
HNSCC22_P5_B11_S215_comb,6.3687,0,Primary,Fibroblast,Fibroblast,22,TRUE
HNSCC18_P4_A12_S12_comb,0.25459,1,Primary,0,Cancer cells,18,TRUE
HNSCC22_P5_C08_S224_comb,7.1823,0,Primary,Fibroblast,Fibroblast,22,TRUE
HNSCC22_P5_D11_S239_comb,0,0,Primary,Fibroblast,Fibroblast,22,FALSE
HNSCC22_P5_H09_S285_comb,6.8823,0,Primary,Fibroblast,Fibroblast,22,TRUE
HNSCC18_P4_H04_S88_comb,3.9292,1,Primary,0,Cancer cells,18,TRUE
HNSCC18_P4_D10_S46_comb,0,0,Primary,Mast,Mast,18,FALSE
HNSCC22_P5_F06_S258_comb,4.1166,1,Primary,0,Cancer cells,22,TRUE
HNSCC22_P5_C09_S225_comb,3.6825,1,Primary,0,Cancer cells,22,TRUE
HNSCC18_P4_G09_S81_comb,0,0,Primary,0,0,18,FALSE
HNSCC18_P4_E01_S49_comb,4.6876,1,Primary,0,Cancer cells,18,TRUE
HNSCC22_P5_C04_S220_comb,4.6928,1,Primary,0,Cancer cells,22,TRUE
HNSCC22_P5_A04_S196_comb,5.1019,1,Primary,0,Cancer cells,22,TRUE
HNSCC18_P4_E07_S55_comb,4.8087,1,Primary,0,Cancer cells,18,TRUE
HNSCC18_P4_C07_S31_comb,0,1,Primary,0,Cancer cells,18,FALSE
HNSCC18_P4_A11_S11_comb,0,0,Primary,Mast,Mast,18,FALSE
HNSCC22_P5_A12_S204_comb,5.5615,1,Primary,0,Cancer cells,22,TRUE
HNSCC22_P5_D06_S234_comb,0.99349,1,Primary,0,Cancer cells,22,TRUE
HNSCC22_P5_F10_S262_comb,0,0,Primary,Fibroblast,Fibroblast,22,FALSE
HNSCC22_P5_H12_S288_comb,7.3078,0,Primary,0,0,22,TRUE
HNSCC22_P5_D12_S240_comb,0,1,Primary,0,Cancer cells,22,FALSE
HNSCC18_P4_E02_S50_comb,0,0,Primary,0,0,18,FALSE
HNSCC22_P5_A11_S203_comb,0,0,Primary,Fibroblast,Fibroblast,22,FALSE
HNSCC18_P4_C12_S36_comb,1.3115,0,Primary,Fibroblast,Fibroblast,18,TRUE
HNSCC22_P5_A08_S200_comb,2.3829,1,Primary,0,Cancer cells,22,TRUE
HNSCC22_P5_H11_S287_comb,4.8985,1,Primary,0,Cancer cells,22,TRUE
HNSCC18_P4_F05_S65_comb,0,0,Primary,0,0,18,FALSE
HNSCC22_P5_C05_S221_comb,0,1,Primary,0,Cancer cells,22,FALSE
HNSCC18_P4_C08_S32_comb,0,0,Primary,0,0,18,FALSE
HNSCC18_P4_G03_S75_comb,5.4655,0,Primary,0,0,18,TRUE
HNSCC22_P5_E02_S242_comb,1.111,0,Primary,Mast,Mast,22,TRUE
HNSCC22_P5_A07_S199_comb,5.3791,1,Primary,0,Cancer cells,22,TRUE
HNSCC18_P4_A05_S5_comb,0,0,Primary,Mast,Mast,18,FALSE
HNSCC22_P5_B02_S206_comb,4.9739,1,Primary,0,Cancer cells,22,TRUE
HNSCC22_P5_B04_S208_comb,7.2322,0,Primary,Fibroblast,Fibroblast,22,TRUE
HNSCC22_P5_A05_S197_comb,5.0366,1,Primary,0,Cancer cells,22,TRUE
HNSCC18_P4_F04_S64_comb,0.21288,1,Primary,0,Cancer cells,18,TRUE
HNSCC18_P4_C06_S30_comb,0,0,Primary,0,0,18,FALSE
HNSCC22_P5_G02_S266_comb,5.5396,1,Primary,0,Cancer cells,22,TRUE
HNSCC22_P5_C01_S217_comb,2.9125,1,Primary,0,Cancer cells,22,TRUE
HNSCC22_P5_G03_S267_comb,2.56,1,Primary,0,Cancer cells,22,TRUE
HNSCC22_P5_D05_S233_comb,4.0712,1,Primary,0,Cancer cells,22,TRUE
HNSCC18_P4_F08_S68_comb,0,0,Primary,0,0,18,FALSE
HNSCC22_P5_F09_S261_comb,0.28451,1,Primary,0,Cancer cells,22,TRUE
HNSCC18_P4_D08_S44_comb,0,0,Primary,0,0,18,FALSE
HNSCC18_P4_E09_S57_comb,0,0,Primary,0,0,18,FALSE
HNSCC18_P4_H01_S85_comb,5.4445,1,Primary,0,Cancer cells,18,TRUE
HNSCC22_P5_H06_S282_comb,4.5444,1,Primary,0,Cancer cells,22,TRUE
HNSCC22_P5_B03_S207_comb,2.5271,1,Primary,0,Cancer cells,22,TRUE
HNSCC22_P5_F04_S256_comb,0,0,Primary,Fibroblast,Fibroblast,22,FALSE
HNSCC22_P5_D09_S237_comb,3.5301,1,Primary,0,Cancer cells,22,TRUE
HNSCC22_P5_F12_S264_comb,0.24853,1,Primary,0,Cancer cells,22,TRUE
HNSCC22_P5_C11_S227_comb,0,0,Primary,Mast,Mast,22,FALSE
HNSCC22_P5_H03_S279_comb,0,1,Primary,0,Cancer cells,22,FALSE
HNSCC18_P4_F12_S72_comb,0,1,Primary,0,Cancer cells,18,FALSE
HNSCC22_P5_B05_S209_comb,5.1083,1,Primary,0,Cancer cells,22,TRUE
HNSCC18_P4_B11_S23_comb,4.8671,1,Primary,0,Cancer cells,18,TRUE
HNSCC22_P5_A10_S202_comb,0,1,Primary,0,Cancer cells,22,FALSE
HNSCC18_P4_A07_S7_comb,1.1609,0,Primary,0,0,18,TRUE
HNSCC18_P4_G07_S79_comb,4.0004,1,Primary,0,Cancer cells,18,TRUE
HNSCC18_P4_E06_S54_comb,0,1,Primary,0,Cancer cells,18,FALSE
HNSCC18_P4_B12_S24_comb,0,0,Primary,0,0,18,FALSE
HNSCC22_P5_A06_S198_comb,5.3092,1,Primary,0,Cancer cells,22,TRUE
HNSCC18_P4_D09_S45_comb,5.5778,1,Primary,0,Cancer cells,18,TRUE
HNSCC22_P5_D03_S231_comb,0,0,Primary,Fibroblast,Fibroblast,22,FALSE
HNSCC18_P4_C10_S34_comb,0,1,Primary,0,Cancer cells,18,FALSE
HNSCC22_P5_C06_S222_comb,1.669,1,Primary,0,Cancer cells,22,TRUE
HNSCC22_P5_G07_S271_comb,4.6795,1,Primary,0,Cancer cells,22,TRUE
HNSCC22_P5_C12_S228_comb,5.3289,1,Primary,0,Cancer cells,22,TRUE
HNSCC22_P5_F05_S257_comb,2.4041,0,Primary,Fibroblast,Fibroblast,22,TRUE
HNSCC18_P4_C04_S28_comb,0,1,Primary,0,Cancer cells,18,FALSE
HNSCC18_P4_H05_S89_comb,5.3946,1,Primary,0,Cancer cells,18,TRUE
HNSCC22_P5_E10_S250_comb,3.43,1,Primary,0,Cancer cells,22,TRUE
HNSCC22_P5_E06_S246_comb,0,1,Primary,0,Cancer cells,22,FALSE
HNSCC22_P5_E04_S244_comb,0,1,Primary,0,Cancer cells,22,FALSE
HNSCC22_P5_B07_S211_comb,0,1,Primary,0,Cancer cells,22,FALSE
HNSCC22_P5_G08_S272_comb,1.7485,1,Primary,0,Cancer cells,22,TRUE
HNSCC18_P4_B09_S21_comb,0,0,Primary,Fibroblast,Fibroblast,18,FALSE
HNSCC18_P4_D02_S38_comb,0,0,Primary,0,0,18,FALSE
HNSCC18_P4_G12_S84_comb,3.4906,1,Primary,0,Cancer cells,18,TRUE
HNSCC22_P5_E07_S247_comb,3.516,1,Primary,0,Cancer cells,22,TRUE
HNSCC18_P4_F11_S71_comb,2.7904,1,Primary,0,Cancer cells,18,TRUE
HNSCC22_P5_D01_S229_comb,0,1,Primary,0,Cancer cells,22,FALSE
HNSCC22_P5_A01_S193_comb,5.1075,1,Primary,0,Cancer cells,22,TRUE
HNSCC18_P4_H11_S95_comb,4.7533,1,Primary,0,Cancer cells,18,TRUE
HNSCC22_P5_A09_S201_comb,0,0,Primary,Fibroblast,Fibroblast,22,FALSE
HNSCC22_P5_G04_S268_comb,3.864,1,Primary,0,Cancer cells,22,TRUE
HNSCC18_P4_G04_S76_comb,0,0,Primary,0,0,18,FALSE
HNSCC18_P4_H12_S96_comb,0,1,Primary,0,Cancer cells,18,FALSE
HNSCC22_P5_D08_S236_comb,3.9972,1,Primary,0,Cancer cells,22,TRUE
HNSCC18_P4_C01_S25_comb,5.6541,1,Primary,0,Cancer cells,18,TRUE
HNSCC22_P5_F02_S254_comb,0,1,Primary,0,Cancer cells,22,FALSE
HNSCC22_P5_H01_S277_comb,0.64155,1,Primary,0,Cancer cells,22,TRUE
HNSCC18_P4_C11_S35_comb,3.9121,1,Primary,0,Cancer cells,18,TRUE
HNSCC22_P5_F11_S263_comb,3.5518,1,Primary,0,Cancer cells,22,TRUE
HNSCC22_P5_D02_S230_comb,0.71633,1,Primary,0,Cancer cells,22,TRUE
HNSCC18_P4_F01_S61_comb,0,0,Primary,0,0,18,FALSE
HNSCC18_P4_D06_S42_comb,0,1,Primary,0,Cancer cells,18,FALSE
HNSCC18_P4_G11_S83_comb,4.2569,1,Primary,0,Cancer cells,18,TRUE
HNSCC22_P5_G11_S275_comb,1.412,0,Primary,Fibroblast,Fibroblast,22,TRUE
HNSCC22_P5_C10_S226_comb,0,1,Primary,0,Cancer cells,22,FALSE
HNSCC18_P4_C02_S26_comb,4.067,1,Primary,0,Cancer cells,18,TRUE
HNSCC18_P4_A03_S3_comb,0,0,Primary,Fibroblast,Fibroblast,18,FALSE
HNSCC22_P5_F03_S255_comb,1.8143,1,Primary,0,Cancer cells,22,TRUE
HNSCC18_P4_F10_S70_comb,4.2207,1,Primary,0,Cancer cells,18,TRUE
HNSCC18_P4_E04_S52_comb,0,1,Primary,0,Cancer cells,18,FALSE
HNSCC22_P5_E09_S249_comb,0,1,Primary,0,Cancer cells,22,FALSE
HNSCC22_P5_F07_S259_comb,0,1,Primary,0,Cancer cells,22,FALSE
HNSCC18_P4_C09_S33_comb,3.4135,1,Primary,0,Cancer cells,18,TRUE
HNSCC18_P4_F03_S63_comb,5.6711,1,Primary,0,Cancer cells,18,TRUE
HNSCC18_P4_H10_S94_comb,3.8721,1,Primary,0,Cancer cells,18,TRUE
HNSCC22_P5_E08_S248_comb,2.771,1,Primary,0,Cancer cells,22,TRUE
HNSCC18_P4_G02_S74_comb,5.5843,1,Primary,0,Cancer cells,18,TRUE
HNSCC22_P5_E05_S245_comb,1.0215,1,Primary,0,Cancer cells,22,TRUE
HNSCC22_P5_F01_S253_comb,4.1168,1,Primary,0,Cancer cells,22,TRUE
HNSCC22_P5_B12_S216_comb,4.2048,1,Primary,0,Cancer cells,22,TRUE
HNSCC22_P5_G05_S269_comb,4.7761,1,Primary,0,Cancer cells,22,TRUE
HNSCC18_P4_B08_S20_comb,0,0,Primary,0,0,18,FALSE
HNSCC18_P4_A09_S9_comb,0.47716,1,Primary,0,Cancer cells,18,TRUE
HNSCC22_P5_G01_S265_comb,0,0,Primary,Fibroblast,Fibroblast,22,FALSE
HNSCC22_P5_B10_S214_comb,4.946,1,Primary,0,Cancer cells,22,TRUE
HNSCC22_P5_B09_S213_comb,2.6711,1,Primary,0,Cancer cells,22,TRUE
HNSCC22_P5_G12_S276_comb,1.7899,1,Primary,0,Cancer cells,22,TRUE
HNSCC22_P5_E03_S243_comb,2.7504,1,Primary,0,Cancer cells,22,TRUE
HNSCC18_P4_F07_S67_comb,0,0,Primary,0,0,18,FALSE
HNSCC22_P5_E01_S241_comb,3.5657,1,Primary,0,Cancer cells,22,TRUE
HNSCC18_P4_E03_S51_comb,0.31615,1,Primary,0,Cancer cells,18,TRUE
HNSCC18_P4_H02_S86_comb,4.6897,1,Primary,0,Cancer cells,18,TRUE
HNSCC18_P4_H08_S92_comb,0,1,Primary,0,Cancer cells,18,FALSE
HNSCC22_P5_H02_S278_comb,3.2324,1,Primary,0,Cancer cells,22,TRUE
HNSCC22_P5_H07_S283_comb,4.8126,1,Primary,0,Cancer cells,22,TRUE
HNSCC18_P4_D05_S41_comb,1.1296,0,Primary,0,0,18,TRUE
HNSCC18_P4_C03_S27_comb,4.0173,1,Primary,0,Cancer cells,18,TRUE
HNSCC22_P5_E11_S251_comb,7.6556,0,Primary,Fibroblast,Fibroblast,22,TRUE
HNSCC22_P5_H05_S281_comb,3.4966,1,Primary,0,Cancer cells,22,TRUE
HNSCC18_P4_E08_S56_comb,0,0,Primary,0,0,18,FALSE
HNSCC22_P5_B06_S210_comb,4.8055,1,Primary,0,Cancer cells,22,TRUE
HNSCC22_P5_H04_S280_comb,3.4742,1,Primary,0,Cancer cells,22,TRUE
HNSCC18_P4_E12_S60_comb,0.31499,0,Primary,0,0,18,TRUE
HNSCC22_P5_B08_S212_comb,4.2735,1,Primary,0,Cancer cells,22,TRUE
HNSCC22_P5_C03_S219_comb,3.8697,1,Primary,0,Cancer cells,22,TRUE
HNSCC22_P5_D07_S235_comb,0,0,Primary,Fibroblast,Fibroblast,22,FALSE
HNSCC18_P4_B10_S22_comb,4.7326,1,Primary,0,Cancer cells,18,TRUE
HNSCC22_P5_C07_S223_comb,3.6049,1,Primary,0,Cancer cells,22,TRUE
HNSCC22_P5_H08_S284_comb,5.1014,1,Primary,0,Cancer cells,22,TRUE
HNSCC25_P3_B03_S111_comb,0,0,Primary,Fibroblast,Fibroblast,25,FALSE
HNSCC25_P3_E03_S147_comb,5.0358,1,Primary,0,Cancer cells,25,TRUE
HNSCC25_P22_F04_S352_comb,0,0,Lymph node,Fibroblast,Fibroblast,25,FALSE
HNSCC25_P3_C12_S132_comb,0,0,Primary,0,0,25,FALSE
HNSCC25_P22_F01_S349_comb,0,1,Lymph node,0,Cancer cells,25,FALSE
HNSCC25_P22_F05_S353_comb,5.9068,0,Lymph node,Fibroblast,Fibroblast,25,TRUE
HNSCC25_P3_B10_S118_comb,4.4615,0,Primary,Fibroblast,Fibroblast,25,TRUE
HNSCC25_P22_E04_S340_comb,3.5527,0,Lymph node,Fibroblast,Fibroblast,25,TRUE
HNSCC25_P22_H05_S377_comb,4.7705,0,Lymph node,Fibroblast,Fibroblast,25,TRUE
HNSCC25_P22_C08_S320_comb,0,0,Lymph node,Mast,Mast,25,FALSE
HNSCC25_P3_A05_S101_comb,5.0588,0,Primary,Fibroblast,Fibroblast,25,TRUE
HNSCC25_P3_H04_S184_comb,0,0,Primary,Fibroblast,Fibroblast,25,FALSE
HNSCC25_P3_E08_S152_comb,5.0223,0,Primary,Fibroblast,Fibroblast,25,TRUE
HNSCC25_P3_F03_S159_comb,0,0,Primary,Fibroblast,Fibroblast,25,FALSE
HNSCC25_P22_E09_S345_comb,2.8307,1,Lymph node,0,Cancer cells,25,TRUE
HNSCC25_P22_H12_S384_comb,4.6903,1,Lymph node,0,Cancer cells,25,TRUE
HNSCC25_P3_H12_S192_comb,0,1,Primary,0,Cancer cells,25,FALSE
HNSCC25_P3_D03_S135_comb,0,0,Primary,Mast,Mast,25,FALSE
HNSCC25_P3_F07_S163_comb,0,1,Primary,0,Cancer cells,25,FALSE
HNSCC25_P3_D07_S139_comb,4.3896,1,Primary,0,Cancer cells,25,TRUE
HNSCC25_P3_F09_S165_comb,0,0,Primary,Fibroblast,Fibroblast,25,FALSE
HNSCC25_P3_D04_S136_comb,4.5886,1,Primary,0,Cancer cells,25,TRUE
HNSCC25_P3_D08_S140_comb,3.5007,1,Primary,0,Cancer cells,25,TRUE
HNSCC25_P3_C06_S126_comb,6.134,0,Primary,Fibroblast,Fibroblast,25,TRUE
HNSCC25_P3_H03_S183_comb,5.308,1,Primary,0,Cancer cells,25,TRUE
HNSCC25_P3_G11_S179_comb,3.0524,1,Primary,0,Cancer cells,25,TRUE
HNSCC25_P3_D05_S137_comb,2.8379,1,Primary,0,Cancer cells,25,TRUE
HNSCC25_P22_G07_S367_comb,0,0,Lymph node,Fibroblast,Fibroblast,25,FALSE
HNSCC25_P3_E10_S154_comb,2.9385,0,Primary,Fibroblast,Fibroblast,25,TRUE
HNSCC25_P22_D02_S326_comb,0,0,Lymph node,Fibroblast,Fibroblast,25,FALSE
HNSCC25_P3_G02_S170_comb,0,0,Primary,#NAME?,#NAME?,25,FALSE
HNSCC25_P3_G12_S180_comb,3.4579,0,Primary,0,0,25,TRUE
HNSCC25_P3_B04_S112_comb,5.5394,0,Primary,Fibroblast,Fibroblast,25,TRUE
HNSCC25_P3_C02_S122_comb,0,0,Primary,Fibroblast,Fibroblast,25,FALSE
HNSCC25_P3_G05_S173_comb,0,0,Primary,Fibroblast,Fibroblast,25,FALSE
HNSCC25_P22_F10_S358_comb,0,0,Lymph node,Fibroblast,Fibroblast,25,FALSE
HNSCC25_P22_A08_S296_comb,5.2914,0,Lymph node,Fibroblast,Fibroblast,25,TRUE
HNSCC25_P22_E08_S344_comb,3.516,1,Lymph node,0,Cancer cells,25,TRUE
HNSCC25_P3_B07_S115_comb,3.8225,1,Primary,0,Cancer cells,25,TRUE
HNSCC25_P22_C03_S315_comb,0,0,Lymph node,B cell,B cell,25,FALSE
HNSCC25_P3_H10_S190_comb,0,0,Primary,0,0,25,FALSE
HNSCC25_P22_C09_S321_comb,3.3489,1,Lymph node,0,Cancer cells,25,TRUE
HNSCC25_P22_H07_S379_comb,0,0,Lymph node,B cell,B cell,25,FALSE
HNSCC25_P22_G10_S370_comb,0,0,Lymph node,B cell,B cell,25,FALSE
HNSCC25_P22_D04_S328_comb,1.5049,0,Lymph node,Fibroblast,Fibroblast,25,TRUE
HNSCC25_P3_G06_S174_comb,0,0,Primary,myocyte,myocyte,25,FALSE
HNSCC25_P3_E07_S151_comb,0,1,Primary,0,Cancer cells,25,FALSE
HNSCC25_P3_C11_S131_comb,0,0,Primary,Dendritic,Dendritic,25,FALSE
HNSCC25_P3_E05_S149_comb,5.1829,1,Primary,0,Cancer cells,25,TRUE
HNSCC25_P22_E10_S346_comb,0.49978,0,Lymph node,Fibroblast,Fibroblast,25,TRUE
HNSCC25_P3_C05_S125_comb,0,0,Primary,Fibroblast,Fibroblast,25,FALSE
HNSCC25_P3_F05_S161_comb,0,0,Primary,T cell,T cell,25,FALSE
HNSCC25_P22_H03_S375_comb,0,0,Lymph node,Fibroblast,Fibroblast,25,FALSE
HNSCC25_P3_B01_S109_comb,3.8794,1,Primary,0,Cancer cells,25,TRUE
HNSCC25_P3_A06_S102_comb,0,0,Primary,Mast,Mast,25,FALSE
HNSCC25_P22_G02_S362_comb,4.6849,1,Lymph node,0,Cancer cells,25,TRUE
HNSCC25_P3_A11_S107_comb,1.8379,0,Primary,Fibroblast,Fibroblast,25,TRUE
HNSCC25_P3_A09_S105_comb,0,1,Primary,0,Cancer cells,25,FALSE
HNSCC25_P3_F08_S164_comb,0.54794,1,Primary,0,Cancer cells,25,TRUE
HNSCC25_P22_H09_S381_comb,0,0,Lymph node,Fibroblast,Fibroblast,25,FALSE
HNSCC25_P22_G04_S364_comb,3.1617,1,Lymph node,0,Cancer cells,25,TRUE
HNSCC25_P22_H06_S378_comb,0,0,Lymph node,Fibroblast,Fibroblast,25,FALSE
HNSCC25_P3_D11_S143_comb,5.548,0,Primary,Fibroblast,Fibroblast,25,TRUE
HNSCC25_P3_B06_S114_comb,0,0,Primary,Fibroblast,Fibroblast,25,FALSE
HNSCC25_P3_G10_S178_comb,5.8516,1,Primary,0,Cancer cells,25,TRUE
HNSCC25_P3_H07_S187_comb,0,1,Primary,0,Cancer cells,25,FALSE
HNSCC25_P3_A07_S103_comb,3.3327,1,Primary,0,Cancer cells,25,TRUE
HNSCC25_P3_E11_S155_comb,1.4746,1,Primary,0,Cancer cells,25,TRUE
HNSCC25_P3_C08_S128_comb,0,0,Primary,Fibroblast,Fibroblast,25,FALSE
HNSCC25_P22_C04_S316_comb,5.0161,1,Lymph node,0,Cancer cells,25,TRUE
HNSCC25_P3_D02_S134_comb,7.2861,0,Primary,Fibroblast,Fibroblast,25,TRUE
HNSCC25_P22_B06_S306_comb,0.64339,0,Lymph node,Fibroblast,Fibroblast,25,TRUE
HNSCC25_P3_E06_S150_comb,0.49057,0,Primary,Fibroblast,Fibroblast,25,TRUE
HNSCC25_P3_H09_S189_comb,5.6191,1,Primary,0,Cancer cells,25,TRUE
HNSCC25_P22_F11_S359_comb,0,0,Lymph node,Fibroblast,Fibroblast,25,FALSE
HNSCC25_P22_E02_S338_comb,6.1364,0,Lymph node,Fibroblast,Fibroblast,25,TRUE
HNSCC25_P3_B12_S120_comb,3.1938,0,Primary,myocyte,myocyte,25,TRUE
HNSCC25_P3_B11_S119_comb,0.61542,0,Primary,Fibroblast,Fibroblast,25,TRUE
HNSCC25_P3_D09_S141_comb,0,0,Primary,Fibroblast,Fibroblast,25,FALSE
HNSCC25_P3_A02_S98_comb,5.8738,1,Primary,0,Cancer cells,25,TRUE
HNSCC25_P3_E01_S145_comb,2.3502,1,Primary,0,Cancer cells,25,TRUE
HNSCC25_P3_A01_S97_comb,3.7394,1,Primary,0,Cancer cells,25,TRUE
HNSCC25_P3_C07_S127_comb,0,0,Primary,Fibroblast,Fibroblast,25,FALSE
HNSCC25_P3_D10_S142_comb,5.4475,0,Primary,Fibroblast,Fibroblast,25,TRUE
HNSCC25_P3_G09_S177_comb,3.4677,1,Primary,0,Cancer cells,25,TRUE
HNSCC25_P3_C09_S129_comb,0,0,Primary,Fibroblast,Fibroblast,25,FALSE
HNSCC25_P3_B08_S116_comb,3.2672,1,Primary,0,Cancer cells,25,TRUE
HNSCC25_P22_B02_S302_comb,0,0,Lymph node,Fibroblast,Fibroblast,25,FALSE
HNSCC25_P3_H05_S185_comb,4.7059,0,Primary,Fibroblast,Fibroblast,25,TRUE
HNSCC25_P22_D12_S336_comb,4.079,1,Lymph node,0,Cancer cells,25,TRUE
HNSCC25_P3_B09_S117_comb,4.6687,1,Primary,0,Cancer cells,25,TRUE
HNSCC25_P3_E02_S146_comb,5.06,0,Primary,Fibroblast,Fibroblast,25,TRUE
HNSCC25_P3_F02_S158_comb,5.434,1,Primary,0,Cancer cells,25,TRUE
HNSCC25_P3_G04_S172_comb,0,1,Primary,0,Cancer cells,25,FALSE
HNSCC25_P22_E01_S337_comb,0,1,Lymph node,0,Cancer cells,25,FALSE
HNSCC25_P3_D06_S138_comb,2.1444,1,Primary,0,Cancer cells,25,TRUE
HNSCC25_P22_D11_S335_comb,0,0,Lymph node,Fibroblast,Fibroblast,25,FALSE
HNSCC25_P3_E12_S156_comb,4.2815,1,Primary,0,Cancer cells,25,TRUE
HNSCC25_P3_H02_S182_comb,2.4597,1,Primary,0,Cancer cells,25,TRUE
HNSCC25_P3_E09_S153_comb,1.237,0,Primary,Fibroblast,Fibroblast,25,TRUE
HNSCC25_P3_F04_S160_comb,0,0,Primary,myocyte,myocyte,25,FALSE
HNSCC25_P22_B01_S301_comb,0,0,Lymph node,Fibroblast,Fibroblast,25,FALSE
HNSCC25_P3_D01_S133_comb,0,0,Primary,Fibroblast,Fibroblast,25,FALSE
HNSCC25_P22_G09_S369_comb,4.9433,0,Lymph node,Fibroblast,Fibroblast,25,TRUE
HNSCC25_P3_A03_S99_comb,5.1541,0,Primary,Fibroblast,Fibroblast,25,TRUE
HNSCC25_P3_A04_S100_comb,0,0,Primary,myocyte,myocyte,25,FALSE
HNSCC25_P3_F12_S168_comb,0,0,Primary,Mast,Mast,25,FALSE
HNSCC25_P22_B12_S312_comb,0,0,Lymph node,Fibroblast,Fibroblast,25,FALSE
HNSCC25_P3_F10_S166_comb,4.9542,1,Primary,0,Cancer cells,25,TRUE
HNSCC28_P2_A12_S12_comb,0,0,Primary,myocyte,myocyte,28,FALSE
HNSCC28_P2_A09_S9_comb,3.1835,0,Primary,Fibroblast,Fibroblast,28,TRUE
HNSCC28_P12_G09_S273_comb,0,0,Lymph node,Fibroblast,Fibroblast,28,FALSE
HNSCC28_P12_H02_S278_comb,3.1595,1,Lymph node,0,Cancer cells,28,TRUE
HNSCC28_P2_C06_S30_comb,0,0,Primary,Fibroblast,Fibroblast,28,FALSE
HNSCC28_P1_G09_S81_comb,0,0,Primary,Fibroblast,Fibroblast,28,FALSE
HNSCC28_P2_H06_S90_comb,6.0537,0,Primary,Fibroblast,Fibroblast,28,TRUE
HNSCC28_P1_E11_S59_comb,0,0,Primary,Fibroblast,Fibroblast,28,FALSE
HNSCC28_P13_C08_S224_comb,4.9156,0,Lymph node,Fibroblast,Fibroblast,28,TRUE
HNSCC28_P1_D11_S47_comb,0,0,Primary,Fibroblast,Fibroblast,28,FALSE
HNSCC28_P12_B07_S211_comb,0,0,Lymph node,Fibroblast,Fibroblast,28,FALSE
HNSCC28_P1_F01_S61_comb,0,0,Primary,Fibroblast,Fibroblast,28,FALSE
HNSCC28_P1_G12_S84_comb,0.48336,0,Primary,Fibroblast,Fibroblast,28,TRUE
HNSCC28_P2_E11_S59_comb,0,0,Primary,Fibroblast,Fibroblast,28,FALSE
HNSCC28_P1_D01_S37_comb,6.604,0,Primary,Fibroblast,Fibroblast,28,TRUE
HNSCC28_P13_H11_S287_comb,3.4217,1,Lymph node,0,Cancer cells,28,TRUE
HNSCC28_P2_H01_S85_comb,0,0,Primary,Fibroblast,Fibroblast,28,FALSE
HNSCC28_P12_G03_S267_comb,0,0,Lymph node,Fibroblast,Fibroblast,28,FALSE
HNSCC28_P1_B09_S21_comb,0,0,Primary,Fibroblast,Fibroblast,28,FALSE
HNSCC28_P1_G05_S77_comb,2.6958,1,Primary,0,Cancer cells,28,TRUE
HNSCC28_P13_A05_S197_comb,0,0,Lymph node,Fibroblast,Fibroblast,28,FALSE
HNSCC28_P1_G10_S82_comb,3.4084,0,Primary,0,0,28,TRUE
HNSCC28_P12_B06_S210_comb,0,0,Lymph node,0,0,28,FALSE
HNSCC28_P1_B04_S16_comb,4.7167,0,Primary,Fibroblast,Fibroblast,28,TRUE
HNSCC28_P12_C02_S218_comb,1.937,1,Lymph node,0,Cancer cells,28,TRUE
HNSCC28_P12_E02_S242_comb,3.6608,1,Lymph node,0,Cancer cells,28,TRUE
HNSCC28_P13_H02_S278_comb,3.2585,1,Lymph node,0,Cancer cells,28,TRUE
HNSCC28_P13_G05_S269_comb,4.4251,0,Lymph node,Endothelial,Endothelial,28,TRUE
HNSCC28_P12_H07_S283_comb,0,0,Lymph node,B cell,B cell,28,FALSE
HNSCC28_P1_H04_S88_comb,2.6422,0,Primary,Fibroblast,Fibroblast,28,TRUE
HNSCC28_P12_E01_S241_comb,0,0,Lymph node,Fibroblast,Fibroblast,28,FALSE
HNSCC28_P1_F12_S72_comb,4.5118,0,Primary,Fibroblast,Fibroblast,28,TRUE
HNSCC28_P1_E02_S50_comb,0,0,Primary,Fibroblast,Fibroblast,28,FALSE
HNSCC28_P2_H05_S89_comb,4.743,0,Primary,Fibroblast,Fibroblast,28,TRUE
HNSCC28_P2_G10_S82_comb,4.5991,0,Primary,Fibroblast,Fibroblast,28,TRUE
HNSCC28_P13_H07_S283_comb,3.5619,1,Lymph node,0,Cancer cells,28,TRUE
HNSCC28_P2_A04_S4_comb,0,0,Primary,Fibroblast,Fibroblast,28,FALSE
HNSCC28_P1_E05_S53_comb,0,0,Primary,Fibroblast,Fibroblast,28,FALSE
HNSCC28_P13_F08_S260_comb,5.4052,0,Lymph node,Fibroblast,Fibroblast,28,TRUE
HNSCC28_P13_C04_S220_comb,2.5388,1,Lymph node,0,Cancer cells,28,TRUE
HNSCC28_P1_H11_S95_comb,0,0,Primary,Fibroblast,Fibroblast,28,FALSE
HNSCC28_P2_E12_S60_comb,4.0201,1,Primary,0,Cancer cells,28,TRUE
HNSCC28_P1_G03_S75_comb,0,0,Primary,Endothelial,Endothelial,28,FALSE
HNSCC28_P12_A08_S200_comb,0,0,Lymph node,Fibroblast,Fibroblast,28,FALSE
HNSCC28_P2_F09_S69_comb,3.7297,1,Primary,0,Cancer cells,28,TRUE
HNSCC28_P12_G08_S272_comb,1.6973,0,Lymph node,Fibroblast,Fibroblast,28,TRUE
HNSCC28_P2_F08_S68_comb,0,0,Primary,Fibroblast,Fibroblast,28,FALSE
HNSCC28_P1_A09_S9_comb,1.6731,1,Primary,0,Cancer cells,28,TRUE
HNSCC28_P1_A08_S8_comb,4.217,0,Primary,Endothelial,Endothelial,28,TRUE
HNSCC28_P2_H02_S86_comb,0,0,Primary,Fibroblast,Fibroblast,28,FALSE
HNSCC28_P1_B10_S22_comb,0,0,Primary,Fibroblast,Fibroblast,28,FALSE
HNSCC28_P12_B09_S213_comb,2.5673,1,Lymph node,0,Cancer cells,28,TRUE
HNSCC28_P1_F02_S62_comb,0,0,Primary,Fibroblast,Fibroblast,28,FALSE
HNSCC28_P13_F05_S257_comb,0.30334,0,Lymph node,Fibroblast,Fibroblast,28,TRUE
HNSCC28_P2_E03_S51_comb,4.7975,0,Primary,Fibroblast,Fibroblast,28,TRUE
HNSCC28_P1_H01_S85_comb,0,0,Primary,Fibroblast,Fibroblast,28,FALSE
HNSCC28_P2_E02_S50_comb,0,0,Primary,Fibroblast,Fibroblast,28,FALSE
HNSCC28_P13_C02_S218_comb,4.7917,1,Lymph node,0,Cancer cells,28,TRUE
HNSCC28_P13_F04_S256_comb,0,0,Lymph node,Fibroblast,Fibroblast,28,FALSE
HNSCC28_P12_E07_S247_comb,2.4407,1,Lymph node,0,Cancer cells,28,TRUE
HNSCC28_P13_F02_S254_comb,4.7928,1,Lymph node,0,Cancer cells,28,TRUE
HNSCC28_P1_B01_S13_comb,6.5132,0,Primary,Fibroblast,Fibroblast,28,TRUE
HNSCC28_P1_C08_S32_comb,0,0,Primary,Fibroblast,Fibroblast,28,FALSE
HNSCC28_P1_D05_S41_comb,0.85997,0,Primary,Fibroblast,Fibroblast,28,TRUE
HNSCC28_P12_B05_S209_comb,0,0,Lymph node,B cell,B cell,28,FALSE
HNSCC28_P2_B12_S24_comb,3.4852,1,Primary,0,Cancer cells,28,TRUE
HNSCC28_P2_G04_S76_comb,5.2938,0,Primary,0,0,28,TRUE
HNSCC28_P13_G07_S271_comb,2.5492,1,Lymph node,0,Cancer cells,28,TRUE
HNSCC28_P12_G04_S268_comb,4.5849,0,Lymph node,Fibroblast,Fibroblast,28,TRUE
HNSCC28_P12_A02_S194_comb,3.3283,1,Lymph node,0,Cancer cells,28,TRUE
HNSCC28_P2_E08_S56_comb,0,0,Primary,Fibroblast,Fibroblast,28,FALSE
HNSCC28_P2_G09_S81_comb,0,0,Primary,Fibroblast,Fibroblast,28,FALSE
HNSCC28_P13_D06_S234_comb,0,1,Lymph node,0,Cancer cells,28,FALSE
HNSCC28_P2_C11_S35_comb,5.6099,0,Primary,Fibroblast,Fibroblast,28,TRUE
HNSCC28_P12_B12_S216_comb,0,0,Lymph node,Fibroblast,Fibroblast,28,FALSE
HNSCC28_P13_H12_S288_comb,0,0,Lymph node,T cell,T cell,28,FALSE
HNSCC28_P13_E01_S241_comb,6.0179,0,Lymph node,Fibroblast,Fibroblast,28,TRUE
HNSCC28_P1_F03_S63_comb,5.8979,0,Primary,Fibroblast,Fibroblast,28,TRUE
HNSCC28_P1_C09_S33_comb,5.2622,0,Primary,Fibroblast,Fibroblast,28,TRUE
HNSCC28_P12_E08_S248_comb,0,1,Lymph node,0,Cancer cells,28,FALSE
HNSCC28_P13_G09_S273_comb,2.6586,1,Lymph node,0,Cancer cells,28,TRUE
HNSCC28_P2_G06_S78_comb,0.65535,0,Primary,Fibroblast,Fibroblast,28,TRUE
HNSCC28_P13_F06_S258_comb,0,0,Lymph node,B cell,B cell,28,FALSE
HNSCC28_P2_B06_S18_comb,0,0,Primary,Fibroblast,Fibroblast,28,FALSE
HNSCC28_P2_H09_S93_comb,4.0028,1,Primary,0,Cancer cells,28,TRUE
HNSCC28_P12_C10_S226_comb,0,0,Lymph node,Endothelial,Endothelial,28,FALSE
HNSCC28_P1_B12_S24_comb,0,0,Primary,Endothelial,Endothelial,28,FALSE
HNSCC28_P12_C08_S224_comb,0,1,Lymph node,0,Cancer cells,28,FALSE
HNSCC28_P13_G02_S266_comb,2.4701,1,Lymph node,0,Cancer cells,28,TRUE
HNSCC28_P12_B02_S206_comb,3.1693,1,Lymph node,0,Cancer cells,28,TRUE
HNSCC28_P2_B10_S22_comb,5.4347,0,Primary,Fibroblast,Fibroblast,28,TRUE
HNSCC28_P13_B12_S216_comb,3.2428,1,Lymph node,0,Cancer cells,28,TRUE
HNSCC28_P13_D10_S238_comb,0,0,Lymph node,B cell,B cell,28,FALSE
HNSCC28_P12_B10_S214_comb,0,0,Lymph node,Fibroblast,Fibroblast,28,FALSE
HNSCC28_P12_E05_S245_comb,5.6292,0,Lymph node,Fibroblast,Fibroblast,28,TRUE
HNSCC28_P12_C07_S223_comb,3.4603,1,Lymph node,0,Cancer cells,28,TRUE
HNSCC28_P2_A01_S1_comb,0,0,Primary,Fibroblast,Fibroblast,28,FALSE
HNSCC28_P13_D11_S239_comb,0,0,Lymph node,B cell,B cell,28,FALSE
HNSCC28_P13_G03_S267_comb,0,0,Lymph node,Fibroblast,Fibroblast,28,FALSE
HNSCC28_P1_A05_S5_comb,4.6359,0,Primary,Endothelial,Endothelial,28,TRUE
HNSCC28_P13_A07_S199_comb,1.3039,1,Lymph node,0,Cancer cells,28,TRUE
HNSCC28_P12_B08_S212_comb,4.7682,1,Lymph node,0,Cancer cells,28,TRUE
HNSCC28_P13_D02_S230_comb,0,0,Lymph node,T cell,T cell,28,FALSE
HNSCC28_P13_E08_S248_comb,4.2874,0,Lymph node,Fibroblast,Fibroblast,28,TRUE
HNSCC28_P13_E12_S252_comb,0,0,Lymph node,Fibroblast,Fibroblast,28,FALSE
HNSCC28_P12_H09_S285_comb,5.1288,0,Lymph node,Fibroblast,Fibroblast,28,TRUE
HNSCC28_P13_H03_S279_comb,4.8808,0,Lymph node,Fibroblast,Fibroblast,28,TRUE
HNSCC28_P1_E10_S58_comb,0,0,Primary,Fibroblast,Fibroblast,28,FALSE
HNSCC28_P1_G02_S74_comb,0,0,Primary,Fibroblast,Fibroblast,28,FALSE
HNSCC28_P2_F06_S66_comb,0,0,Primary,Fibroblast,Fibroblast,28,FALSE
HNSCC28_P12_H10_S286_comb,0,0,Lymph node,Fibroblast,Fibroblast,28,FALSE
HNSCC28_P1_D09_S45_comb,0.80735,0,Primary,Fibroblast,Fibroblast,28,TRUE
HNSCC28_P12_B11_S215_comb,0,0,Lymph node,Fibroblast,Fibroblast,28,FALSE
HNSCC28_P12_G07_S271_comb,0,0,Lymph node,B cell,B cell,28,FALSE
HNSCC28_P12_G02_S266_comb,5.5646,0,Lymph node,Fibroblast,Fibroblast,28,TRUE
HNSCC28_P2_E07_S55_comb,4.2388,0,Primary,Fibroblast,Fibroblast,28,TRUE
HNSCC28_P13_E10_S250_comb,1.5084,0,Lymph node,0,0,28,TRUE
HNSCC28_P13_F12_S264_comb,4.7871,0,Lymph node,Endothelial,Endothelial,28,TRUE
HNSCC28_P13_D09_S237_comb,0,0,Lymph node,Fibroblast,Fibroblast,28,FALSE
HNSCC28_P13_D12_S240_comb,0,0,Lymph node,B cell,B cell,28,FALSE
HNSCC28_P12_A11_S203_comb,1.3561,1,Lymph node,0,Cancer cells,28,TRUE
HNSCC28_P2_A02_S2_comb,2.461,1,Primary,0,Cancer cells,28,TRUE
HNSCC28_P2_G01_S73_comb,0,0,Primary,Fibroblast,Fibroblast,28,FALSE
HNSCC28_P12_D01_S229_comb,1.334,0,Lymph node,Fibroblast,Fibroblast,28,TRUE
HNSCC28_P1_D04_S40_comb,3.7639,1,Primary,0,Cancer cells,28,TRUE
HNSCC28_P2_G07_S79_comb,0,0,Primary,myocyte,myocyte,28,FALSE
HNSCC28_P2_F05_S65_comb,0,0,Primary,Fibroblast,Fibroblast,28,FALSE
HNSCC28_P2_F03_S63_comb,0,0,Primary,Fibroblast,Fibroblast,28,FALSE
HNSCC28_P12_A09_S201_comb,5.0898,0,Lymph node,Fibroblast,Fibroblast,28,TRUE
HNSCC28_P13_E03_S243_comb,2.5563,1,Lymph node,0,Cancer cells,28,TRUE
HNSCC28_P13_E04_S244_comb,3.5669,1,Lymph node,0,Cancer cells,28,TRUE
HNSCC28_P1_A01_S1_comb,6.3651,0,Primary,Fibroblast,Fibroblast,28,TRUE
HNSCC28_P13_A01_S193_comb,0,0,Lymph node,Fibroblast,Fibroblast,28,FALSE
HNSCC28_P1_H12_S96_comb,0,0,Primary,Fibroblast,Fibroblast,28,FALSE
HNSCC28_P1_E08_S56_comb,0,0,Primary,Fibroblast,Fibroblast,28,FALSE
HNSCC28_P1_F07_S67_comb,1.782,0,Primary,Fibroblast,Fibroblast,28,TRUE
HNSCC28_P13_F01_S253_comb,3.1779,1,Lymph node,0,Cancer cells,28,TRUE
HNSCC28_P13_E06_S246_comb,3.0188,1,Lymph node,0,Cancer cells,28,TRUE
HNSCC28_P1_F11_S71_comb,0,0,Primary,Fibroblast,Fibroblast,28,FALSE
HNSCC28_P2_H03_S87_comb,0,0,Primary,Fibroblast,Fibroblast,28,FALSE
HNSCC28_P1_F10_S70_comb,0,0,Primary,Fibroblast,Fibroblast,28,FALSE
HNSCC28_P12_C09_S225_comb,0,0,Lymph node,Fibroblast,Fibroblast,28,FALSE
HNSCC28_P2_D12_S48_comb,0,0,Primary,Fibroblast,Fibroblast,28,FALSE
HNSCC28_P12_D07_S235_comb,3.1928,1,Lymph node,0,Cancer cells,28,TRUE
HNSCC28_P13_A12_S204_comb,0,0,Lymph node,Fibroblast,Fibroblast,28,FALSE
HNSCC28_P12_E03_S243_comb,2.5074,0,Lymph node,Fibroblast,Fibroblast,28,TRUE
HNSCC28_P12_A10_S202_comb,3.1583,1,Lymph node,0,Cancer cells,28,TRUE
HNSCC28_P1_B05_S17_comb,5.4545,0,Primary,Fibroblast,Fibroblast,28,TRUE
HNSCC28_P1_D03_S39_comb,6.5394,0,Primary,Fibroblast,Fibroblast,28,TRUE
HNSCC28_P1_C05_S29_comb,0,0,Primary,Fibroblast,Fibroblast,28,FALSE
HNSCC28_P12_C04_S220_comb,3.1561,1,Lymph node,0,Cancer cells,28,TRUE
HNSCC28_P1_H03_S87_comb,0,0,Primary,Fibroblast,Fibroblast,28,FALSE
HNSCC28_P13_F09_S261_comb,0,0,Lymph node,Fibroblast,Fibroblast,28,FALSE
HNSCC28_P12_D11_S239_comb,0,0,Lymph node,B cell,B cell,28,FALSE
HNSCC28_P2_E06_S54_comb,0,0,Primary,Fibroblast,Fibroblast,28,FALSE
HNSCC28_P2_H04_S88_comb,0.96791,0,Primary,Fibroblast,Fibroblast,28,TRUE
HNSCC28_P13_G12_S276_comb,0,0,Lymph node,Fibroblast,Fibroblast,28,FALSE
HNSCC28_P2_D02_S38_comb,0,0,Primary,myocyte,myocyte,28,FALSE
HNSCC28_P1_H09_S93_comb,6.376,0,Primary,Fibroblast,Fibroblast,28,TRUE
HNSCC28_P2_A11_S11_comb,6.0184,0,Primary,Fibroblast,Fibroblast,28,TRUE
HNSCC28_P2_E05_S53_comb,3.7751,0,Primary,Fibroblast,Fibroblast,28,TRUE
HNSCC28_P1_E04_S52_comb,0,0,Primary,Fibroblast,Fibroblast,28,FALSE
HNSCC28_P12_C12_S228_comb,0,0,Lymph node,Fibroblast,Fibroblast,28,FALSE
HNSCC28_P2_A05_S5_comb,5.5281,0,Primary,Fibroblast,Fibroblast,28,TRUE
HNSCC28_P1_B03_S15_comb,2.4492,1,Primary,0,Cancer cells,28,TRUE
HNSCC28_P13_B09_S213_comb,0,0,Lymph node,B cell,B cell,28,FALSE
HNSCC28_P13_G06_S270_comb,2.2687,1,Lymph node,0,Cancer cells,28,TRUE
HNSCC28_P2_E09_S57_comb,4.0872,0,Primary,Fibroblast,Fibroblast,28,TRUE
HNSCC28_P12_G05_S269_comb,5.861,0,Lymph node,Fibroblast,Fibroblast,28,TRUE
HNSCC28_P13_C06_S222_comb,0,0,Lymph node,Fibroblast,Fibroblast,28,FALSE
HNSCC28_P13_C05_S221_comb,2.434,1,Lymph node,0,Cancer cells,28,TRUE
HNSCC28_P2_D06_S42_comb,0,0,Primary,Fibroblast,Fibroblast,28,FALSE
HNSCC28_P2_E01_S49_comb,3.766,0,Primary,Fibroblast,Fibroblast,28,TRUE
HNSCC28_P13_C01_S217_comb,0,0,Lymph node,Fibroblast,Fibroblast,28,FALSE
HNSCC28_P2_B08_S20_comb,0.49978,0,Primary,Fibroblast,Fibroblast,28,TRUE
HNSCC28_P12_C05_S221_comb,0,1,Lymph node,0,Cancer cells,28,FALSE
HNSCC28_P1_D08_S44_comb,0,0,Primary,Fibroblast,Fibroblast,28,FALSE
HNSCC28_P12_D09_S237_comb,3.0151,1,Lymph node,0,Cancer cells,28,TRUE
HNSCC28_P1_H05_S89_comb,0,0,Primary,Fibroblast,Fibroblast,28,FALSE
HNSCC28_P1_D07_S43_comb,0,0,Primary,Fibroblast,Fibroblast,28,FALSE
HNSCC28_P12_E11_S251_comb,5.7049,0,Lymph node,Fibroblast,Fibroblast,28,TRUE
HNSCC28_P1_A12_S12_comb,3.3651,1,Primary,0,Cancer cells,28,TRUE
HNSCC28_P12_H04_S280_comb,3.7909,1,Lymph node,0,Cancer cells,28,TRUE
HNSCC28_P12_H11_S287_comb,0,0,Lymph node,Fibroblast,Fibroblast,28,FALSE
HNSCC28_P13_F10_S262_comb,0,0,Lymph node,B cell,B cell,28,FALSE
HNSCC28_P2_B02_S14_comb,5.3083,0,Primary,Fibroblast,Fibroblast,28,TRUE
HNSCC28_P1_A10_S10_comb,5.8219,0,Primary,Fibroblast,Fibroblast,28,TRUE
HNSCC28_P12_F01_S253_comb,3.8427,1,Lymph node,0,Cancer cells,28,TRUE
HNSCC28_P1_C01_S25_comb,0,0,Primary,Fibroblast,Fibroblast,28,FALSE
HNSCC28_P2_D08_S44_comb,4.8966,0,Primary,Fibroblast,Fibroblast,28,TRUE
HNSCC28_P2_B11_S23_comb,0,0,Primary,Endothelial,Endothelial,28,FALSE
HNSCC28_P13_E05_S245_comb,3.0047,1,Lymph node,0,Cancer cells,28,TRUE
HNSCC28_P13_H06_S282_comb,0,0,Lymph node,Fibroblast,Fibroblast,28,FALSE
HNSCC28_P12_D02_S230_comb,3.0095,1,Lymph node,0,Cancer cells,28,TRUE
HNSCC28_P2_D11_S47_comb,2.467,1,Primary,0,Cancer cells,28,TRUE
HNSCC28_P13_E09_S249_comb,4.4234,0,Lymph node,Fibroblast,Fibroblast,28,TRUE
HNSCC28_P2_D05_S41_comb,0,0,Primary,Fibroblast,Fibroblast,28,FALSE
HNSCC28_P1_F04_S64_comb,5.6416,0,Primary,Fibroblast,Fibroblast,28,TRUE
HNSCC28_P2_H11_S95_comb,0,0,Primary,Fibroblast,Fibroblast,28,FALSE
HNSCC28_P2_H07_S91_comb,0,0,Primary,Fibroblast,Fibroblast,28,FALSE
HNSCC28_P1_A03_S3_comb,0,0,Primary,Fibroblast,Fibroblast,28,FALSE
HNSCC28_P1_C02_S26_comb,6.0014,0,Primary,Fibroblast,Fibroblast,28,TRUE
HNSCC28_P12_D04_S232_comb,3.4179,1,Lymph node,0,Cancer cells,28,TRUE
HNSCC28_P2_D09_S45_comb,4.6948,0,Primary,Fibroblast,Fibroblast,28,TRUE
HNSCC28_P12_F05_S257_comb,3.7926,1,Lymph node,0,Cancer cells,28,TRUE
HNSCC28_P1_E01_S49_comb,0,0,Primary,Fibroblast,Fibroblast,28,FALSE
HNSCC28_P12_E04_S244_comb,3.4088,1,Lymph node,0,Cancer cells,28,TRUE
HNSCC28_P2_D03_S39_comb,0,0,Primary,Fibroblast,Fibroblast,28,FALSE
HNSCC28_P2_C03_S27_comb,0,0,Primary,0,0,28,FALSE
HNSCC28_P12_C11_S227_comb,2.7723,1,Lymph node,0,Cancer cells,28,TRUE
HNSCC28_P12_G10_S274_comb,2.1603,1,Lymph node,0,Cancer cells,28,TRUE
HNSCC28_P2_A03_S3_comb,5.5794,0,Primary,Endothelial,Endothelial,28,TRUE
HNSCC28_P12_B04_S208_comb,0,0,Lymph node,Fibroblast,Fibroblast,28,FALSE
HNSCC28_P2_C01_S25_comb,0,0,Primary,Fibroblast,Fibroblast,28,FALSE
HNSCC28_P12_A04_S196_comb,0,0,Lymph node,T cell,T cell,28,FALSE
HNSCC28_P2_D07_S43_comb,0,0,Primary,Fibroblast,Fibroblast,28,FALSE
HNSCC28_P2_G03_S75_comb,0,0,Primary,Fibroblast,Fibroblast,28,FALSE
HNSCC28_P2_B07_S19_comb,0,1,Primary,0,Cancer cells,28,FALSE
HNSCC28_P2_D04_S40_comb,2.6647,0,Primary,Fibroblast,Fibroblast,28,TRUE
HNSCC28_P1_D12_S48_comb,0,0,Primary,Fibroblast,Fibroblast,28,FALSE
HNSCC28_P12_E12_S252_comb,2.0659,0,Lymph node,B cell,B cell,28,TRUE
HNSCC28_P1_F08_S68_comb,0,0,Primary,Fibroblast,Fibroblast,28,FALSE
HNSCC28_P13_H10_S286_comb,0,0,Lymph node,B cell,B cell,28,FALSE
HNSCC28_P13_G11_S275_comb,0,0,Lymph node,Fibroblast,Fibroblast,28,FALSE
HNSCC28_P13_D07_S235_comb,3.0661,1,Lymph node,0,Cancer cells,28,TRUE
HNSCC28_P1_F05_S65_comb,0,0,Primary,Fibroblast,Fibroblast,28,FALSE
HNSCC28_P12_F08_S260_comb,3.6894,1,Lymph node,0,Cancer cells,28,TRUE
HNSCC28_P12_G11_S275_comb,3.2151,1,Lymph node,0,Cancer cells,28,TRUE
HNSCC28_P1_E12_S60_comb,5.6684,0,Primary,Fibroblast,Fibroblast,28,TRUE
HNSCC28_P1_A11_S11_comb,0,0,Primary,Fibroblast,Fibroblast,28,FALSE
HNSCC28_P2_F04_S64_comb,6.1411,0,Primary,Fibroblast,Fibroblast,28,TRUE
HNSCC28_P2_B03_S15_comb,0,0,Primary,Fibroblast,Fibroblast,28,FALSE
HNSCC28_P1_B07_S19_comb,3.0362,1,Primary,0,Cancer cells,28,TRUE
HNSCC28_P13_H05_S281_comb,0,0,Lymph node,Fibroblast,Fibroblast,28,FALSE
HNSCC28_P12_B03_S207_comb,0,1,Lymph node,0,Cancer cells,28,FALSE
HNSCC28_P2_F07_S67_comb,0,0,Primary,Fibroblast,Fibroblast,28,FALSE
HNSCC28_P1_A02_S2_comb,0,0,Primary,Fibroblast,Fibroblast,28,FALSE
HNSCC28_P2_B04_S16_comb,0,1,Primary,0,Cancer cells,28,FALSE
HNSCC28_P2_G05_S77_comb,0,0,Primary,Fibroblast,Fibroblast,28,FALSE
HNSCC28_P2_C12_S36_comb,0,0,Primary,Fibroblast,Fibroblast,28,FALSE
HNSCC28_P1_H08_S92_comb,0.82701,0,Primary,Fibroblast,Fibroblast,28,TRUE
HNSCC28_P2_C07_S31_comb,5.0909,0,Primary,Fibroblast,Fibroblast,28,TRUE
HNSCC28_P1_H02_S86_comb,0,0,Primary,Fibroblast,Fibroblast,28,FALSE
HNSCC28_P1_E03_S51_comb,0,0,Primary,Fibroblast,Fibroblast,28,FALSE
HNSCC28_P2_G08_S80_comb,0,0,Primary,Fibroblast,Fibroblast,28,FALSE
HNSCC28_P2_H08_S92_comb,0,0,Primary,Fibroblast,Fibroblast,28,FALSE
HNSCC28_P2_G02_S74_comb,0.80488,0,Primary,Fibroblast,Fibroblast,28,TRUE
HNSCC28_P13_E11_S251_comb,1.8078,1,Lymph node,0,Cancer cells,28,TRUE
HNSCC28_P13_H04_S280_comb,0,1,Lymph node,0,Cancer cells,28,FALSE
HNSCC28_P12_H12_S288_comb,4.5271,0,Lymph node,Fibroblast,Fibroblast,28,TRUE
HNSCC28_P13_E02_S242_comb,2.6572,1,Lymph node,0,Cancer cells,28,TRUE
HNSCC28_P12_F12_S264_comb,6.2875,0,Lymph node,Fibroblast,Fibroblast,28,TRUE
HNSCC28_P1_G04_S76_comb,3.2137,1,Primary,0,Cancer cells,28,TRUE
HNSCC28_P2_G12_S84_comb,0,0,Primary,Fibroblast,Fibroblast,28,FALSE
HNSCC28_P1_G11_S83_comb,0,0,Primary,Fibroblast,Fibroblast,28,FALSE
HNSCC28_P12_C03_S219_comb,0,1,Lymph node,0,Cancer cells,28,FALSE
HNSCC28_P2_A07_S7_comb,4.3102,0,Primary,Endothelial,Endothelial,28,TRUE
HNSCC28_P2_C10_S34_comb,0,0,Primary,Fibroblast,Fibroblast,28,FALSE
HNSCC28_P2_E10_S58_comb,5.5455,0,Primary,Endothelial,Endothelial,28,TRUE
HNSCC28_P2_A08_S8_comb,2.5743,1,Primary,0,Cancer cells,28,TRUE
HNSCC28_P2_C02_S26_comb,6.0134,0,Primary,Fibroblast,Fibroblast,28,TRUE
HNSCC26_P11_R_LN_C05_S317_comb,3.058,1,Lymph node,0,Cancer cells,26,TRUE
HNSCC26_P1_pri_G10_S178_comb,0,1,Primary,0,Cancer cells,26,FALSE
HNSCC26_P1_pri_F06_S162_comb,0,1,Primary,0,Cancer cells,26,FALSE
HNSCC26_P11_R_LN_C03_S315_comb,5.1515,1,Lymph node,0,Cancer cells,26,TRUE
HNSCC25_P19_LN_C10_S226_comb,0,0,Lymph node,Fibroblast,Fibroblast,25,FALSE
HNSCC26_P1_pri_C12_S132_comb,7.5195,0,Primary,Fibroblast,Fibroblast,26,TRUE
HNSCC26_P11_R_LN_D09_S333_comb,0,1,Lymph node,0,Cancer cells,26,FALSE
HNSCC26_P11_R_LN_C08_S320_comb,2.7242,1,Lymph node,0,Cancer cells,26,TRUE
HNSCC26_P11_R_LN_E11_S347_comb,0,1,Lymph node,0,Cancer cells,26,FALSE
HNSCC26_P11_R_LN_A04_S292_comb,5.1286,1,Lymph node,0,Cancer cells,26,TRUE
HNSCC26_P11_R_LN_B04_S304_comb,0.55778,1,Lymph node,0,Cancer cells,26,TRUE
HNSCC26_P1_pri_B06_S114_comb,0,0,Primary,Fibroblast,Fibroblast,26,FALSE
HNSCC26_P1_pri_D11_S143_comb,5.7171,0,Primary,Fibroblast,Fibroblast,26,TRUE
HNSCC26_P1_pri_G02_S170_comb,4.4162,1,Primary,0,Cancer cells,26,TRUE
HNSCC26_P1_pri_B02_S110_comb,0,0,Primary,Fibroblast,Fibroblast,26,FALSE
HNSCC25_P19_LN_D06_S234_comb,5.117,0,Lymph node,B cell,B cell,25,TRUE
HNSCC26_P1_pri_E03_S147_comb,0,0,Primary,Dendritic,Dendritic,26,FALSE
HNSCC26_P11_R_LN_G06_S366_comb,4.3098,1,Lymph node,0,Cancer cells,26,TRUE
HNSCC26_P11_R_LN_F12_S360_comb,4.1704,1,Lymph node,0,Cancer cells,26,TRUE
HNSCC26_P11_R_LN_A06_S294_comb,5.1128,1,Lymph node,0,Cancer cells,26,TRUE
HNSCC25_P19_LN_D03_S231_comb,5.4162,1,Lymph node,0,Cancer cells,25,TRUE
HNSCC26_P11_R_LN_B09_S309_comb,4.9995,1,Lymph node,0,Cancer cells,26,TRUE
HNSCC25_P19_LN_C06_S222_comb,0,1,Lymph node,0,Cancer cells,25,FALSE
HNSCC26_P1_pri_H09_S189_comb,0,1,Primary,0,Cancer cells,26,FALSE
HNSCC26_P11_R_LN_B07_S307_comb,0,1,Lymph node,0,Cancer cells,26,FALSE
HNSCC25_P19_LN_G11_S275_comb,0,0,Lymph node,B cell,B cell,25,FALSE
HNSCC25_P19_LN_H04_S280_comb,4.029,1,Lymph node,0,Cancer cells,25,TRUE
HNSCC26_P11_R_LN_D04_S328_comb,0,1,Lymph node,0,Cancer cells,26,FALSE
HNSCC26_P1_pri_D01_S133_comb,0,0,Primary,Fibroblast,Fibroblast,26,FALSE
HNSCC26_P11_R_LN_B05_S305_comb,0,0,Lymph node,0,0,26,FALSE
HNSCC26_P1_pri_H03_S183_comb,5.0018,1,Primary,0,Cancer cells,26,TRUE
HNSCC25_P19_LN_H12_S288_comb,0,0,Lymph node,Fibroblast,Fibroblast,25,FALSE
HNSCC26_P11_R_LN_G09_S369_comb,7.3769,0,Lymph node,Fibroblast,Fibroblast,26,TRUE
HNSCC26_P1_pri_H11_S191_comb,0,0,Primary,Fibroblast,Fibroblast,26,FALSE
HNSCC26_P11_R_LN_A09_S297_comb,4.0497,1,Lymph node,0,Cancer cells,26,TRUE
HNSCC26_P1_pri_E07_S151_comb,0,1,Primary,0,Cancer cells,26,FALSE
HNSCC26_P1_pri_G01_S169_comb,7.6928,0,Primary,0,0,26,TRUE
HNSCC25_P19_LN_D10_S238_comb,6.0015,0,Lymph node,Fibroblast,Fibroblast,25,TRUE
HNSCC26_P1_pri_E09_S153_comb,0,1,Primary,0,Cancer cells,26,FALSE
HNSCC26_P11_R_LN_A01_S289_comb,0,1,Lymph node,0,Cancer cells,26,FALSE
HNSCC26_P1_pri_C01_S121_comb,5.1162,1,Primary,0,Cancer cells,26,TRUE
HNSCC26_P1_pri_E06_S150_comb,0,1,Primary,0,Cancer cells,26,FALSE
HNSCC26_P11_R_LN_H06_S378_comb,4.1719,1,Lymph node,0,Cancer cells,26,TRUE
HNSCC26_P11_R_LN_A11_S299_comb,0,0,Lymph node,0,0,26,FALSE
HNSCC26_P11_R_LN_D10_S334_comb,0,1,Lymph node,0,Cancer cells,26,FALSE
HNSCC26_P11_R_LN_C06_S318_comb,0,0,Lymph node,0,0,26,FALSE
HNSCC26_P1_pri_D12_S144_comb,0,1,Primary,0,Cancer cells,26,FALSE
HNSCC26_P1_pri_F07_S163_comb,4.6345,1,Primary,0,Cancer cells,26,TRUE
HNSCC26_P1_pri_B09_S117_comb,5.4946,1,Primary,0,Cancer cells,26,TRUE
HNSCC26_P11_R_LN_D02_S326_comb,5.7815,1,Lymph node,0,Cancer cells,26,TRUE
HNSCC26_P11_R_LN_H03_S375_comb,0,0,Lymph node,Fibroblast,Fibroblast,26,FALSE
HNSCC25_P19_LN_B04_S208_comb,0,0,Lymph node,B cell,B cell,25,FALSE
HNSCC26_P1_pri_H01_S181_comb,0,0,Primary,Fibroblast,Fibroblast,26,FALSE
HNSCC26_P11_R_LN_A02_S290_comb,0,1,Lymph node,0,Cancer cells,26,FALSE
HNSCC26_P11_R_LN_G12_S372_comb,0,0,Lymph node,0,0,26,FALSE
HNSCC25_P19_LN_G10_S274_comb,4.1616,1,Lymph node,0,Cancer cells,25,TRUE
HNSCC25_P19_LN_F05_S257_comb,0,1,Lymph node,0,Cancer cells,25,FALSE
HNSCC26_P1_pri_D04_S136_comb,0,1,Primary,0,Cancer cells,26,FALSE
HNSCC26_P11_R_LN_H09_S381_comb,0,1,Lymph node,0,Cancer cells,26,FALSE
HNSCC26_P11_R_LN_F11_S359_comb,0,0,Lymph node,Fibroblast,Fibroblast,26,FALSE
HNSCC26_P11_R_LN_E08_S344_comb,4.6535,1,Lymph node,0,Cancer cells,26,TRUE
HNSCC25_P19_LN_B09_S213_comb,1.538,0,Lymph node,Fibroblast,Fibroblast,25,TRUE
HNSCC25_P19_LN_E02_S242_comb,7.8883,0,Lymph node,Fibroblast,Fibroblast,25,TRUE
HNSCC26_P1_pri_C06_S126_comb,0,1,Primary,0,Cancer cells,26,FALSE
HNSCC26_P1_pri_H05_S185_comb,0,1,Primary,0,Cancer cells,26,FALSE
HNSCC25_P19_LN_A02_S194_comb,0,1,Lymph node,0,Cancer cells,25,FALSE
HNSCC26_P1_pri_F11_S167_comb,1.2247,0,Primary,Fibroblast,Fibroblast,26,TRUE
HNSCC26_P1_pri_A01_S97_comb,0,1,Primary,0,Cancer cells,26,FALSE
HNSCC26_P11_R_LN_D01_S325_comb,0,1,Lymph node,0,Cancer cells,26,FALSE
HNSCC25_P19_LN_E05_S245_comb,3.7649,1,Lymph node,0,Cancer cells,25,TRUE
HNSCC26_P11_R_LN_H02_S374_comb,4.6778,1,Lymph node,0,Cancer cells,26,TRUE
HNSCC25_P19_LN_A10_S202_comb,0,0,Lymph node,Fibroblast,Fibroblast,25,FALSE
HNSCC25_P19_LN_C05_S221_comb,0,1,Lymph node,0,Cancer cells,25,FALSE
HNSCC26_P1_pri_A05_S101_comb,5.0562,1,Primary,0,Cancer cells,26,TRUE
HNSCC26_P11_R_LN_C07_S319_comb,0,0,Lymph node,0,0,26,FALSE
HNSCC26_P11_R_LN_C09_S321_comb,0,1,Lymph node,0,Cancer cells,26,FALSE
HNSCC25_P19_LN_D05_S233_comb,0,0,Lymph node,B cell,B cell,25,FALSE
HNSCC25_P19_LN_H09_S285_comb,0,1,Lymph node,0,Cancer cells,25,FALSE
HNSCC25_P19_LN_E11_S251_comb,4.4179,0,Lymph node,#NAME?,#NAME?,25,TRUE
HNSCC25_P19_LN_F09_S261_comb,5.4473,1,Lymph node,0,Cancer cells,25,TRUE
HNSCC25_P19_LN_C09_S225_comb,0,0,Lymph node,B cell,B cell,25,FALSE
HNSCC22_P4_A12_S12_comb,4.1506,1,Primary,0,Cancer cells,22,TRUE
HNSCC25_P1_pri_C02_S26_comb,4.3534,1,Primary,0,Cancer cells,25,TRUE
HNSCC24_P13_R_LN_D09_S141_comb,0,0,Primary,Fibroblast,Fibroblast,24,FALSE
HNSCC22_P4_C04_S28_comb,2.9826,1,Primary,0,Cancer cells,22,TRUE
HNSCC24_P13_R_LN_F03_S159_comb,3.8898,0,Primary,Fibroblast,Fibroblast,24,TRUE
HNSCC25_P1_pri_B09_S21_comb,7.2067,0,Primary,Fibroblast,Fibroblast,25,TRUE
HNSCC22_P4_B03_S15_comb,0,0,Primary,Fibroblast,Fibroblast,22,FALSE
HNSCC22_P2_pri_F01_S253_comb,0,0,Primary,Fibroblast,Fibroblast,22,FALSE
HNSCC22_P4_H06_S90_comb,5.0131,0,Primary,Fibroblast,Fibroblast,22,TRUE
HNSCC22_P4_C05_S29_comb,0,1,Primary,0,Cancer cells,22,FALSE
HNSCC22_P4_H07_S91_comb,0.2558,1,Primary,0,Cancer cells,22,TRUE
HNSCC24_P13_R_LN_B05_S113_comb,4.2918,0,Primary,Fibroblast,Fibroblast,24,TRUE
HNSCC22_P4_D03_S39_comb,1.771,0,Primary,Fibroblast,Fibroblast,22,TRUE
HNSCC22_P2_pri_G06_S270_comb,0,0,Primary,Fibroblast,Fibroblast,22,FALSE
HNSCC25_P1_pri_C09_S33_comb,0,0,Primary,Fibroblast,Fibroblast,25,FALSE
HNSCC25_P1_pri_G11_S83_comb,0,0,Primary,0,0,25,FALSE
HNSCC25_P1_pri_G01_S73_comb,0,1,Primary,0,Cancer cells,25,FALSE
HNSCC24_P13_R_LN_F12_S168_comb,6.5636,0,Primary,Fibroblast,Fibroblast,24,TRUE
HNSCC25_P1_pri_B05_S17_comb,4.3401,1,Primary,0,Cancer cells,25,TRUE
HNSCC22_P4_C11_S35_comb,0,0,Primary,Mast,Mast,22,FALSE
HNSCC24_P13_R_LN_A03_S99_comb,4.1206,0,Primary,Fibroblast,Fibroblast,24,TRUE
HNSCC22_P4_G10_S82_comb,0,1,Primary,0,Cancer cells,22,FALSE
HNSCC24_P13_R_LN_E12_S156_comb,4.3856,0,Primary,Fibroblast,Fibroblast,24,TRUE
HNSCC24_P25_L_LN_B12_S312_comb,0,0,Primary,0,0,24,FALSE
HNSCC22_P4_E06_S54_comb,5.0328,1,Primary,0,Cancer cells,22,TRUE
HNSCC24_P13_R_LN_C09_S129_comb,0,0,Primary,Fibroblast,Fibroblast,24,FALSE
HNSCC22_P2_pri_F09_S261_comb,7.2511,0,Primary,Fibroblast,Fibroblast,22,TRUE
HNSCC22_P4_H11_S95_comb,0,0,Primary,Fibroblast,Fibroblast,22,FALSE
HNSCC22_P4_E07_S55_comb,3.296,1,Primary,0,Cancer cells,22,TRUE
HNSCC22_P4_H10_S94_comb,3.9079,1,Primary,0,Cancer cells,22,TRUE
HNSCC22_P2_pri_G08_S272_comb,0,0,Primary,Fibroblast,Fibroblast,22,FALSE
HNSCC25_P1_pri_H04_S88_comb,0,0,Primary,Fibroblast,Fibroblast,25,FALSE
HNSCC22_P2_pri_H04_S280_comb,0,0,Primary,Fibroblast,Fibroblast,22,FALSE
HNSCC25_P1_pri_C07_S31_comb,5.0383,0,Primary,0,0,25,TRUE
HNSCC22_P4_F05_S65_comb,0,0,Primary,Fibroblast,Fibroblast,22,FALSE
HNSCC25_P1_pri_F01_S61_comb,0,0,Primary,Dendritic,Dendritic,25,FALSE
HNSCC24_P25_L_LN_H11_S383_comb,0,0,Primary,Fibroblast,Fibroblast,24,FALSE
HNSCC24_P13_R_LN_D11_S143_comb,6.2942,0,Primary,Fibroblast,Fibroblast,24,TRUE
HNSCC25_P1_pri_E10_S58_comb,5.2249,0,Primary,Fibroblast,Fibroblast,25,TRUE
HNSCC25_P1_pri_A06_S6_comb,0,1,Primary,0,Cancer cells,25,FALSE
HNSCC22_P2_pri_B08_S212_comb,0,0,Primary,Mast,Mast,22,FALSE
HNSCC25_P1_pri_C01_S25_comb,3.8412,1,Primary,0,Cancer cells,25,TRUE
HNSCC24_P25_L_LN_D09_S333_comb,0,0,Primary,Fibroblast,Fibroblast,24,FALSE
HNSCC24_P13_R_LN_H06_S186_comb,5.1363,0,Primary,Fibroblast,Fibroblast,24,TRUE
HNSCC24_P13_R_LN_C03_S123_comb,5.1117,0,Primary,Fibroblast,Fibroblast,24,TRUE
HNSCC24_P13_R_LN_G01_S169_comb,0,0,Primary,Fibroblast,Fibroblast,24,FALSE
HNSCC22_P4_G07_S79_comb,6.5559,0,Primary,Fibroblast,Fibroblast,22,TRUE
HNSCC22_P2_pri_H12_S288_comb,0,0,Primary,Mast,Mast,22,FALSE
HNSCC22_P4_G03_S75_comb,3.5736,1,Primary,0,Cancer cells,22,TRUE
HNSCC25_P1_pri_E04_S52_comb,5.747,1,Primary,0,Cancer cells,25,TRUE
HNSCC25_P1_pri_H05_S89_comb,4.584,1,Primary,0,Cancer cells,25,TRUE
HNSCC25_P1_pri_F12_S72_comb,0,1,Primary,0,Cancer cells,25,FALSE
HNSCC25_P1_pri_A09_S9_comb,0,0,Primary,0,0,25,FALSE
HNSCC24_P13_R_LN_A04_S100_comb,0,0,Primary,Fibroblast,Fibroblast,24,FALSE
HNSCC22_P4_G01_S73_comb,0,0,Primary,Fibroblast,Fibroblast,22,FALSE
HNSCC24_P13_R_LN_E03_S147_comb,0,0,Primary,Fibroblast,Fibroblast,24,FALSE
HNSCC22_P4_B02_S14_comb,0,0,Primary,Mast,Mast,22,FALSE
HNSCC24_P13_R_LN_C02_S122_comb,0,0,Primary,Fibroblast,Fibroblast,24,FALSE
HNSCC22_P4_D10_S46_comb,3.506,1,Primary,0,Cancer cells,22,TRUE
HNSCC24_P13_R_LN_G06_S174_comb,0,0,Primary,Fibroblast,Fibroblast,24,FALSE
HNSCC25_P1_pri_E03_S51_comb,4.7503,1,Primary,0,Cancer cells,25,TRUE
HNSCC24_P25_L_LN_G12_S372_comb,0,0,Primary,Mast,Mast,24,FALSE
HNSCC22_P2_pri_D09_S237_comb,1.0573,0,Primary,Mast,Mast,22,TRUE
HNSCC24_P13_R_LN_B02_S110_comb,0,0,Primary,Fibroblast,Fibroblast,24,FALSE
HNSCC24_P13_R_LN_G02_S170_comb,6.4192,0,Primary,Fibroblast,Fibroblast,24,TRUE
HNSCC24_P13_R_LN_F06_S162_comb,5.9555,0,Primary,Fibroblast,Fibroblast,24,TRUE
HNSCC24_P13_R_LN_D01_S133_comb,0,0,Primary,Fibroblast,Fibroblast,24,FALSE
HNSCC24_P13_R_LN_A05_S101_comb,3.786,0,Primary,Fibroblast,Fibroblast,24,TRUE
HNSCC22_P4_H09_S93_comb,3.4355,1,Primary,0,Cancer cells,22,TRUE
HNSCC25_P1_pri_A05_S5_comb,0,0,Primary,Fibroblast,Fibroblast,25,FALSE
HNSCC24_P25_L_LN_G05_S365_comb,0.51702,1,Primary,0,Cancer cells,24,TRUE
HNSCC24_P13_R_LN_F08_S164_comb,5.1162,0,Primary,Fibroblast,Fibroblast,24,TRUE
HNSCC24_P13_R_LN_A06_S102_comb,0,0,Primary,Fibroblast,Fibroblast,24,FALSE
HNSCC24_P13_R_LN_H02_S182_comb,0,0,Primary,Fibroblast,Fibroblast,24,FALSE
HNSCC24_P13_R_LN_C12_S132_comb,6.4052,0,Primary,Fibroblast,Fibroblast,24,TRUE
HNSCC22_P4_C06_S30_comb,8.3905,0,Primary,Fibroblast,Fibroblast,22,TRUE
HNSCC24_P25_L_LN_E06_S342_comb,0,0,Primary,Mast,Mast,24,FALSE
HNSCC22_P4_D01_S37_comb,0,1,Primary,0,Cancer cells,22,FALSE
HNSCC22_P2_pri_A03_S195_comb,0,0,Primary,Fibroblast,Fibroblast,22,FALSE
HNSCC25_P1_pri_B04_S16_comb,0,1,Primary,0,Cancer cells,25,FALSE
HNSCC25_P1_pri_G06_S78_comb,5.2313,0,Primary,Fibroblast,Fibroblast,25,TRUE
HNSCC25_P1_pri_B12_S24_comb,5.4144,1,Primary,0,Cancer cells,25,TRUE
HNSCC25_P1_pri_E05_S53_comb,5.7115,1,Primary,0,Cancer cells,25,TRUE
HNSCC24_P13_R_LN_D12_S144_comb,5.5006,0,Primary,Fibroblast,Fibroblast,24,TRUE
HNSCC22_P4_C12_S36_comb,0,0,Primary,Mast,Mast,22,FALSE
HNSCC25_P1_pri_H12_S96_comb,0,1,Primary,0,Cancer cells,25,FALSE
HNSCC22_P4_G11_S83_comb,3.6527,1,Primary,0,Cancer cells,22,TRUE
HNSCC22_P2_pri_E02_S242_comb,4.0656,0,Primary,Fibroblast,Fibroblast,22,TRUE
HNSCC24_P13_R_LN_C07_S127_comb,4.7693,0,Primary,Fibroblast,Fibroblast,24,TRUE
HNSCC22_P4_B11_S23_comb,3.5389,1,Primary,0,Cancer cells,22,TRUE
HNSCC22_P4_B05_S17_comb,2.0025,1,Primary,0,Cancer cells,22,TRUE
HNSCC22_P2_pri_D01_S229_comb,1.987,0,Primary,Mast,Mast,22,TRUE
HNSCC25_P1_pri_D12_S48_comb,6.338,0,Primary,Fibroblast,Fibroblast,25,TRUE
HNSCC24_P13_R_LN_F11_S167_comb,0.60975,0,Primary,Fibroblast,Fibroblast,24,TRUE
HNSCC24_P13_R_LN_E02_S146_comb,3.8975,0,Primary,Fibroblast,Fibroblast,24,TRUE
HNSCC25_P1_pri_A10_S10_comb,7.8345,0,Primary,Fibroblast,Fibroblast,25,TRUE
HNSCC22_P2_pri_B12_S216_comb,3.3273,1,Primary,0,Cancer cells,22,TRUE
HNSCC24_P13_R_LN_E04_S148_comb,4.2718,0,Primary,Fibroblast,Fibroblast,24,TRUE
HNSCC24_P13_R_LN_E10_S154_comb,6.4486,0,Primary,Fibroblast,Fibroblast,24,TRUE
HNSCC22_P4_H02_S86_comb,2.7166,1,Primary,0,Cancer cells,22,TRUE
HNSCC25_P1_pri_F06_S66_comb,5.2035,0,Primary,Fibroblast,Fibroblast,25,TRUE
HNSCC24_P25_L_LN_H06_S378_comb,0,0,Primary,Mast,Mast,24,FALSE
HNSCC22_P4_B07_S19_comb,3.5126,1,Primary,0,Cancer cells,22,TRUE
HNSCC22_P4_E12_S60_comb,0,0,Primary,Fibroblast,Fibroblast,22,FALSE
HNSCC22_P2_pri_H05_S281_comb,0,0,Primary,Dendritic,Dendritic,22,FALSE
HNSCC24_P13_R_LN_H08_S188_comb,3.6991,0,Primary,Fibroblast,Fibroblast,24,TRUE
HNSCC22_P2_pri_C09_S225_comb,3.3667,0,Primary,Endothelial,Endothelial,22,TRUE
HNSCC24_P13_R_LN_A02_S98_comb,5.3216,0,Primary,Fibroblast,Fibroblast,24,TRUE
HNSCC25_P1_pri_G10_S82_comb,5.1481,0,Primary,Fibroblast,Fibroblast,25,TRUE
HNSCC22_P4_A07_S7_comb,4.1584,1,Primary,0,Cancer cells,22,TRUE
HNSCC25_P1_pri_F04_S64_comb,3.7891,1,Primary,0,Cancer cells,25,TRUE
HNSCC24_P13_R_LN_A08_S104_comb,0,0,Primary,Fibroblast,Fibroblast,24,FALSE
HNSCC22_P2_pri_C07_S223_comb,0,0,Primary,Mast,Mast,22,FALSE
HNSCC24_P13_R_LN_H07_S187_comb,0,0,Primary,Fibroblast,Fibroblast,24,FALSE
HNSCC24_P13_R_LN_G09_S177_comb,5.3594,0,Primary,Fibroblast,Fibroblast,24,TRUE
HNSCC22_P2_pri_B03_S207_comb,1.9434,0,Primary,Fibroblast,Fibroblast,22,TRUE
HNSCC22_P4_A09_S9_comb,6.0172,1,Primary,0,Cancer cells,22,TRUE
HNSCC24_P13_R_LN_E07_S151_comb,6.0519,0,Primary,Fibroblast,Fibroblast,24,TRUE
HNSCC24_P13_R_LN_E01_S145_comb,0,0,Primary,Fibroblast,Fibroblast,24,FALSE
HNSCC24_P13_R_LN_G10_S178_comb,0,0,Primary,Fibroblast,Fibroblast,24,FALSE
HNSCC24_P13_R_LN_A07_S103_comb,0,0,Primary,Fibroblast,Fibroblast,24,FALSE
HNSCC22_P4_B09_S21_comb,0,1,Primary,0,Cancer cells,22,FALSE
HNSCC22_P2_pri_E07_S247_comb,8.3857,0,Primary,Fibroblast,Fibroblast,22,TRUE
HNSCC24_P13_R_LN_C01_S121_comb,3.1339,0,Primary,Fibroblast,Fibroblast,24,TRUE
HNSCC22_P2_pri_D04_S232_comb,0,0,Primary,Fibroblast,Fibroblast,22,FALSE
HNSCC22_P2_pri_F03_S255_comb,0,0,Primary,Mast,Mast,22,FALSE
HNSCC22_P4_F11_S71_comb,3.765,1,Primary,0,Cancer cells,22,TRUE
HNSCC22_P4_A04_S4_comb,0,0,Primary,Fibroblast,Fibroblast,22,FALSE
HNSCC22_P4_C08_S32_comb,3.9808,1,Primary,0,Cancer cells,22,TRUE
HNSCC25_P1_pri_B07_S19_comb,0,1,Primary,0,Cancer cells,25,FALSE
HNSCC22_P4_D04_S40_comb,1.308,1,Primary,0,Cancer cells,22,TRUE
HNSCC24_P13_R_LN_D05_S137_comb,4.133,0,Primary,Fibroblast,Fibroblast,24,TRUE
HNSCC22_P2_pri_E10_S250_comb,5.3777,0,Primary,Fibroblast,Fibroblast,22,TRUE
HNSCC22_P4_E08_S56_comb,3.4881,1,Primary,0,Cancer cells,22,TRUE
HNSCC22_P4_F03_S63_comb,4.3256,1,Primary,0,Cancer cells,22,TRUE
HNSCC22_P4_H12_S96_comb,5.4157,1,Primary,0,Cancer cells,22,TRUE
HNSCC22_P4_D05_S41_comb,0,0,Primary,Fibroblast,Fibroblast,22,FALSE
HNSCC22_P4_E03_S51_comb,0,1,Primary,0,Cancer cells,22,FALSE
HNSCC24_P13_R_LN_B11_S119_comb,0,0,Primary,Fibroblast,Fibroblast,24,FALSE
HNSCC22_P4_D02_S38_comb,0,0,Primary,Fibroblast,Fibroblast,22,FALSE
HNSCC22_P4_E10_S58_comb,5.3133,1,Primary,0,Cancer cells,22,TRUE
HNSCC25_P1_pri_H07_S91_comb,0,1,Primary,0,Cancer cells,25,FALSE
HNSCC22_P4_F07_S67_comb,4.1274,1,Primary,0,Cancer cells,22,TRUE
HNSCC22_P4_D12_S48_comb,0,0,Primary,Fibroblast,Fibroblast,22,FALSE
HNSCC25_P1_pri_H09_S93_comb,0,0,Primary,Fibroblast,Fibroblast,25,FALSE
HNSCC24_P13_R_LN_D07_S139_comb,5.7164,0,Primary,Fibroblast,Fibroblast,24,TRUE
HNSCC24_P13_R_LN_F05_S161_comb,0,0,Primary,Fibroblast,Fibroblast,24,FALSE
HNSCC22_P2_pri_E04_S244_comb,0,0,Primary,Fibroblast,Fibroblast,22,FALSE
HNSCC25_P1_pri_F08_S68_comb,0,0,Primary,0,0,25,FALSE
HNSCC22_P4_B06_S18_comb,0,0,Primary,Fibroblast,Fibroblast,22,FALSE
HNSCC25_P1_pri_F11_S71_comb,3.9067,1,Primary,0,Cancer cells,25,TRUE
HNSCC22_P2_pri_G04_S268_comb,0,0,Primary,Mast,Mast,22,FALSE
HNSCC22_P4_G02_S74_comb,3.7872,1,Primary,0,Cancer cells,22,TRUE
HNSCC22_P2_pri_B09_S213_comb,0,1,Primary,0,Cancer cells,22,FALSE
HNSCC24_P13_R_LN_A09_S105_comb,0.60786,0,Primary,Fibroblast,Fibroblast,24,TRUE
HNSCC24_P13_R_LN_B09_S117_comb,4.5765,0,Primary,Fibroblast,Fibroblast,24,TRUE
HNSCC25_P1_pri_G08_S80_comb,8.2657,0,Primary,0,0,25,TRUE
HNSCC22_P4_C10_S34_comb,0,0,Primary,Fibroblast,Fibroblast,22,FALSE
HNSCC22_P2_pri_G05_S269_comb,0,0,Primary,Mast,Mast,22,FALSE
HNSCC24_P13_R_LN_D10_S142_comb,5.1538,0,Primary,Fibroblast,Fibroblast,24,TRUE
HNSCC22_P4_H08_S92_comb,0.83188,1,Primary,0,Cancer cells,22,TRUE
HNSCC24_P13_R_LN_F01_S157_comb,5.97,0,Primary,Fibroblast,Fibroblast,24,TRUE
HNSCC22_P4_E11_S59_comb,2.512,1,Primary,0,Cancer cells,22,TRUE
HNSCC25_P1_pri_A11_S11_comb,6.2301,0,Primary,Fibroblast,Fibroblast,25,TRUE
HNSCC22_P2_pri_A05_S197_comb,5.8545,0,Primary,Fibroblast,Fibroblast,22,TRUE
HNSCC22_P4_C03_S27_comb,3.4245,1,Primary,0,Cancer cells,22,TRUE
HNSCC24_P13_R_LN_B03_S111_comb,5.763,0,Primary,Fibroblast,Fibroblast,24,TRUE
HNSCC25_P1_pri_H11_S95_comb,2.5746,1,Primary,0,Cancer cells,25,TRUE
HNSCC22_P4_F09_S69_comb,1.6498,1,Primary,0,Cancer cells,22,TRUE
HNSCC25_P1_pri_E11_S59_comb,4.5561,1,Primary,0,Cancer cells,25,TRUE
HNSCC22_P2_pri_B06_S210_comb,0,0,Primary,Mast,Mast,22,FALSE
HNSCC22_P4_A06_S6_comb,0,0,Primary,Mast,Mast,22,FALSE
HNSCC24_P13_R_LN_H09_S189_comb,0,0,Primary,Fibroblast,Fibroblast,24,FALSE
HNSCC22_P4_A08_S8_comb,5.7626,0,Primary,Fibroblast,Fibroblast,22,TRUE
HNSCC22_P2_pri_D11_S239_comb,3.5552,0,Primary,0,0,22,TRUE
HNSCC22_P4_B08_S20_comb,0,0,Primary,Mast,Mast,22,FALSE
HNSCC22_P4_F08_S68_comb,0,0,Primary,Fibroblast,Fibroblast,22,FALSE
HNSCC25_P1_pri_F02_S62_comb,6.6086,0,Primary,Fibroblast,Fibroblast,25,TRUE
HNSCC22_P4_F06_S66_comb,5.6084,1,Primary,0,Cancer cells,22,TRUE
HNSCC25_P1_pri_G12_S84_comb,0,1,Primary,0,Cancer cells,25,FALSE
HNSCC22_P4_G09_S81_comb,2.57,0,Primary,Fibroblast,Fibroblast,22,TRUE
HNSCC24_P13_R_LN_C11_S131_comb,2.4854,0,Primary,Fibroblast,Fibroblast,24,TRUE
HNSCC22_P4_E09_S57_comb,1.0697,1,Primary,0,Cancer cells,22,TRUE
HNSCC24_P13_R_LN_D06_S138_comb,0,0,Primary,Fibroblast,Fibroblast,24,FALSE
HNSCC25_P1_pri_F03_S63_comb,6.0998,1,Primary,0,Cancer cells,25,TRUE
HNSCC24_P13_R_LN_B12_S120_comb,0,0,Primary,Fibroblast,Fibroblast,24,FALSE
HNSCC24_P13_R_LN_H01_S181_comb,4.877,0,Primary,Fibroblast,Fibroblast,24,TRUE
HNSCC24_P13_R_LN_A12_S108_comb,1.856,0,Primary,Fibroblast,Fibroblast,24,TRUE
HNSCC22_P4_D09_S45_comb,4.1553,1,Primary,0,Cancer cells,22,TRUE
HNSCC22_P4_B12_S24_comb,2.8526,1,Primary,0,Cancer cells,22,TRUE
HNSCC22_P4_F04_S64_comb,0,0,Primary,Fibroblast,Fibroblast,22,FALSE
HNSCC22_P4_A11_S11_comb,3.8973,1,Primary,0,Cancer cells,22,TRUE
HNSCC25_P1_pri_F10_S70_comb,0,0,Primary,0,0,25,FALSE
HNSCC24_P13_R_LN_G07_S175_comb,3.7521,0,Primary,Fibroblast,Fibroblast,24,TRUE
HNSCC22_P4_D08_S44_comb,4.564,1,Primary,0,Cancer cells,22,TRUE
HNSCC22_P2_pri_C01_S217_comb,0,0,Primary,Fibroblast,Fibroblast,22,FALSE
HNSCC22_P2_pri_H07_S283_comb,0,0,Primary,Fibroblast,Fibroblast,22,FALSE
HNSCC24_P13_R_LN_E08_S152_comb,0,0,Primary,Fibroblast,Fibroblast,24,FALSE
HNSCC22_P4_E02_S50_comb,4.0162,1,Primary,0,Cancer cells,22,TRUE
HNSCC24_P13_R_LN_B06_S114_comb,3.9008,0,Primary,Fibroblast,Fibroblast,24,TRUE
HNSCC24_P13_R_LN_E11_S155_comb,0,0,Primary,Mast,Mast,24,FALSE
HNSCC24_P13_R_LN_B04_S112_comb,5.3025,0,Primary,Fibroblast,Fibroblast,24,TRUE
HNSCC22_P4_D07_S43_comb,7.2073,0,Primary,Fibroblast,Fibroblast,22,TRUE
HNSCC24_P13_R_LN_C08_S128_comb,5.9904,0,Primary,Fibroblast,Fibroblast,24,TRUE
HNSCC25_P1_pri_G07_S79_comb,0,1,Primary,0,Cancer cells,25,FALSE
HNSCC22_P2_pri_C12_S228_comb,5.9364,0,Primary,0,0,22,TRUE
HNSCC25_P1_pri_G03_S75_comb,4.4102,1,Primary,0,Cancer cells,25,TRUE
HNSCC24_P13_R_LN_B07_S115_comb,0.80735,0,Primary,Fibroblast,Fibroblast,24,TRUE
HNSCC24_P25_L_LN_G11_S371_comb,4.2532,0,Primary,0,0,24,TRUE
HNSCC22_P2_pri_F11_S263_comb,0,0,Primary,Fibroblast,Fibroblast,22,FALSE
HNSCC22_P2_pri_C08_S224_comb,0,0,Primary,Mast,Mast,22,FALSE
HNSCC22_P4_F01_S61_comb,5.129,1,Primary,0,Cancer cells,22,TRUE
HNSCC22_P2_pri_E09_S249_comb,3.5695,0,Primary,0,0,22,TRUE
HNSCC22_P2_pri_B05_S209_comb,0,0,Primary,Mast,Mast,22,FALSE
HNSCC22_P4_D11_S47_comb,4.1024,1,Primary,0,Cancer cells,22,TRUE
HNSCC22_P2_pri_D07_S235_comb,0,0,Primary,Mast,Mast,22,FALSE
HNSCC22_P4_C09_S33_comb,2.786,1,Primary,0,Cancer cells,22,TRUE
HNSCC25_P1_pri_G05_S77_comb,5.5155,1,Primary,0,Cancer cells,25,TRUE
HNSCC22_P4_C07_S31_comb,0,1,Primary,0,Cancer cells,22,FALSE
HNSCC25_P1_pri_C03_S27_comb,4.5561,1,Primary,0,Cancer cells,25,TRUE
HNSCC25_P1_pri_F05_S65_comb,0,0,Primary,Dendritic,Dendritic,25,FALSE
HNSCC22_P4_H04_S88_comb,4.9064,1,Primary,0,Cancer cells,22,TRUE
HNSCC22_P4_G05_S77_comb,4.5063,1,Primary,0,Cancer cells,22,TRUE
HNSCC22_P4_B04_S16_comb,0,0,Primary,Mast,Mast,22,FALSE
HNSCC24_P13_R_LN_A10_S106_comb,2.8468,0,Primary,Fibroblast,Fibroblast,24,TRUE
HNSCC25_P1_pri_C10_S34_comb,4.8879,0,Primary,Fibroblast,Fibroblast,25,TRUE
HNSCC22_P4_E04_S52_comb,6.9699,0,Primary,Fibroblast,Fibroblast,22,TRUE
HNSCC22_P4_A03_S3_comb,3.8503,1,Primary,0,Cancer cells,22,TRUE
HNSCC24_P13_R_LN_H04_S184_comb,0,0,Primary,Fibroblast,Fibroblast,24,FALSE
HNSCC22_P4_F02_S62_comb,0.33113,1,Primary,0,Cancer cells,22,TRUE
HNSCC22_P4_F10_S70_comb,5.4917,1,Primary,0,Cancer cells,22,TRUE
HNSCC24_P13_R_LN_F02_S158_comb,0,0,Primary,Fibroblast,Fibroblast,24,FALSE
HNSCC24_P13_R_LN_E05_S149_comb,5.2954,0,Primary,Fibroblast,Fibroblast,24,TRUE
HNSCC24_P13_R_LN_E09_S153_comb,5.723,0,Primary,Fibroblast,Fibroblast,24,TRUE
HNSCC22_P2_pri_C03_S219_comb,5.0751,0,Primary,Fibroblast,Fibroblast,22,TRUE
HNSCC24_P25_L_LN_E10_S346_comb,4.476,0,Primary,0,0,24,TRUE
HNSCC25_P1_pri_H01_S85_comb,5.5491,1,Primary,0,Cancer cells,25,TRUE
HNSCC22_P2_pri_F08_S260_comb,0,0,Primary,Mast,Mast,22,FALSE
HNSCC22_P4_B01_S13_comb,0,1,Primary,0,Cancer cells,22,FALSE
HNSCC25_P1_pri_E02_S50_comb,0,1,Primary,0,Cancer cells,25,FALSE
HNSCC22_P4_B10_S22_comb,5.817,0,Primary,Mast,Mast,22,TRUE
HNSCC25_P1_pri_D03_S39_comb,4.6765,1,Primary,0,Cancer cells,25,TRUE
HNSCC22_P2_pri_E11_S251_comb,4.9932,0,Primary,Fibroblast,Fibroblast,22,TRUE
HNSCC24_P13_R_LN_G03_S171_comb,1.2869,0,Primary,Fibroblast,Fibroblast,24,TRUE
HNSCC20_P15_LN_B04_S208_comb,0,1,Lymph node,0,Cancer cells,20,FALSE
HNSCC20_P15_LN_C10_S226_comb,4.4248,1,Lymph node,0,Cancer cells,20,TRUE
HNSCC20_P15_LN_G05_S269_comb,5.3344,1,Lymph node,0,Cancer cells,20,TRUE
HNSCC20_P15_LN_E01_S241_comb,4.0709,1,Lymph node,0,Cancer cells,20,TRUE
HNSCC20_P15_LN_F01_S253_comb,0,1,Lymph node,0,Cancer cells,20,FALSE
HNSCC20_P15_LN_C03_S219_comb,1.272,1,Lymph node,0,Cancer cells,20,TRUE
HNSCC20_P15_LN_F04_S256_comb,3.9583,1,Lymph node,0,Cancer cells,20,TRUE
HNSCC20_P15_LN_G03_S267_comb,0,1,Lymph node,0,Cancer cells,20,FALSE
HNSCC20_P15_LN_D04_S232_comb,3.6911,1,Lymph node,0,Cancer cells,20,TRUE
HNSCC20_P15_LN_A10_S202_comb,0,1,Lymph node,0,Cancer cells,20,FALSE
HNSCC20_P15_LN_H04_S280_comb,4.2584,1,Lymph node,0,Cancer cells,20,TRUE
HNSCC20_P5_pri_F10_S70_comb,5.4138,0,Primary,Fibroblast,Fibroblast,20,TRUE
HNSCC20_P5_pri_F02_S62_comb,4.151,1,Primary,0,Cancer cells,20,TRUE
HNSCC20_P15_LN_A02_S194_comb,0,1,Lymph node,0,Cancer cells,20,FALSE
HNSCC20_P5_pri_E04_S52_comb,4.0277,1,Primary,0,Cancer cells,20,TRUE
HNSCC20_P15_LN_E10_S250_comb,0.57918,1,Lymph node,0,Cancer cells,20,TRUE
HNSCC20_P5_pri_H07_S91_comb,3.4068,1,Primary,0,Cancer cells,20,TRUE
HNSCC20_P15_LN_G02_S266_comb,5.5875,1,Lymph node,0,Cancer cells,20,TRUE
HNSCC20_P15_LN_E07_S247_comb,5.1042,1,Lymph node,0,Cancer cells,20,TRUE
HNSCC20_P5_pri_D03_S39_comb,0.54102,1,Primary,0,Cancer cells,20,TRUE
HNSCC20_P5_pri_G09_S81_comb,2.826,1,Primary,0,Cancer cells,20,TRUE
HNSCC20_P5_pri_H03_S87_comb,2.7275,1,Primary,0,Cancer cells,20,TRUE
HNSCC20_P15_LN_D03_S231_comb,0,1,Lymph node,0,Cancer cells,20,FALSE
HNSCC20_P5_pri_B09_S21_comb,4.3428,1,Primary,0,Cancer cells,20,TRUE
HNSCC20_P5_pri_G05_S77_comb,0,1,Primary,0,Cancer cells,20,FALSE
HNSCC20_P5_pri_D05_S41_comb,4.1961,1,Primary,0,Cancer cells,20,TRUE
HNSCC20_P5_pri_C12_S36_comb,0,1,Primary,0,Cancer cells,20,FALSE
HNSCC20_P15_LN_D01_S229_comb,4.9795,1,Lymph node,0,Cancer cells,20,TRUE
HNSCC20_P15_LN_D08_S236_comb,0,1,Lymph node,0,Cancer cells,20,FALSE
HNSCC20_P5_pri_D08_S44_comb,0,1,Primary,0,Cancer cells,20,FALSE
HNSCC20_P5_pri_G02_S74_comb,0,1,Primary,0,Cancer cells,20,FALSE
HNSCC20_P5_pri_B02_S14_comb,0,1,Primary,0,Cancer cells,20,FALSE
HNSCC20_P5_pri_C03_S27_comb,6.3878,0,Primary,Fibroblast,Fibroblast,20,TRUE
HNSCC20_P15_LN_E09_S249_comb,3.8097,1,Lymph node,0,Cancer cells,20,TRUE
HNSCC20_P15_LN_B12_S216_comb,4.3159,1,Lymph node,0,Cancer cells,20,TRUE
HNSCC20_P5_pri_A09_S9_comb,0,1,Primary,0,Cancer cells,20,FALSE
HNSCC20_P15_LN_B10_S214_comb,2.5624,1,Lymph node,0,Cancer cells,20,TRUE
HNSCC20_P5_pri_A07_S7_comb,0,1,Primary,0,Cancer cells,20,FALSE
HNSCC20_P15_LN_G12_S276_comb,0,1,Lymph node,0,Cancer cells,20,FALSE
HNSCC20_P5_pri_A08_S8_comb,0,1,Primary,0,Cancer cells,20,FALSE
HNSCC20_P15_LN_H01_S277_comb,0.48336,1,Lymph node,0,Cancer cells,20,TRUE
HNSCC20_P5_pri_G04_S76_comb,2.2382,1,Primary,0,Cancer cells,20,TRUE
HNSCC20_P5_pri_C02_S26_comb,5.1562,1,Primary,0,Cancer cells,20,TRUE
HNSCC20_P5_pri_C06_S30_comb,0,1,Primary,0,Cancer cells,20,FALSE
HNSCC20_P5_pri_D04_S40_comb,4.3425,1,Primary,0,Cancer cells,20,TRUE
HNSCC20_P5_pri_D12_S48_comb,0,1,Primary,0,Cancer cells,20,FALSE
HNSCC20_P15_LN_D07_S235_comb,0,1,Lymph node,0,Cancer cells,20,FALSE
HNSCC20_P15_LN_E05_S245_comb,0,1,Lymph node,0,Cancer cells,20,FALSE
HNSCC20_P5_pri_F01_S61_comb,0,1,Primary,0,Cancer cells,20,FALSE
HNSCC20_P15_LN_A12_S204_comb,0.67265,1,Lymph node,0,Cancer cells,20,TRUE
HNSCC20_P5_pri_F05_S65_comb,0,0,Primary,0,0,20,FALSE
HNSCC20_P5_pri_B04_S16_comb,0,0,Primary,0,0,20,FALSE
HNSCC20_P15_LN_F05_S257_comb,0,1,Lymph node,0,Cancer cells,20,FALSE
HNSCC20_P15_LN_F07_S259_comb,0,1,Lymph node,0,Cancer cells,20,FALSE
HNSCC20_P5_pri_B07_S19_comb,0,1,Primary,0,Cancer cells,20,FALSE
HNSCC20_P15_LN_H11_S287_comb,3.8752,1,Lymph node,0,Cancer cells,20,TRUE
HNSCC20_P15_LN_F08_S260_comb,0,1,Lymph node,0,Cancer cells,20,FALSE
HNSCC20_P5_pri_F11_S71_comb,5.2889,0,Primary,Fibroblast,Fibroblast,20,TRUE
HNSCC20_P15_LN_A03_S195_comb,4.3652,1,Lymph node,0,Cancer cells,20,TRUE
HNSCC20_P15_LN_H02_S278_comb,4.4277,1,Lymph node,0,Cancer cells,20,TRUE
HNSCC20_P15_LN_B06_S210_comb,0,0,Lymph node,0,0,20,FALSE
HNSCC20_P15_LN_A06_S198_comb,3.5992,1,Lymph node,0,Cancer cells,20,TRUE
HNSCC20_P15_LN_H10_S286_comb,0,1,Lymph node,0,Cancer cells,20,FALSE
HNSCC20_P5_pri_B11_S23_comb,2.9738,1,Primary,0,Cancer cells,20,TRUE
HNSCC20_P5_pri_G06_S78_comb,4.0063,1,Primary,0,Cancer cells,20,TRUE
HNSCC20_P15_LN_C09_S225_comb,0,1,Lymph node,0,Cancer cells,20,FALSE
HNSCC20_P5_pri_B03_S15_comb,6.0898,0,Primary,Fibroblast,Fibroblast,20,TRUE
HNSCC20_P15_LN_H03_S279_comb,3.7421,1,Lymph node,0,Cancer cells,20,TRUE
HNSCC20_P5_pri_F07_S67_comb,0,1,Primary,0,Cancer cells,20,FALSE
HNSCC20_P5_pri_D02_S38_comb,2.9379,1,Primary,0,Cancer cells,20,TRUE
HNSCC20_P15_LN_G08_S272_comb,0,1,Lymph node,0,Cancer cells,20,FALSE
HNSCC20_P15_LN_D12_S240_comb,4.6807,1,Lymph node,0,Cancer cells,20,TRUE
HNSCC20_P5_pri_C01_S25_comb,0.45101,1,Primary,0,Cancer cells,20,TRUE
HNSCC20_P15_LN_A07_S199_comb,4.1307,1,Lymph node,0,Cancer cells,20,TRUE
HNSCC20_P15_LN_F03_S255_comb,0,1,Lymph node,0,Cancer cells,20,FALSE
HNSCC20_P15_LN_H05_S281_comb,4.1059,1,Lymph node,0,Cancer cells,20,TRUE
HNSCC20_P15_LN_A04_S196_comb,4.613,1,Lymph node,0,Cancer cells,20,TRUE
HNSCC20_P15_LN_D10_S238_comb,5.5307,1,Lymph node,0,Cancer cells,20,TRUE
HNSCC20_P5_pri_D10_S46_comb,0,1,Primary,0,Cancer cells,20,FALSE
HNSCC20_P15_LN_B11_S215_comb,4.91,1,Lymph node,0,Cancer cells,20,TRUE
HNSCC20_P5_pri_E08_S56_comb,0,1,Primary,0,Cancer cells,20,FALSE
HNSCC20_P15_LN_A01_S193_comb,5.5055,1,Lymph node,0,Cancer cells,20,TRUE
HNSCC20_P5_pri_C04_S28_comb,5.1188,0,Primary,Fibroblast,Fibroblast,20,TRUE
HNSCC20_P15_LN_C04_S220_comb,5.6643,1,Lymph node,0,Cancer cells,20,TRUE
HNSCC20_P15_LN_E06_S246_comb,0,1,Lymph node,0,Cancer cells,20,FALSE
HNSCC20_P15_LN_C01_S217_comb,4.8263,1,Lymph node,0,Cancer cells,20,TRUE
HNSCC20_P5_pri_D06_S42_comb,4.0909,1,Primary,0,Cancer cells,20,TRUE
HNSCC20_P5_pri_G11_S83_comb,3.3702,1,Primary,0,Cancer cells,20,TRUE
HNSCC20_P15_LN_E08_S248_comb,4.8191,1,Lymph node,0,Cancer cells,20,TRUE
HNSCC20_P15_LN_G01_S265_comb,4.06,1,Lymph node,0,Cancer cells,20,TRUE
HNSCC20_P15_LN_F12_S264_comb,4.2812,1,Lymph node,0,Cancer cells,20,TRUE
HNSCC20_P15_LN_D06_S234_comb,0.55876,1,Lymph node,0,Cancer cells,20,TRUE
HNSCC20_P15_LN_E12_S252_comb,4.2816,1,Lymph node,0,Cancer cells,20,TRUE
HNSCC20_P5_pri_H05_S89_comb,0,1,Primary,0,Cancer cells,20,FALSE
HNSCC20_P15_LN_A05_S197_comb,2.7502,1,Lymph node,0,Cancer cells,20,TRUE
HNSCC20_P5_pri_G08_S80_comb,0,0,Primary,Fibroblast,Fibroblast,20,FALSE
HNSCC20_P5_pri_E03_S51_comb,4.8428,1,Primary,0,Cancer cells,20,TRUE
HNSCC20_P15_LN_C11_S227_comb,0,1,Lymph node,0,Cancer cells,20,FALSE
HNSCC20_P5_pri_E02_S50_comb,0.64708,0,Primary,0,0,20,TRUE
HNSCC20_P5_pri_H09_S93_comb,0,1,Primary,0,Cancer cells,20,FALSE
HNSCC20_P5_pri_F08_S68_comb,5.2894,1,Primary,0,Cancer cells,20,TRUE
HNSCC20_P15_LN_C06_S222_comb,0,1,Lymph node,0,Cancer cells,20,FALSE
HNSCC20_P5_pri_E06_S54_comb,4.2037,1,Primary,0,Cancer cells,20,TRUE
HNSCC20_P15_LN_D09_S237_comb,4.1056,1,Lymph node,0,Cancer cells,20,TRUE
HNSCC20_P5_pri_D07_S43_comb,0,1,Primary,0,Cancer cells,20,FALSE
HNSCC20_P5_pri_A12_S12_comb,4.5024,0,Primary,Fibroblast,Fibroblast,20,TRUE
HNSCC20_P5_pri_C10_S34_comb,0,1,Primary,0,Cancer cells,20,FALSE
HNSCC20_P15_LN_C12_S228_comb,0,1,Lymph node,0,Cancer cells,20,FALSE
HNSCC20_P15_LN_C08_S224_comb,3.8741,1,Lymph node,0,Cancer cells,20,TRUE
HNSCC20_P15_LN_F10_S262_comb,3.4112,1,Lymph node,0,Cancer cells,20,TRUE
HNSCC20_P15_LN_D02_S230_comb,0,1,Lymph node,0,Cancer cells,20,FALSE
HNSCC20_P15_LN_G04_S268_comb,1.9895,1,Lymph node,0,Cancer cells,20,TRUE
HNSCC20_P15_LN_H08_S284_comb,4.6021,1,Lymph node,0,Cancer cells,20,TRUE
HNSCC20_P5_pri_E07_S55_comb,2.3937,0,Primary,Fibroblast,Fibroblast,20,TRUE
HNSCC20_P5_pri_A01_S1_comb,1.3791,1,Primary,0,Cancer cells,20,TRUE
HNSCC20_P15_LN_C05_S221_comb,0,1,Lymph node,0,Cancer cells,20,FALSE
HNSCC20_P5_pri_A04_S4_comb,0,0,Primary,0,0,20,FALSE
HNSCC20_P15_LN_E03_S243_comb,0,1,Lymph node,0,Cancer cells,20,FALSE
HNSCC20_P5_pri_A03_S3_comb,0,1,Primary,0,Cancer cells,20,FALSE
HNSCC20_P15_LN_B05_S209_comb,0,1,Lymph node,0,Cancer cells,20,FALSE
HNSCC20_P15_LN_G11_S275_comb,0,1,Lymph node,0,Cancer cells,20,FALSE
HNSCC20_P15_LN_B07_S211_comb,3.7524,1,Lymph node,0,Cancer cells,20,TRUE
HNSCC20_P15_LN_A08_S200_comb,0,1,Lymph node,0,Cancer cells,20,FALSE
HNSCC20_P15_LN_G06_S270_comb,0,1,Lymph node,0,Cancer cells,20,FALSE
HNSCC20_P15_LN_F06_S258_comb,0,1,Lymph node,0,Cancer cells,20,FALSE
HNSCC20_P5_pri_G10_S82_comb,5.4998,0,Primary,0,0,20,TRUE
HNSCC20_P15_LN_G07_S271_comb,4.8254,1,Lymph node,0,Cancer cells,20,TRUE
HNSCC20_P15_LN_B01_S205_comb,3.1892,1,Lymph node,0,Cancer cells,20,TRUE
HNSCC20_P15_LN_E02_S242_comb,6.7076,1,Lymph node,0,Cancer cells,20,TRUE
HNSCC20_P5_pri_F06_S66_comb,4.2038,1,Primary,0,Cancer cells,20,TRUE
HNSCC20_P5_pri_H11_S95_comb,2.4356,1,Primary,0,Cancer cells,20,TRUE
HNSCC20_P5_pri_H04_S88_comb,5.4646,1,Primary,0,Cancer cells,20,TRUE
HNSCC20_P5_pri_C07_S31_comb,3.8325,1,Primary,0,Cancer cells,20,TRUE
HNSCC20_P15_LN_B08_S212_comb,5.3719,1,Lymph node,0,Cancer cells,20,TRUE
HNSCC20_P5_pri_F04_S64_comb,3.9144,1,Primary,0,Cancer cells,20,TRUE
HNSCC20_P5_pri_H01_S85_comb,5.7777,0,Primary,Fibroblast,Fibroblast,20,TRUE
HNSCC20_P15_LN_E11_S251_comb,0,1,Lymph node,0,Cancer cells,20,FALSE
HNSCC20_P5_pri_H12_S96_comb,0,1,Primary,0,Cancer cells,20,FALSE
HNSCC20_P5_pri_G07_S79_comb,3.4856,0,Primary,Endothelial,Endothelial,20,TRUE
HNSCC20_P5_pri_B08_S20_comb,5.4937,0,Primary,Fibroblast,Fibroblast,20,TRUE
HNSCC20_P5_pri_B12_S24_comb,4.3475,1,Primary,0,Cancer cells,20,TRUE
HNSCC20_P5_pri_D09_S45_comb,3.647,1,Primary,0,Cancer cells,20,TRUE
HNSCC20_P15_LN_G09_S273_comb,0,1,Lymph node,0,Cancer cells,20,FALSE
HNSCC20_P15_LN_F11_S263_comb,4.4288,1,Lymph node,0,Cancer cells,20,TRUE
HNSCC20_P15_LN_C02_S218_comb,3.6861,1,Lymph node,0,Cancer cells,20,TRUE
HNSCC20_P15_LN_C07_S223_comb,0,1,Lymph node,0,Cancer cells,20,FALSE
HNSCC20_P15_LN_H09_S285_comb,0,1,Lymph node,0,Cancer cells,20,FALSE
HNSCC20_P5_pri_D01_S37_comb,0,1,Primary,0,Cancer cells,20,FALSE
HNSCC20_P15_LN_H06_S282_comb,0,1,Lymph node,0,Cancer cells,20,FALSE
HNSCC20_P5_pri_E09_S57_comb,4.7657,0,Primary,0,0,20,TRUE
HNSCC20_P15_LN_G10_S274_comb,0,1,Lymph node,0,Cancer cells,20,FALSE
HNSCC20_P15_LN_H07_S283_comb,0,1,Lymph node,0,Cancer cells,20,FALSE
HNSCC20_P5_pri_A06_S6_comb,0,1,Primary,0,Cancer cells,20,FALSE
HNSCC20_P15_LN_B02_S206_comb,1.4265,1,Lymph node,0,Cancer cells,20,TRUE
HNSCC20_P5_pri_B05_S17_comb,3.6903,1,Primary,0,Cancer cells,20,TRUE
HNSCC20_P15_LN_A11_S203_comb,3.6312,1,Lymph node,0,Cancer cells,20,TRUE
HNSCC20_P5_pri_D11_S47_comb,0,1,Primary,0,Cancer cells,20,FALSE
HNSCC20_P15_LN_D05_S233_comb,0,1,Lymph node,0,Cancer cells,20,FALSE
HNSCC20_P15_LN_H12_S288_comb,0,1,Lymph node,0,Cancer cells,20,FALSE
HNSCC20_P5_pri_E05_S53_comb,1.6754,1,Primary,0,Cancer cells,20,TRUE
HNSCC20_P5_pri_E12_S60_comb,0,1,Primary,0,Cancer cells,20,FALSE
HNSCC20_P5_pri_G03_S75_comb,0.64893,1,Primary,0,Cancer cells,20,TRUE
HNSCC20_P5_pri_B01_S13_comb,2.5288,0,Primary,Fibroblast,Fibroblast,20,TRUE
HNSCC20_P5_pri_A11_S11_comb,4.2192,1,Primary,0,Cancer cells,20,TRUE
HNSCC20_P15_LN_E04_S244_comb,6.2098,1,Lymph node,0,Cancer cells,20,TRUE
HNSCC20_P15_LN_D11_S239_comb,4.6837,1,Lymph node,0,Cancer cells,20,TRUE
HNSCC20_P12_E06_S342_comb,0,1,Lymph node,0,Cancer cells,20,FALSE
HNSCC20_P12_A03_S291_comb,1.6731,0,Lymph node,0,0,20,TRUE
HNSCC20_P1_A01_S1_comb,0,1,Primary,0,Cancer cells,20,FALSE
HNSCC20_P1_H08_S92_comb,3.4687,1,Primary,0,Cancer cells,20,TRUE
HNSCC20_P1_C12_S36_comb,3.1172,1,Primary,0,Cancer cells,20,TRUE
HNSCC20_P2_G02_S170_comb,0,1,Primary,0,Cancer cells,20,FALSE
HNSCC20_P2_G12_S180_comb,0,1,Primary,0,Cancer cells,20,FALSE
HNSCC20_P11_E10_S250_comb,0,1,Lymph node,0,Cancer cells,20,FALSE
HNSCC20_P2_G07_S175_comb,3.6573,1,Primary,0,Cancer cells,20,TRUE
HNSCC20_P11_C05_S221_comb,4.1002,1,Lymph node,0,Cancer cells,20,TRUE
HNSCC20_P11_D07_S235_comb,3.7885,1,Lymph node,0,Cancer cells,20,TRUE
HNSCC20_P11_F10_S262_comb,4.8839,1,Lymph node,0,Cancer cells,20,TRUE
HNSCC20_P2_H02_S182_comb,2.2138,1,Primary,0,Cancer cells,20,TRUE
HNSCC20_P11_D09_S237_comb,6.2191,1,Lymph node,0,Cancer cells,20,TRUE
HNSCC20_P11_D10_S238_comb,3.0699,1,Lymph node,0,Cancer cells,20,TRUE
HNSCC20_P1_C10_S34_comb,3.4457,1,Primary,0,Cancer cells,20,TRUE
HNSCC20_P1_H04_S88_comb,2.2732,1,Primary,0,Cancer cells,20,TRUE
HNSCC20_P11_B03_S207_comb,0,1,Lymph node,0,Cancer cells,20,FALSE
HNSCC20_P1_C09_S33_comb,2.7146,1,Primary,0,Cancer cells,20,TRUE
HNSCC20_P1_F02_S62_comb,2.8536,1,Primary,0,Cancer cells,20,TRUE
HNSCC20_P2_H05_S185_comb,0,1,Primary,0,Cancer cells,20,FALSE
HNSCC20_P2_F07_S163_comb,4.6858,1,Primary,0,Cancer cells,20,TRUE
HNSCC20_P12_G11_S371_comb,0,1,Lymph node,0,Cancer cells,20,FALSE
HNSCC20_P11_A12_S204_comb,4.765,1,Lymph node,0,Cancer cells,20,TRUE
HNSCC20_P1_B11_S23_comb,1.9753,1,Primary,0,Cancer cells,20,TRUE
HNSCC20_P1_E02_S50_comb,0,1,Primary,0,Cancer cells,20,FALSE
HNSCC20_P12_B04_S304_comb,0,1,Lymph node,0,Cancer cells,20,FALSE
HNSCC20_P11_A09_S201_comb,0.79992,1,Lymph node,0,Cancer cells,20,TRUE
HNSCC20_P1_C04_S28_comb,0,1,Primary,0,Cancer cells,20,FALSE
HNSCC20_P2_D12_S144_comb,2.8375,1,Primary,0,Cancer cells,20,TRUE
HNSCC20_P1_F08_S68_comb,4.5418,1,Primary,0,Cancer cells,20,TRUE
HNSCC20_P12_G10_S370_comb,0,1,Lymph node,0,Cancer cells,20,FALSE
HNSCC20_P1_B08_S20_comb,0,1,Primary,0,Cancer cells,20,FALSE
HNSCC20_P11_H12_S288_comb,4.5357,1,Lymph node,0,Cancer cells,20,TRUE
HNSCC20_P11_D12_S240_comb,5.2587,1,Lymph node,0,Cancer cells,20,TRUE
HNSCC20_P2_F10_S166_comb,0,1,Primary,0,Cancer cells,20,FALSE
HNSCC20_P1_F05_S65_comb,0,0,Primary,0,0,20,FALSE
HNSCC20_P1_F12_S72_comb,4.5243,1,Primary,0,Cancer cells,20,TRUE
HNSCC20_P12_C06_S318_comb,4.7096,1,Lymph node,0,Cancer cells,20,TRUE
HNSCC20_P11_H08_S284_comb,0,1,Lymph node,0,Cancer cells,20,FALSE
HNSCC20_P2_F02_S158_comb,3.6988,1,Primary,0,Cancer cells,20,TRUE
HNSCC20_P11_H07_S283_comb,5.7786,1,Lymph node,0,Cancer cells,20,TRUE
HNSCC20_P12_A01_S289_comb,4.8174,1,Lymph node,0,Cancer cells,20,TRUE
HNSCC20_P11_G03_S267_comb,0,1,Lymph node,0,Cancer cells,20,FALSE
HNSCC20_P11_F01_S253_comb,0,1,Lymph node,0,Cancer cells,20,FALSE
HNSCC20_P12_D03_S327_comb,2.8337,1,Lymph node,0,Cancer cells,20,TRUE
HNSCC20_P11_C09_S225_comb,2.0356,1,Lymph node,0,Cancer cells,20,TRUE
HNSCC20_P12_B03_S303_comb,3.9996,1,Lymph node,0,Cancer cells,20,TRUE
HNSCC20_P1_G10_S82_comb,0,1,Primary,0,Cancer cells,20,FALSE
HNSCC20_P2_B08_S116_comb,0,1,Primary,0,Cancer cells,20,FALSE
HNSCC20_P1_G11_S83_comb,3.9213,1,Primary,0,Cancer cells,20,TRUE
HNSCC20_P11_B11_S215_comb,0,1,Lymph node,0,Cancer cells,20,FALSE
HNSCC20_P12_D05_S329_comb,0,1,Lymph node,0,Cancer cells,20,FALSE
HNSCC20_P12_D01_S325_comb,0,1,Lymph node,0,Cancer cells,20,FALSE
HNSCC20_P11_C11_S227_comb,4.883,1,Lymph node,0,Cancer cells,20,TRUE
HNSCC20_P2_D11_S143_comb,1.844,1,Primary,0,Cancer cells,20,TRUE
HNSCC20_P2_E08_S152_comb,3.6107,1,Primary,0,Cancer cells,20,TRUE
HNSCC20_P2_E06_S150_comb,0,1,Primary,0,Cancer cells,20,FALSE
HNSCC20_P2_F08_S164_comb,1.8319,1,Primary,0,Cancer cells,20,TRUE
HNSCC20_P1_D07_S43_comb,3.625,1,Primary,0,Cancer cells,20,TRUE
HNSCC20_P2_A04_S100_comb,0,1,Primary,0,Cancer cells,20,FALSE
HNSCC20_P1_H07_S91_comb,0,1,Primary,0,Cancer cells,20,FALSE
HNSCC20_P12_B01_S301_comb,0,1,Lymph node,0,Cancer cells,20,FALSE
HNSCC20_P1_D02_S38_comb,3.7501,1,Primary,0,Cancer cells,20,TRUE
HNSCC20_P11_H11_S287_comb,0,1,Lymph node,0,Cancer cells,20,FALSE
HNSCC20_P11_B06_S210_comb,3.4149,1,Lymph node,0,Cancer cells,20,TRUE
HNSCC20_P2_B05_S113_comb,2.5617,1,Primary,0,Cancer cells,20,TRUE
HNSCC20_P11_H05_S281_comb,0,1,Lymph node,0,Cancer cells,20,FALSE
HNSCC20_P11_A02_S194_comb,4.9549,1,Lymph node,0,Cancer cells,20,TRUE
HNSCC20_P12_F02_S350_comb,0,1,Lymph node,0,Cancer cells,20,FALSE
HNSCC20_P2_C01_S121_comb,4.5469,1,Primary,0,Cancer cells,20,TRUE
HNSCC20_P2_G05_S173_comb,3.2479,1,Primary,0,Cancer cells,20,TRUE
HNSCC20_P1_G05_S77_comb,4.5517,1,Primary,0,Cancer cells,20,TRUE
HNSCC20_P2_H12_S192_comb,0,1,Primary,0,Cancer cells,20,FALSE
HNSCC20_P11_F02_S254_comb,2.6053,1,Lymph node,0,Cancer cells,20,TRUE
HNSCC20_P11_G04_S268_comb,0,1,Lymph node,0,Cancer cells,20,FALSE
HNSCC20_P12_F11_S359_comb,0,1,Lymph node,0,Cancer cells,20,FALSE
HNSCC20_P2_C02_S122_comb,0,1,Primary,0,Cancer cells,20,FALSE
HNSCC20_P2_H07_S187_comb,5.4512,1,Primary,0,Cancer cells,20,TRUE
HNSCC20_P1_D05_S41_comb,4.3745,1,Primary,0,Cancer cells,20,TRUE
HNSCC20_P1_E11_S59_comb,0,1,Primary,0,Cancer cells,20,FALSE
HNSCC20_P2_G06_S174_comb,2.9186,1,Primary,0,Cancer cells,20,TRUE
HNSCC20_P2_G03_S171_comb,0,1,Primary,0,Cancer cells,20,FALSE
HNSCC20_P2_C10_S130_comb,3.559,1,Primary,0,Cancer cells,20,TRUE
HNSCC20_P12_D08_S332_comb,3.1261,1,Lymph node,0,Cancer cells,20,TRUE
HNSCC20_P2_E03_S147_comb,2.1247,1,Primary,0,Cancer cells,20,TRUE
HNSCC20_P12_E02_S338_comb,2.3071,1,Lymph node,0,Cancer cells,20,TRUE
HNSCC20_P2_F11_S167_comb,2.9411,1,Primary,0,Cancer cells,20,TRUE
HNSCC20_P1_A10_S10_comb,0,1,Primary,0,Cancer cells,20,FALSE
HNSCC20_P1_A09_S9_comb,4.8351,1,Primary,0,Cancer cells,20,TRUE
HNSCC20_P2_B03_S111_comb,4.8301,1,Primary,0,Cancer cells,20,TRUE
HNSCC20_P2_D09_S141_comb,2.3391,1,Primary,0,Cancer cells,20,TRUE
HNSCC20_P2_G10_S178_comb,4.4971,0,Primary,0,0,20,TRUE
HNSCC20_P12_A10_S298_comb,0,1,Lymph node,0,Cancer cells,20,FALSE
HNSCC20_P11_B05_S209_comb,4.1714,1,Lymph node,0,Cancer cells,20,TRUE
HNSCC20_P2_E07_S151_comb,3.957,1,Primary,0,Cancer cells,20,TRUE
HNSCC20_P11_E02_S242_comb,4.678,1,Lymph node,0,Cancer cells,20,TRUE
HNSCC20_P2_D04_S136_comb,0,1,Primary,0,Cancer cells,20,FALSE
HNSCC20_P1_D03_S39_comb,4.5878,1,Primary,0,Cancer cells,20,TRUE
HNSCC20_P2_F03_S159_comb,0,1,Primary,0,Cancer cells,20,FALSE
HNSCC20_P12_D12_S336_comb,2.8572,1,Lymph node,0,Cancer cells,20,TRUE
HNSCC20_P12_A05_S293_comb,4.8783,1,Lymph node,0,Cancer cells,20,TRUE
HNSCC20_P11_H04_S280_comb,4.2625,0,Lymph node,Fibroblast,Fibroblast,20,TRUE
HNSCC20_P2_B06_S114_comb,4.4521,1,Primary,0,Cancer cells,20,TRUE
HNSCC20_P2_H03_S183_comb,3.0149,1,Primary,0,Cancer cells,20,TRUE
HNSCC20_P11_A03_S195_comb,4.713,1,Lymph node,0,Cancer cells,20,TRUE
HNSCC20_P1_C05_S29_comb,3.8245,1,Primary,0,Cancer cells,20,TRUE
HNSCC20_P12_D11_S335_comb,2.8041,1,Lymph node,0,Cancer cells,20,TRUE
HNSCC20_P11_A04_S196_comb,0,1,Lymph node,0,Cancer cells,20,FALSE
HNSCC20_P2_D10_S142_comb,2.9048,1,Primary,0,Cancer cells,20,TRUE
HNSCC20_P2_D01_S133_comb,4.9629,1,Primary,0,Cancer cells,20,TRUE
HNSCC20_P1_D12_S48_comb,2.7587,1,Primary,0,Cancer cells,20,TRUE
HNSCC20_P2_C06_S126_comb,0,1,Primary,0,Cancer cells,20,FALSE
HNSCC20_P1_E10_S58_comb,3.1566,1,Primary,0,Cancer cells,20,TRUE
HNSCC20_P11_G11_S275_comb,3.5004,1,Lymph node,0,Cancer cells,20,TRUE
HNSCC20_P11_G12_S276_comb,0,1,Lymph node,0,Cancer cells,20,FALSE
HNSCC20_P12_E10_S346_comb,0,1,Lymph node,0,Cancer cells,20,FALSE
HNSCC20_P2_E02_S146_comb,2.9356,1,Primary,0,Cancer cells,20,TRUE
HNSCC20_P2_C08_S128_comb,0,1,Primary,0,Cancer cells,20,FALSE
HNSCC20_P12_B10_S310_comb,4.1625,1,Lymph node,0,Cancer cells,20,TRUE
HNSCC20_P11_H10_S286_comb,0,1,Lymph node,0,Cancer cells,20,FALSE
HNSCC20_P1_F04_S64_comb,0,1,Primary,0,Cancer cells,20,FALSE
HNSCC20_P12_E05_S341_comb,0,1,Lymph node,0,Cancer cells,20,FALSE
HNSCC20_P12_H11_S383_comb,3.545,1,Lymph node,0,Cancer cells,20,TRUE
HNSCC20_P1_A03_S3_comb,0,1,Primary,0,Cancer cells,20,FALSE
HNSCC20_P12_D09_S333_comb,0,1,Lymph node,0,Cancer cells,20,FALSE
HNSCC20_P11_C02_S218_comb,0,1,Lymph node,0,Cancer cells,20,FALSE
HNSCC20_P12_E04_S340_comb,0.75189,1,Lymph node,0,Cancer cells,20,TRUE
HNSCC20_P11_G09_S273_comb,0,1,Lymph node,0,Cancer cells,20,FALSE
HNSCC20_P2_E10_S154_comb,2.763,1,Primary,0,Cancer cells,20,TRUE
HNSCC20_P2_C04_S124_comb,3.9873,1,Primary,0,Cancer cells,20,TRUE
HNSCC20_P12_E11_S347_comb,1.1941,1,Lymph node,0,Cancer cells,20,TRUE
HNSCC20_P12_H05_S377_comb,3.2102,1,Lymph node,0,Cancer cells,20,TRUE
HNSCC20_P12_E03_S339_comb,1.3115,1,Lymph node,0,Cancer cells,20,TRUE
HNSCC20_P1_D06_S42_comb,5.3267,1,Primary,0,Cancer cells,20,TRUE
HNSCC20_P2_F06_S162_comb,2.5688,1,Primary,0,Cancer cells,20,TRUE
HNSCC20_P12_H09_S381_comb,0,1,Lymph node,0,Cancer cells,20,FALSE
HNSCC20_P11_C03_S219_comb,0,1,Lymph node,0,Cancer cells,20,FALSE
HNSCC20_P12_F04_S352_comb,4.0919,1,Lymph node,0,Cancer cells,20,TRUE
HNSCC20_P11_E09_S249_comb,2.3477,1,Lymph node,0,Cancer cells,20,TRUE
HNSCC20_P1_H03_S87_comb,2.7459,1,Primary,0,Cancer cells,20,TRUE
HNSCC20_P12_D04_S328_comb,3.3313,1,Lymph node,0,Cancer cells,20,TRUE
HNSCC20_P2_A03_S99_comb,0,1,Primary,0,Cancer cells,20,FALSE
HNSCC20_P1_B10_S22_comb,2.988,1,Primary,0,Cancer cells,20,TRUE
HNSCC20_P2_F01_S157_comb,0,1,Primary,0,Cancer cells,20,FALSE
HNSCC20_P1_H02_S86_comb,0,1,Primary,0,Cancer cells,20,FALSE
HNSCC20_P1_A12_S12_comb,0,0,Primary,Fibroblast,Fibroblast,20,FALSE
HNSCC20_P1_A06_S6_comb,4.3155,1,Primary,0,Cancer cells,20,TRUE
HNSCC20_P1_F10_S70_comb,0,1,Primary,0,Cancer cells,20,FALSE
HNSCC20_P2_A08_S104_comb,3.3049,1,Primary,0,Cancer cells,20,TRUE
HNSCC20_P1_G09_S81_comb,2.0022,1,Primary,0,Cancer cells,20,TRUE
HNSCC20_P11_H06_S282_comb,4.2091,1,Lymph node,0,Cancer cells,20,TRUE
HNSCC20_P11_G10_S274_comb,0,1,Lymph node,0,Cancer cells,20,FALSE
HNSCC20_P11_A01_S193_comb,0,1,Lymph node,0,Cancer cells,20,FALSE
HNSCC20_P1_B02_S14_comb,2.5256,1,Primary,0,Cancer cells,20,TRUE
HNSCC20_P11_D06_S234_comb,0,1,Lymph node,0,Cancer cells,20,FALSE
HNSCC20_P1_D01_S37_comb,0,1,Primary,0,Cancer cells,20,FALSE
HNSCC20_P2_B02_S110_comb,0.92296,1,Primary,0,Cancer cells,20,TRUE
HNSCC20_P11_B09_S213_comb,0,1,Lymph node,0,Cancer cells,20,FALSE
HNSCC20_P1_H11_S95_comb,2.0759,1,Primary,0,Cancer cells,20,TRUE
HNSCC20_P1_G07_S79_comb,0,1,Primary,0,Cancer cells,20,FALSE
HNSCC20_P12_E08_S344_comb,2.6304,1,Lymph node,0,Cancer cells,20,TRUE
HNSCC20_P2_A05_S101_comb,2.7956,1,Primary,0,Cancer cells,20,TRUE
HNSCC20_P2_A07_S103_comb,3.5313,1,Primary,0,Cancer cells,20,TRUE
HNSCC20_P2_B11_S119_comb,2.9419,1,Primary,0,Cancer cells,20,TRUE
HNSCC20_P11_C07_S223_comb,0,1,Lymph node,0,Cancer cells,20,FALSE
HNSCC20_P12_F08_S356_comb,6.152,1,Lymph node,0,Cancer cells,20,TRUE
HNSCC20_P11_G08_S272_comb,0.61259,1,Lymph node,0,Cancer cells,20,TRUE
HNSCC20_P11_F09_S261_comb,0,1,Lymph node,0,Cancer cells,20,FALSE
HNSCC20_P2_C03_S123_comb,4.8418,1,Primary,0,Cancer cells,20,TRUE
HNSCC20_P2_D07_S139_comb,0,1,Primary,0,Cancer cells,20,FALSE
HNSCC20_P12_B07_S307_comb,0,1,Lymph node,0,Cancer cells,20,FALSE
HNSCC20_P1_G02_S74_comb,3.0671,1,Primary,0,Cancer cells,20,TRUE
HNSCC20_P12_G02_S362_comb,0,0,Lymph node,0,0,20,FALSE
HNSCC20_P12_G07_S367_comb,3.5826,1,Lymph node,0,Cancer cells,20,TRUE
HNSCC20_P12_H01_S373_comb,3.1955,1,Lymph node,0,Cancer cells,20,TRUE
HNSCC20_P1_C08_S32_comb,0,1,Primary,0,Cancer cells,20,FALSE
HNSCC20_P2_C09_S129_comb,3.3343,1,Primary,0,Cancer cells,20,TRUE
HNSCC20_P12_H02_S374_comb,4.1741,1,Lymph node,0,Cancer cells,20,TRUE
HNSCC20_P1_E05_S53_comb,0,1,Primary,0,Cancer cells,20,FALSE
HNSCC20_P1_B09_S21_comb,2.7604,1,Primary,0,Cancer cells,20,TRUE
HNSCC20_P11_B08_S212_comb,0,1,Lymph node,0,Cancer cells,20,FALSE
HNSCC20_P12_F05_S353_comb,7.0165,1,Lymph node,0,Cancer cells,20,TRUE
HNSCC20_P11_G05_S269_comb,0,1,Lymph node,0,Cancer cells,20,FALSE
HNSCC20_P1_G12_S84_comb,0,1,Primary,0,Cancer cells,20,FALSE
HNSCC20_P1_B01_S13_comb,3.7015,1,Primary,0,Cancer cells,20,TRUE
HNSCC20_P1_D08_S44_comb,0,1,Primary,0,Cancer cells,20,FALSE
HNSCC20_P11_E03_S243_comb,4.2434,1,Lymph node,0,Cancer cells,20,TRUE
HNSCC20_P1_A05_S5_comb,0,1,Primary,0,Cancer cells,20,FALSE
HNSCC20_P12_H10_S382_comb,0,1,Lymph node,0,Cancer cells,20,FALSE
HNSCC20_P11_E07_S247_comb,4.3389,1,Lymph node,0,Cancer cells,20,TRUE
HNSCC20_P12_E12_S348_comb,2.4383,1,Lymph node,0,Cancer cells,20,TRUE
HNSCC20_P1_H06_S90_comb,0,1,Primary,0,Cancer cells,20,FALSE
HNSCC20_P1_B06_S18_comb,5.439,1,Primary,0,Cancer cells,20,TRUE
HNSCC20_P12_G01_S361_comb,0,1,Lymph node,0,Cancer cells,20,FALSE
HNSCC20_P11_B01_S205_comb,2.9422,1,Lymph node,0,Cancer cells,20,TRUE
HNSCC20_P1_E08_S56_comb,2.8683,1,Primary,0,Cancer cells,20,TRUE
HNSCC20_P12_B09_S309_comb,4.2233,1,Lymph node,0,Cancer cells,20,TRUE
HNSCC20_P11_D08_S236_comb,0,1,Lymph node,0,Cancer cells,20,FALSE
HNSCC20_P11_A06_S198_comb,4.3294,1,Lymph node,0,Cancer cells,20,TRUE
HNSCC20_P2_A02_S98_comb,2.3331,1,Primary,0,Cancer cells,20,TRUE
HNSCC20_P2_B01_S109_comb,3.8026,1,Primary,0,Cancer cells,20,TRUE
HNSCC20_P1_B04_S16_comb,0.99059,1,Primary,0,Cancer cells,20,TRUE
HNSCC20_P1_C11_S35_comb,1.0949,1,Primary,0,Cancer cells,20,TRUE
HNSCC20_P11_D02_S230_comb,4.6567,1,Lymph node,0,Cancer cells,20,TRUE
HNSCC20_P12_C12_S324_comb,3.3028,1,Lymph node,0,Cancer cells,20,TRUE
HNSCC20_P11_E04_S244_comb,0,1,Lymph node,0,Cancer cells,20,FALSE
HNSCC20_P1_H10_S94_comb,4.5888,1,Primary,0,Cancer cells,20,TRUE
HNSCC20_P12_G12_S372_comb,0,1,Lymph node,0,Cancer cells,20,FALSE
HNSCC20_P2_C05_S125_comb,5.034,1,Primary,0,Cancer cells,20,TRUE
HNSCC20_P11_C06_S222_comb,0,1,Lymph node,0,Cancer cells,20,FALSE
HNSCC20_P11_D11_S239_comb,0.55876,1,Lymph node,0,Cancer cells,20,TRUE
HNSCC20_P2_H10_S190_comb,1.3033,1,Primary,0,Cancer cells,20,TRUE
HNSCC20_P1_G01_S73_comb,0,1,Primary,0,Cancer cells,20,FALSE
HNSCC20_P12_D06_S330_comb,2.8514,1,Lymph node,0,Cancer cells,20,TRUE
HNSCC20_P12_A11_S299_comb,0,1,Lymph node,0,Cancer cells,20,FALSE
HNSCC20_P1_H01_S85_comb,0,1,Primary,0,Cancer cells,20,FALSE
HNSCC20_P1_A04_S4_comb,0,1,Primary,0,Cancer cells,20,FALSE
HNSCC20_P11_F05_S257_comb,5.5902,1,Lymph node,0,Cancer cells,20,TRUE
HNSCC20_P2_B07_S115_comb,3.1787,1,Primary,0,Cancer cells,20,TRUE
HNSCC20_P11_H02_S278_comb,4.8469,1,Lymph node,0,Cancer cells,20,TRUE
HNSCC20_P1_A11_S11_comb,3.8458,1,Primary,0,Cancer cells,20,TRUE
HNSCC20_P12_A12_S300_comb,2.1322,1,Lymph node,0,Cancer cells,20,TRUE
HNSCC20_P11_E11_S251_comb,4.4676,1,Lymph node,0,Cancer cells,20,TRUE
HNSCC20_P1_D09_S45_comb,0,1,Primary,0,Cancer cells,20,FALSE
HNSCC20_P1_B05_S17_comb,0,1,Primary,0,Cancer cells,20,FALSE
HNSCC20_P11_E01_S241_comb,3.5455,1,Lymph node,0,Cancer cells,20,TRUE
HNSCC20_P1_D10_S46_comb,0.60881,1,Primary,0,Cancer cells,20,TRUE
HNSCC20_P1_G08_S80_comb,2.7816,1,Primary,0,Cancer cells,20,TRUE
HNSCC20_P1_C03_S27_comb,0,1,Primary,0,Cancer cells,20,FALSE
HNSCC20_P2_C07_S127_comb,3.0154,1,Primary,0,Cancer cells,20,TRUE
HNSCC20_P2_G01_S169_comb,4.959,1,Primary,0,Cancer cells,20,TRUE
HNSCC20_P11_E06_S246_comb,1.1322,1,Lymph node,0,Cancer cells,20,TRUE
HNSCC20_P12_C05_S317_comb,2.4818,1,Lymph node,0,Cancer cells,20,TRUE
HNSCC20_P1_E04_S52_comb,0.57918,1,Primary,0,Cancer cells,20,TRUE
HNSCC20_P2_H09_S189_comb,0,1,Primary,0,Cancer cells,20,FALSE
HNSCC20_P1_F09_S69_comb,0,1,Primary,0,Cancer cells,20,FALSE
HNSCC20_P1_D11_S47_comb,2.4035,1,Primary,0,Cancer cells,20,TRUE
HNSCC20_P2_H08_S188_comb,3.0414,1,Primary,0,Cancer cells,20,TRUE
HNSCC20_P12_A08_S296_comb,0,1,Lymph node,0,Cancer cells,20,FALSE
HNSCC20_P2_G04_S172_comb,2.3406,1,Primary,0,Cancer cells,20,TRUE
HNSCC20_P11_F08_S260_comb,0.77653,1,Lymph node,0,Cancer cells,20,TRUE
HNSCC20_P12_F10_S358_comb,3.431,1,Lymph node,0,Cancer cells,20,TRUE
HNSCC20_P2_F04_S160_comb,3.3387,1,Primary,0,Cancer cells,20,TRUE
HNSCC20_P11_F06_S258_comb,4.6686,1,Lymph node,0,Cancer cells,20,TRUE
HNSCC20_P2_C12_S132_comb,2.8242,1,Primary,0,Cancer cells,20,TRUE
HNSCC20_P1_G06_S78_comb,2.3793,1,Primary,0,Cancer cells,20,TRUE
HNSCC20_P12_B06_S306_comb,4.3403,1,Lymph node,0,Cancer cells,20,TRUE
HNSCC20_P12_H07_S379_comb,3.408,1,Lymph node,0,Cancer cells,20,TRUE
HNSCC20_P2_A10_S106_comb,4.0801,1,Primary,0,Cancer cells,20,TRUE
HNSCC20_P12_H03_S375_comb,0,1,Lymph node,0,Cancer cells,20,FALSE
HNSCC20_P2_F05_S161_comb,4.0352,1,Primary,0,Cancer cells,20,TRUE
HNSCC20_P2_E05_S149_comb,3.3044,1,Primary,0,Cancer cells,20,TRUE
HNSCC20_P11_F04_S256_comb,0,1,Lymph node,0,Cancer cells,20,FALSE
HNSCC20_P2_E12_S156_comb,3.3981,1,Primary,0,Cancer cells,20,TRUE
HNSCC20_P12_B02_S302_comb,3.1362,1,Lymph node,0,Cancer cells,20,TRUE
HNSCC20_P12_A04_S292_comb,4.9237,1,Lymph node,0,Cancer cells,20,TRUE
HNSCC20_P12_A09_S297_comb,4.2156,1,Lymph node,0,Cancer cells,20,TRUE
HNSCC20_P11_A10_S202_comb,0,1,Lymph node,0,Cancer cells,20,FALSE
HNSCC20_P11_B04_S208_comb,4.0799,1,Lymph node,0,Cancer cells,20,TRUE
HNSCC20_P12_G04_S364_comb,4.3049,1,Lymph node,0,Cancer cells,20,TRUE
HNSCC20_P2_B10_S118_comb,3.0482,1,Primary,0,Cancer cells,20,TRUE
HNSCC20_P2_H06_S186_comb,0,0,Primary,0,0,20,FALSE
HNSCC20_P12_H04_S376_comb,0.31499,1,Lymph node,0,Cancer cells,20,TRUE
HNSCC20_P12_B08_S308_comb,0,1,Lymph node,0,Cancer cells,20,FALSE
HNSCC20_P1_C02_S26_comb,5.4704,1,Primary,0,Cancer cells,20,TRUE
HNSCC20_P1_E12_S60_comb,4.5458,1,Primary,0,Cancer cells,20,TRUE
HNSCC20_P11_F07_S259_comb,0,1,Lymph node,0,Cancer cells,20,FALSE
HNSCC20_P11_F11_S263_comb,0,1,Lymph node,0,Cancer cells,20,FALSE
HNSCC20_P11_B12_S216_comb,0,1,Lymph node,0,Cancer cells,20,FALSE
HNSCC20_P11_A11_S203_comb,0,1,Lymph node,0,Cancer cells,20,FALSE
HNSCC20_P2_F09_S165_comb,4.4622,1,Primary,0,Cancer cells,20,TRUE
HNSCC20_P1_B12_S24_comb,0,1,Primary,0,Cancer cells,20,FALSE
HNSCC20_P2_A01_S97_comb,2.6413,1,Primary,0,Cancer cells,20,TRUE
HNSCC20_P12_C10_S322_comb,3.4011,1,Lymph node,0,Cancer cells,20,TRUE
HNSCC20_P1_C07_S31_comb,0,1,Primary,0,Cancer cells,20,FALSE
HNSCC20_P2_B12_S120_comb,3.8808,1,Primary,0,Cancer cells,20,TRUE
HNSCC20_P11_B10_S214_comb,2.7433,1,Lymph node,0,Cancer cells,20,TRUE
HNSCC20_P1_E03_S51_comb,4.2577,1,Primary,0,Cancer cells,20,TRUE
HNSCC20_P2_D03_S135_comb,3.6636,1,Primary,0,Cancer cells,20,TRUE
HNSCC20_P11_G06_S270_comb,2.948,1,Lymph node,0,Cancer cells,20,TRUE
HNSCC20_P12_A07_S295_comb,4.796,1,Lymph node,0,Cancer cells,20,TRUE
HNSCC20_P2_G11_S179_comb,3.3361,1,Primary,0,Cancer cells,20,TRUE
HNSCC20_P12_E09_S345_comb,2.3671,1,Lymph node,0,Cancer cells,20,TRUE
HNSCC20_P1_A07_S7_comb,4.6831,1,Primary,0,Cancer cells,20,TRUE
HNSCC20_P1_F03_S63_comb,0,1,Primary,0,Cancer cells,20,FALSE
HNSCC20_P12_A06_S294_comb,0,1,Lymph node,0,Cancer cells,20,FALSE
HNSCC20_P11_C08_S224_comb,0,1,Lymph node,0,Cancer cells,20,FALSE
HNSCC20_P11_A08_S200_comb,0,1,Lymph node,0,Cancer cells,20,FALSE
HNSCC20_P12_C04_S316_comb,3.1258,1,Lymph node,0,Cancer cells,20,TRUE
HNSCC20_P12_E01_S337_comb,3.5516,1,Lymph node,0,Cancer cells,20,TRUE
HNSCC20_P2_B04_S112_comb,3.8433,1,Primary,0,Cancer cells,20,TRUE
HNSCC20_P1_E09_S57_comb,5.5668,1,Primary,0,Cancer cells,20,TRUE
HNSCC20_P2_B09_S117_comb,0,1,Primary,0,Cancer cells,20,FALSE
HNSCC20_P1_A08_S8_comb,0,1,Primary,0,Cancer cells,20,FALSE
HNSCC20_P2_D02_S134_comb,2.4457,1,Primary,0,Cancer cells,20,TRUE
HNSCC20_P11_F03_S255_comb,0,1,Lymph node,0,Cancer cells,20,FALSE
HNSCC20_P11_C10_S226_comb,4.1154,1,Lymph node,0,Cancer cells,20,TRUE
HNSCC20_P12_A02_S290_comb,0,1,Lymph node,0,Cancer cells,20,FALSE
HNSCC20_P1_E06_S54_comb,0,1,Primary,0,Cancer cells,20,FALSE
HNSCC20_P12_C02_S314_comb,1.2522,1,Lymph node,0,Cancer cells,20,TRUE
HNSCC20_P11_E05_S245_comb,4.5222,1,Lymph node,0,Cancer cells,20,TRUE
HNSCC20_P12_F09_S357_comb,0,1,Lymph node,0,Cancer cells,20,FALSE
HNSCC20_P12_B11_S311_comb,4.0985,1,Lymph node,0,Cancer cells,20,TRUE
HNSCC20_P12_B12_S312_comb,3.0423,1,Lymph node,0,Cancer cells,20,TRUE
HNSCC20_P11_E08_S248_comb,0,1,Lymph node,0,Cancer cells,20,FALSE
HNSCC20_P11_H03_S279_comb,4.6298,1,Lymph node,0,Cancer cells,20,TRUE
HNSCC20_P12_G09_S369_comb,0,1,Lymph node,0,Cancer cells,20,FALSE
HNSCC20_P2_F12_S168_comb,2.5228,1,Primary,0,Cancer cells,20,TRUE
HNSCC20_P11_C12_S228_comb,2.2966,1,Lymph node,0,Cancer cells,20,TRUE
HNSCC20_P11_H09_S285_comb,3.9818,1,Lymph node,0,Cancer cells,20,TRUE
HNSCC20_P12_G03_S363_comb,2.2016,1,Lymph node,0,Cancer cells,20,TRUE
HNSCC20_P12_F03_S351_comb,0,1,Lymph node,0,Cancer cells,20,FALSE
HNSCC20_P2_D05_S137_comb,0.32654,1,Primary,0,Cancer cells,20,TRUE
HNSCC20_P2_E11_S155_comb,0.7966,1,Primary,0,Cancer cells,20,TRUE
HNSCC20_P1_F11_S71_comb,2.2403,1,Primary,0,Cancer cells,20,TRUE
HNSCC20_P12_F12_S360_comb,0,1,Lymph node,0,Cancer cells,20,FALSE
HNSCC20_P11_G07_S271_comb,0,1,Lymph node,0,Cancer cells,20,FALSE
HNSCC20_P1_B03_S15_comb,4.1747,1,Primary,0,Cancer cells,20,TRUE
HNSCC20_P1_A02_S2_comb,0,1,Primary,0,Cancer cells,20,FALSE
HNSCC20_P2_H01_S181_comb,2.4396,1,Primary,0,Cancer cells,20,TRUE
HNSCC20_P2_D08_S140_comb,2.6362,1,Primary,0,Cancer cells,20,TRUE
HNSCC20_P12_C11_S323_comb,0,1,Lymph node,0,Cancer cells,20,FALSE
HNSCC20_P1_B07_S19_comb,1.4404,1,Primary,0,Cancer cells,20,TRUE
HNSCC20_P1_H09_S93_comb,0,1,Primary,0,Cancer cells,20,FALSE
HNSCC20_P11_H01_S277_comb,0,1,Lymph node,0,Cancer cells,20,FALSE
HNSCC20_P2_C11_S131_comb,2.7349,1,Primary,0,Cancer cells,20,TRUE
HNSCC20_P11_E12_S252_comb,0,1,Lymph node,0,Cancer cells,20,FALSE
HNSCC20_P12_G08_S368_comb,4.0826,1,Lymph node,0,Cancer cells,20,TRUE
HNSCC20_P12_D02_S326_comb,3.1528,1,Lymph node,0,Cancer cells,20,TRUE
HNSCC20_P12_C03_S315_comb,2.3959,1,Lymph node,0,Cancer cells,20,TRUE
HNSCC20_P11_B02_S206_comb,4.2922,1,Lymph node,0,Cancer cells,20,TRUE
HNSCC20_P11_A07_S199_comb,4.4783,1,Lymph node,0,Cancer cells,20,TRUE
HNSCC20_P12_H06_S378_comb,0,1,Lymph node,0,Cancer cells,20,FALSE
HNSCC20_P1_E07_S55_comb,4.0182,1,Primary,0,Cancer cells,20,TRUE
HNSCC20_P2_E04_S148_comb,3.5836,1,Primary,0,Cancer cells,20,TRUE
HNSCC20_P2_D06_S138_comb,3.6419,1,Primary,0,Cancer cells,20,TRUE
HNSCC20_P12_C09_S321_comb,0,1,Lymph node,0,Cancer cells,20,FALSE
HNSCC20_P11_G02_S266_comb,4.7538,1,Lymph node,0,Cancer cells,20,TRUE
HNSCC20_P1_G04_S76_comb,3.2526,1,Primary,0,Cancer cells,20,TRUE
HNSCC20_P12_H12_S384_comb,0,1,Lymph node,0,Cancer cells,20,FALSE
HNSCC20_P12_C07_S319_comb,0,1,Lymph node,0,Cancer cells,20,FALSE
HNSCC20_P11_G01_S265_comb,3.8311,1,Lymph node,0,Cancer cells,20,TRUE
HNSCC20_P12_D07_S331_comb,0,1,Lymph node,0,Cancer cells,20,FALSE
HNSCC20_P12_D10_S334_comb,0,1,Lymph node,0,Cancer cells,20,FALSE
HNSCC20_P1_H12_S96_comb,3.455,1,Primary,0,Cancer cells,20,TRUE
HNSCC20_P2_A06_S102_comb,3.7915,1,Primary,0,Cancer cells,20,TRUE
HNSCC20_P1_C01_S25_comb,0,1,Primary,0,Cancer cells,20,FALSE
HNSCC20_P12_F07_S355_comb,0,1,Lymph node,0,Cancer cells,20,FALSE
HNSCC20_P12_H08_S380_comb,3.7358,1,Lymph node,0,Cancer cells,20,TRUE
HNSCC20_P1_C06_S30_comb,0,1,Primary,0,Cancer cells,20,FALSE
HNSCC18_P2_A04_S100_comb,3.8427,1,Primary,0,Cancer cells,18,TRUE
HNSCC17_P7_A02_S98_comb,0,0,Primary,Fibroblast,Fibroblast,17,FALSE
HNSCC18_P7_H05_S185_comb,4.2241,1,Primary,0,Cancer cells,18,TRUE
HNSCC18_P3_D04_S328_comb,2.8424,1,Primary,0,Cancer cells,18,TRUE
HNSCC18_P16_A08_S200_comb,0,0,Primary,T cell,T cell,18,FALSE
HNSCC18_P3_D05_S329_comb,0,1,Primary,0,Cancer cells,18,FALSE
HNSCC_17_P10_G09_S273_comb,0,0,Primary,T cell,T cell,,FALSE
HNSCC18_P3_E11_S347_comb,0.20789,1,Primary,0,Cancer cells,18,TRUE
HNSCC16_P2_B04_S16_comb,4.1836,0,Primary,Endothelial,Endothelial,16,TRUE
HNSCC17_P13_G02_S362_comb,0,0,Primary,T cell,T cell,17,FALSE
HNSCC18_P2_A11_S107_comb,4.7398,1,Primary,0,Cancer cells,18,TRUE
HNSCC17_P13_C05_S317_comb,0,0,Primary,T cell,T cell,17,FALSE
HNSCC18_P16_B11_S215_comb,0,0,Primary,T cell,T cell,18,FALSE
HNSCC18_P3_B10_S310_comb,0,1,Primary,0,Cancer cells,18,FALSE
HNSCC17_P3_D01_S229_comb,2.7951,1,Primary,0,Cancer cells,17,TRUE
HNSCC17_P13_A09_S297_comb,0,0,Primary,Macrophage,Macrophage,17,FALSE
HNSCC17_P2_C01_S25_comb,2.4455,1,Primary,0,Cancer cells,17,TRUE
HNSCC16_P9_F09_S261_comb,0,0,Primary,T cell,T cell,16,FALSE
HNSCC16_P9_D05_S233_comb,0,0,Primary,T cell,T cell,16,FALSE
HNSCC18_P15_C09_S33_comb,0,0,Primary,T cell,T cell,18,FALSE
HNSCC18_P16_F10_S262_comb,0,0,Primary,T cell,T cell,18,FALSE
HNSCC17_P3_D04_S232_comb,2.4634,1,Primary,0,Cancer cells,17,TRUE
HNSCC18_P7_E03_S147_comb,3.4053,0,Primary,Fibroblast,Fibroblast,18,TRUE
HNSCC_17_P9_E08_S56_comb,0,0,Primary,T cell,T cell,,FALSE
HNSCC16_P2_A12_S12_comb,0.80571,0,Primary,Fibroblast,Fibroblast,16,TRUE
HNSCC16_P2_H07_S91_comb,6.233,0,Primary,Fibroblast,Fibroblast,16,TRUE
HNSCC16_P9_G01_S265_comb,0,0,Primary,T cell,T cell,16,FALSE
HNSCC18_P13_C10_S322_comb,0,0,Primary,T cell,T cell,18,FALSE
HNSCC17_P3_E03_S243_comb,0,1,Primary,0,Cancer cells,17,FALSE
HNSCC18_P7_A03_S99_comb,3.1063,0,Primary,Endothelial,Endothelial,18,TRUE
HNSCC16_P9_C09_S225_comb,0,0,Primary,T cell,T cell,16,FALSE
HNSCC16_P2_D10_S46_comb,0,0,Primary,Fibroblast,Fibroblast,16,FALSE
HNSCC18_P15_A10_S10_comb,0,0,Primary,T cell,T cell,18,FALSE
HNSCC18_P15_H09_S93_comb,0,0,Primary,T cell,T cell,18,FALSE
HNSCC_17_P10_F06_S258_comb,0,0,Primary,T cell,T cell,,FALSE
HNSCC_17_P9_H08_S92_comb,0,0,Primary,T cell,T cell,,FALSE
HNSCC17_P3_B08_S212_comb,2.8606,1,Primary,0,Cancer cells,17,TRUE
HNSCC16_P2_D08_S44_comb,4.4988,0,Primary,Fibroblast,Fibroblast,16,TRUE
HNSCC18_P3_H08_S380_comb,0.24123,1,Primary,0,Cancer cells,18,TRUE
HNSCC18_P13_F05_S353_comb,0,0,Primary,T cell,T cell,18,FALSE
HNSCC16_P9_G12_S276_comb,0,0,Primary,T cell,T cell,16,FALSE
HNSCC18_P15_C05_S29_comb,0,0,Primary,T cell,T cell,18,FALSE
HNSCC18_P16_E11_S251_comb,0,0,Primary,T cell,T cell,18,FALSE
HNSCC_17_P9_F12_S72_comb,0,0,Primary,T cell,T cell,,FALSE
HNSCC18_P2_G12_S180_comb,0,1,Primary,0,Cancer cells,18,FALSE
HNSCC_17_P10_E02_S242_comb,0,0,Primary,T cell,T cell,,FALSE
HNSCC16_P2_D03_S39_comb,0,0,Primary,Endothelial,Endothelial,16,FALSE
HNSCC18_P3_F11_S359_comb,0,0,Primary,0,0,18,FALSE
HNSCC_17_P9_F04_S64_comb,0,0,Primary,T cell,T cell,,FALSE
HNSCC17_P7_B09_S117_comb,0,0,Primary,Endothelial,Endothelial,17,FALSE
HNSCC_17_P10_D05_S233_comb,0,0,Primary,T cell,T cell,,FALSE
HNSCC18_P7_E11_S155_comb,5.2632,1,Primary,0,Cancer cells,18,TRUE
HNSCC16_P9_B09_S213_comb,0,0,Primary,T cell,T cell,16,FALSE
HNSCC18_P2_E11_S155_comb,0,1,Primary,0,Cancer cells,18,FALSE
HNSCC18_P3_A08_S296_comb,4.2892,1,Primary,0,Cancer cells,18,TRUE
HNSCC16_P2_F01_S61_comb,5.3112,0,Primary,Fibroblast,Fibroblast,16,TRUE
HNSCC18_P16_G09_S273_comb,0,0,Primary,T cell,T cell,18,FALSE
HNSCC17_P13_F10_S358_comb,0,0,Primary,Mast,Mast,17,FALSE
HNSCC17_P2_D01_S37_comb,3.4624,1,Primary,0,Cancer cells,17,TRUE
HNSCC18_P2_F04_S160_comb,0,0,Primary,0,0,18,FALSE
HNSCC17_P2_A05_S5_comb,0,1,Primary,0,Cancer cells,17,FALSE
HNSCC18_P7_H11_S191_comb,5.0678,1,Primary,0,Cancer cells,18,TRUE
HNSCC18_P3_D01_S325_comb,0,1,Primary,0,Cancer cells,18,FALSE
HNSCC18_P13_C01_S313_comb,0.34255,0,Primary,B cell,B cell,18,TRUE
HNSCC17_P2_G07_S79_comb,1.5049,1,Primary,0,Cancer cells,17,TRUE
HNSCC18_P3_E03_S339_comb,0,0,Primary,0,0,18,FALSE
HNSCC_17_P10_G01_S265_comb,0,0,Primary,T cell,T cell,,FALSE
HNSCC17_P7_D04_S136_comb,0,0,Primary,Fibroblast,Fibroblast,17,FALSE
HNSCC18_P2_A01_S97_comb,3.0467,0,Primary,0,0,18,TRUE
HNSCC18_P16_A04_S196_comb,0,0,Primary,T cell,T cell,18,FALSE
HNSCC_17_P9_A07_S7_comb,0,0,Primary,T cell,T cell,,FALSE
HNSCC18_P13_E08_S344_comb,0,0,Primary,Mast,Mast,18,FALSE
HNSCC16_P2_G01_S73_comb,4.624,0,Primary,Endothelial,Endothelial,16,TRUE
HNSCC17_P13_D03_S327_comb,0,0,Primary,Macrophage,Macrophage,17,FALSE
HNSCC17_P7_F02_S158_comb,4.5037,0,Primary,Fibroblast,Fibroblast,17,TRUE
HNSCC17_P2_F08_S68_comb,4.8747,1,Primary,0,Cancer cells,17,TRUE
HNSCC17_P2_E03_S51_comb,4.5198,1,Primary,0,Cancer cells,17,TRUE
HNSCC17_P2_C06_S30_comb,0,1,Primary,0,Cancer cells,17,FALSE
HNSCC17_P2_C09_S33_comb,3.6901,1,Primary,0,Cancer cells,17,TRUE
HNSCC18_P3_H12_S384_comb,1.0854,1,Primary,0,Cancer cells,18,TRUE
HNSCC18_P3_G01_S361_comb,0,0,Primary,0,0,18,FALSE
HNSCC16_P2_C09_S33_comb,4.5977,0,Primary,Fibroblast,Fibroblast,16,TRUE
HNSCC16_P2_F10_S70_comb,4.9369,0,Primary,Endothelial,Endothelial,16,TRUE
HNSCC16_P2_G08_S80_comb,5.5409,0,Primary,Endothelial,Endothelial,16,TRUE
HNSCC18_P3_G05_S365_comb,1.6178,0,Primary,0,0,18,TRUE
HNSCC18_P13_E12_S348_comb,0,0,Primary,T cell,T cell,18,FALSE
HNSCC18_P3_G12_S372_comb,0,0,Primary,Fibroblast,Fibroblast,18,FALSE
HNSCC17_P3_A12_S204_comb,2.0687,1,Primary,0,Cancer cells,17,TRUE
HNSCC18_P3_D09_S333_comb,0,0,Primary,0,0,18,FALSE
HNSCC17_P2_A04_S4_comb,2.2013,1,Primary,0,Cancer cells,17,TRUE
HNSCC18_P3_D03_S327_comb,2.389,1,Primary,0,Cancer cells,18,TRUE
HNSCC17_P2_C07_S31_comb,3.0293,1,Primary,0,Cancer cells,17,TRUE
HNSCC_17_P10_E05_S245_comb,0,0,Primary,T cell,T cell,,FALSE
HNSCC17_P3_C04_S220_comb,4.4193,1,Primary,0,Cancer cells,17,TRUE
HNSCC16_P2_B06_S18_comb,5.1094,0,Primary,Endothelial,Endothelial,16,TRUE
HNSCC18_P13_F03_S351_comb,0,0,Primary,T cell,T cell,18,FALSE
HNSCC17_P3_B07_S211_comb,0,1,Primary,0,Cancer cells,17,FALSE
HNSCC18_P3_A02_S290_comb,0,0,Primary,Mast,Mast,18,FALSE
HNSCC_17_P9_D09_S45_comb,0,0,Primary,T cell,T cell,,FALSE
HNSCC18_P7_E09_S153_comb,4.5032,0,Primary,Fibroblast,Fibroblast,18,TRUE
HNSCC18_P3_F06_S354_comb,0,0,Primary,0,0,18,FALSE
HNSCC_17_P9_F06_S66_comb,0,0,Primary,T cell,T cell,,FALSE
HNSCC18_P13_B02_S302_comb,0,0,Primary,T cell,T cell,18,FALSE
HNSCC16_P2_A06_S6_comb,5.0482,0,Primary,Fibroblast,Fibroblast,16,TRUE
HNSCC17_P13_H10_S382_comb,0,0,Primary,T cell,T cell,17,FALSE
HNSCC17_P3_D03_S231_comb,3.4687,1,Primary,0,Cancer cells,17,TRUE
HNSCC17_P3_C01_S217_comb,3.0808,1,Primary,0,Cancer cells,17,TRUE
HNSCC16_P9_H06_S282_comb,0,0,Primary,Fibroblast,Fibroblast,16,FALSE
HNSCC18_P2_A03_S99_comb,3.2356,1,Primary,0,Cancer cells,18,TRUE
HNSCC17_P7_C12_S132_comb,5.5398,0,Primary,Fibroblast,Fibroblast,17,TRUE
HNSCC18_P2_C09_S129_comb,0,0,Primary,0,0,18,FALSE
HNSCC_17_P10_D09_S237_comb,0,0,Primary,T cell,T cell,,FALSE
HNSCC17_P7_D05_S137_comb,6.5728,0,Primary,Fibroblast,Fibroblast,17,TRUE
HNSCC_17_P10_A05_S197_comb,0,0,Primary,T cell,T cell,,FALSE
HNSCC17_P2_B03_S15_comb,3.557,1,Primary,0,Cancer cells,17,TRUE
HNSCC17_P3_C11_S227_comb,3.433,1,Primary,0,Cancer cells,17,TRUE
HNSCC18_P13_F09_S357_comb,0,0,Primary,T cell,T cell,18,FALSE
HNSCC17_P7_G03_S171_comb,0,0,Primary,Fibroblast,Fibroblast,17,FALSE
HNSCC16_P9_H10_S286_comb,0,0,Primary,Endothelial,Endothelial,16,FALSE
HNSCC16_P9_B11_S215_comb,0,0,Primary,T cell,T cell,16,FALSE
HNSCC_17_P10_C06_S222_comb,0,0,Primary,T cell,T cell,,FALSE
HNSCC_17_P10_B02_S206_comb,0,0,Primary,T cell,T cell,,FALSE
HNSCC_17_P9_F07_S67_comb,0,0,Primary,T cell,T cell,,FALSE
HNSCC17_P7_H01_S181_comb,0,1,Primary,0,Cancer cells,17,FALSE
HNSCC_17_P10_D10_S238_comb,0,0,Primary,T cell,T cell,,FALSE
HNSCC17_P3_E12_S252_comb,0,1,Primary,0,Cancer cells,17,FALSE
HNSCC17_P2_C11_S35_comb,0,1,Primary,0,Cancer cells,17,FALSE
HNSCC_17_P10_B04_S208_comb,0,0,Primary,T cell,T cell,,FALSE
HNSCC18_P13_H08_S380_comb,0,0,Primary,T cell,T cell,18,FALSE
HNSCC16_P2_G07_S79_comb,5.5185,0,Primary,Fibroblast,Fibroblast,16,TRUE
HNSCC16_P2_C12_S36_comb,5.7598,0,Primary,Fibroblast,Fibroblast,16,TRUE
HNSCC17_P3_B10_S214_comb,0.7433,1,Primary,0,Cancer cells,17,TRUE
HNSCC_17_P10_C04_S220_comb,0,0,Primary,T cell,T cell,,FALSE
HNSCC16_P9_E06_S246_comb,0,0,Primary,T cell,T cell,16,FALSE
HNSCC17_P2_C03_S27_comb,2.8791,1,Primary,0,Cancer cells,17,TRUE
HNSCC16_P9_H12_S288_comb,4.3695,0,Primary,0,0,16,TRUE
HNSCC_17_P9_C03_S27_comb,0,0,Primary,T cell,T cell,,FALSE
HNSCC18_P16_D07_S235_comb,0,0,Primary,T cell,T cell,18,FALSE
HNSCC_17_P9_B04_S16_comb,0,0,Primary,T cell,T cell,,FALSE
HNSCC_17_P10_B11_S215_comb,0,0,Primary,T cell,T cell,,FALSE
HNSCC18_P13_G04_S364_comb,3.67,1,Primary,0,Cancer cells,18,TRUE
HNSCC16_P2_C02_S26_comb,0,0,Primary,Endothelial,Endothelial,16,FALSE
HNSCC_17_P9_H05_S89_comb,0,0,Primary,T cell,T cell,,FALSE
HNSCC17_P2_H07_S91_comb,3.2973,1,Primary,0,Cancer cells,17,TRUE
HNSCC_17_P9_D10_S46_comb,0,0,Primary,T cell,T cell,,FALSE
HNSCC18_P15_E06_S54_comb,0,0,Primary,T cell,T cell,18,FALSE
HNSCC17_P3_H02_S278_comb,3.4906,1,Primary,0,Cancer cells,17,TRUE
HNSCC18_P7_C10_S130_comb,0,0,Primary,0,0,18,FALSE
HNSCC18_P7_G04_S172_comb,4.9581,0,Primary,Fibroblast,Fibroblast,18,TRUE
HNSCC18_P13_G08_S368_comb,0,0,Primary,B cell,B cell,18,FALSE
HNSCC_17_P9_C06_S30_comb,0,0,Primary,T cell,T cell,,FALSE
HNSCC17_P2_F11_S71_comb,3.4308,1,Primary,0,Cancer cells,17,TRUE
HNSCC_17_P10_G12_S276_comb,0,0,Primary,T cell,T cell,,FALSE
HNSCC18_P16_E09_S249_comb,0,0,Primary,T cell,T cell,18,FALSE
HNSCC_17_P10_F11_S263_comb,0,0,Primary,T cell,T cell,,FALSE
HNSCC17_P3_H10_S286_comb,0,1,Primary,0,Cancer cells,17,FALSE
HNSCC16_P2_A08_S8_comb,3.9811,0,Primary,Fibroblast,Fibroblast,16,TRUE
HNSCC18_P7_G09_S177_comb,3.9585,0,Primary,Mast,Mast,18,TRUE
HNSCC16_P9_A04_S196_comb,0,0,Primary,T cell,T cell,16,FALSE
HNSCC17_P7_E02_S146_comb,0,0,Primary,Endothelial,Endothelial,17,FALSE
HNSCC16_P9_F07_S259_comb,0,0,Primary,T cell,T cell,16,FALSE
HNSCC18_P7_C11_S131_comb,2.4412,0,Primary,Fibroblast,Fibroblast,18,TRUE
HNSCC17_P2_B05_S17_comb,2.8879,1,Primary,0,Cancer cells,17,TRUE
HNSCC17_P7_A05_S101_comb,0,0,Primary,Endothelial,Endothelial,17,FALSE
HNSCC18_P15_D01_S37_comb,0,0,Primary,T cell,T cell,18,FALSE
HNSCC18_P13_F10_S358_comb,0,0,Primary,0,0,18,FALSE
HNSCC17_P7_A10_S106_comb,0,0,Primary,Fibroblast,Fibroblast,17,FALSE
HNSCC17_P3_A04_S196_comb,2.8604,0,Primary,0,0,17,TRUE
HNSCC18_P13_D11_S335_comb,0,0,Primary,T cell,T cell,18,FALSE
HNSCC16_P2_A03_S3_comb,5.4962,0,Primary,Fibroblast,Fibroblast,16,TRUE
HNSCC18_P15_B10_S22_comb,0,0,Primary,T cell,T cell,18,FALSE
HNSCC18_P15_A05_S5_comb,0,0,Primary,T cell,T cell,18,FALSE
HNSCC18_P13_H01_S373_comb,0,0,Primary,T cell,T cell,18,FALSE
HNSCC17_P2_E05_S53_comb,2.2585,1,Primary,0,Cancer cells,17,TRUE
HNSCC18_P13_A02_S290_comb,0,0,Primary,T cell,T cell,18,FALSE
HNSCC18_P16_D10_S238_comb,0,0,Primary,T cell,T cell,18,FALSE
HNSCC18_P3_A10_S298_comb,4.3725,0,Primary,0,0,18,TRUE
HNSCC16_P2_F05_S65_comb,0,0,Primary,Endothelial,Endothelial,16,FALSE
HNSCC17_P3_B09_S213_comb,1.8801,1,Primary,0,Cancer cells,17,TRUE
HNSCC17_P3_D02_S230_comb,4.676,1,Primary,0,Cancer cells,17,TRUE
HNSCC18_P7_C07_S127_comb,0,0,Primary,Fibroblast,Fibroblast,18,FALSE
HNSCC17_P7_A03_S99_comb,0,1,Primary,0,Cancer cells,17,FALSE
HNSCC18_P16_A10_S202_comb,0,0,Primary,T cell,T cell,18,FALSE
HNSCC_17_P10_D12_S240_comb,0,0,Primary,T cell,T cell,,FALSE
HNSCC17_P7_F12_S168_comb,5.9743,0,Primary,Fibroblast,Fibroblast,17,TRUE
HNSCC17_P13_E04_S340_comb,0.3584,0,Primary,B cell,B cell,17,TRUE
HNSCC_17_P9_B07_S19_comb,0,0,Primary,T cell,T cell,,FALSE
HNSCC16_P2_D04_S40_comb,0,0,Primary,Endothelial,Endothelial,16,FALSE
HNSCC_17_P9_D03_S39_comb,0,0,Primary,T cell,T cell,,FALSE
HNSCC17_P3_G03_S267_comb,1.9123,1,Primary,0,Cancer cells,17,TRUE
HNSCC18_P7_H03_S183_comb,4.2225,0,Primary,0,0,18,TRUE
HNSCC17_P7_C05_S125_comb,4.2559,1,Primary,0,Cancer cells,17,TRUE
HNSCC_17_P9_E02_S50_comb,5.7304,0,Primary,T cell,T cell,,TRUE
HNSCC18_P15_D05_S41_comb,0,0,Primary,T cell,T cell,18,FALSE
HNSCC18_P15_H07_S91_comb,0,0,Primary,T cell,T cell,18,FALSE
HNSCC16_P9_A06_S198_comb,0,0,Primary,Mast,Mast,16,FALSE
HNSCC17_P7_G06_S174_comb,5.961,0,Primary,Fibroblast,Fibroblast,17,TRUE
HNSCC17_P2_B07_S19_comb,0,1,Primary,0,Cancer cells,17,FALSE
HNSCC17_P7_B01_S109_comb,0,0,Primary,Fibroblast,Fibroblast,17,FALSE
HNSCC18_P15_B11_S23_comb,0,0,Primary,T cell,T cell,18,FALSE
HNSCC18_P15_D03_S39_comb,0,0,Primary,T cell,T cell,18,FALSE
HNSCC16_P9_H07_S283_comb,0,0,Primary,Endothelial,Endothelial,16,FALSE
HNSCC18_P15_D12_S48_comb,0,0,Primary,T cell,T cell,18,FALSE
HNSCC18_P7_F01_S157_comb,4.4203,0,Primary,Endothelial,Endothelial,18,TRUE
HNSCC18_P2_D03_S135_comb,3.6906,0,Primary,0,0,18,TRUE
HNSCC17_P3_F02_S254_comb,4.7239,0,Primary,Mast,Mast,17,TRUE
HNSCC16_P2_C05_S29_comb,4.2783,0,Primary,Fibroblast,Fibroblast,16,TRUE
HNSCC18_P3_H01_S373_comb,4.2942,1,Primary,0,Cancer cells,18,TRUE
HNSCC_17_P9_C07_S31_comb,0,0,Primary,T cell,T cell,,FALSE
HNSCC17_P7_A08_S104_comb,0,1,Primary,0,Cancer cells,17,FALSE
HNSCC16_P9_F01_S253_comb,0,0,Primary,T cell,T cell,16,FALSE
HNSCC16_P2_C11_S35_comb,4.7695,0,Primary,Fibroblast,Fibroblast,16,TRUE
HNSCC18_P15_H08_S92_comb,0,0,Primary,T cell,T cell,18,FALSE
HNSCC_17_P10_G08_S272_comb,0,0,Primary,T cell,T cell,,FALSE
HNSCC16_P9_B04_S208_comb,0,0,Primary,T cell,T cell,16,FALSE
HNSCC18_P13_G03_S363_comb,0,0,Primary,T cell,T cell,18,FALSE
HNSCC18_P7_C02_S122_comb,4.758,1,Primary,0,Cancer cells,18,TRUE
HNSCC18_P13_H04_S376_comb,6.4196,0,Primary,B cell,B cell,18,TRUE
HNSCC18_P2_C10_S130_comb,0.53903,0,Primary,0,0,18,TRUE
HNSCC18_P13_B12_S312_comb,0,0,Primary,T cell,T cell,18,FALSE
HNSCC_17_P10_E06_S246_comb,0,0,Primary,T cell,T cell,,FALSE
HNSCC18_P7_B06_S114_comb,0,0,Primary,Fibroblast,Fibroblast,18,FALSE
HNSCC17_P3_H08_S284_comb,4.4695,1,Primary,0,Cancer cells,17,TRUE
HNSCC18_P7_B05_S113_comb,2.6241,0,Primary,Fibroblast,Fibroblast,18,TRUE
HNSCC18_P7_G02_S170_comb,0,0,Primary,Endothelial,Endothelial,18,FALSE
HNSCC18_P3_G06_S366_comb,5.6214,0,Primary,0,0,18,TRUE
HNSCC17_P7_F03_S159_comb,4.894,0,Primary,Endothelial,Endothelial,17,TRUE
HNSCC_17_P10_H02_S278_comb,0,0,Primary,T cell,T cell,,FALSE
HNSCC18_P16_E08_S248_comb,0,0,Primary,T cell,T cell,18,FALSE
HNSCC16_P2_C03_S27_comb,5.175,0,Primary,Fibroblast,Fibroblast,16,TRUE
HNSCC18_P7_F04_S160_comb,2.2678,1,Primary,0,Cancer cells,18,TRUE
HNSCC18_P15_A12_S12_comb,0,0,Primary,T cell,T cell,18,FALSE
HNSCC_17_P10_A12_S204_comb,0,0,Primary,T cell,T cell,,FALSE
HNSCC18_P2_D04_S136_comb,0,1,Primary,0,Cancer cells,18,FALSE
HNSCC_17_P10_H01_S277_comb,0,0,Primary,T cell,T cell,,FALSE
HNSCC16_P2_B01_S13_comb,0,0,Primary,Fibroblast,Fibroblast,16,FALSE
HNSCC16_P2_G09_S81_comb,5.071,0,Primary,Fibroblast,Fibroblast,16,TRUE
HNSCC18_P15_F12_S72_comb,0,0,Primary,T cell,T cell,18,FALSE
HNSCC_17_P9_G06_S78_comb,0,0,Primary,T cell,T cell,,FALSE
HNSCC_17_P10_F08_S260_comb,0,0,Primary,T cell,T cell,,FALSE
HNSCC16_P9_C07_S223_comb,0,0,Primary,Macrophage,Macrophage,16,FALSE
HNSCC_17_P10_E08_S248_comb,0,0,Primary,T cell,T cell,,FALSE
HNSCC16_P2_D11_S47_comb,5.3929,0,Primary,Fibroblast,Fibroblast,16,TRUE
HNSCC16_P2_G03_S75_comb,4.795,0,Primary,Endothelial,Endothelial,16,TRUE
HNSCC16_P2_F08_S68_comb,4.821,0,Primary,Fibroblast,Fibroblast,16,TRUE
HNSCC18_P2_H10_S190_comb,0,1,Primary,0,Cancer cells,18,FALSE
HNSCC18_P13_H09_S381_comb,0,0,Primary,T cell,T cell,18,FALSE
HNSCC18_P3_E07_S343_comb,0,0,Primary,Fibroblast,Fibroblast,18,FALSE
HNSCC18_P16_B10_S214_comb,0,0,Primary,Macrophage,Macrophage,18,FALSE
HNSCC17_P2_B06_S18_comb,3.2663,1,Primary,0,Cancer cells,17,TRUE
HNSCC17_P2_D07_S43_comb,0,1,Primary,0,Cancer cells,17,FALSE
HNSCC_17_P9_D02_S38_comb,0,0,Primary,T cell,T cell,,FALSE
HNSCC_17_P9_H11_S95_comb,0,0,Primary,T cell,T cell,,FALSE
HNSCC18_P16_F06_S258_comb,0,0,Primary,T cell,T cell,18,FALSE
HNSCC18_P15_B07_S19_comb,0,0,Primary,T cell,T cell,18,FALSE
HNSCC17_P3_D06_S234_comb,0.85679,1,Primary,0,Cancer cells,17,TRUE
HNSCC_17_P9_F08_S68_comb,0,0,Primary,T cell,T cell,,FALSE
HNSCC17_P7_C10_S130_comb,4.6263,0,Primary,Fibroblast,Fibroblast,17,TRUE
HNSCC17_P13_G10_S370_comb,0,0,Primary,T cell,T cell,17,FALSE
HNSCC17_P3_B01_S205_comb,4.3182,1,Primary,0,Cancer cells,17,TRUE
HNSCC17_P7_C02_S122_comb,7.2272,0,Primary,Fibroblast,Fibroblast,17,TRUE
HNSCC_17_P10_A02_S194_comb,0,0,Primary,T cell,T cell,,FALSE
HNSCC18_P2_C06_S126_comb,2.3978,1,Primary,0,Cancer cells,18,TRUE
HNSCC16_P2_B09_S21_comb,5.4749,0,Primary,Endothelial,Endothelial,16,TRUE
HNSCC18_P2_F05_S161_comb,0,0,Primary,0,0,18,FALSE
HNSCC18_P16_A01_S193_comb,0,0,Primary,T cell,T cell,18,FALSE
HNSCC18_P7_B07_S115_comb,0,0,Primary,Fibroblast,Fibroblast,18,FALSE
HNSCC_17_P10_B10_S214_comb,0,0,Primary,T cell,T cell,,FALSE
HNSCC_17_P9_C11_S35_comb,0,0,Primary,T cell,T cell,,FALSE
HNSCC18_P15_G10_S82_comb,0,0,Primary,T cell,T cell,18,FALSE
HNSCC16_P9_C10_S226_comb,0,0,Primary,T cell,T cell,16,FALSE
HNSCC18_P15_H05_S89_comb,0,0,Primary,T cell,T cell,18,FALSE
HNSCC17_P7_D07_S139_comb,0,0,Primary,Fibroblast,Fibroblast,17,FALSE
HNSCC18_P13_H07_S379_comb,0,0,Primary,T cell,T cell,18,FALSE
HNSCC18_P13_F11_S359_comb,0,0,Primary,Macrophage,Macrophage,18,FALSE
HNSCC17_P7_C11_S131_comb,0,0,Primary,Endothelial,Endothelial,17,FALSE
HNSCC17_P2_G11_S83_comb,0,1,Primary,0,Cancer cells,17,FALSE
HNSCC17_P3_F09_S261_comb,4.2527,1,Primary,0,Cancer cells,17,TRUE
HNSCC18_P3_C12_S324_comb,2.6604,1,Primary,0,Cancer cells,18,TRUE
HNSCC16_P2_C01_S25_comb,6.1832,0,Primary,Fibroblast,Fibroblast,16,TRUE
HNSCC_17_P9_A06_S6_comb,0,0,Primary,T cell,T cell,,FALSE
HNSCC16_P9_C08_S224_comb,0,0,Primary,T cell,T cell,16,FALSE
HNSCC18_P2_D02_S134_comb,0,0,Primary,0,0,18,FALSE
HNSCC17_P3_F03_S255_comb,3.3757,1,Primary,0,Cancer cells,17,TRUE
HNSCC17_P3_F06_S258_comb,3.7979,1,Primary,0,Cancer cells,17,TRUE
HNSCC17_P2_G03_S75_comb,3.9735,1,Primary,0,Cancer cells,17,TRUE
HNSCC17_P7_B05_S113_comb,5.9322,0,Primary,Fibroblast,Fibroblast,17,TRUE
HNSCC18_P15_C07_S31_comb,0,0,Primary,T cell,T cell,18,FALSE
HNSCC18_P7_F07_S163_comb,0,0,Primary,Endothelial,Endothelial,18,FALSE
HNSCC_17_P9_G12_S84_comb,0,0,Primary,T cell,T cell,,FALSE
HNSCC18_P3_A03_S291_comb,0,0,Primary,0,0,18,FALSE
HNSCC18_P13_E09_S345_comb,0,0,Primary,B cell,B cell,18,FALSE
HNSCC16_P2_D09_S45_comb,5.2218,0,Primary,Fibroblast,Fibroblast,16,TRUE
HNSCC_17_P10_F02_S254_comb,0,0,Primary,T cell,T cell,,FALSE
HNSCC17_P3_E11_S251_comb,5.177,1,Primary,0,Cancer cells,17,TRUE
HNSCC18_P3_D06_S330_comb,0,0,Primary,0,0,18,FALSE
HNSCC_17_P9_F01_S61_comb,0,0,Primary,T cell,T cell,,FALSE
HNSCC18_P3_B06_S306_comb,0,1,Primary,0,Cancer cells,18,FALSE
HNSCC18_P16_C04_S220_comb,0,0,Primary,T cell,T cell,18,FALSE
HNSCC17_P7_B03_S111_comb,2.05,0,Primary,Fibroblast,Fibroblast,17,TRUE
HNSCC17_P3_G08_S272_comb,0,1,Primary,0,Cancer cells,17,FALSE
HNSCC17_P7_H11_S191_comb,4.4952,1,Primary,0,Cancer cells,17,TRUE
HNSCC_17_P10_F12_S264_comb,0,0,Primary,T cell,T cell,,FALSE
HNSCC17_P7_C06_S126_comb,0,0,Primary,Fibroblast,Fibroblast,17,FALSE
HNSCC18_P3_F03_S351_comb,0,0,Primary,0,0,18,FALSE
HNSCC17_P7_F05_S161_comb,0,0,Primary,Fibroblast,Fibroblast,17,FALSE
HNSCC_17_P9_E05_S53_comb,0,0,Primary,T cell,T cell,,FALSE
HNSCC_17_P9_D06_S42_comb,0,0,Primary,T cell,T cell,,FALSE
HNSCC16_P9_E11_S251_comb,0,0,Primary,T cell,T cell,16,FALSE
HNSCC18_P3_B12_S312_comb,4.0379,0,Primary,0,0,18,TRUE
HNSCC17_P2_B10_S22_comb,3.2813,1,Primary,0,Cancer cells,17,TRUE
HNSCC_17_P9_E12_S60_comb,0,0,Primary,T cell,T cell,,FALSE
HNSCC18_P13_D04_S328_comb,0,0,Primary,T cell,T cell,18,FALSE
HNSCC_17_P9_G08_S80_comb,0,0,Primary,T cell,T cell,,FALSE
HNSCC17_P7_H10_S190_comb,7.9003,0,Primary,Fibroblast,Fibroblast,17,TRUE
HNSCC16_P2_B05_S17_comb,5.2714,0,Primary,0,0,16,TRUE
HNSCC16_P9_C11_S227_comb,0,0,Primary,T cell,T cell,16,FALSE
HNSCC16_P2_E05_S53_comb,5.8163,0,Primary,Endothelial,Endothelial,16,TRUE
HNSCC16_P9_E09_S249_comb,0,0,Primary,T cell,T cell,16,FALSE
HNSCC_17_P9_D01_S37_comb,0,0,Primary,T cell,T cell,,FALSE
HNSCC17_P3_H11_S287_comb,4.3265,1,Primary,0,Cancer cells,17,TRUE
HNSCC18_P16_E02_S242_comb,0,0,Primary,T cell,T cell,18,FALSE
HNSCC_17_P10_D03_S231_comb,0,0,Primary,T cell,T cell,,FALSE
HNSCC_17_P10_C07_S223_comb,0,0,Primary,T cell,T cell,,FALSE
HNSCC18_P7_G12_S180_comb,0,0,Primary,Fibroblast,Fibroblast,18,FALSE
HNSCC_17_P9_C10_S34_comb,0,0,Primary,T cell,T cell,,FALSE
HNSCC18_P3_D12_S336_comb,3.05,0,Primary,0,0,18,TRUE
HNSCC17_P7_C08_S128_comb,6.2379,0,Primary,Fibroblast,Fibroblast,17,TRUE
HNSCC17_P2_H12_S96_comb,3.7653,1,Primary,0,Cancer cells,17,TRUE
HNSCC17_P7_D12_S144_comb,0,0,Primary,Fibroblast,Fibroblast,17,FALSE
HNSCC18_P15_D02_S38_comb,0,0,Primary,T cell,T cell,18,FALSE
HNSCC18_P7_A01_S97_comb,5.7667,0,Primary,Fibroblast,Fibroblast,18,TRUE
HNSCC17_P3_B11_S215_comb,2.2995,1,Primary,0,Cancer cells,17,TRUE
HNSCC18_P13_F12_S360_comb,0,0,Primary,T cell,T cell,18,FALSE
HNSCC18_P7_G11_S179_comb,0,0,Primary,0,0,18,FALSE
HNSCC17_P3_G07_S271_comb,2.4836,1,Primary,0,Cancer cells,17,TRUE
HNSCC18_P3_B01_S301_comb,0,1,Primary,0,Cancer cells,18,FALSE
HNSCC17_P3_B04_S208_comb,3.4586,1,Primary,0,Cancer cells,17,TRUE
HNSCC_17_P10_A08_S200_comb,0,0,Primary,T cell,T cell,,FALSE
HNSCC16_P2_F07_S67_comb,7.1619,0,Primary,Fibroblast,Fibroblast,16,TRUE
HNSCC18_P2_H11_S191_comb,2.9789,0,Primary,Fibroblast,Fibroblast,18,TRUE
HNSCC18_P16_A09_S201_comb,0,0,Primary,T cell,T cell,18,FALSE
HNSCC18_P15_F03_S63_comb,0,0,Primary,T cell,T cell,18,FALSE
HNSCC18_P7_A08_S104_comb,0.59837,0,Primary,0,0,18,TRUE
HNSCC_17_P9_H10_S94_comb,0,0,Primary,T cell,T cell,,FALSE
HNSCC18_P3_H02_S374_comb,0.27381,1,Primary,0,Cancer cells,18,TRUE
HNSCC17_P2_F05_S65_comb,3.2412,1,Primary,0,Cancer cells,17,TRUE
HNSCC16_P9_B06_S210_comb,0,0,Primary,Mast,Mast,16,FALSE
HNSCC16_P9_F04_S256_comb,0,0,Primary,T cell,T cell,16,FALSE
HNSCC17_P2_H10_S94_comb,7.6908,1,Primary,0,Cancer cells,17,TRUE
HNSCC17_P13_F11_S359_comb,1.2792,0,Primary,B cell,B cell,17,TRUE
HNSCC18_P2_H04_S184_comb,6.5345,0,Primary,Fibroblast,Fibroblast,18,TRUE
HNSCC16_P9_G08_S272_comb,0,0,Primary,Macrophage,Macrophage,16,FALSE
HNSCC18_P2_C11_S131_comb,2.7811,1,Primary,0,Cancer cells,18,TRUE
HNSCC18_P3_H03_S375_comb,5.7945,0,Primary,Fibroblast,Fibroblast,18,TRUE
HNSCC_17_P10_B09_S213_comb,0,0,Primary,T cell,T cell,,FALSE
HNSCC18_P3_A07_S295_comb,0,0,Primary,0,0,18,FALSE
HNSCC17_P3_E07_S247_comb,2.5341,1,Primary,0,Cancer cells,17,TRUE
HNSCC17_P7_B08_S116_comb,6.2533,0,Primary,Fibroblast,Fibroblast,17,TRUE
HNSCC16_P9_F03_S255_comb,0,0,Primary,T cell,T cell,16,FALSE
HNSCC18_P13_E02_S338_comb,0,0,Primary,T cell,T cell,18,FALSE
HNSCC17_P7_H08_S188_comb,1.6704,1,Primary,0,Cancer cells,17,TRUE
HNSCC18_P7_C12_S132_comb,6.6086,0,Primary,Fibroblast,Fibroblast,18,TRUE
HNSCC_17_P9_B06_S18_comb,0,0,Primary,T cell,T cell,,FALSE
HNSCC_17_P10_F03_S255_comb,0,0,Primary,T cell,T cell,,FALSE
HNSCC18_P16_B04_S208_comb,0,0,Primary,T cell,T cell,18,FALSE
HNSCC17_P3_D05_S233_comb,0,1,Primary,0,Cancer cells,17,FALSE
HNSCC16_P9_E04_S244_comb,0,0,Primary,T cell,T cell,16,FALSE
HNSCC18_P7_A02_S98_comb,0,0,Primary,Endothelial,Endothelial,18,FALSE
HNSCC17_P7_C01_S121_comb,0,0,Primary,Endothelial,Endothelial,17,FALSE
HNSCC16_P2_A04_S4_comb,4.2165,0,Primary,Fibroblast,Fibroblast,16,TRUE
HNSCC16_P9_G03_S267_comb,0,0,Primary,T cell,T cell,16,FALSE
HNSCC17_P2_E08_S56_comb,0,0,Primary,Fibroblast,Fibroblast,17,FALSE
HNSCC_17_P10_D02_S230_comb,0,0,Primary,T cell,T cell,,FALSE
HNSCC18_P15_E01_S49_comb,0,0,Primary,T cell,T cell,18,FALSE
HNSCC_17_P9_A11_S11_comb,0,0,Primary,T cell,T cell,,FALSE
HNSCC18_P2_E12_S156_comb,0,0,Primary,0,0,18,FALSE
HNSCC17_P7_G07_S175_comb,1.7251,0,Primary,Endothelial,Endothelial,17,TRUE
HNSCC18_P7_H10_S190_comb,3.6045,1,Primary,0,Cancer cells,18,TRUE
HNSCC17_P2_F02_S62_comb,0,1,Primary,0,Cancer cells,17,FALSE
HNSCC16_P9_H08_S284_comb,5.0933,0,Primary,Fibroblast,Fibroblast,16,TRUE
HNSCC16_P9_G09_S273_comb,0,0,Primary,T cell,T cell,16,FALSE
HNSCC16_P9_D09_S237_comb,0,0,Primary,T cell,T cell,16,FALSE
HNSCC17_P13_B01_S301_comb,0,0,Primary,B cell,B cell,17,FALSE
HNSCC17_P3_A11_S203_comb,0,1,Primary,0,Cancer cells,17,FALSE
HNSCC_17_P9_D11_S47_comb,0,0,Primary,T cell,T cell,,FALSE
HNSCC18_P13_B10_S310_comb,0,0,Primary,0,0,18,FALSE
HNSCC18_P2_G05_S173_comb,0,1,Primary,0,Cancer cells,18,FALSE
HNSCC18_P15_A07_S7_comb,0,0,Primary,T cell,T cell,18,FALSE
HNSCC_17_P10_A04_S196_comb,0,0,Primary,T cell,T cell,,FALSE
HNSCC16_P2_G04_S76_comb,6.3268,0,Primary,Endothelial,Endothelial,16,TRUE
HNSCC17_P2_H03_S87_comb,0.1903,1,Primary,0,Cancer cells,17,TRUE
HNSCC18_P13_A04_S292_comb,0,0,Primary,Macrophage,Macrophage,18,FALSE
HNSCC18_P3_B05_S305_comb,0,0,Primary,0,0,18,FALSE
HNSCC16_P9_H01_S277_comb,0,0,Primary,Fibroblast,Fibroblast,16,FALSE
HNSCC18_P16_G01_S265_comb,0,0,Primary,T cell,T cell,18,FALSE
HNSCC18_P3_D10_S334_comb,5.2763,1,Primary,0,Cancer cells,18,TRUE
HNSCC_17_P9_G07_S79_comb,0,0,Primary,T cell,T cell,,FALSE
HNSCC18_P7_A07_S103_comb,6.2854,0,Primary,Fibroblast,Fibroblast,18,TRUE
HNSCC_17_P9_F10_S70_comb,0,0,Primary,T cell,T cell,,FALSE
HNSCC16_P2_E12_S60_comb,4.08,0,Primary,Endothelial,Endothelial,16,TRUE
HNSCC16_P9_G07_S271_comb,0,0,Primary,T cell,T cell,16,FALSE
HNSCC17_P3_C05_S221_comb,5.086,1,Primary,0,Cancer cells,17,TRUE
HNSCC17_P7_G10_S178_comb,6.2711,0,Primary,Fibroblast,Fibroblast,17,TRUE
HNSCC18_P15_E11_S59_comb,0,0,Primary,T cell,T cell,18,FALSE
HNSCC17_P2_H05_S89_comb,3.4688,1,Primary,0,Cancer cells,17,TRUE
HNSCC17_P3_D07_S235_comb,2.5775,1,Primary,0,Cancer cells,17,TRUE
HNSCC17_P7_E09_S153_comb,3.7572,0,Primary,0,0,17,TRUE
HNSCC16_P9_F12_S264_comb,0,0,Primary,T cell,T cell,16,FALSE
HNSCC17_P7_G01_S169_comb,5.4424,0,Primary,Endothelial,Endothelial,17,TRUE
HNSCC18_P2_H05_S185_comb,0,0,Primary,0,0,18,FALSE
HNSCC17_P3_G09_S273_comb,3.9684,0,Primary,0,0,17,TRUE
HNSCC16_P9_A10_S202_comb,0,0,Primary,T cell,T cell,16,FALSE
HNSCC17_P2_E02_S50_comb,0,1,Primary,0,Cancer cells,17,FALSE
HNSCC17_P7_C09_S129_comb,4.0996,1,Primary,0,Cancer cells,17,TRUE
HNSCC17_P3_F08_S260_comb,3.8666,1,Primary,0,Cancer cells,17,TRUE
HNSCC16_P9_F05_S257_comb,0,0,Primary,T cell,T cell,16,FALSE
HNSCC_17_P10_C02_S218_comb,0,0,Primary,T cell,T cell,,FALSE
HNSCC_17_P9_H02_S86_comb,0,0,Primary,T cell,T cell,,FALSE
HNSCC17_P3_E04_S244_comb,0,1,Primary,0,Cancer cells,17,FALSE
HNSCC17_P7_A01_S97_comb,0,0,Primary,Fibroblast,Fibroblast,17,FALSE
HNSCC18_P13_F06_S354_comb,0,0,Primary,T cell,T cell,18,FALSE
HNSCC_17_P9_F05_S65_comb,0,0,Primary,T cell,T cell,,FALSE
HNSCC17_P3_E06_S246_comb,0.45628,1,Primary,0,Cancer cells,17,TRUE
HNSCC18_P15_C04_S28_comb,0,0,Primary,T cell,T cell,18,FALSE
HNSCC16_P9_G11_S275_comb,0,0,Primary,Mast,Mast,16,FALSE
HNSCC_17_P10_G03_S267_comb,0,0,Primary,T cell,T cell,,FALSE
HNSCC17_P7_F07_S163_comb,5.4165,0,Primary,Endothelial,Endothelial,17,TRUE
HNSCC18_P2_G07_S175_comb,4.1104,1,Primary,0,Cancer cells,18,TRUE
HNSCC16_P2_B10_S22_comb,4.931,0,Primary,Fibroblast,Fibroblast,16,TRUE
HNSCC17_P2_E06_S54_comb,2.6891,1,Primary,0,Cancer cells,17,TRUE
HNSCC18_P3_F02_S350_comb,0,0,Primary,0,0,18,FALSE
HNSCC18_P2_G09_S177_comb,0,0,Primary,Fibroblast,Fibroblast,18,FALSE
HNSCC18_P3_F08_S356_comb,3.3313,1,Primary,0,Cancer cells,18,TRUE
HNSCC17_P7_H12_S192_comb,6.0558,0,Primary,Endothelial,Endothelial,17,TRUE
HNSCC17_P7_H03_S183_comb,0,0,Primary,Fibroblast,Fibroblast,17,FALSE
HNSCC_17_P9_E09_S57_comb,0,0,Primary,T cell,T cell,,FALSE
HNSCC_17_P10_C01_S217_comb,0,0,Primary,T cell,T cell,,FALSE
HNSCC_17_P10_G05_S269_comb,0,0,Primary,T cell,T cell,,FALSE
HNSCC18_P7_E06_S150_comb,0,1,Primary,0,Cancer cells,18,FALSE
HNSCC18_P16_H08_S284_comb,0,0,Primary,T cell,T cell,18,FALSE
HNSCC16_P2_H09_S93_comb,5.3486,0,Primary,Fibroblast,Fibroblast,16,TRUE
HNSCC18_P13_B06_S306_comb,0,0,Primary,T cell,T cell,18,FALSE
HNSCC17_P2_E07_S55_comb,0,0,Primary,Fibroblast,Fibroblast,17,FALSE
HNSCC18_P2_C05_S125_comb,0,1,Primary,0,Cancer cells,18,FALSE
HNSCC_17_P9_B05_S17_comb,0,0,Primary,T cell,T cell,,FALSE
HNSCC18_P7_D01_S133_comb,0,0,Primary,Fibroblast,Fibroblast,18,FALSE
HNSCC18_P2_E04_S148_comb,0,0,Primary,0,0,18,FALSE
HNSCC17_P2_G09_S81_comb,4.9507,1,Primary,0,Cancer cells,17,TRUE
HNSCC16_P9_H02_S278_comb,0.8883,0,Primary,Fibroblast,Fibroblast,16,TRUE
HNSCC_17_P10_G10_S274_comb,0,0,Primary,T cell,T cell,,FALSE
HNSCC_17_P9_D12_S48_comb,0,0,Primary,T cell,T cell,,FALSE
HNSCC18_P7_D02_S134_comb,0,0,Primary,0,0,18,FALSE
HNSCC18_P7_A10_S106_comb,4.5168,0,Primary,Endothelial,Endothelial,18,TRUE
HNSCC17_P3_A03_S195_comb,0,0,Primary,0,0,17,FALSE
HNSCC18_P2_E08_S152_comb,0,0,Primary,0,0,18,FALSE
HNSCC17_P2_G10_S82_comb,3.164,1,Primary,0,Cancer cells,17,TRUE
HNSCC16_P2_C10_S34_comb,5.24,0,Primary,Endothelial,Endothelial,16,TRUE
HNSCC17_P3_B03_S207_comb,2.8924,1,Primary,0,Cancer cells,17,TRUE
HNSCC17_P3_C06_S222_comb,0,0,Primary,0,0,17,FALSE
HNSCC18_P16_B06_S210_comb,0,0,Primary,T cell,T cell,18,FALSE
HNSCC18_P7_A05_S101_comb,4.192,1,Primary,0,Cancer cells,18,TRUE
HNSCC17_P2_E11_S59_comb,0,1,Primary,0,Cancer cells,17,FALSE
HNSCC_17_P9_H12_S96_comb,0,0,Primary,T cell,T cell,,FALSE
HNSCC18_P7_H04_S184_comb,0,0,Primary,0,0,18,FALSE
HNSCC_17_P9_C05_S29_comb,0,0,Primary,T cell,T cell,,FALSE
HNSCC18_P13_F04_S352_comb,0,0,Primary,T cell,T cell,18,FALSE
HNSCC16_P2_E06_S54_comb,5.0799,1,Primary,0,Cancer cells,16,TRUE
HNSCC18_P16_B07_S211_comb,0,0,Primary,T cell,T cell,18,FALSE
HNSCC18_P7_G07_S175_comb,7.7248,0,Primary,Endothelial,Endothelial,18,TRUE
HNSCC_17_P10_C09_S225_comb,0,0,Primary,T cell,T cell,,FALSE
HNSCC18_P15_G12_S84_comb,0,0,Primary,T cell,T cell,18,FALSE
HNSCC18_P13_G02_S362_comb,0,0,Primary,T cell,T cell,18,FALSE
HNSCC17_P3_A10_S202_comb,4.1851,1,Primary,0,Cancer cells,17,TRUE
HNSCC17_P3_A05_S197_comb,3.3863,1,Primary,0,Cancer cells,17,TRUE
HNSCC_17_P10_C03_S219_comb,0,0,Primary,T cell,T cell,,FALSE
HNSCC_17_P10_D11_S239_comb,0,0,Primary,T cell,T cell,,FALSE
HNSCC_17_P10_H04_S280_comb,0,0,Primary,T cell,T cell,,FALSE
HNSCC18_P2_G10_S178_comb,5.9925,0,Primary,0,0,18,TRUE
HNSCC18_P13_G06_S366_comb,0,0,Primary,T cell,T cell,18,FALSE
HNSCC_17_P10_E07_S247_comb,0,0,Primary,T cell,T cell,,FALSE
HNSCC16_P9_F10_S262_comb,0,0,Primary,T cell,T cell,16,FALSE
HNSCC18_P15_A08_S8_comb,0,0,Primary,0,0,18,FALSE
HNSCC17_P7_D09_S141_comb,6.8842,0,Primary,Fibroblast,Fibroblast,17,TRUE
HNSCC17_P3_F07_S259_comb,3.5004,1,Primary,0,Cancer cells,17,TRUE
HNSCC17_P2_G06_S78_comb,0.24489,1,Primary,0,Cancer cells,17,TRUE
HNSCC18_P7_E02_S146_comb,2.296,0,Primary,0,0,18,TRUE
HNSCC16_P2_H12_S96_comb,5.9004,0,Primary,Fibroblast,Fibroblast,16,TRUE
HNSCC18_P15_A03_S3_comb,0,0,Primary,T cell,T cell,18,FALSE
HNSCC17_P7_E05_S149_comb,7.1572,0,Primary,Endothelial,Endothelial,17,TRUE
HNSCC18_P13_A09_S297_comb,2.4367,0,Primary,Macrophage,Macrophage,18,TRUE
HNSCC_17_P9_H01_S85_comb,0,0,Primary,T cell,T cell,,FALSE
HNSCC18_P15_D04_S40_comb,0,0,Primary,T cell,T cell,18,FALSE
HNSCC18_P3_D02_S326_comb,0,0,Primary,0,0,18,FALSE
HNSCC17_P2_A06_S6_comb,3.9829,1,Primary,0,Cancer cells,17,TRUE
HNSCC18_P7_E12_S156_comb,0,1,Primary,0,Cancer cells,18,FALSE
HNSCC17_P3_E08_S248_comb,0,1,Primary,0,Cancer cells,17,FALSE
HNSCC18_P2_E01_S145_comb,1.4704,1,Primary,0,Cancer cells,18,TRUE
HNSCC16_P2_C04_S28_comb,0,0,Primary,Endothelial,Endothelial,16,FALSE
HNSCC18_P15_C03_S27_comb,0,0,Primary,T cell,T cell,18,FALSE
HNSCC16_P9_A05_S197_comb,0,0,Primary,Macrophage,Macrophage,16,FALSE
HNSCC17_P7_E08_S152_comb,0,0,Primary,Endothelial,Endothelial,17,FALSE
HNSCC17_P2_A11_S11_comb,3.3445,1,Primary,0,Cancer cells,17,TRUE
HNSCC16_P9_H05_S281_comb,4.9577,0,Primary,Fibroblast,Fibroblast,16,TRUE
HNSCC18_P13_E07_S343_comb,0,0,Primary,T cell,T cell,18,FALSE
HNSCC17_P3_E10_S250_comb,2.6107,1,Primary,0,Cancer cells,17,TRUE
HNSCC16_P2_D05_S41_comb,4.9511,0,Primary,Endothelial,Endothelial,16,TRUE
HNSCC16_P9_E07_S247_comb,0,0,Primary,T cell,T cell,16,FALSE
HNSCC_17_P10_H06_S282_comb,0,0,Primary,T cell,T cell,,FALSE
HNSCC_17_P10_E03_S243_comb,0,0,Primary,T cell,T cell,,FALSE
HNSCC18_P13_E05_S341_comb,0,0,Primary,T cell,T cell,18,FALSE
HNSCC18_P2_E05_S149_comb,3.2317,1,Primary,0,Cancer cells,18,TRUE
HNSCC18_P7_F11_S167_comb,4.502,0,Primary,Fibroblast,Fibroblast,18,TRUE
HNSCC_17_P10_G02_S266_comb,0,0,Primary,T cell,T cell,,FALSE
HNSCC_17_P10_A03_S195_comb,0,0,Primary,T cell,T cell,,FALSE
HNSCC17_P7_B12_S120_comb,0.57918,1,Primary,0,Cancer cells,17,TRUE
HNSCC18_P7_H06_S186_comb,0,0,Primary,Endothelial,Endothelial,18,FALSE
HNSCC18_P13_C09_S321_comb,0,0,Primary,T cell,T cell,18,FALSE
HNSCC17_P7_E06_S150_comb,7.3096,0,Primary,Fibroblast,Fibroblast,17,TRUE
HNSCC18_P7_F12_S168_comb,3.846,0,Primary,Endothelial,Endothelial,18,TRUE
HNSCC17_P3_E01_S241_comb,4.0774,1,Primary,0,Cancer cells,17,TRUE
HNSCC_17_P10_H08_S284_comb,0,0,Primary,T cell,T cell,,FALSE
HNSCC_17_P10_B06_S210_comb,0,0,Primary,T cell,T cell,,FALSE
HNSCC_17_P9_D05_S41_comb,0,0,Primary,T cell,T cell,,FALSE
HNSCC_17_P9_C12_S36_comb,0,0,Primary,T cell,T cell,,FALSE
HNSCC18_P2_G03_S171_comb,3.8085,0,Primary,Fibroblast,Fibroblast,18,TRUE
HNSCC17_P13_H06_S378_comb,0,0,Primary,B cell,B cell,17,FALSE
HNSCC17_P7_A09_S105_comb,0,0,Primary,Fibroblast,Fibroblast,17,FALSE
HNSCC18_P13_G01_S361_comb,0,0,Primary,T cell,T cell,18,FALSE
HNSCC18_P13_F01_S349_comb,0,0,Primary,T cell,T cell,18,FALSE
HNSCC17_P3_C09_S225_comb,2.0837,1,Primary,0,Cancer cells,17,TRUE
HNSCC18_P3_C01_S313_comb,0,0,Primary,0,0,18,FALSE
HNSCC17_P3_C08_S224_comb,3.8544,1,Primary,0,Cancer cells,17,TRUE
HNSCC18_P15_E03_S51_comb,0,0,Primary,T cell,T cell,18,FALSE
HNSCC16_P2_B12_S24_comb,7.2279,0,Primary,Fibroblast,Fibroblast,16,TRUE
HNSCC17_P2_B09_S21_comb,0,1,Primary,0,Cancer cells,17,FALSE
HNSCC18_P15_B02_S14_comb,0,0,Primary,T cell,T cell,18,FALSE
HNSCC18_P16_F04_S256_comb,0,0,Primary,T cell,T cell,18,FALSE
HNSCC16_P2_E03_S51_comb,5.8202,0,Primary,Endothelial,Endothelial,16,TRUE
HNSCC17_P2_C02_S26_comb,0,0,Primary,0,0,17,FALSE
HNSCC17_P2_D06_S42_comb,2.6178,1,Primary,0,Cancer cells,17,TRUE
HNSCC16_P2_A02_S2_comb,0,0,Primary,Endothelial,Endothelial,16,FALSE
HNSCC16_P2_E01_S49_comb,2.9891,0,Primary,Endothelial,Endothelial,16,TRUE
HNSCC18_P7_C08_S128_comb,5.9205,0,Primary,Fibroblast,Fibroblast,18,TRUE
HNSCC16_P9_E03_S243_comb,0,0,Primary,T cell,T cell,16,FALSE
HNSCC18_P2_F09_S165_comb,0,0,Primary,0,0,18,FALSE
HNSCC16_P9_E10_S250_comb,0,0,Primary,T cell,T cell,16,FALSE
HNSCC18_P7_E05_S149_comb,4.645,0,Primary,Endothelial,Endothelial,18,TRUE
HNSCC16_P2_H11_S95_comb,0,0,Primary,Endothelial,Endothelial,16,FALSE
HNSCC18_P13_B09_S309_comb,0,0,Primary,T cell,T cell,18,FALSE
HNSCC18_P2_A05_S101_comb,2.625,0,Primary,0,0,18,TRUE
HNSCC18_P15_A02_S2_comb,0,0,Primary,T cell,T cell,18,FALSE
HNSCC16_P2_C07_S31_comb,0,0,Primary,Endothelial,Endothelial,16,FALSE
HNSCC16_P2_E08_S56_comb,0,0,Primary,Endothelial,Endothelial,16,FALSE
HNSCC18_P2_B08_S116_comb,3.1455,1,Primary,0,Cancer cells,18,TRUE
HNSCC18_P13_D03_S327_comb,0,0,Primary,T cell,T cell,18,FALSE
HNSCC16_P9_B12_S216_comb,0,0,Primary,T cell,T cell,16,FALSE
HNSCC18_P2_C12_S132_comb,0,1,Primary,0,Cancer cells,18,FALSE
HNSCC_17_P10_G06_S270_comb,0,0,Primary,T cell,T cell,,FALSE
HNSCC16_P9_D10_S238_comb,0,0,Primary,Mast,Mast,16,FALSE
HNSCC16_P2_A09_S9_comb,4.3613,0,Primary,Fibroblast,Fibroblast,16,TRUE
HNSCC18_P2_G04_S172_comb,3.9332,0,Primary,Fibroblast,Fibroblast,18,TRUE
HNSCC16_P9_D11_S239_comb,0,0,Primary,T cell,T cell,16,FALSE
HNSCC16_P2_G11_S83_comb,0,0,Primary,Endothelial,Endothelial,16,FALSE
HNSCC17_P7_F06_S162_comb,0,0,Primary,Endothelial,Endothelial,17,FALSE
HNSCC_17_P10_A01_S193_comb,0,0,Primary,T cell,T cell,,FALSE
HNSCC18_P16_C05_S221_comb,0,0,Primary,T cell,T cell,18,FALSE
HNSCC18_P3_E12_S348_comb,5.3219,1,Primary,0,Cancer cells,18,TRUE
HNSCC18_P2_H09_S189_comb,3.1857,0,Primary,0,0,18,TRUE
HNSCC16_P9_B08_S212_comb,0,0,Primary,T cell,T cell,16,FALSE
HNSCC18_P13_A11_S299_comb,0,0,Primary,Mast,Mast,18,FALSE
HNSCC18_P13_D01_S325_comb,0,0,Primary,T cell,T cell,18,FALSE
HNSCC_17_P10_H03_S279_comb,0,0,Primary,T cell,T cell,,FALSE
HNSCC18_P15_F01_S61_comb,0,0,Primary,T cell,T cell,18,FALSE
HNSCC18_P2_E03_S147_comb,5.1332,0,Primary,Fibroblast,Fibroblast,18,TRUE
HNSCC17_P2_H09_S93_comb,2.6787,1,Primary,0,Cancer cells,17,TRUE
HNSCC18_P3_H04_S376_comb,0,0,Primary,Mast,Mast,18,FALSE
HNSCC17_P2_F06_S66_comb,3.5293,1,Primary,0,Cancer cells,17,TRUE
HNSCC18_P13_E10_S346_comb,0,0,Primary,T cell,T cell,18,FALSE
HNSCC16_P2_E09_S57_comb,6.0156,0,Primary,Fibroblast,Fibroblast,16,TRUE
HNSCC16_P9_B01_S205_comb,0,0,Primary,T cell,T cell,16,FALSE
HNSCC_17_P10_A09_S201_comb,0,0,Primary,T cell,T cell,,FALSE
HNSCC16_P2_F11_S71_comb,4.2389,0,Primary,Fibroblast,Fibroblast,16,TRUE
HNSCC17_P7_H05_S185_comb,6.2446,0,Primary,Fibroblast,Fibroblast,17,TRUE
HNSCC17_P3_H07_S283_comb,0,1,Primary,0,Cancer cells,17,FALSE
HNSCC18_P13_E11_S347_comb,0,0,Primary,T cell,T cell,18,FALSE
HNSCC16_P2_D01_S37_comb,4.3877,0,Primary,Fibroblast,Fibroblast,16,TRUE
HNSCC18_P3_G10_S370_comb,0,0,Primary,0,0,18,FALSE
HNSCC17_P2_B12_S24_comb,1.0335,1,Primary,0,Cancer cells,17,TRUE
HNSCC16_P2_E04_S52_comb,6.7923,0,Primary,Fibroblast,Fibroblast,16,TRUE
HNSCC_17_P9_A01_S1_comb,0,0,Primary,T cell,T cell,,FALSE
HNSCC18_P3_B11_S311_comb,5.1425,0,Primary,Fibroblast,Fibroblast,18,TRUE
HNSCC_17_P9_B08_S20_comb,0,0,Primary,T cell,T cell,,FALSE
HNSCC16_P9_F06_S258_comb,0,0,Primary,T cell,T cell,16,FALSE
HNSCC18_P2_C04_S124_comb,2.1612,0,Primary,0,0,18,TRUE
HNSCC18_P7_F06_S162_comb,6.1549,0,Primary,Fibroblast,Fibroblast,18,TRUE
HNSCC16_P2_B11_S23_comb,0,0,Primary,Fibroblast,Fibroblast,16,FALSE
HNSCC18_P2_F02_S158_comb,0,1,Primary,0,Cancer cells,18,FALSE
HNSCC_17_P9_B03_S15_comb,0,0,Primary,T cell,T cell,,FALSE
HNSCC18_P3_E02_S338_comb,2.7872,1,Primary,0,Cancer cells,18,TRUE
HNSCC16_P9_G10_S274_comb,0,0,Primary,T cell,T cell,16,FALSE
HNSCC17_P7_G12_S180_comb,5.5657,1,Primary,0,Cancer cells,17,TRUE
HNSCC18_P2_F03_S159_comb,0,1,Primary,0,Cancer cells,18,FALSE
HNSCC17_P7_D03_S135_comb,0,0,Primary,Fibroblast,Fibroblast,17,FALSE
HNSCC18_P2_F10_S166_comb,2.9806,1,Primary,0,Cancer cells,18,TRUE
HNSCC_17_P9_E10_S58_comb,0,0,Primary,T cell,T cell,,FALSE
HNSCC18_P7_B08_S116_comb,0,0,Primary,Fibroblast,Fibroblast,18,FALSE
HNSCC18_P15_D09_S45_comb,0,0,Primary,T cell,T cell,18,FALSE
HNSCC_17_P9_B12_S24_comb,0,0,Primary,T cell,T cell,,FALSE
HNSCC18_P3_C07_S319_comb,5.3337,0,Primary,0,0,18,TRUE
HNSCC17_P2_C04_S28_comb,2.6823,1,Primary,0,Cancer cells,17,TRUE
HNSCC18_P2_E09_S153_comb,0,1,Primary,0,Cancer cells,18,FALSE
HNSCC17_P2_D02_S38_comb,3.3478,1,Primary,0,Cancer cells,17,TRUE
HNSCC17_P7_D11_S143_comb,0,1,Primary,0,Cancer cells,17,FALSE
HNSCC18_P15_A11_S11_comb,0,0,Primary,T cell,T cell,18,FALSE
HNSCC18_P15_A01_S1_comb,0,0,Primary,T cell,T cell,18,FALSE
HNSCC18_P13_H02_S374_comb,0,0,Primary,T cell,T cell,18,FALSE
HNSCC18_P13_B08_S308_comb,0,0,Primary,Macrophage,Macrophage,18,FALSE
HNSCC16_P9_B05_S209_comb,0,0,Primary,Mast,Mast,16,FALSE
HNSCC16_P9_A09_S201_comb,0,0,Primary,T cell,T cell,16,FALSE
HNSCC_17_P9_G09_S81_comb,0,0,Primary,T cell,T cell,,FALSE
HNSCC16_P9_D07_S235_comb,0,0,Primary,Mast,Mast,16,FALSE
HNSCC16_P9_C02_S218_comb,4.4888,0,Primary,T cell,T cell,16,TRUE
HNSCC17_P7_B10_S118_comb,0,0,Primary,Fibroblast,Fibroblast,17,FALSE
HNSCC18_P15_G06_S78_comb,0,0,Primary,T cell,T cell,18,FALSE
HNSCC17_P3_H06_S282_comb,0,0,Primary,Mast,Mast,17,FALSE
HNSCC16_P9_A08_S200_comb,0,0,Primary,T cell,T cell,16,FALSE
HNSCC17_P3_H12_S288_comb,0,1,Primary,0,Cancer cells,17,FALSE
HNSCC_17_P9_B02_S14_comb,0,0,Primary,T cell,T cell,,FALSE
HNSCC16_P2_C08_S32_comb,0.39726,0,Primary,Endothelial,Endothelial,16,TRUE
HNSCC18_P7_F10_S166_comb,0,0,Primary,B cell,B cell,18,FALSE
HNSCC17_P3_F12_S264_comb,3.8887,1,Primary,0,Cancer cells,17,TRUE
HNSCC_17_P10_C11_S227_comb,0,0,Primary,T cell,T cell,,FALSE
HNSCC17_P7_G05_S173_comb,6.0209,1,Primary,0,Cancer cells,17,TRUE
HNSCC17_P7_H06_S186_comb,6.4721,0,Primary,Fibroblast,Fibroblast,17,TRUE
HNSCC18_P13_C12_S324_comb,0,0,Primary,T cell,T cell,18,FALSE
HNSCC18_P7_A12_S108_comb,3.5871,0,Primary,B cell,B cell,18,TRUE
HNSCC_17_P9_G05_S77_comb,0,0,Primary,T cell,T cell,,FALSE
HNSCC18_P7_D07_S139_comb,5.6915,0,Primary,Fibroblast,Fibroblast,18,TRUE
HNSCC18_P16_H07_S283_comb,0,0,Primary,T cell,T cell,18,FALSE
HNSCC17_P2_H08_S92_comb,0,0,Primary,0,0,17,FALSE
HNSCC17_P3_G02_S266_comb,1.6225,1,Primary,0,Cancer cells,17,TRUE
HNSCC18_P3_A01_S289_comb,0,0,Primary,0,0,18,FALSE
HNSCC16_P9_H04_S280_comb,0.2461,0,Primary,Fibroblast,Fibroblast,16,TRUE
HNSCC17_P3_C07_S223_comb,4.439,1,Primary,0,Cancer cells,17,TRUE
HNSCC17_P13_B10_S310_comb,0,0,Primary,T cell,T cell,17,FALSE
HNSCC_17_P10_B12_S216_comb,0,0,Primary,T cell,T cell,,FALSE
HNSCC18_P13_C11_S323_comb,0,0,Primary,0,0,18,FALSE
HNSCC16_P9_G06_S270_comb,5.125,0,Primary,T cell,T cell,16,TRUE
HNSCC17_P3_E09_S249_comb,0,1,Primary,0,Cancer cells,17,FALSE
HNSCC17_P7_G04_S172_comb,0,0,Primary,Endothelial,Endothelial,17,FALSE
HNSCC17_P7_H02_S182_comb,0,1,Primary,0,Cancer cells,17,FALSE
HNSCC17_P7_B04_S112_comb,0,0,Primary,Endothelial,Endothelial,17,FALSE
HNSCC16_P2_B02_S14_comb,6.2127,0,Primary,Fibroblast,Fibroblast,16,TRUE
HNSCC_17_P10_A07_S199_comb,0,0,Primary,T cell,T cell,,FALSE
HNSCC18_P7_A04_S100_comb,0,0,Primary,Fibroblast,Fibroblast,18,FALSE
HNSCC18_P3_G03_S363_comb,0,0,Primary,0,0,18,FALSE
HNSCC17_P2_C05_S29_comb,3.8833,1,Primary,0,Cancer cells,17,TRUE
HNSCC17_P2_A10_S10_comb,2.577,1,Primary,0,Cancer cells,17,TRUE
HNSCC18_P3_G02_S362_comb,3.8018,1,Primary,0,Cancer cells,18,TRUE
HNSCC16_P2_G05_S77_comb,4.0658,0,Primary,Fibroblast,Fibroblast,16,TRUE
HNSCC18_P15_G04_S76_comb,0,0,Primary,T cell,T cell,18,FALSE
HNSCC18_P7_D12_S144_comb,0,0,Primary,Fibroblast,Fibroblast,18,FALSE
HNSCC_17_P9_C01_S25_comb,0,0,Primary,T cell,T cell,,FALSE
HNSCC16_P2_C06_S30_comb,2.8331,0,Primary,Endothelial,Endothelial,16,TRUE
HNSCC17_P2_D04_S40_comb,3.7245,1,Primary,0,Cancer cells,17,TRUE
HNSCC17_P13_B03_S303_comb,0,0,Primary,Mast,Mast,17,FALSE
HNSCC17_P3_B05_S209_comb,3.472,1,Primary,0,Cancer cells,17,TRUE
HNSCC_17_P10_B08_S212_comb,0,0,Primary,T cell,T cell,,FALSE
HNSCC18_P13_A07_S295_comb,0,0,Primary,T cell,T cell,18,FALSE
HNSCC16_P2_H10_S94_comb,0,0,Primary,Fibroblast,Fibroblast,16,FALSE
HNSCC18_P3_F10_S358_comb,0,1,Primary,0,Cancer cells,18,FALSE
HNSCC16_P9_A07_S199_comb,0,0,Primary,T cell,T cell,16,FALSE
HNSCC_17_P10_B05_S209_comb,0,0,Primary,T cell,T cell,,FALSE
HNSCC17_P3_G06_S270_comb,0,1,Primary,0,Cancer cells,17,FALSE
HNSCC18_P15_G03_S75_comb,0,0,Primary,T cell,T cell,18,FALSE
HNSCC_17_P9_H04_S88_comb,0,0,Primary,T cell,T cell,,FALSE
HNSCC18_P13_E04_S340_comb,0,0,Primary,T cell,T cell,18,FALSE
HNSCC18_P2_H07_S187_comb,0,0,Primary,0,0,18,FALSE
HNSCC18_P16_G02_S266_comb,0,0,Primary,T cell,T cell,18,FALSE
HNSCC_17_P10_A06_S198_comb,0,0,Primary,T cell,T cell,,FALSE
HNSCC16_P2_G02_S74_comb,4.3204,0,Primary,Endothelial,Endothelial,16,TRUE
HNSCC18_P16_C10_S226_comb,0,0,Primary,T cell,T cell,18,FALSE
HNSCC18_P16_A11_S203_comb,0,0,Primary,T cell,T cell,18,FALSE
HNSCC18_P2_B12_S120_comb,0,0,Primary,0,0,18,FALSE
HNSCC16_P2_D02_S38_comb,5.6493,0,Primary,Endothelial,Endothelial,16,TRUE
HNSCC_17_P9_D08_S44_comb,0,0,Primary,T cell,T cell,,FALSE
HNSCC16_P9_E02_S242_comb,0,0,Primary,T cell,T cell,16,FALSE
HNSCC18_P2_C07_S127_comb,1.0956,1,Primary,0,Cancer cells,18,TRUE
HNSCC18_P2_B11_S119_comb,0,1,Primary,0,Cancer cells,18,FALSE
HNSCC18_P7_G03_S171_comb,0,0,Primary,Endothelial,Endothelial,18,FALSE
HNSCC16_P2_H05_S89_comb,0.61259,0,Primary,Endothelial,Endothelial,16,TRUE
HNSCC16_P2_G06_S78_comb,4.9582,0,Primary,Endothelial,Endothelial,16,TRUE
HNSCC18_P2_D06_S138_comb,4.2627,0,Primary,0,0,18,TRUE
HNSCC18_P2_B04_S112_comb,4.1169,0,Primary,0,0,18,TRUE
HNSCC16_P9_C04_S220_comb,0,0,Primary,T cell,T cell,16,FALSE
HNSCC18_P16_A05_S197_comb,0,0,Primary,T cell,T cell,18,FALSE
HNSCC17_P2_E01_S49_comb,0,1,Primary,0,Cancer cells,17,FALSE
HNSCC18_P7_F03_S159_comb,0,0,Primary,0,0,18,FALSE
HNSCC17_P2_A12_S12_comb,5.1284,0,Primary,0,0,17,TRUE
HNSCC17_P3_H09_S285_comb,3.1048,1,Primary,0,Cancer cells,17,TRUE
HNSCC18_P3_H05_S377_comb,2.5378,1,Primary,0,Cancer cells,18,TRUE
HNSCC17_P7_F01_S157_comb,5.3755,0,Primary,0,0,17,TRUE
HNSCC17_P2_H11_S95_comb,2.5226,1,Primary,0,Cancer cells,17,TRUE
HNSCC17_P3_D11_S239_comb,0,1,Primary,0,Cancer cells,17,FALSE
HNSCC_17_P10_E10_S250_comb,0,0,Primary,T cell,T cell,,FALSE
HNSCC18_P16_H09_S285_comb,0,0,Primary,T cell,T cell,18,FALSE
HNSCC18_P15_F05_S65_comb,0,0,Primary,T cell,T cell,18,FALSE
HNSCC18_P16_B03_S207_comb,0,0,Primary,T cell,T cell,18,FALSE
HNSCC17_P2_E04_S52_comb,4.8583,1,Primary,0,Cancer cells,17,TRUE
HNSCC17_P2_D05_S41_comb,4.1663,1,Primary,0,Cancer cells,17,TRUE
HNSCC18_P13_G05_S365_comb,0,0,Primary,T cell,T cell,18,FALSE
HNSCC18_P13_C03_S315_comb,0,0,Primary,T cell,T cell,18,FALSE
HNSCC17_P13_G12_S372_comb,0,0,Primary,B cell,B cell,17,FALSE
HNSCC17_P3_G04_S268_comb,2.3311,1,Primary,0,Cancer cells,17,TRUE
HNSCC17_P3_A09_S201_comb,2.5595,1,Primary,0,Cancer cells,17,TRUE
HNSCC16_P2_G10_S82_comb,0,0,Primary,Fibroblast,Fibroblast,16,FALSE
HNSCC16_P9_B10_S214_comb,0,0,Primary,T cell,T cell,16,FALSE
HNSCC_17_P10_D04_S232_comb,0,0,Primary,T cell,T cell,,FALSE
HNSCC17_P7_E04_S148_comb,6.2994,0,Primary,Fibroblast,Fibroblast,17,TRUE
HNSCC_17_P9_F11_S71_comb,0,0,Primary,T cell,T cell,,FALSE
HNSCC16_P9_F11_S263_comb,0,0,Primary,T cell,T cell,16,FALSE
HNSCC17_P3_A06_S198_comb,0,1,Primary,0,Cancer cells,17,FALSE
HNSCC_17_P9_E04_S52_comb,0,0,Primary,T cell,T cell,,FALSE
HNSCC17_P2_G12_S84_comb,2.951,1,Primary,0,Cancer cells,17,TRUE
HNSCC18_P2_A10_S106_comb,0,0,Primary,0,0,18,FALSE
HNSCC17_P7_H09_S189_comb,5.3673,0,Primary,Endothelial,Endothelial,17,TRUE
HNSCC17_P2_F03_S63_comb,3.2182,1,Primary,0,Cancer cells,17,TRUE
HNSCC18_P7_A09_S105_comb,0,1,Primary,0,Cancer cells,18,FALSE
HNSCC18_P13_C08_S320_comb,0,0,Primary,T cell,T cell,18,FALSE
HNSCC17_P2_B01_S13_comb,3.5378,1,Primary,0,Cancer cells,17,TRUE
HNSCC17_P7_A12_S108_comb,0,0,Primary,Fibroblast,Fibroblast,17,FALSE
HNSCC18_P7_B11_S119_comb,5.6419,0,Primary,Endothelial,Endothelial,18,TRUE
HNSCC17_P3_A08_S200_comb,0,1,Primary,0,Cancer cells,17,FALSE
HNSCC18_P7_F05_S161_comb,0,0,Primary,0,0,18,FALSE
HNSCC17_P3_C12_S228_comb,0,1,Primary,0,Cancer cells,17,FALSE
HNSCC_17_P10_C05_S221_comb,0,0,Primary,T cell,T cell,,FALSE
HNSCC18_P13_H12_S384_comb,0,0,Primary,T cell,T cell,18,FALSE
HNSCC18_P3_G07_S367_comb,4.1299,1,Primary,0,Cancer cells,18,TRUE
HNSCC18_P13_D09_S333_comb,0,0,Primary,T cell,T cell,18,FALSE
HNSCC_17_P10_E12_S252_comb,0,0,Primary,T cell,T cell,,FALSE
HNSCC18_P3_D11_S335_comb,2.9846,1,Primary,0,Cancer cells,18,TRUE
HNSCC16_P2_B08_S20_comb,4.278,0,Primary,Endothelial,Endothelial,16,TRUE
HNSCC17_P2_C08_S32_comb,3.3934,1,Primary,0,Cancer cells,17,TRUE
HNSCC17_P7_D02_S134_comb,2.946,1,Primary,0,Cancer cells,17,TRUE
HNSCC17_P13_E02_S338_comb,0,0,Primary,B cell,B cell,17,FALSE
HNSCC18_P15_G05_S77_comb,0,0,Primary,T cell,T cell,18,FALSE
HNSCC17_P2_A08_S8_comb,3.2787,1,Primary,0,Cancer cells,17,TRUE
HNSCC17_P3_B06_S210_comb,1.7693,1,Primary,0,Cancer cells,17,TRUE
HNSCC16_P9_D12_S240_comb,0,0,Primary,T cell,T cell,16,FALSE
HNSCC17_P7_G11_S179_comb,0.21661,1,Primary,0,Cancer cells,17,TRUE
HNSCC16_P2_A10_S10_comb,6.0557,0,Primary,Endothelial,Endothelial,16,TRUE
HNSCC16_P9_D08_S236_comb,0,0,Primary,T cell,T cell,16,FALSE
HNSCC17_P2_H01_S85_comb,2.124,1,Primary,0,Cancer cells,17,TRUE
HNSCC16_P9_C03_S219_comb,0,0,Primary,T cell,T cell,16,FALSE
HNSCC18_P7_G05_S173_comb,4.5287,0,Primary,Endothelial,Endothelial,18,TRUE
HNSCC_17_P9_B10_S22_comb,0,0,Primary,T cell,T cell,,FALSE
HNSCC17_P2_H04_S88_comb,3.9347,1,Primary,0,Cancer cells,17,TRUE
HNSCC_17_P10_G04_S268_comb,0,0,Primary,T cell,T cell,,FALSE
HNSCC18_P2_D11_S143_comb,4.9741,1,Primary,0,Cancer cells,18,TRUE
HNSCC18_P15_B03_S15_comb,0,0,Primary,T cell,T cell,18,FALSE
HNSCC18_P15_E05_S53_comb,0,0,Primary,T cell,T cell,18,FALSE
HNSCC17_P7_G02_S170_comb,3.8351,1,Primary,0,Cancer cells,17,TRUE
HNSCC16_P2_H01_S85_comb,4.3192,0,Primary,Endothelial,Endothelial,16,TRUE
HNSCC18_P2_E10_S154_comb,0,1,Primary,0,Cancer cells,18,FALSE
HNSCC_17_P10_C12_S228_comb,0,0,Primary,T cell,T cell,,FALSE
HNSCC_17_P9_H06_S90_comb,0,0,Primary,T cell,T cell,,FALSE
HNSCC18_P16_H12_S288_comb,0,0,Primary,T cell,T cell,18,FALSE
HNSCC17_P2_G04_S76_comb,3.7817,1,Primary,0,Cancer cells,17,TRUE
HNSCC17_P3_F05_S257_comb,3.3679,1,Primary,0,Cancer cells,17,TRUE
HNSCC17_P2_F04_S64_comb,0,0,Primary,Fibroblast,Fibroblast,17,FALSE
HNSCC18_P7_B04_S112_comb,3.3892,1,Primary,0,Cancer cells,18,TRUE
HNSCC18_P13_F02_S350_comb,0,0,Primary,B cell,B cell,18,FALSE
HNSCC18_P13_E03_S339_comb,0,0,Primary,T cell,T cell,18,FALSE
HNSCC17_P2_E09_S57_comb,4.0464,1,Primary,0,Cancer cells,17,TRUE
HNSCC17_P3_G05_S269_comb,2.4163,1,Primary,0,Cancer cells,17,TRUE
HNSCC18_P7_H01_S181_comb,0,0,Primary,Endothelial,Endothelial,18,FALSE
HNSCC17_P2_D10_S46_comb,2.5358,1,Primary,0,Cancer cells,17,TRUE
HNSCC_17_P9_E07_S55_comb,0,0,Primary,T cell,T cell,,FALSE
HNSCC18_P15_E10_S58_comb,0,0,Primary,T cell,T cell,18,FALSE
HNSCC17_P3_F01_S253_comb,2.5842,1,Primary,0,Cancer cells,17,TRUE
HNSCC16_P2_H03_S87_comb,0,0,Primary,Mast,Mast,16,FALSE
HNSCC16_P2_A05_S5_comb,4.0113,0,Primary,Endothelial,Endothelial,16,TRUE
HNSCC17_P7_F08_S164_comb,0.50182,0,Primary,Fibroblast,Fibroblast,17,TRUE
HNSCC17_P13_G01_S361_comb,0,0,Primary,T cell,T cell,17,FALSE
HNSCC18_P7_C03_S123_comb,0,0,Primary,Endothelial,Endothelial,18,FALSE
HNSCC16_P9_A02_S194_comb,0,0,Primary,T cell,T cell,16,FALSE
HNSCC_17_P9_B11_S23_comb,0,0,Primary,T cell,T cell,,FALSE
HNSCC18_P15_A04_S4_comb,0,0,Primary,T cell,T cell,18,FALSE
HNSCC18_P7_D04_S136_comb,0,0,Primary,0,0,18,FALSE
HNSCC18_P3_C11_S323_comb,0,1,Primary,0,Cancer cells,18,FALSE
HNSCC18_P3_E08_S344_comb,0,1,Primary,0,Cancer cells,18,FALSE
HNSCC17_P3_A07_S199_comb,2.8932,1,Primary,0,Cancer cells,17,TRUE
HNSCC16_P2_B03_S15_comb,0,0,Primary,Endothelial,Endothelial,16,FALSE
HNSCC18_P7_C04_S124_comb,5.5294,0,Primary,Fibroblast,Fibroblast,18,TRUE
HNSCC17_P3_B12_S216_comb,4.0405,1,Primary,0,Cancer cells,17,TRUE
HNSCC_17_P10_D01_S229_comb,0,0,Primary,T cell,T cell,,FALSE
HNSCC18_P7_D06_S138_comb,0.29042,0,Primary,Fibroblast,Fibroblast,18,TRUE
HNSCC18_P13_A06_S294_comb,0,0,Primary,T cell,T cell,18,FALSE
HNSCC17_P2_G05_S77_comb,0,1,Primary,0,Cancer cells,17,FALSE
HNSCC18_P15_B01_S13_comb,0,0,Primary,T cell,T cell,18,FALSE
HNSCC_17_P10_B01_S205_comb,0,0,Primary,T cell,T cell,,FALSE
HNSCC18_P2_F07_S163_comb,6.2301,0,Primary,Fibroblast,Fibroblast,18,TRUE
HNSCC17_P3_E05_S245_comb,2.9447,1,Primary,0,Cancer cells,17,TRUE
HNSCC17_P3_F04_S256_comb,0,0,Primary,0,0,17,FALSE
HNSCC16_P9_C12_S228_comb,0,0,Primary,T cell,T cell,16,FALSE
HNSCC17_P7_F04_S160_comb,5.3795,0,Primary,Fibroblast,Fibroblast,17,TRUE
HNSCC18_P13_C04_S316_comb,0,0,Primary,B cell,B cell,18,FALSE
HNSCC17_P7_B11_S119_comb,3.3506,0,Primary,Fibroblast,Fibroblast,17,TRUE
HNSCC18_P15_G07_S79_comb,0,0,Primary,T cell,T cell,18,FALSE
HNSCC18_P7_H07_S187_comb,0,0,Primary,Fibroblast,Fibroblast,18,FALSE
HNSCC16_P9_H11_S287_comb,0,0,Primary,0,0,16,FALSE
HNSCC16_P2_D12_S48_comb,7.7951,0,Primary,Fibroblast,Fibroblast,16,TRUE
HNSCC_17_P9_A08_S8_comb,0,0,Primary,T cell,T cell,,FALSE
HNSCC_17_P9_C09_S33_comb,0,0,Primary,T cell,T cell,,FALSE
HNSCC18_P13_G11_S371_comb,0,0,Primary,T cell,T cell,18,FALSE
HNSCC17_P2_D08_S44_comb,3.6418,1,Primary,0,Cancer cells,17,TRUE
HNSCC18_P13_A03_S291_comb,0,0,Primary,T cell,T cell,18,FALSE
HNSCC17_P7_E11_S155_comb,6.8053,0,Primary,0,0,17,TRUE
HNSCC18_P13_C02_S314_comb,4.0518,0,Primary,B cell,B cell,18,TRUE
HNSCC17_P2_A02_S2_comb,2.9092,1,Primary,0,Cancer cells,17,TRUE
HNSCC18_P7_C06_S126_comb,0.98623,0,Primary,Fibroblast,Fibroblast,18,TRUE
HNSCC18_P7_B01_S109_comb,3.9709,0,Primary,Fibroblast,Fibroblast,18,TRUE
HNSCC18_P13_E01_S337_comb,0,0,Primary,T cell,T cell,18,FALSE
HNSCC18_P2_F06_S162_comb,0,1,Primary,0,Cancer cells,18,FALSE
HNSCC18_P7_C09_S129_comb,0,0,Primary,Fibroblast,Fibroblast,18,FALSE
HNSCC18_P7_G10_S178_comb,0,0,Primary,myocyte,myocyte,18,FALSE
HNSCC_17_P9_E06_S54_comb,0,0,Primary,T cell,T cell,,FALSE
HNSCC17_P3_D09_S237_comb,3.458,1,Primary,0,Cancer cells,17,TRUE
HNSCC18_P7_G01_S169_comb,4.2997,0,Primary,Fibroblast,Fibroblast,18,TRUE
HNSCC18_P2_C01_S121_comb,4.108,0,Primary,0,0,18,TRUE
HNSCC18_P15_C11_S35_comb,0,0,Primary,T cell,T cell,18,FALSE
HNSCC18_P16_F02_S254_comb,0,0,Primary,T cell,T cell,18,FALSE
HNSCC18_P3_D08_S332_comb,0,0,Primary,0,0,18,FALSE
HNSCC18_P13_A05_S293_comb,0,0,Primary,Mast,Mast,18,FALSE
HNSCC_17_P9_G04_S76_comb,0,0,Primary,T cell,T cell,,FALSE
HNSCC18_P13_E06_S342_comb,3.5614,0,Primary,Macrophage,Macrophage,18,TRUE
HNSCC_17_P10_D07_S235_comb,0,0,Primary,T cell,T cell,,FALSE
HNSCC18_P15_C10_S34_comb,0,0,Primary,T cell,T cell,18,FALSE
HNSCC17_P2_C10_S34_comb,2.2801,1,Primary,0,Cancer cells,17,TRUE
HNSCC16_P9_A11_S203_comb,0,0,Primary,Macrophage,Macrophage,16,FALSE
HNSCC16_P9_G02_S266_comb,0,0,Primary,T cell,T cell,16,FALSE
HNSCC18_P7_C05_S125_comb,4.4756,0,Primary,Endothelial,Endothelial,18,TRUE
HNSCC18_P7_A11_S107_comb,0,0,Primary,Fibroblast,Fibroblast,18,FALSE
HNSCC18_P3_C03_S315_comb,0,0,Primary,0,0,18,FALSE
HNSCC18_P13_A12_S300_comb,0,0,Primary,T cell,T cell,18,FALSE
HNSCC_17_P10_G07_S271_comb,0,0,Primary,T cell,T cell,,FALSE
HNSCC17_P3_F11_S263_comb,2.3089,1,Primary,0,Cancer cells,17,TRUE
HNSCC17_P3_D12_S240_comb,0,1,Primary,0,Cancer cells,17,FALSE
HNSCC_17_P10_E04_S244_comb,0,0,Primary,T cell,T cell,,FALSE
HNSCC16_P9_D01_S229_comb,0,0,Primary,T cell,T cell,16,FALSE
HNSCC_17_P9_F03_S63_comb,0,0,Primary,T cell,T cell,,FALSE
HNSCC17_P2_D09_S45_comb,3.6458,1,Primary,0,Cancer cells,17,TRUE
HNSCC17_P2_G08_S80_comb,3.433,1,Primary,0,Cancer cells,17,TRUE
HNSCC18_P7_D11_S143_comb,3.1763,1,Primary,0,Cancer cells,18,TRUE
HNSCC_17_P9_A05_S5_comb,0,0,Primary,T cell,T cell,,FALSE
HNSCC17_P2_F01_S61_comb,1.4875,1,Primary,0,Cancer cells,17,TRUE
HNSCC17_P3_C03_S219_comb,2.5741,1,Primary,0,Cancer cells,17,TRUE
HNSCC18_P2_B05_S113_comb,4.956,1,Primary,0,Cancer cells,18,TRUE
HNSCC_17_P9_H03_S87_comb,0,0,Primary,T cell,T cell,,FALSE
HNSCC17_P3_A02_S194_comb,0,0,Primary,Mast,Mast,17,FALSE
HNSCC16_P2_H02_S86_comb,0,0,Primary,Endothelial,Endothelial,16,FALSE
HNSCC_17_P10_E09_S249_comb,0,0,Primary,T cell,T cell,,FALSE
HNSCC16_P9_E01_S241_comb,0,0,Primary,T cell,T cell,16,FALSE
HNSCC16_P9_B03_S207_comb,0,0,Primary,T cell,T cell,16,FALSE
HNSCC17_P2_D11_S47_comb,3.1977,1,Primary,0,Cancer cells,17,TRUE
HNSCC16_P9_C06_S222_comb,0,0,Primary,T cell,T cell,16,FALSE
HNSCC_17_P9_G01_S73_comb,0,0,Primary,T cell,T cell,,FALSE
HNSCC17_P7_C07_S127_comb,5.7893,0,Primary,0,0,17,TRUE
HNSCC17_P13_A01_S289_comb,0,0,Primary,T cell,T cell,17,FALSE
HNSCC17_P2_F12_S72_comb,3.7447,1,Primary,0,Cancer cells,17,TRUE
HNSCC17_P2_C12_S36_comb,3.1079,1,Primary,0,Cancer cells,17,TRUE
HNSCC18_P16_H11_S287_comb,0,0,Primary,Macrophage,Macrophage,18,FALSE
HNSCC_17_P9_G11_S83_comb,0,0,Primary,T cell,T cell,,FALSE
HNSCC18_P2_A06_S102_comb,3.9411,0,Primary,0,0,18,TRUE
HNSCC17_P3_G10_S274_comb,2.3051,1,Primary,0,Cancer cells,17,TRUE
HNSCC18_P15_E07_S55_comb,0,0,Primary,T cell,T cell,18,FALSE
HNSCC_17_P10_F05_S257_comb,0,0,Primary,T cell,T cell,,FALSE
HNSCC17_P3_E02_S242_comb,4.2037,1,Primary,0,Cancer cells,17,TRUE
HNSCC_17_P10_H12_S288_comb,0,0,Primary,T cell,T cell,,FALSE
HNSCC18_P3_F05_S353_comb,3.6706,0,Primary,0,0,18,TRUE
HNSCC17_P7_E10_S154_comb,7.7715,0,Primary,Fibroblast,Fibroblast,17,TRUE
HNSCC_17_P10_A10_S202_comb,0,0,Primary,T cell,T cell,,FALSE
HNSCC17_P2_B04_S16_comb,2.6469,1,Primary,0,Cancer cells,17,TRUE
HNSCC16_P2_F12_S72_comb,6.9345,0,Primary,Fibroblast,Fibroblast,16,TRUE
HNSCC17_P2_D03_S39_comb,4.9522,1,Primary,0,Cancer cells,17,TRUE
HNSCC16_P9_C05_S221_comb,0,0,Primary,T cell,T cell,16,FALSE
HNSCC17_P7_C03_S123_comb,0,0,Primary,Fibroblast,Fibroblast,17,FALSE
HNSCC_17_P9_C02_S26_comb,0,0,Primary,T cell,T cell,,FALSE
HNSCC18_P2_D01_S133_comb,0,1,Primary,0,Cancer cells,18,FALSE
HNSCC17_P3_D08_S236_comb,3.6095,1,Primary,0,Cancer cells,17,TRUE
HNSCC_17_P9_E11_S59_comb,0,0,Primary,T cell,T cell,,FALSE
HNSCC18_P2_F01_S157_comb,4.207,1,Primary,0,Cancer cells,18,TRUE
HNSCC16_P2_F09_S69_comb,0,0,Primary,Fibroblast,Fibroblast,16,FALSE
HNSCC18_P7_B03_S111_comb,4.8332,0,Primary,Fibroblast,Fibroblast,18,TRUE
HNSCC_17_P10_F09_S261_comb,0,0,Primary,T cell,T cell,,FALSE
HNSCC16_P2_H08_S92_comb,4.5626,0,Primary,Fibroblast,Fibroblast,16,TRUE
HNSCC16_P9_D04_S232_comb,0,0,Primary,T cell,T cell,16,FALSE
HNSCC18_P13_H10_S382_comb,0,0,Primary,T cell,T cell,18,FALSE
HNSCC18_P7_E04_S148_comb,3.6077,0,Primary,Fibroblast,Fibroblast,18,TRUE
HNSCC17_P2_G02_S74_comb,0,1,Primary,0,Cancer cells,17,FALSE
HNSCC17_P3_C10_S226_comb,0,1,Primary,0,Cancer cells,17,FALSE
HNSCC_17_P9_A12_S12_comb,0,0,Primary,T cell,T cell,,FALSE
HNSCC17_P2_H02_S86_comb,4.3482,1,Primary,0,Cancer cells,17,TRUE
HNSCC18_P7_B02_S110_comb,0,0,Primary,Endothelial,Endothelial,18,FALSE
HNSCC18_P7_E01_S145_comb,5.1893,0,Primary,Fibroblast,Fibroblast,18,TRUE
HNSCC_17_P9_H07_S91_comb,0,0,Primary,T cell,T cell,,FALSE
HNSCC_17_P9_C08_S32_comb,0,0,Primary,T cell,T cell,,FALSE
HNSCC_17_P9_E01_S49_comb,0,0,Primary,T cell,T cell,,FALSE
HNSCC18_P2_A12_S108_comb,3.1452,1,Primary,0,Cancer cells,18,TRUE
HNSCC18_P7_B09_S117_comb,0,0,Primary,Mast,Mast,18,FALSE
HNSCC17_P2_E12_S60_comb,0,1,Primary,0,Cancer cells,17,FALSE
HNSCC_17_P10_H05_S281_comb,0,0,Primary,T cell,T cell,,FALSE
HNSCC18_P3_E04_S340_comb,4.5945,1,Primary,0,Cancer cells,18,TRUE
HNSCC16_P9_E08_S248_comb,4.3578,0,Primary,Mast,Mast,16,TRUE
HNSCC18_P15_F11_S71_comb,0,0,Primary,T cell,T cell,18,FALSE
HNSCC18_P7_E08_S152_comb,4.8315,0,Primary,0,0,18,TRUE
HNSCC18_P3_F01_S349_comb,3.9667,0,Primary,0,0,18,TRUE
HNSCC17_P3_G12_S276_comb,2.1897,1,Primary,0,Cancer cells,17,TRUE
HNSCC_17_P10_B07_S211_comb,0,0,Primary,T cell,T cell,,FALSE
HNSCC18_P3_B08_S308_comb,3.5368,0,Primary,Fibroblast,Fibroblast,18,TRUE
HNSCC16_P2_E07_S55_comb,4.8868,0,Primary,Endothelial,Endothelial,16,TRUE
HNSCC16_P9_F08_S260_comb,0,0,Primary,T cell,T cell,16,FALSE
HNSCC18_P2_A07_S103_comb,5.5584,1,Primary,0,Cancer cells,18,TRUE
HNSCC17_P3_H03_S279_comb,2.9743,1,Primary,0,Cancer cells,17,TRUE
HNSCC_17_P9_F09_S69_comb,0,0,Primary,T cell,T cell,,FALSE
HNSCC16_P9_E12_S252_comb,0,0,Primary,T cell,T cell,16,FALSE
HNSCC17_P3_H05_S281_comb,2.2588,1,Primary,0,Cancer cells,17,TRUE
HNSCC16_P2_D06_S42_comb,4.0692,0,Primary,Fibroblast,Fibroblast,16,TRUE
HNSCC17_P2_D12_S48_comb,0,1,Primary,0,Cancer cells,17,FALSE
HNSCC16_P9_B07_S211_comb,0,0,Primary,T cell,T cell,16,FALSE
HNSCC_17_P9_A09_S9_comb,0,0,Primary,T cell,T cell,,FALSE
HNSCC17_P2_F07_S67_comb,3.6019,1,Primary,0,Cancer cells,17,TRUE
HNSCC18_P16_C07_S223_comb,0,0,Primary,T cell,T cell,18,FALSE
HNSCC16_P9_G04_S268_comb,0,0,Primary,T cell,T cell,16,FALSE
HNSCC_17_P10_A11_S203_comb,0,0,Primary,T cell,T cell,,FALSE
HNSCC17_P2_G01_S73_comb,3.3852,1,Primary,0,Cancer cells,17,TRUE
HNSCC18_P3_H10_S382_comb,6.3674,0,Primary,Fibroblast,Fibroblast,18,TRUE
HNSCC_17_P10_H10_S286_comb,0,0,Primary,T cell,T cell,,FALSE
HNSCC16_P2_F06_S66_comb,5.2793,0,Primary,Endothelial,Endothelial,16,TRUE
HNSCC17_P7_B06_S114_comb,7.165,0,Primary,Fibroblast,Fibroblast,17,TRUE
HNSCC_17_P9_A10_S10_comb,0,0,Primary,T cell,T cell,,FALSE
HNSCC17_P2_B11_S23_comb,3.209,1,Primary,0,Cancer cells,17,TRUE
HNSCC18_P13_C06_S318_comb,0,0,Primary,T cell,T cell,18,FALSE
HNSCC17_P13_E12_S348_comb,0,0,Primary,T cell,T cell,17,FALSE
HNSCC18_P2_F12_S168_comb,0,0,Primary,Mast,Mast,18,FALSE
HNSCC_17_P10_F07_S259_comb,0,0,Primary,T cell,T cell,,FALSE
HNSCC17_P7_D10_S142_comb,0,0,Primary,Fibroblast,Fibroblast,17,FALSE
HNSCC18_P15_F06_S66_comb,0,0,Primary,T cell,T cell,18,FALSE
HNSCC16_P2_E11_S59_comb,4.7827,1,Primary,0,Cancer cells,16,TRUE
HNSCC16_P9_A12_S204_comb,0,0,Primary,T cell,T cell,16,FALSE
HNSCC_17_P9_G02_S74_comb,0,0,Primary,T cell,T cell,,FALSE
HNSCC18_P15_G09_S81_comb,0,0,Primary,T cell,T cell,18,FALSE
HNSCC18_P7_B12_S120_comb,0,0,Primary,Endothelial,Endothelial,18,FALSE
HNSCC_17_P9_H09_S93_comb,0,0,Primary,T cell,T cell,,FALSE
HNSCC18_P15_E12_S60_comb,0,0,Primary,T cell,T cell,18,FALSE
HNSCC17_P2_B08_S20_comb,3.3865,1,Primary,0,Cancer cells,17,TRUE
HNSCC_17_P10_B03_S207_comb,0,0,Primary,T cell,T cell,,FALSE
HNSCC18_P2_F11_S167_comb,0,1,Primary,0,Cancer cells,18,FALSE
HNSCC17_P2_A03_S3_comb,5.3508,1,Primary,0,Cancer cells,17,TRUE
HNSCC18_P2_G01_S169_comb,0,0,Primary,0,0,18,FALSE
HNSCC17_P2_H06_S90_comb,2.7321,1,Primary,0,Cancer cells,17,TRUE
HNSCC18_P16_F09_S261_comb,0,0,Primary,T cell,T cell,18,FALSE
HNSCC16_P2_H04_S88_comb,0,0,Primary,Endothelial,Endothelial,16,FALSE
HNSCC18_P7_E07_S151_comb,0,1,Primary,0,Cancer cells,18,FALSE
HNSCC16_P9_A01_S193_comb,0,0,Primary,T cell,T cell,16,FALSE
HNSCC_17_P9_B09_S21_comb,0,0,Primary,T cell,T cell,,FALSE
HNSCC16_P9_D06_S234_comb,0,0,Primary,T cell,T cell,16,FALSE
HNSCC18_P7_H02_S182_comb,4.1501,0,Primary,Fibroblast,Fibroblast,18,TRUE
HNSCC16_P9_G05_S269_comb,0,0,Primary,T cell,T cell,16,FALSE
HNSCC17_P3_H04_S280_comb,0,1,Primary,0,Cancer cells,17,FALSE
HNSCC_17_P10_G11_S275_comb,0,0,Primary,T cell,T cell,,FALSE
HNSCC_17_P10_D06_S234_comb,0,0,Primary,T cell,T cell,,FALSE
HNSCC17_P7_E03_S147_comb,6.6474,0,Primary,Endothelial,Endothelial,17,TRUE
HNSCC18_P7_E10_S154_comb,1.2129,0,Primary,0,0,18,TRUE
HNSCC18_P15_C02_S26_comb,0,0,Primary,T cell,T cell,18,FALSE
HNSCC16_P2_F03_S63_comb,5.1944,0,Primary,Endothelial,Endothelial,16,TRUE
HNSCC_17_P9_F02_S62_comb,0,0,Primary,T cell,T cell,,FALSE
HNSCC16_P2_D07_S43_comb,0,0,Primary,Endothelial,Endothelial,16,FALSE
HNSCC17_P3_F10_S262_comb,3.8961,1,Primary,0,Cancer cells,17,TRUE
HNSCC_17_P10_F10_S262_comb,0,0,Primary,T cell,T cell,,FALSE
HNSCC18_P2_B07_S115_comb,4.5947,1,Primary,0,Cancer cells,18,TRUE
HNSCC_17_P9_C04_S28_comb,0,0,Primary,T cell,T cell,,FALSE
HNSCC17_P1_HNSCC17_P1_F01,3.5395,1,Primary,0,Cancer cells,17,TRUE
HNSCC17_P1_HNSCC17_P1_H09,0,1,Primary,0,Cancer cells,17,FALSE
HNSCC17_P1_HNSCC17_P1_A11,0,1,Primary,0,Cancer cells,17,FALSE
HNSCC17_P1_HNSCC17_P1_E12,3.5435,1,Primary,0,Cancer cells,17,TRUE
HNSCC17_P1_HNSCC17_P1_G07,3.7033,1,Primary,0,Cancer cells,17,TRUE
HNSCC17_P1_HNSCC17_P1_C11,0,1,Primary,0,Cancer cells,17,FALSE
HNSCC17_P1_HNSCC17_P1_H02,4.64,1,Primary,0,Cancer cells,17,TRUE
HNSCC17_P1_HNSCC17_P1_D05,0,1,Primary,0,Cancer cells,17,FALSE
HNSCC17_P1_HNSCC17_P1_B05,0,1,Primary,0,Cancer cells,17,FALSE
HNSCC17_P1_HNSCC17_P1_B06,0,0,Primary,0,0,17,FALSE
HNSCC17_P1_HNSCC17_P1_B04,2.618,1,Primary,0,Cancer cells,17,TRUE
HNSCC17_P1_HNSCC17_P1_H03,3.9078,1,Primary,0,Cancer cells,17,TRUE
HNSCC17_P1_HNSCC17_P1_A10,0,1,Primary,0,Cancer cells,17,FALSE
HNSCC17_P1_HNSCC17_P1_D03,0,0,Primary,Mast,Mast,17,FALSE
HNSCC17_P1_HNSCC17_P1_D11,4.6222,1,Primary,0,Cancer cells,17,TRUE
HNSCC17_P1_HNSCC17_P1_E06,0,1,Primary,0,Cancer cells,17,FALSE
HNSCC17_P1_HNSCC17_P1_C04,3.9086,1,Primary,0,Cancer cells,17,TRUE
HNSCC17_P1_HNSCC17_P1_D09,2.2606,1,Primary,0,Cancer cells,17,TRUE
HNSCC17_P1_HNSCC17_P1_C06,3.4453,1,Primary,0,Cancer cells,17,TRUE
HNSCC17_P1_HNSCC17_P1_C01,3.5984,1,Primary,0,Cancer cells,17,TRUE
HNSCC17_P1_HNSCC17_P1_D01,3.3221,1,Primary,0,Cancer cells,17,TRUE
HNSCC17_P1_HNSCC17_P1_A07,3.2157,1,Primary,0,Cancer cells,17,TRUE
HNSCC17_P1_HNSCC17_P1_H07,0.21412,1,Primary,0,Cancer cells,17,TRUE
HNSCC17_P1_HNSCC17_P1_C08,4.2278,1,Primary,0,Cancer cells,17,TRUE
HNSCC17_P1_HNSCC17_P1_A09,5.2348,1,Primary,0,Cancer cells,17,TRUE
HNSCC17_P1_HNSCC17_P1_A03,4.3573,1,Primary,0,Cancer cells,17,TRUE
HNSCC17_P1_HNSCC17_P1_D06,3.3839,1,Primary,0,Cancer cells,17,TRUE
HNSCC17_P1_HNSCC17_P1_G06,3.8971,1,Primary,0,Cancer cells,17,TRUE
HNSCC17_P1_HNSCC17_P1_D07,4.2331,1,Primary,0,Cancer cells,17,TRUE
HNSCC17_P1_HNSCC17_P1_C12,0,1,Primary,0,Cancer cells,17,FALSE
HNSCC17_P1_HNSCC17_P1_F12,0,1,Primary,0,Cancer cells,17,FALSE
HNSCC17_P1_HNSCC17_P1_A08,0,1,Primary,0,Cancer cells,17,FALSE
HNSCC17_P1_HNSCC17_P1_B10,3.877,1,Primary,0,Cancer cells,17,TRUE
HNSCC17_P1_HNSCC17_P1_F03,4.5772,1,Primary,0,Cancer cells,17,TRUE
HNSCC17_P1_HNSCC17_P1_H11,2.7124,1,Primary,0,Cancer cells,17,TRUE
HNSCC17_P1_HNSCC17_P1_G03,3.3391,1,Primary,0,Cancer cells,17,TRUE
HNSCC17_P1_HNSCC17_P1_F05,0,0,Primary,0,0,17,FALSE
HNSCC17_P1_HNSCC17_P1_C03,4.6633,1,Primary,0,Cancer cells,17,TRUE
HNSCC17_P1_HNSCC17_P1_E07,2.2299,1,Primary,0,Cancer cells,17,TRUE
HNSCC17_P1_HNSCC17_P1_E01,4.733,1,Primary,0,Cancer cells,17,TRUE
HNSCC17_P1_HNSCC17_P1_C02,3.8155,1,Primary,0,Cancer cells,17,TRUE
HNSCC17_P1_HNSCC17_P1_E09,2.3707,1,Primary,0,Cancer cells,17,TRUE
HNSCC17_P1_HNSCC17_P1_H10,4.302,1,Primary,0,Cancer cells,17,TRUE
HNSCC17_P1_HNSCC17_P1_C09,3.7502,1,Primary,0,Cancer cells,17,TRUE
HNSCC17_P1_HNSCC17_P1_F08,0,0,Primary,0,0,17,FALSE
HNSCC17_P1_HNSCC17_P1_B07,2.9919,1,Primary,0,Cancer cells,17,TRUE
HNSCC17_P1_HNSCC17_P1_C10,0,1,Primary,0,Cancer cells,17,FALSE
HNSCC17_P1_HNSCC17_P1_H05,4.1154,1,Primary,0,Cancer cells,17,TRUE
HNSCC17_P1_HNSCC17_P1_E05,3.3447,1,Primary,0,Cancer cells,17,TRUE
HNSCC17_P1_HNSCC17_P1_E02,4.8804,1,Primary,0,Cancer cells,17,TRUE
HNSCC17_P1_HNSCC17_P1_D08,3.8483,1,Primary,0,Cancer cells,17,TRUE
HNSCC17_P1_HNSCC17_P1_B03,0,1,Primary,0,Cancer cells,17,FALSE
HNSCC17_P1_HNSCC17_P1_D04,3.1912,1,Primary,0,Cancer cells,17,TRUE
HNSCC17_P1_HNSCC17_P1_F07,0,1,Primary,0,Cancer cells,17,FALSE
HNSCC17_P1_HNSCC17_P1_D10,0,1,Primary,0,Cancer cells,17,FALSE
HNSCC17_P1_HNSCC17_P1_E04,2.7995,1,Primary,0,Cancer cells,17,TRUE
HNSCC17_P1_HNSCC17_P1_G02,0,0,Primary,B cell,B cell,17,FALSE
HNSCC17_P1_HNSCC17_P1_A05,1.8612,1,Primary,0,Cancer cells,17,TRUE
HNSCC17_P1_HNSCC17_P1_C07,4.5465,1,Primary,0,Cancer cells,17,TRUE
HNSCC17_P1_HNSCC17_P1_F06,3.7892,1,Primary,0,Cancer cells,17,TRUE
HNSCC17_P1_HNSCC17_P1_F02,2.6542,1,Primary,0,Cancer cells,17,TRUE
HNSCC17_P1_HNSCC17_P1_D02,4.9104,1,Primary,0,Cancer cells,17,TRUE
HNSCC17_P1_HNSCC17_P1_G05,5.6763,1,Primary,0,Cancer cells,17,TRUE
HNSCC17_P1_HNSCC17_P1_E10,3.9281,1,Primary,0,Cancer cells,17,TRUE
HNSCC17_P1_HNSCC17_P1_H01,2.7212,1,Primary,0,Cancer cells,17,TRUE
HNSCC17_P1_HNSCC17_P1_G12,2.7972,1,Primary,0,Cancer cells,17,TRUE
HNSCC17_P1_HNSCC17_P1_H08,3.6442,1,Primary,0,Cancer cells,17,TRUE
HNSCC17_P1_HNSCC17_P1_H12,4.2507,1,Primary,0,Cancer cells,17,TRUE
HNSCC17_P1_HNSCC17_P1_G09,0,1,Primary,0,Cancer cells,17,FALSE
HNSCC17_P1_HNSCC17_P1_A06,4.1074,1,Primary,0,Cancer cells,17,TRUE
HNSCC17_P1_HNSCC17_P1_E08,0,1,Primary,0,Cancer cells,17,FALSE
HNSCC17_P1_HNSCC17_P1_G01,2.8383,1,Primary,0,Cancer cells,17,TRUE
HNSCC17_P1_HNSCC17_P1_B12,5.451,1,Primary,0,Cancer cells,17,TRUE
HNSCC17_P1_HNSCC17_P1_E11,3.3813,1,Primary,0,Cancer cells,17,TRUE
HNSCC17_P1_HNSCC17_P1_A04,3.1494,1,Primary,0,Cancer cells,17,TRUE
HNSCC17_P1_HNSCC17_P1_F09,4.2689,1,Primary,0,Cancer cells,17,TRUE
HNSCC17_P1_HNSCC17_P1_A12,4.4646,1,Primary,0,Cancer cells,17,TRUE
HNSCC17_P1_HNSCC17_P1_F10,4.5246,1,Primary,0,Cancer cells,17,TRUE
HNSCC17_P1_HNSCC17_P1_A02,2.6611,1,Primary,0,Cancer cells,17,TRUE
HNSCC17_P1_HNSCC17_P1_B08,3.9102,1,Primary,0,Cancer cells,17,TRUE
HNSCC17_P1_HNSCC17_P1_G04,0,1,Primary,0,Cancer cells,17,FALSE
HNSCC17_P1_HNSCC17_P1_G11,4.4103,1,Primary,0,Cancer cells,17,TRUE
HNSCC17_P1_HNSCC17_P1_B01,4.6394,1,Primary,0,Cancer cells,17,TRUE
HNSCC17_P1_HNSCC17_P1_F11,4.8577,1,Primary,0,Cancer cells,17,TRUE
HNSCC17_P1_HNSCC17_P1_B02,3.5997,1,Primary,0,Cancer cells,17,TRUE
HNSCC17_P1_HNSCC17_P1_H04,0,0,Primary,0,0,17,FALSE
HNSCC17_P1_HNSCC17_P1_D12,4.5057,1,Primary,0,Cancer cells,17,TRUE
HNSCC17_P1_HNSCC17_P1_H06,2.1801,1,Primary,0,Cancer cells,17,TRUE
HNSCC17_P8_HNSCC17_P8_E08,0,0,Primary,T cell,T cell,17,FALSE
HNSCC17_P8_HNSCC17_P8_B11,0,0,Primary,T cell,T cell,17,FALSE
HNSCC17_P8_HNSCC17_P8_E01,0,0,Primary,T cell,T cell,17,FALSE
HNSCC17_P8_HNSCC17_P8_E09,0,0,Primary,T cell,T cell,17,FALSE
HNSCC17_P8_HNSCC17_P8_B12,0,0,Primary,T cell,T cell,17,FALSE
HNSCC17_P8_HNSCC17_P8_D11,0,0,Primary,T cell,T cell,17,FALSE
HNSCC17_P8_HNSCC17_P8_E11,0,0,Primary,T cell,T cell,17,FALSE
HNSCC17_P8_HNSCC17_P8_C08,0,0,Primary,T cell,T cell,17,FALSE
HNSCC17_P8_HNSCC17_P8_F12,0,0,Primary,T cell,T cell,17,FALSE
HNSCC17_P8_HNSCC17_P8_D01,0,0,Primary,T cell,T cell,17,FALSE
HNSCC17_P8_HNSCC17_P8_C12,0,0,Primary,T cell,T cell,17,FALSE
HNSCC17_P8_HNSCC17_P8_A12,0,0,Primary,T cell,T cell,17,FALSE
HNSCC17_P8_HNSCC17_P8_D06,0,0,Primary,T cell,T cell,17,FALSE
HNSCC17_P8_HNSCC17_P8_C03,0,0,Primary,T cell,T cell,17,FALSE
HNSCC17_P8_HNSCC17_P8_A09,0,0,Primary,T cell,T cell,17,FALSE
HNSCC17_P8_HNSCC17_P8_B05,0,0,Primary,T cell,T cell,17,FALSE
HNSCC17_P8_HNSCC17_P8_C01,0,0,Primary,T cell,T cell,17,FALSE
HNSCC17_P8_HNSCC17_P8_C09,0,0,Primary,T cell,T cell,17,FALSE
HNSCC17_P8_HNSCC17_P8_A02,0,0,Primary,T cell,T cell,17,FALSE
HNSCC17_P8_HNSCC17_P8_D12,0,0,Primary,T cell,T cell,17,FALSE
HNSCC17_P8_HNSCC17_P8_B08,0,0,Primary,T cell,T cell,17,FALSE
HNSCC17_P8_HNSCC17_P8_E12,0,0,Primary,T cell,T cell,17,FALSE
HNSCC17_P8_HNSCC17_P8_F08,0,0,Primary,T cell,T cell,17,FALSE
HNSCC17_P8_HNSCC17_P8_B01,0,0,Primary,T cell,T cell,17,FALSE
HNSCC17_P8_HNSCC17_P8_C02,0,0,Primary,T cell,T cell,17,FALSE
HNSCC17_P8_HNSCC17_P8_E07,0,0,Primary,T cell,T cell,17,FALSE
HNSCC17_P8_HNSCC17_P8_E04,0,0,Primary,T cell,T cell,17,FALSE
HNSCC17_P8_HNSCC17_P8_D09,0,0,Primary,T cell,T cell,17,FALSE
HNSCC17_P8_HNSCC17_P8_D03,0,0,Primary,T cell,T cell,17,FALSE
HNSCC17_P8_HNSCC17_P8_C07,0,0,Primary,T cell,T cell,17,FALSE
HNSCC17_P8_HNSCC17_P8_A05,0,0,Primary,T cell,T cell,17,FALSE
HNSCC17_P8_HNSCC17_P8_C06,0,0,Primary,T cell,T cell,17,FALSE
HNSCC17_P8_HNSCC17_P8_A11,0,0,Primary,T cell,T cell,17,FALSE
HNSCC17_P8_HNSCC17_P8_D04,0,0,Primary,T cell,T cell,17,FALSE
HNSCC17_P8_HNSCC17_P8_E05,0,0,Primary,T cell,T cell,17,FALSE
HNSCC17_P8_HNSCC17_P8_A07,0,0,Primary,T cell,T cell,17,FALSE
HNSCC17_P8_HNSCC17_P8_A04,0,0,Primary,T cell,T cell,17,FALSE
HNSCC17_P8_HNSCC17_P8_C04,0,0,Primary,T cell,T cell,17,FALSE
HNSCC17_P8_HNSCC17_P8_E10,0,0,Primary,T cell,T cell,17,FALSE
HNSCC17_P8_HNSCC17_P8_C11,0,0,Primary,T cell,T cell,17,FALSE
HNSCC17_P8_HNSCC17_P8_A08,0,0,Primary,T cell,T cell,17,FALSE
HNSCC17_P8_HNSCC17_P8_B07,0,0,Primary,T cell,T cell,17,FALSE
HNSCC17_P8_HNSCC17_P8_F10,0,0,Primary,T cell,T cell,17,FALSE
HNSCC17_P8_HNSCC17_P8_A03,0,0,Primary,T cell,T cell,17,FALSE
HNSCC17_P8_HNSCC17_P8_D10,0,0,Primary,T cell,T cell,17,FALSE
HNSCC17_P8_HNSCC17_P8_B09,0,0,Primary,T cell,T cell,17,FALSE
HNSCC17_P8_HNSCC17_P8_D05,0,0,Primary,T cell,T cell,17,FALSE
HNSCC17_P8_HNSCC17_P8_C10,0,0,Primary,T cell,T cell,17,FALSE
HNSCC17_P8_HNSCC17_P8_D08,0,0,Primary,T cell,T cell,17,FALSE
HNSCC17_P8_HNSCC17_P8_D02,0,0,Primary,T cell,T cell,17,FALSE
HNSCC17_P8_HNSCC17_P8_F05,0,0,Primary,T cell,T cell,17,FALSE
HNSCC17_P8_HNSCC17_P8_F02,0,0,Primary,T cell,T cell,17,FALSE
HNSCC17_P8_HNSCC17_P8_F06,0,0,Primary,T cell,T cell,17,FALSE
HNSCC18_P14_HNSCC18_P14_H06,0,0,Primary,T cell,T cell,18,FALSE
HNSCC18_P14_HNSCC18_P14_B07,0,0,Primary,T cell,T cell,18,FALSE
HNSCC18_P14_HNSCC18_P14_E03,0,0,Primary,T cell,T cell,18,FALSE
HNSCC18_P14_HNSCC18_P14_C07,0,0,Primary,T cell,T cell,18,FALSE
HNSCC18_P14_HNSCC18_P14_G08,0,0,Primary,T cell,T cell,18,FALSE
HNSCC18_P14_HNSCC18_P14_D12,0,0,Primary,T cell,T cell,18,FALSE
HNSCC18_P14_HNSCC18_P14_F04,0,0,Primary,T cell,T cell,18,FALSE
HNSCC18_P14_HNSCC18_P14_G06,0,0,Primary,T cell,T cell,18,FALSE
HNSCC18_P14_HNSCC18_P14_E09,0,0,Primary,T cell,T cell,18,FALSE
HNSCC18_P14_HNSCC18_P14_H01,0,0,Primary,T cell,T cell,18,FALSE
HNSCC18_P14_HNSCC18_P14_C06,0,0,Primary,T cell,T cell,18,FALSE
HNSCC18_P14_HNSCC18_P14_A12,0,0,Primary,T cell,T cell,18,FALSE
HNSCC18_P14_HNSCC18_P14_E10,0,0,Primary,T cell,T cell,18,FALSE
HNSCC18_P14_HNSCC18_P14_A03,0,0,Primary,T cell,T cell,18,FALSE
HNSCC18_P14_HNSCC18_P14_E08,0,0,Primary,T cell,T cell,18,FALSE
HNSCC18_P14_HNSCC18_P14_D01,0,0,Primary,T cell,T cell,18,FALSE
HNSCC18_P14_HNSCC18_P14_A10,0,0,Primary,T cell,T cell,18,FALSE
HNSCC18_P14_HNSCC18_P14_G01,0,0,Primary,T cell,T cell,18,FALSE
HNSCC18_P14_HNSCC18_P14_A07,0,0,Primary,T cell,T cell,18,FALSE
HNSCC18_P14_HNSCC18_P14_H08,0,0,Primary,T cell,T cell,18,FALSE
HNSCC18_P14_HNSCC18_P14_D07,0,0,Primary,T cell,T cell,18,FALSE
HNSCC18_P14_HNSCC18_P14_B12,0,0,Primary,T cell,T cell,18,FALSE
HNSCC18_P14_HNSCC18_P14_E04,0,0,Primary,T cell,T cell,18,FALSE
HNSCC18_P14_HNSCC18_P14_H10,0,0,Primary,T cell,T cell,18,FALSE
HNSCC18_P14_HNSCC18_P14_C09,0,0,Primary,T cell,T cell,18,FALSE
HNSCC18_P14_HNSCC18_P14_G07,0,0,Primary,T cell,T cell,18,FALSE
HNSCC18_P14_HNSCC18_P14_F05,0,0,Primary,T cell,T cell,18,FALSE
HNSCC18_P14_HNSCC18_P14_B06,0,0,Primary,T cell,T cell,18,FALSE
HNSCC18_P14_HNSCC18_P14_C10,0,0,Primary,T cell,T cell,18,FALSE
HNSCC18_P14_HNSCC18_P14_D09,0,0,Primary,T cell,T cell,18,FALSE
HNSCC18_P14_HNSCC18_P14_F08,0,0,Primary,T cell,T cell,18,FALSE
HNSCC18_P14_HNSCC18_P14_A04,0,0,Primary,T cell,T cell,18,FALSE
HNSCC18_P14_HNSCC18_P14_G10,0,0,Primary,T cell,T cell,18,FALSE
HNSCC18_P14_HNSCC18_P14_H09,0,0,Primary,T cell,T cell,18,FALSE
HNSCC18_P14_HNSCC18_P14_A02,0,0,Primary,T cell,T cell,18,FALSE
HNSCC18_P14_HNSCC18_P14_B02,0,0,Primary,T cell,T cell,18,FALSE
HNSCC18_P14_HNSCC18_P14_B04,0,0,Primary,T cell,T cell,18,FALSE
HNSCC18_P14_HNSCC18_P14_G12,0,0,Primary,T cell,T cell,18,FALSE
HNSCC18_P14_HNSCC18_P14_C12,0,0,Primary,T cell,T cell,18,FALSE
HNSCC18_P14_HNSCC18_P14_C08,0,0,Primary,T cell,T cell,18,FALSE
HNSCC18_P14_HNSCC18_P14_B10,0,0,Primary,T cell,T cell,18,FALSE
HNSCC18_P14_HNSCC18_P14_E07,0,0,Primary,T cell,T cell,18,FALSE
HNSCC18_P14_HNSCC18_P14_B08,0,0,Primary,T cell,T cell,18,FALSE
HNSCC18_P14_HNSCC18_P14_A11,0,0,Primary,T cell,T cell,18,FALSE
HNSCC18_P14_HNSCC18_P14_F12,0,0,Primary,T cell,T cell,18,FALSE
HNSCC18_P14_HNSCC18_P14_H05,0,0,Primary,T cell,T cell,18,FALSE
HNSCC18_P14_HNSCC18_P14_E12,0,0,Primary,T cell,T cell,18,FALSE
HNSCC18_P14_HNSCC18_P14_B05,0,0,Primary,T cell,T cell,18,FALSE
HNSCC18_P14_HNSCC18_P14_D10,0,0,Primary,T cell,T cell,18,FALSE
HNSCC18_P14_HNSCC18_P14_H04,0,0,Primary,T cell,T cell,18,FALSE
HNSCC18_P14_HNSCC18_P14_D04,0,0,Primary,T cell,T cell,18,FALSE
HNSCC18_P14_HNSCC18_P14_E01,0,0,Primary,T cell,T cell,18,FALSE
HNSCC18_P14_HNSCC18_P14_B09,0,0,Primary,T cell,T cell,18,FALSE
HNSCC18_P14_HNSCC18_P14_D06,0,0,Primary,T cell,T cell,18,FALSE
HNSCC18_P14_HNSCC18_P14_F10,0,0,Primary,T cell,T cell,18,FALSE
HNSCC18_P14_HNSCC18_P14_H02,0,0,Primary,T cell,T cell,18,FALSE
HNSCC18_P14_HNSCC18_P14_A05,0,0,Primary,T cell,T cell,18,FALSE
HNSCC18_P14_HNSCC18_P14_D02,0,0,Primary,T cell,T cell,18,FALSE
HNSCC18_P14_HNSCC18_P14_E05,0,0,Primary,T cell,T cell,18,FALSE
HNSCC18_P14_HNSCC18_P14_E06,0,0,Primary,T cell,T cell,18,FALSE
HNSCC18_P14_HNSCC18_P14_C04,0,0,Primary,T cell,T cell,18,FALSE
HNSCC18_P14_HNSCC18_P14_A06,0,0,Primary,T cell,T cell,18,FALSE
HNSCC18_P14_HNSCC18_P14_C05,0,0,Primary,0,0,18,FALSE
HNSCC18_P14_HNSCC18_P14_C11,0,0,Primary,T cell,T cell,18,FALSE
HNSCC18_P14_HNSCC18_P14_F11,0,0,Primary,T cell,T cell,18,FALSE
HNSCC18_P14_HNSCC18_P14_B01,0,0,Primary,T cell,T cell,18,FALSE
HNSCC18_P14_HNSCC18_P14_G04,0,0,Primary,T cell,T cell,18,FALSE
HNSCC18_P14_HNSCC18_P14_G03,0,0,Primary,T cell,T cell,18,FALSE
HNSCC18_P14_HNSCC18_P14_A08,0,0,Primary,T cell,T cell,18,FALSE
HNSCC18_P1_P9_HNSCC18_P1_P9_E01,4.0144,1,Primary,0,Cancer cells,18,TRUE
HNSCC18_P1_P9_HNSCC18_P1_P9_C12,0,0,Primary,0,0,18,FALSE
HNSCC18_P1_P9_HNSCC18_P1_P9_B11,0,0,Primary,0,0,18,FALSE
HNSCC18_P1_P9_HNSCC18_P1_P9_A03,0.34483,1,Primary,0,Cancer cells,18,TRUE
HNSCC18_P1_P9_HNSCC18_P1_P9_D06,0.23266,1,Primary,0,Cancer cells,18,TRUE
HNSCC18_P1_P9_HNSCC18_P1_P9_H04,0,0,Primary,0,0,18,FALSE
HNSCC18_P1_P9_HNSCC18_P1_P9_F05,4.8787,1,Primary,0,Cancer cells,18,TRUE
HNSCC18_P1_P9_HNSCC18_P1_P9_F08,0,0,Primary,0,0,18,FALSE
HNSCC18_P1_P9_HNSCC18_P1_P9_F12,0,0,Primary,0,0,18,FALSE
HNSCC18_P1_P9_HNSCC18_P1_P9_F02,0,0,Primary,0,0,18,FALSE
HNSCC18_P1_P9_HNSCC18_P1_P9_F10,0,0,Primary,0,0,18,FALSE
HNSCC18_P1_P9_HNSCC18_P1_P9_A05,3.4808,1,Primary,0,Cancer cells,18,TRUE
HNSCC18_P1_P9_HNSCC18_P1_P9_G08,0,0,Primary,0,0,18,FALSE
HNSCC18_P1_P9_HNSCC18_P1_P9_H08,3.5949,1,Primary,0,Cancer cells,18,TRUE
HNSCC18_P1_P9_HNSCC18_P1_P9_H11,0,0,Primary,0,0,18,FALSE
HNSCC18_P1_P9_HNSCC18_P1_P9_F01,0,0,Primary,0,0,18,FALSE
HNSCC18_P1_P9_HNSCC18_P1_P9_H02,0,0,Primary,0,0,18,FALSE
HNSCC18_P1_P9_HNSCC18_P1_P9_B12,3.2587,0,Primary,0,0,18,TRUE
HNSCC18_P1_P9_HNSCC18_P1_P9_F07,0,1,Primary,0,Cancer cells,18,FALSE
HNSCC18_P1_P9_HNSCC18_P1_P9_A12,0,0,Primary,0,0,18,FALSE
HNSCC18_P1_P9_HNSCC18_P1_P9_B10,3.3904,1,Primary,0,Cancer cells,18,TRUE
HNSCC18_P1_P9_HNSCC18_P1_P9_E10,0,0,Primary,0,0,18,FALSE
HNSCC18_P1_P9_HNSCC18_P1_P9_B03,0,1,Primary,0,Cancer cells,18,FALSE
HNSCC18_P1_P9_HNSCC18_P1_P9_D08,7.0089,0,Primary,Fibroblast,Fibroblast,18,TRUE
HNSCC18_P1_P9_HNSCC18_P1_P9_G10,0,0,Primary,0,0,18,FALSE
HNSCC18_P1_P9_HNSCC18_P1_P9_C11,1.2431,1,Primary,0,Cancer cells,18,TRUE
HNSCC18_P1_P9_HNSCC18_P1_P9_H09,0,1,Primary,0,Cancer cells,18,FALSE
HNSCC18_P1_P9_HNSCC18_P1_P9_G03,4.0178,0,Primary,0,0,18,TRUE
HNSCC18_P1_P9_HNSCC18_P1_P9_H01,2.537,0,Primary,0,0,18,TRUE
HNSCC18_P1_P9_HNSCC18_P1_P9_A09,0,0,Primary,0,0,18,FALSE
HNSCC18_P1_P9_HNSCC18_P1_P9_A07,0,0,Primary,Mast,Mast,18,FALSE
HNSCC18_P1_P9_HNSCC18_P1_P9_G01,4.6373,1,Primary,0,Cancer cells,18,TRUE
HNSCC18_P1_P9_HNSCC18_P1_P9_F09,0,0,Primary,0,0,18,FALSE
HNSCC18_P1_P9_HNSCC18_P1_P9_G06,4.7169,1,Primary,0,Cancer cells,18,TRUE
HNSCC18_P1_P9_HNSCC18_P1_P9_B01,2.9073,1,Primary,0,Cancer cells,18,TRUE
HNSCC18_P1_P9_HNSCC18_P1_P9_G11,0,0,Primary,0,0,18,FALSE
HNSCC18_P1_P9_HNSCC18_P1_P9_B04,5.3612,0,Primary,0,0,18,TRUE
HNSCC18_P1_P9_HNSCC18_P1_P9_H07,1.175,1,Primary,0,Cancer cells,18,TRUE
HNSCC18_P1_P9_HNSCC18_P1_P9_H06,4.267,0,Primary,0,0,18,TRUE
HNSCC18_P1_P9_HNSCC18_P1_P9_G04,0,0,Primary,0,0,18,FALSE
HNSCC18_P1_P9_HNSCC18_P1_P9_E06,0,0,Primary,0,0,18,FALSE
HNSCC18_P1_P9_HNSCC18_P1_P9_E03,0,0,Primary,0,0,18,FALSE
HNSCC18_P1_P9_HNSCC18_P1_P9_H05,3.8933,1,Primary,0,Cancer cells,18,TRUE
HNSCC18_P1_P9_HNSCC18_P1_P9_C04,0,1,Primary,0,Cancer cells,18,FALSE
HNSCC18_P1_P9_HNSCC18_P1_P9_E11,2.9102,1,Primary,0,Cancer cells,18,TRUE
HNSCC18_P1_P9_HNSCC18_P1_P9_F06,5.2084,0,Primary,0,0,18,TRUE
HNSCC18_P1_P9_HNSCC18_P1_P9_D09,0,1,Primary,0,Cancer cells,18,FALSE
HNSCC18_P1_P9_HNSCC18_P1_P9_B06,2.9949,1,Primary,0,Cancer cells,18,TRUE
HNSCC18_P1_P9_HNSCC18_P1_P9_F03,0.53804,0,Primary,0,0,18,TRUE
HNSCC18_P1_P9_HNSCC18_P1_P9_H12,0,0,Primary,0,0,18,FALSE
HNSCC18_P1_P9_HNSCC18_P1_P9_D02,0,0,Primary,0,0,18,FALSE
HNSCC18_P1_P9_HNSCC18_P1_P9_E09,4.072,1,Primary,0,Cancer cells,18,TRUE
HNSCC18_P1_P9_HNSCC18_P1_P9_H10,0.45312,0,Primary,0,0,18,TRUE
HNSCC18_P1_P9_HNSCC18_P1_P9_D01,0.2558,1,Primary,0,Cancer cells,18,TRUE
HNSCC18_P1_P9_HNSCC18_P1_P9_H03,0,0,Primary,0,0,18,FALSE
HNSCC18_P1_P9_HNSCC18_P1_P9_C03,0,0,Primary,Fibroblast,Fibroblast,18,FALSE
HNSCC18_P1_P9_HNSCC18_P1_P9_E07,0,0,Primary,0,0,18,FALSE
HNSCC18_P1_P9_HNSCC18_P1_P9_F11,0,0,Primary,0,0,18,FALSE
HNSCC18_P1_P9_HNSCC18_P1_P9_A01,3.4768,1,Primary,0,Cancer cells,18,TRUE
HNSCC18_P1_P9_HNSCC18_P1_P9_E08,0,1,Primary,0,Cancer cells,18,FALSE
HNSCC18_P1_P9_HNSCC18_P1_P9_E05,2.7457,0,Primary,0,0,18,TRUE
HNSCC18_P1_P9_HNSCC18_P1_P9_E04,3.9207,1,Primary,0,Cancer cells,18,TRUE
HNSCC18_P1_P9_HNSCC18_P1_P9_G02,5.0131,1,Primary,0,Cancer cells,18,TRUE
HNSCC18_P1_P9_HNSCC18_P1_P9_F04,0,1,Primary,0,Cancer cells,18,FALSE
HNSCC18_P1_P9_HNSCC18_P1_P9_E02,0,1,Primary,0,Cancer cells,18,FALSE
HNSCC18_P1_P9_HNSCC18_P1_P9_G07,2.9824,1,Primary,0,Cancer cells,18,TRUE
HNSCC18_P1_P9_HNSCC18_P1_P9_B07,0,1,Primary,0,Cancer cells,18,FALSE
HNSCC18_P1_P9_HNSCC18_P1_P9_D11,0,0,Primary,0,0,18,FALSE
HNSCC18_P1_P9_HNSCC18_P1_P9_B05,4.9108,0,Primary,0,0,18,TRUE
HNSCC18_P1_P9_HNSCC18_P1_P9_B09,0,1,Primary,0,Cancer cells,18,FALSE
HNSCC18_P1_P9_HNSCC18_P1_P9_A04,4.1323,1,Primary,0,Cancer cells,18,TRUE
HNSCC18_P1_P9_HNSCC18_P1_P9_G05,6.6099,0,Primary,0,0,18,TRUE
HNSCC16_P5_HNSCC16_P5_D08,0,0,Primary,Fibroblast,Fibroblast,16,FALSE
HNSCC16_P5_HNSCC16_P5_E12,4.8889,0,Primary,0,0,16,TRUE
HNSCC16_P5_HNSCC16_P5_H07,4.2827,1,Primary,0,Cancer cells,16,TRUE
HNSCC16_P5_HNSCC16_P5_F06,4.3922,0,Primary,Fibroblast,Fibroblast,16,TRUE
HNSCC16_P5_HNSCC16_P5_D07,0,0,Primary,Mast,Mast,16,FALSE
HNSCC16_P5_HNSCC16_P5_F05,0,0,Primary,T cell,T cell,16,FALSE
HNSCC16_P5_HNSCC16_P5_C09,2.6288,1,Primary,0,Cancer cells,16,TRUE
HNSCC16_P5_HNSCC16_P5_C07,5.4519,0,Primary,Fibroblast,Fibroblast,16,TRUE
HNSCC16_P5_HNSCC16_P5_F03,0,0,Primary,Fibroblast,Fibroblast,16,FALSE
HNSCC16_P5_HNSCC16_P5_A09,0,0,Primary,Fibroblast,Fibroblast,16,FALSE
HNSCC16_P5_HNSCC16_P5_A02,0,0,Primary,Fibroblast,Fibroblast,16,FALSE
HNSCC16_P5_HNSCC16_P5_F10,0.4678,0,Primary,0,0,16,TRUE
HNSCC16_P5_HNSCC16_P5_F02,2.0555,0,Primary,Fibroblast,Fibroblast,16,TRUE
HNSCC16_P5_HNSCC16_P5_D06,0,0,Primary,Fibroblast,Fibroblast,16,FALSE
HNSCC16_P5_HNSCC16_P5_C01,0,0,Primary,Dendritic,Dendritic,16,FALSE
HNSCC16_P5_HNSCC16_P5_H05,3.5105,1,Primary,0,Cancer cells,16,TRUE
HNSCC16_P5_HNSCC16_P5_D03,7.6139,0,Primary,Fibroblast,Fibroblast,16,TRUE
HNSCC16_P5_HNSCC16_P5_B04,0,1,Primary,0,Cancer cells,16,FALSE
HNSCC16_P5_HNSCC16_P5_F04,4.8391,1,Primary,0,Cancer cells,16,TRUE
HNSCC16_P5_HNSCC16_P5_H09,4.4836,1,Primary,0,Cancer cells,16,TRUE
HNSCC16_P5_HNSCC16_P5_H03,4.3384,1,Primary,0,Cancer cells,16,TRUE
HNSCC16_P5_HNSCC16_P5_E08,5.6176,0,Primary,Fibroblast,Fibroblast,16,TRUE
HNSCC16_P5_HNSCC16_P5_D05,6.364,0,Primary,Fibroblast,Fibroblast,16,TRUE
HNSCC16_P5_HNSCC16_P5_C08,0,0,Primary,Fibroblast,Fibroblast,16,FALSE
HNSCC16_P5_HNSCC16_P5_B05,0,0,Primary,Fibroblast,Fibroblast,16,FALSE
HNSCC16_P5_HNSCC16_P5_H12,4.1516,1,Primary,0,Cancer cells,16,TRUE
HNSCC16_P5_HNSCC16_P5_F09,0,0,Primary,Mast,Mast,16,FALSE
HNSCC16_P5_HNSCC16_P5_C12,3.046,1,Primary,0,Cancer cells,16,TRUE
HNSCC16_P5_HNSCC16_P5_D09,0,0,Primary,Dendritic,Dendritic,16,FALSE
HNSCC16_P5_HNSCC16_P5_B06,0,1,Primary,0,Cancer cells,16,FALSE
HNSCC16_P5_HNSCC16_P5_A07,0,0,Primary,Macrophage,Macrophage,16,FALSE
HNSCC16_P5_HNSCC16_P5_F11,3.837,1,Primary,0,Cancer cells,16,TRUE
HNSCC16_P5_HNSCC16_P5_A04,5.562,1,Primary,0,Cancer cells,16,TRUE
HNSCC16_P5_HNSCC16_P5_A10,0,0,Primary,Fibroblast,Fibroblast,16,FALSE
HNSCC16_P5_HNSCC16_P5_F08,5.2888,0,Primary,Fibroblast,Fibroblast,16,TRUE
HNSCC16_P5_HNSCC16_P5_E10,5.0742,0,Primary,Fibroblast,Fibroblast,16,TRUE
HNSCC16_P5_HNSCC16_P5_A08,5.0537,1,Primary,0,Cancer cells,16,TRUE
HNSCC16_P5_HNSCC16_P5_E11,0,0,Primary,Fibroblast,Fibroblast,16,FALSE
HNSCC16_P5_HNSCC16_P5_B08,0,0,Primary,Mast,Mast,16,FALSE
HNSCC16_P5_HNSCC16_P5_D12,0,0,Primary,0,0,16,FALSE
HNSCC16_P5_HNSCC16_P5_H01,4.0148,1,Primary,0,Cancer cells,16,TRUE
HNSCC16_P5_HNSCC16_P5_D04,5.7925,0,Primary,Fibroblast,Fibroblast,16,TRUE
HNSCC16_P5_HNSCC16_P5_E01,0,0,Primary,Mast,Mast,16,FALSE
HNSCC16_P5_HNSCC16_P5_A03,0,0,Primary,0,0,16,FALSE
HNSCC16_P5_HNSCC16_P5_B12,3.974,0,Primary,Fibroblast,Fibroblast,16,TRUE
HNSCC16_P5_HNSCC16_P5_F01,1.2851,0,Primary,Fibroblast,Fibroblast,16,TRUE
HNSCC16_P5_HNSCC16_P5_H06,5.4755,0,Primary,Fibroblast,Fibroblast,16,TRUE
HNSCC16_P5_HNSCC16_P5_C10,0,0,Primary,Fibroblast,Fibroblast,16,FALSE
HNSCC16_P5_HNSCC16_P5_A01,4.5167,1,Primary,0,Cancer cells,16,TRUE
HNSCC16_P5_HNSCC16_P5_C11,0,0,Primary,Mast,Mast,16,FALSE
HNSCC16_P5_HNSCC16_P5_A05,0,0,Primary,Fibroblast,Fibroblast,16,FALSE
HNSCC16_P5_HNSCC16_P5_G10,5.6249,0,Primary,Fibroblast,Fibroblast,16,TRUE
HNSCC16_P5_HNSCC16_P5_B10,7.1658,0,Primary,Fibroblast,Fibroblast,16,TRUE
HNSCC16_P5_HNSCC16_P5_G06,0,0,Primary,T cell,T cell,16,FALSE
HNSCC16_P5_HNSCC16_P5_G11,5.8047,0,Primary,0,0,16,TRUE
HNSCC16_P5_HNSCC16_P5_G02,3.5751,0,Primary,0,0,16,TRUE
HNSCC16_P5_HNSCC16_P5_E05,0,0,Primary,Dendritic,Dendritic,16,FALSE
HNSCC16_P5_HNSCC16_P5_B02,0,0,Primary,Fibroblast,Fibroblast,16,FALSE
HNSCC16_P5_HNSCC16_P5_E02,0,0,Primary,Fibroblast,Fibroblast,16,FALSE
HNSCC16_P5_HNSCC16_P5_H04,0,0,Primary,0,0,16,FALSE
HNSCC16_P5_HNSCC16_P5_D01,1.5499,1,Primary,0,Cancer cells,16,TRUE
HNSCC16_P5_HNSCC16_P5_B11,3.7632,1,Primary,0,Cancer cells,16,TRUE
HNSCC16_P5_HNSCC16_P5_A06,5.7275,0,Primary,Fibroblast,Fibroblast,16,TRUE
HNSCC16_P5_HNSCC16_P5_B03,0,0,Primary,T cell,T cell,16,FALSE
HNSCC16_P14_HNSCC16_P14_C10,0,0,Primary,T cell,T cell,16,FALSE
HNSCC16_P14_HNSCC16_P14_E03,0,0,Primary,T cell,T cell,16,FALSE
HNSCC16_P14_HNSCC16_P14_F03,0,0,Primary,T cell,T cell,16,FALSE
HNSCC16_P14_HNSCC16_P14_B09,0,0,Primary,T cell,T cell,16,FALSE
HNSCC16_P14_HNSCC16_P14_C11,6.2988,0,Primary,T cell,T cell,16,TRUE
HNSCC16_P14_HNSCC16_P14_F02,0,0,Primary,T cell,T cell,16,FALSE
HNSCC16_P14_HNSCC16_P14_F08,0,0,Primary,T cell,T cell,16,FALSE
HNSCC16_P14_HNSCC16_P14_C08,0,0,Primary,T cell,T cell,16,FALSE
HNSCC16_P14_HNSCC16_P14_H10,0,0,Primary,T cell,T cell,16,FALSE
HNSCC16_P14_HNSCC16_P14_C05,0,0,Primary,T cell,T cell,16,FALSE
HNSCC16_P14_HNSCC16_P14_B08,0,0,Primary,T cell,T cell,16,FALSE
HNSCC16_P14_HNSCC16_P14_D12,0,0,Primary,T cell,T cell,16,FALSE
HNSCC16_P14_HNSCC16_P14_A05,0,0,Primary,T cell,T cell,16,FALSE
HNSCC16_P14_HNSCC16_P14_E09,0,0,Primary,T cell,T cell,16,FALSE
HNSCC16_P14_HNSCC16_P14_E07,0,0,Primary,T cell,T cell,16,FALSE
HNSCC16_P14_HNSCC16_P14_C03,0,0,Primary,T cell,T cell,16,FALSE
HNSCC16_P14_HNSCC16_P14_F07,0,0,Primary,T cell,T cell,16,FALSE
HNSCC16_P14_HNSCC16_P14_E01,0,0,Primary,T cell,T cell,16,FALSE
HNSCC16_P14_HNSCC16_P14_C12,0,0,Primary,T cell,T cell,16,FALSE
HNSCC16_P14_HNSCC16_P14_C06,0,0,Primary,T cell,T cell,16,FALSE
HNSCC16_P14_HNSCC16_P14_F11,0,0,Primary,T cell,T cell,16,FALSE
HNSCC16_P14_HNSCC16_P14_G07,0,0,Primary,T cell,T cell,16,FALSE
HNSCC16_P14_HNSCC16_P14_G06,0,0,Primary,T cell,T cell,16,FALSE
HNSCC16_P14_HNSCC16_P14_C04,0,0,Primary,T cell,T cell,16,FALSE
HNSCC16_P14_HNSCC16_P14_A08,0,0,Primary,T cell,T cell,16,FALSE
HNSCC16_P14_HNSCC16_P14_E04,0,0,Primary,T cell,T cell,16,FALSE
HNSCC16_P14_HNSCC16_P14_G12,0,0,Primary,Macrophage,Macrophage,16,FALSE
HNSCC16_P14_HNSCC16_P14_F09,0,0,Primary,T cell,T cell,16,FALSE
HNSCC16_P14_HNSCC16_P14_B06,0,0,Primary,T cell,T cell,16,FALSE
HNSCC16_P14_HNSCC16_P14_D08,0,0,Primary,T cell,T cell,16,FALSE
HNSCC16_P14_HNSCC16_P14_G03,0,0,Primary,T cell,T cell,16,FALSE
HNSCC16_P14_HNSCC16_P14_A06,0,0,Primary,T cell,T cell,16,FALSE
HNSCC16_P14_HNSCC16_P14_C01,0,0,Primary,T cell,T cell,16,FALSE
HNSCC16_P14_HNSCC16_P14_B10,0,0,Primary,T cell,T cell,16,FALSE
HNSCC16_P14_HNSCC16_P14_E12,0,0,Primary,T cell,T cell,16,FALSE
HNSCC16_P14_HNSCC16_P14_A03,0,0,Primary,T cell,T cell,16,FALSE
HNSCC16_P14_HNSCC16_P14_A01,0,0,Primary,T cell,T cell,16,FALSE
HNSCC16_P14_HNSCC16_P14_B01,0,0,Primary,T cell,T cell,16,FALSE
HNSCC16_P14_HNSCC16_P14_A12,0,0,Primary,T cell,T cell,16,FALSE
HNSCC16_P14_HNSCC16_P14_C09,0,0,Primary,T cell,T cell,16,FALSE
HNSCC16_P14_HNSCC16_P14_D11,0,0,Primary,T cell,T cell,16,FALSE
HNSCC16_P14_HNSCC16_P14_C07,0,0,Primary,T cell,T cell,16,FALSE
HNSCC16_P14_HNSCC16_P14_G01,0,0,Primary,T cell,T cell,16,FALSE
HNSCC16_P14_HNSCC16_P14_G08,0,0,Primary,T cell,T cell,16,FALSE
HNSCC16_P14_HNSCC16_P14_G09,0,0,Primary,T cell,T cell,16,FALSE
HNSCC16_P14_HNSCC16_P14_B11,0,0,Primary,T cell,T cell,16,FALSE
HNSCC16_P14_HNSCC16_P14_B07,0,0,Primary,T cell,T cell,16,FALSE
HNSCC16_P14_HNSCC16_P14_E02,0,0,Primary,T cell,T cell,16,FALSE
HNSCC16_P14_HNSCC16_P14_C02,0,0,Primary,T cell,T cell,16,FALSE
HNSCC16_P14_HNSCC16_P14_F04,0,0,Primary,T cell,T cell,16,FALSE
HNSCC16_P14_HNSCC16_P14_E06,0,0,Primary,T cell,T cell,16,FALSE
HNSCC16_P14_HNSCC16_P14_A10,0,0,Primary,T cell,T cell,16,FALSE
HNSCC16_P14_HNSCC16_P14_B05,0,0,Primary,T cell,T cell,16,FALSE
HNSCC16_P14_HNSCC16_P14_A07,0,0,Primary,T cell,T cell,16,FALSE
HNSCC16_P14_HNSCC16_P14_E10,0,0,Primary,T cell,T cell,16,FALSE
HNSCC16_P14_HNSCC16_P14_H01,0,0,Primary,T cell,T cell,16,FALSE
HNSCC16_P14_HNSCC16_P14_B12,0,0,Primary,T cell,T cell,16,FALSE
HNSCC16_P14_HNSCC16_P14_D09,0,0,Primary,T cell,T cell,16,FALSE
HNSCC16_P14_HNSCC16_P14_G02,0,0,Primary,T cell,T cell,16,FALSE
HNSCC16_P14_HNSCC16_P14_G05,0,0,Primary,Macrophage,Macrophage,16,FALSE
HNSCC16_P14_HNSCC16_P14_F06,0,0,Primary,T cell,T cell,16,FALSE
HNSCC16_P14_HNSCC16_P14_B04,0,0,Primary,T cell,T cell,16,FALSE
HNSCC16_P14_HNSCC16_P14_B03,0,0,Primary,T cell,T cell,16,FALSE
HNSCC16_P14_HNSCC16_P14_E05,0,0,Primary,T cell,T cell,16,FALSE
HNSCC16_P14_HNSCC16_P14_G10,0,0,Primary,T cell,T cell,16,FALSE
HNSCC16_P14_HNSCC16_P14_E08,0,0,Primary,T cell,T cell,16,FALSE
HNSCC16_P14_HNSCC16_P14_A09,0,0,Primary,T cell,T cell,16,FALSE
HNSCC16_P14_HNSCC16_P14_A11,0,0,Primary,T cell,T cell,16,FALSE
HNSCC16_P14_HNSCC16_P14_A04,0,0,Primary,T cell,T cell,16,FALSE
HNSCC16_P14_HNSCC16_P14_A02,0,0,Primary,T cell,T cell,16,FALSE
HNSCC16_P14_HNSCC16_P14_F05,0,0,Primary,T cell,T cell,16,FALSE
HNSCC16_P14_HNSCC16_P14_H03,0,0,Primary,T cell,T cell,16,FALSE
HNSCC16_P14_HNSCC16_P14_G11,0,0,Primary,T cell,T cell,16,FALSE
HNSCC16_P14_HNSCC16_P14_F01,0,0,Primary,T cell,T cell,16,FALSE
HNSCC16_P4_HNSCC16_P4_G10,0,0,Primary,Fibroblast,Fibroblast,16,FALSE
HNSCC16_P4_HNSCC16_P4_F09,0,1,Primary,0,Cancer cells,16,FALSE
HNSCC16_P4_HNSCC16_P4_D01,4.5127,0,Primary,0,0,16,TRUE
HNSCC16_P4_HNSCC16_P4_F11,0,0,Primary,Fibroblast,Fibroblast,16,FALSE
HNSCC16_P4_HNSCC16_P4_G06,0,0,Primary,Fibroblast,Fibroblast,16,FALSE
HNSCC16_P4_HNSCC16_P4_A08,2.0569,0,Primary,Fibroblast,Fibroblast,16,TRUE
HNSCC16_P4_HNSCC16_P4_B07,0,0,Primary,Fibroblast,Fibroblast,16,FALSE
HNSCC16_P4_HNSCC16_P4_B10,4.4814,1,Primary,0,Cancer cells,16,TRUE
HNSCC16_P4_HNSCC16_P4_F01,5.8404,1,Primary,0,Cancer cells,16,TRUE
HNSCC16_P4_HNSCC16_P4_G05,5.3501,0,Primary,Fibroblast,Fibroblast,16,TRUE
HNSCC16_P4_HNSCC16_P4_G04,0,0,Primary,Mast,Mast,16,FALSE
HNSCC16_P4_HNSCC16_P4_G11,0,0,Primary,Dendritic,Dendritic,16,FALSE
HNSCC16_P4_HNSCC16_P4_B09,5.3437,0,Primary,Mast,Mast,16,TRUE
HNSCC16_P4_HNSCC16_P4_D05,0,0,Primary,Mast,Mast,16,FALSE
HNSCC16_P4_HNSCC16_P4_B01,0,0,Primary,Fibroblast,Fibroblast,16,FALSE
HNSCC16_P4_HNSCC16_P4_F08,0,0,Primary,0,0,16,FALSE
HNSCC16_P4_HNSCC16_P4_A07,0.84639,0,Primary,Fibroblast,Fibroblast,16,TRUE
HNSCC16_P4_HNSCC16_P4_A06,6.3633,0,Primary,0,0,16,TRUE
HNSCC16_P4_HNSCC16_P4_E09,5.6479,0,Primary,Fibroblast,Fibroblast,16,TRUE
HNSCC16_P4_HNSCC16_P4_C03,3.2242,0,Primary,Fibroblast,Fibroblast,16,TRUE
HNSCC16_P4_HNSCC16_P4_C10,0,0,Primary,Fibroblast,Fibroblast,16,FALSE
HNSCC16_P4_HNSCC16_P4_C12,2.286,1,Primary,0,Cancer cells,16,TRUE
HNSCC16_P4_HNSCC16_P4_C01,0,1,Primary,0,Cancer cells,16,FALSE
HNSCC16_P4_HNSCC16_P4_B08,0,0,Primary,Fibroblast,Fibroblast,16,FALSE
HNSCC16_P4_HNSCC16_P4_E12,0,0,Primary,Fibroblast,Fibroblast,16,FALSE
HNSCC16_P4_HNSCC16_P4_C05,0,0,Primary,Fibroblast,Fibroblast,16,FALSE
HNSCC16_P4_HNSCC16_P4_F10,0,0,Primary,Fibroblast,Fibroblast,16,FALSE
HNSCC16_P4_HNSCC16_P4_D12,3.71,1,Primary,0,Cancer cells,16,TRUE
HNSCC16_P4_HNSCC16_P4_G03,5.0818,1,Primary,0,Cancer cells,16,TRUE
HNSCC16_P4_HNSCC16_P4_E07,4.9763,0,Primary,Fibroblast,Fibroblast,16,TRUE
HNSCC16_P4_HNSCC16_P4_F03,0,0,Primary,Fibroblast,Fibroblast,16,FALSE
HNSCC16_P4_HNSCC16_P4_H12,4.0941,1,Primary,0,Cancer cells,16,TRUE
HNSCC16_P4_HNSCC16_P4_G08,0,0,Primary,Fibroblast,Fibroblast,16,FALSE
HNSCC16_P4_HNSCC16_P4_D10,0,0,Primary,0,0,16,FALSE
HNSCC16_P4_HNSCC16_P4_D09,6.511,0,Primary,Fibroblast,Fibroblast,16,TRUE
HNSCC16_P4_HNSCC16_P4_B11,0,0,Primary,myocyte,myocyte,16,FALSE
HNSCC16_P4_HNSCC16_P4_C07,0,0,Primary,Fibroblast,Fibroblast,16,FALSE
HNSCC16_P4_HNSCC16_P4_D11,5.3121,0,Primary,Fibroblast,Fibroblast,16,TRUE
HNSCC16_P4_HNSCC16_P4_H03,0,0,Primary,0,0,16,FALSE
HNSCC16_P4_HNSCC16_P4_A12,7.0486,0,Primary,Fibroblast,Fibroblast,16,TRUE
HNSCC16_P4_HNSCC16_P4_C11,6.7496,0,Primary,Fibroblast,Fibroblast,16,TRUE
HNSCC16_P4_HNSCC16_P4_A10,0,0,Primary,Fibroblast,Fibroblast,16,FALSE
HNSCC16_P4_HNSCC16_P4_H07,4.9271,0,Primary,Mast,Mast,16,TRUE
HNSCC16_P4_HNSCC16_P4_C09,5.7632,0,Primary,Fibroblast,Fibroblast,16,TRUE
HNSCC16_P4_HNSCC16_P4_E06,0,0,Primary,Fibroblast,Fibroblast,16,FALSE
HNSCC16_P4_HNSCC16_P4_D04,1.5758,0,Primary,0,0,16,TRUE
HNSCC16_P4_HNSCC16_P4_A03,0,0,Primary,Fibroblast,Fibroblast,16,FALSE
HNSCC16_P4_HNSCC16_P4_H06,4.1519,1,Primary,0,Cancer cells,16,TRUE
HNSCC16_P4_HNSCC16_P4_D03,0,0,Primary,0,0,16,FALSE
HNSCC16_P4_HNSCC16_P4_F07,3.7793,1,Primary,0,Cancer cells,16,TRUE
HNSCC16_P4_HNSCC16_P4_B06,4.327,0,Primary,Mast,Mast,16,TRUE
HNSCC16_P4_HNSCC16_P4_D06,0,1,Primary,0,Cancer cells,16,FALSE
HNSCC16_P4_HNSCC16_P4_F06,0,1,Primary,0,Cancer cells,16,FALSE
HNSCC16_P4_HNSCC16_P4_A09,4.645,1,Primary,0,Cancer cells,16,TRUE
HNSCC16_P4_HNSCC16_P4_E11,0,0,Primary,Dendritic,Dendritic,16,FALSE
HNSCC16_P4_HNSCC16_P4_G12,0.37407,1,Primary,0,Cancer cells,16,TRUE
HNSCC16_P4_HNSCC16_P4_E01,0,0,Primary,Fibroblast,Fibroblast,16,FALSE
HNSCC16_P4_HNSCC16_P4_F04,3.6053,1,Primary,0,Cancer cells,16,TRUE
HNSCC16_P4_HNSCC16_P4_C06,0,0,Primary,Fibroblast,Fibroblast,16,FALSE
HNSCC16_P4_HNSCC16_P4_A11,0,1,Primary,0,Cancer cells,16,FALSE
HNSCC16_P4_HNSCC16_P4_H11,0,0,Primary,Fibroblast,Fibroblast,16,FALSE
HNSCC16_P4_HNSCC16_P4_D08,0,0,Primary,0,0,16,FALSE
HNSCC16_P4_HNSCC16_P4_C08,0,0,Primary,Fibroblast,Fibroblast,16,FALSE
HNSCC16_P4_HNSCC16_P4_H09,6.3788,0,Primary,Fibroblast,Fibroblast,16,TRUE
HNSCC16_P4_HNSCC16_P4_G01,0,0,Primary,Fibroblast,Fibroblast,16,FALSE
HNSCC16_P7_HNSCC16_P7_B05,0,0,Primary,Fibroblast,Fibroblast,16,FALSE
HNSCC16_P7_HNSCC16_P7_F06,0,0,Primary,0,0,16,FALSE
HNSCC16_P7_HNSCC16_P7_C04,5.8414,0,Primary,Fibroblast,Fibroblast,16,TRUE
HNSCC16_P7_HNSCC16_P7_A05,0,0,Primary,Fibroblast,Fibroblast,16,FALSE
HNSCC16_P7_HNSCC16_P7_H01,0,1,Primary,0,Cancer cells,16,FALSE
HNSCC16_P7_HNSCC16_P7_F07,5.5213,0,Primary,0,0,16,TRUE
HNSCC16_P7_HNSCC16_P7_G07,4.7504,0,Primary,Fibroblast,Fibroblast,16,TRUE
HNSCC16_P7_HNSCC16_P7_A12,4.1924,1,Primary,0,Cancer cells,16,TRUE
HNSCC16_P7_HNSCC16_P7_H09,3.8966,1,Primary,0,Cancer cells,16,TRUE
HNSCC16_P7_HNSCC16_P7_E05,2.9119,1,Primary,0,Cancer cells,16,TRUE
HNSCC16_P7_HNSCC16_P7_E01,0,0,Primary,Fibroblast,Fibroblast,16,FALSE
HNSCC16_P7_HNSCC16_P7_B12,3.75,1,Primary,0,Cancer cells,16,TRUE
HNSCC16_P7_HNSCC16_P7_D11,0,0,Primary,T cell,T cell,16,FALSE
HNSCC16_P7_HNSCC16_P7_E09,4.6073,1,Primary,0,Cancer cells,16,TRUE
HNSCC16_P7_HNSCC16_P7_C01,4.692,0,Primary,0,0,16,TRUE
HNSCC16_P7_HNSCC16_P7_B07,0,0,Primary,Fibroblast,Fibroblast,16,FALSE
HNSCC16_P7_HNSCC16_P7_C08,0,0,Primary,Fibroblast,Fibroblast,16,FALSE
HNSCC16_P7_HNSCC16_P7_G06,3.9363,0,Primary,0,0,16,TRUE
HNSCC16_P7_HNSCC16_P7_C03,5.5443,0,Primary,0,0,16,TRUE
HNSCC16_P7_HNSCC16_P7_D02,3.3581,1,Primary,0,Cancer cells,16,TRUE
HNSCC16_P7_HNSCC16_P7_H02,4.5394,0,Primary,Mast,Mast,16,TRUE
HNSCC16_P7_HNSCC16_P7_A04,3.8781,1,Primary,0,Cancer cells,16,TRUE
HNSCC16_P7_HNSCC16_P7_A09,0,0,Primary,Fibroblast,Fibroblast,16,FALSE
HNSCC16_P7_HNSCC16_P7_C07,6.072,0,Primary,Fibroblast,Fibroblast,16,TRUE
HNSCC16_P7_HNSCC16_P7_H03,4.3894,1,Primary,0,Cancer cells,16,TRUE
HNSCC16_P7_HNSCC16_P7_G02,0,0,Primary,0,0,16,FALSE
HNSCC16_P7_HNSCC16_P7_B02,3.4001,1,Primary,0,Cancer cells,16,TRUE
HNSCC16_P7_HNSCC16_P7_D05,0,0,Primary,Macrophage,Macrophage,16,FALSE
HNSCC16_P7_HNSCC16_P7_G12,0,0,Primary,Fibroblast,Fibroblast,16,FALSE
HNSCC16_P7_HNSCC16_P7_F03,0,1,Primary,0,Cancer cells,16,FALSE
HNSCC16_P7_HNSCC16_P7_A08,6.6664,0,Primary,Fibroblast,Fibroblast,16,TRUE
HNSCC16_P7_HNSCC16_P7_G09,0,0,Primary,Mast,Mast,16,FALSE
HNSCC16_P7_HNSCC16_P7_E10,2.2705,1,Primary,0,Cancer cells,16,TRUE
HNSCC16_P7_HNSCC16_P7_C10,4.2936,0,Primary,Fibroblast,Fibroblast,16,TRUE
HNSCC16_P7_HNSCC16_P7_D08,3.1541,1,Primary,0,Cancer cells,16,TRUE
HNSCC16_P7_HNSCC16_P7_B10,2.991,1,Primary,0,Cancer cells,16,TRUE
HNSCC16_P7_HNSCC16_P7_H04,4.4933,1,Primary,0,Cancer cells,16,TRUE
HNSCC16_P7_HNSCC16_P7_D03,0,0,Primary,Fibroblast,Fibroblast,16,FALSE
HNSCC16_P7_HNSCC16_P7_F08,3.763,1,Primary,0,Cancer cells,16,TRUE
HNSCC16_P7_HNSCC16_P7_B04,0,0,Primary,Dendritic,Dendritic,16,FALSE
HNSCC16_P7_HNSCC16_P7_C06,5.0792,0,Primary,Fibroblast,Fibroblast,16,TRUE
HNSCC16_P7_HNSCC16_P7_C12,4.9884,1,Primary,0,Cancer cells,16,TRUE
HNSCC16_P7_HNSCC16_P7_C05,1.0079,1,Primary,0,Cancer cells,16,TRUE
HNSCC16_P7_HNSCC16_P7_E07,0,1,Primary,0,Cancer cells,16,FALSE
HNSCC16_P7_HNSCC16_P7_F11,0,0,Primary,Mast,Mast,16,FALSE
HNSCC16_P7_HNSCC16_P7_G01,0,0,Primary,Fibroblast,Fibroblast,16,FALSE
HNSCC16_P7_HNSCC16_P7_A01,0,0,Primary,Mast,Mast,16,FALSE
HNSCC16_P7_HNSCC16_P7_B11,0,0,Primary,0,0,16,FALSE
HNSCC16_P7_HNSCC16_P7_H10,0,0,Primary,Dendritic,Dendritic,16,FALSE
HNSCC16_P7_HNSCC16_P7_H08,0,0,Primary,Fibroblast,Fibroblast,16,FALSE
HNSCC16_P7_HNSCC16_P7_F04,0,0,Primary,Mast,Mast,16,FALSE
HNSCC16_P7_HNSCC16_P7_C02,6.1728,0,Primary,Fibroblast,Fibroblast,16,TRUE
HNSCC16_P7_HNSCC16_P7_E04,0,0,Primary,Fibroblast,Fibroblast,16,FALSE
HNSCC16_P7_HNSCC16_P7_D04,4.4924,1,Primary,0,Cancer cells,16,TRUE
HNSCC16_P7_HNSCC16_P7_C09,5.6414,0,Primary,Fibroblast,Fibroblast,16,TRUE
HNSCC16_P7_HNSCC16_P7_E02,6.3689,0,Primary,Fibroblast,Fibroblast,16,TRUE
HNSCC16_P7_HNSCC16_P7_H06,0,0,Primary,Fibroblast,Fibroblast,16,FALSE
HNSCC16_P7_HNSCC16_P7_D09,0,0,Primary,Mast,Mast,16,FALSE
HNSCC16_P7_HNSCC16_P7_B08,0,0,Primary,Fibroblast,Fibroblast,16,FALSE
HNSCC16_P7_HNSCC16_P7_F02,0,0,Primary,0,0,16,FALSE
HNSCC16_P7_HNSCC16_P7_B09,0,0,Primary,Fibroblast,Fibroblast,16,FALSE
HNSCC16_P7_HNSCC16_P7_G08,0,1,Primary,0,Cancer cells,16,FALSE
HNSCC16_P11_HNSCC16_P11_E03,0,0,Primary,T cell,T cell,16,FALSE
HNSCC16_P11_HNSCC16_P11_F02,0,0,Primary,T cell,T cell,16,FALSE
HNSCC16_P11_HNSCC16_P11_F07,0,0,Primary,T cell,T cell,16,FALSE
HNSCC16_P11_HNSCC16_P11_F06,0,0,Primary,T cell,T cell,16,FALSE
HNSCC16_P11_HNSCC16_P11_B02,0,0,Primary,T cell,T cell,16,FALSE
HNSCC16_P11_HNSCC16_P11_B04,0,0,Primary,T cell,T cell,16,FALSE
HNSCC16_P11_HNSCC16_P11_C10,0,0,Primary,T cell,T cell,16,FALSE
HNSCC16_P11_HNSCC16_P11_E12,0,0,Primary,T cell,T cell,16,FALSE
HNSCC16_P11_HNSCC16_P11_G02,0,0,Primary,T cell,T cell,16,FALSE
HNSCC16_P11_HNSCC16_P11_F01,0,0,Primary,T cell,T cell,16,FALSE
HNSCC16_P11_HNSCC16_P11_F05,0,0,Primary,T cell,T cell,16,FALSE
HNSCC16_P11_HNSCC16_P11_C12,0,0,Primary,T cell,T cell,16,FALSE
HNSCC16_P11_HNSCC16_P11_C05,0,0,Primary,T cell,T cell,16,FALSE
HNSCC16_P11_HNSCC16_P11_G01,0,0,Primary,T cell,T cell,16,FALSE
HNSCC16_P11_HNSCC16_P11_B05,0,0,Primary,T cell,T cell,16,FALSE
HNSCC16_P11_HNSCC16_P11_G06,0,0,Primary,T cell,T cell,16,FALSE
HNSCC16_P11_HNSCC16_P11_E07,0,0,Primary,T cell,T cell,16,FALSE
HNSCC16_P11_HNSCC16_P11_G07,0,0,Primary,T cell,T cell,16,FALSE
HNSCC16_P11_HNSCC16_P11_B01,0,0,Primary,T cell,T cell,16,FALSE
HNSCC16_P11_HNSCC16_P11_G11,0,0,Primary,T cell,T cell,16,FALSE
HNSCC16_P11_HNSCC16_P11_D05,0,0,Primary,T cell,T cell,16,FALSE
HNSCC16_P11_HNSCC16_P11_H02,0,0,Primary,T cell,T cell,16,FALSE
HNSCC16_P11_HNSCC16_P11_G05,0,0,Primary,T cell,T cell,16,FALSE
HNSCC16_P11_HNSCC16_P11_C06,0,0,Primary,T cell,T cell,16,FALSE
HNSCC16_P11_HNSCC16_P11_G08,0,0,Primary,T cell,T cell,16,FALSE
HNSCC16_P11_HNSCC16_P11_A05,0,0,Primary,T cell,T cell,16,FALSE
HNSCC16_P11_HNSCC16_P11_C11,0,0,Primary,T cell,T cell,16,FALSE
HNSCC16_P11_HNSCC16_P11_E06,0,0,Primary,T cell,T cell,16,FALSE
HNSCC16_P11_HNSCC16_P11_G09,0,0,Primary,T cell,T cell,16,FALSE
HNSCC16_P11_HNSCC16_P11_E08,0,0,Primary,T cell,T cell,16,FALSE
HNSCC16_P11_HNSCC16_P11_D12,0,0,Primary,T cell,T cell,16,FALSE
HNSCC16_P11_HNSCC16_P11_E09,0,0,Primary,T cell,T cell,16,FALSE
HNSCC16_P11_HNSCC16_P11_A06,0,0,Primary,T cell,T cell,16,FALSE
HNSCC16_P11_HNSCC16_P11_A11,0,0,Primary,T cell,T cell,16,FALSE
HNSCC16_P11_HNSCC16_P11_A08,0,0,Primary,T cell,T cell,16,FALSE
HNSCC16_P11_HNSCC16_P11_B07,1.472,0,Primary,T cell,T cell,16,TRUE
HNSCC16_P11_HNSCC16_P11_B08,0,0,Primary,T cell,T cell,16,FALSE
HNSCC16_P11_HNSCC16_P11_A02,0,0,Primary,T cell,T cell,16,FALSE
HNSCC16_P11_HNSCC16_P11_D11,0,0,Primary,T cell,T cell,16,FALSE
HNSCC16_P11_HNSCC16_P11_B10,0,0,Primary,T cell,T cell,16,FALSE
HNSCC16_P11_HNSCC16_P11_C08,0,0,Primary,T cell,T cell,16,FALSE
HNSCC16_P11_HNSCC16_P11_E04,0,0,Primary,T cell,T cell,16,FALSE
HNSCC16_P11_HNSCC16_P11_F08,0,0,Primary,T cell,T cell,16,FALSE
HNSCC16_P11_HNSCC16_P11_E05,0,0,Primary,T cell,T cell,16,FALSE
HNSCC16_P11_HNSCC16_P11_E01,0,0,Primary,T cell,T cell,16,FALSE
HNSCC16_P11_HNSCC16_P11_A07,0,0,Primary,T cell,T cell,16,FALSE
HNSCC16_P11_HNSCC16_P11_C01,0,0,Primary,T cell,T cell,16,FALSE
HNSCC16_P11_HNSCC16_P11_D03,0,0,Primary,T cell,T cell,16,FALSE
HNSCC16_P11_HNSCC16_P11_A01,0,0,Primary,T cell,T cell,16,FALSE
HNSCC16_P11_HNSCC16_P11_D10,0,0,Primary,T cell,T cell,16,FALSE
HNSCC16_P11_HNSCC16_P11_A09,0,0,Primary,T cell,T cell,16,FALSE
HNSCC16_P11_HNSCC16_P11_C09,0,0,Primary,T cell,T cell,16,FALSE
HNSCC16_P11_HNSCC16_P11_D08,0,0,Primary,T cell,T cell,16,FALSE
HNSCC16_P11_HNSCC16_P11_C07,0,0,Primary,T cell,T cell,16,FALSE
HNSCC16_P11_HNSCC16_P11_C02,0,0,Primary,T cell,T cell,16,FALSE
HNSCC16_P11_HNSCC16_P11_G03,0,0,Primary,T cell,T cell,16,FALSE
HNSCC16_P11_HNSCC16_P11_B12,0,0,Primary,T cell,T cell,16,FALSE
HNSCC16_P11_HNSCC16_P11_D07,3.8942,0,Primary,T cell,T cell,16,TRUE
HNSCC16_P11_HNSCC16_P11_A12,0,0,Primary,T cell,T cell,16,FALSE
HNSCC16_P11_HNSCC16_P11_G04,0,0,Primary,T cell,T cell,16,FALSE
HNSCC16_P11_HNSCC16_P11_E10,0,0,Primary,T cell,T cell,16,FALSE
HNSCC16_P11_HNSCC16_P11_D04,0,0,Primary,T cell,T cell,16,FALSE
HNSCC16_P11_HNSCC16_P11_C04,0,0,Primary,T cell,T cell,16,FALSE
HNSCC16_P11_HNSCC16_P11_A10,0,0,Primary,T cell,T cell,16,FALSE
HNSCC16_P11_HNSCC16_P11_G12,0,0,Primary,T cell,T cell,16,FALSE
HNSCC16_P11_HNSCC16_P11_E11,0,0,Primary,T cell,T cell,16,FALSE
HNSCC16_P11_HNSCC16_P11_H01,0,0,Primary,T cell,T cell,16,FALSE
HNSCC16_P11_HNSCC16_P11_G10,0,0,Primary,T cell,T cell,16,FALSE
HNSCC16_P11_HNSCC16_P11_F10,0,0,Primary,T cell,T cell,16,FALSE
HNSCC16_P11_HNSCC16_P11_F12,0,0,Primary,T cell,T cell,16,FALSE
HNSCC16_P11_HNSCC16_P11_F09,0,0,Primary,T cell,T cell,16,FALSE
HNSCC16_P11_HNSCC16_P11_B09,0,0,Primary,T cell,T cell,16,FALSE
HNSCC16_P11_HNSCC16_P11_B03,0,0,Primary,T cell,T cell,16,FALSE
HNSCC16_P11_HNSCC16_P11_E02,0,0,Primary,T cell,T cell,16,FALSE
HNSCC16_P11_HNSCC16_P11_D02,0,0,Primary,T cell,T cell,16,FALSE
HNSCC16_P12_HNSCC16_P12_H09,0,0,Primary,T cell,T cell,16,FALSE
HNSCC16_P12_HNSCC16_P12_C01,0,0,Primary,T cell,T cell,16,FALSE
HNSCC16_P12_HNSCC16_P12_A12,0,0,Primary,T cell,T cell,16,FALSE
HNSCC16_P12_HNSCC16_P12_H01,0,0,Primary,T cell,T cell,16,FALSE
HNSCC16_P12_HNSCC16_P12_E04,0,0,Primary,T cell,T cell,16,FALSE
HNSCC16_P12_HNSCC16_P12_D01,0,0,Primary,T cell,T cell,16,FALSE
HNSCC16_P12_HNSCC16_P12_C02,0,0,Primary,T cell,T cell,16,FALSE
HNSCC16_P12_HNSCC16_P12_C09,0,0,Primary,T cell,T cell,16,FALSE
HNSCC16_P12_HNSCC16_P12_A03,0,0,Primary,T cell,T cell,16,FALSE
HNSCC16_P12_HNSCC16_P12_B08,0,0,Primary,T cell,T cell,16,FALSE
HNSCC16_P12_HNSCC16_P12_B09,0,0,Primary,T cell,T cell,16,FALSE
HNSCC16_P12_HNSCC16_P12_B12,0,0,Primary,T cell,T cell,16,FALSE
HNSCC16_P12_HNSCC16_P12_G12,0,0,Primary,T cell,T cell,16,FALSE
HNSCC16_P12_HNSCC16_P12_B11,0,0,Primary,T cell,T cell,16,FALSE
HNSCC16_P12_HNSCC16_P12_D08,0,0,Primary,T cell,T cell,16,FALSE
HNSCC16_P12_HNSCC16_P12_C05,0,0,Primary,T cell,T cell,16,FALSE
HNSCC16_P12_HNSCC16_P12_G09,0,0,Primary,T cell,T cell,16,FALSE
HNSCC16_P12_HNSCC16_P12_A11,0,0,Primary,T cell,T cell,16,FALSE
HNSCC16_P12_HNSCC16_P12_D02,0,0,Primary,T cell,T cell,16,FALSE
HNSCC16_P12_HNSCC16_P12_H04,0,0,Primary,T cell,T cell,16,FALSE
HNSCC16_P12_HNSCC16_P12_F02,0,0,Primary,T cell,T cell,16,FALSE
HNSCC16_P12_HNSCC16_P12_E05,0,0,Primary,T cell,T cell,16,FALSE
HNSCC16_P12_HNSCC16_P12_G01,0,0,Primary,T cell,T cell,16,FALSE
HNSCC16_P12_HNSCC16_P12_A09,0,0,Primary,T cell,T cell,16,FALSE
HNSCC16_P12_HNSCC16_P12_A01,0,0,Primary,T cell,T cell,16,FALSE
HNSCC16_P12_HNSCC16_P12_E12,0,0,Primary,T cell,T cell,16,FALSE
HNSCC16_P12_HNSCC16_P12_C08,0,0,Primary,T cell,T cell,16,FALSE
HNSCC16_P12_HNSCC16_P12_D03,0,0,Primary,T cell,T cell,16,FALSE
HNSCC16_P12_HNSCC16_P12_B10,0,0,Primary,T cell,T cell,16,FALSE
HNSCC16_P12_HNSCC16_P12_G10,0,0,Primary,T cell,T cell,16,FALSE
HNSCC16_P12_HNSCC16_P12_F09,0,0,Primary,T cell,T cell,16,FALSE
HNSCC16_P12_HNSCC16_P12_F07,0,0,Primary,T cell,T cell,16,FALSE
HNSCC16_P12_HNSCC16_P12_A08,0,0,Primary,T cell,T cell,16,FALSE
HNSCC16_P12_HNSCC16_P12_E10,0,0,Primary,T cell,T cell,16,FALSE
HNSCC16_P12_HNSCC16_P12_G11,0,0,Primary,T cell,T cell,16,FALSE
HNSCC16_P12_HNSCC16_P12_G06,0,0,Primary,T cell,T cell,16,FALSE
HNSCC16_P12_HNSCC16_P12_G04,0,0,Primary,T cell,T cell,16,FALSE
HNSCC16_P12_HNSCC16_P12_E06,0,0,Primary,T cell,T cell,16,FALSE
HNSCC16_P12_HNSCC16_P12_B02,0,0,Primary,T cell,T cell,16,FALSE
HNSCC16_P12_HNSCC16_P12_B06,5.6566,0,Primary,T cell,T cell,16,TRUE
HNSCC16_P12_HNSCC16_P12_C03,0,0,Primary,T cell,T cell,16,FALSE
HNSCC16_P12_HNSCC16_P12_A05,0,0,Primary,T cell,T cell,16,FALSE
HNSCC16_P12_HNSCC16_P12_E01,0,0,Primary,T cell,T cell,16,FALSE
HNSCC16_P12_HNSCC16_P12_H11,0,0,Primary,T cell,T cell,16,FALSE
HNSCC16_P12_HNSCC16_P12_B01,0,0,Primary,T cell,T cell,16,FALSE
HNSCC16_P12_HNSCC16_P12_D11,0,0,Primary,T cell,T cell,16,FALSE
HNSCC16_P12_HNSCC16_P12_E11,0,0,Primary,T cell,T cell,16,FALSE
HNSCC16_P12_HNSCC16_P12_H05,0,0,Primary,T cell,T cell,16,FALSE
HNSCC16_P12_HNSCC16_P12_F08,0,0,Primary,T cell,T cell,16,FALSE
HNSCC16_P12_HNSCC16_P12_G02,0,0,Primary,T cell,T cell,16,FALSE
HNSCC16_P12_HNSCC16_P12_F04,0,0,Primary,T cell,T cell,16,FALSE
HNSCC16_P12_HNSCC16_P12_E07,0,0,Primary,T cell,T cell,16,FALSE
HNSCC16_P12_HNSCC16_P12_C11,0,0,Primary,T cell,T cell,16,FALSE
HNSCC16_P12_HNSCC16_P12_E09,0,0,Primary,T cell,T cell,16,FALSE
HNSCC16_P12_HNSCC16_P12_F10,0,0,Primary,T cell,T cell,16,FALSE
HNSCC16_P12_HNSCC16_P12_B07,0,0,Primary,T cell,T cell,16,FALSE
HNSCC16_P12_HNSCC16_P12_D09,0,0,Primary,T cell,T cell,16,FALSE
HNSCC16_P12_HNSCC16_P12_A07,0,0,Primary,T cell,T cell,16,FALSE
HNSCC16_P12_HNSCC16_P12_D07,0,0,Primary,T cell,T cell,16,FALSE
HNSCC16_P12_HNSCC16_P12_B05,0,0,Primary,T cell,T cell,16,FALSE
HNSCC16_P12_HNSCC16_P12_G08,0,0,Primary,T cell,T cell,16,FALSE
HNSCC16_P12_HNSCC16_P12_C12,0,0,Primary,T cell,T cell,16,FALSE
HNSCC16_P12_HNSCC16_P12_H02,0,0,Primary,T cell,T cell,16,FALSE
HNSCC16_P12_HNSCC16_P12_F03,0,0,Primary,T cell,T cell,16,FALSE
HNSCC16_P12_HNSCC16_P12_D10,0,0,Primary,T cell,T cell,16,FALSE
HNSCC16_P12_HNSCC16_P12_H10,0,0,Primary,T cell,T cell,16,FALSE
HNSCC16_P12_HNSCC16_P12_A06,0,0,Primary,T cell,T cell,16,FALSE
HNSCC16_P12_HNSCC16_P12_C10,0,0,Primary,T cell,T cell,16,FALSE
HNSCC16_P12_HNSCC16_P12_C04,0,0,Primary,T cell,T cell,16,FALSE
HNSCC16_P12_HNSCC16_P12_F05,0,0,Primary,T cell,T cell,16,FALSE
HNSCC16_P12_HNSCC16_P12_A04,0,0,Primary,T cell,T cell,16,FALSE
HNSCC16_P12_HNSCC16_P12_F11,0,0,Primary,T cell,T cell,16,FALSE
HNSCC16_P12_HNSCC16_P12_C06,0,0,Primary,T cell,T cell,16,FALSE
HNSCC16_P12_HNSCC16_P12_B03,0,0,Primary,T cell,T cell,16,FALSE
HNSCC16_P12_HNSCC16_P12_H06,0,0,Primary,T cell,T cell,16,FALSE
HNSCC16_P12_HNSCC16_P12_D04,0,0,Primary,T cell,T cell,16,FALSE
HNSCC16_P12_HNSCC16_P12_H03,0,0,Primary,T cell,T cell,16,FALSE
HNSCC16_P12_HNSCC16_P12_A02,0,0,Primary,T cell,T cell,16,FALSE
HNSCC16_P12_HNSCC16_P12_G07,0,0,Primary,T cell,T cell,16,FALSE
HNSCC16_P12_HNSCC16_P12_F06,0,0,Primary,T cell,T cell,16,FALSE
HNSCC16_P12_HNSCC16_P12_E03,0,0,Primary,T cell,T cell,16,FALSE
HNSCC16_P12_HNSCC16_P12_H12,0,0,Primary,T cell,T cell,16,FALSE
HNSCC16_P12_HNSCC16_P12_F12,0,0,Primary,T cell,T cell,16,FALSE
HNSCC_combo1_HNSCC_ComboP1_F11,0,0,Primary,T cell,T cell,,FALSE
HNSCC_combo1_HNSCC_ComboP1_C11,0,0,Primary,T cell,T cell,,FALSE
HNSCC_combo1_HNSCC_ComboP1_F10,0,0,Primary,T cell,T cell,,FALSE
HNSCC_combo1_HNSCC_ComboP1_F01,4.669,1,Primary,0,Cancer cells,,TRUE
HNSCC_combo1_HNSCC_ComboP1_D03,3.4814,1,Primary,0,Cancer cells,,TRUE
HNSCC_combo1_HNSCC_ComboP1_F02,0,0,Primary,Fibroblast,Fibroblast,,FALSE
HNSCC_combo1_HNSCC_ComboP1_A11,0.25338,0,Primary,T cell,T cell,,TRUE
HNSCC_combo1_HNSCC_ComboP1_C08,0,1,Primary,0,Cancer cells,,FALSE
HNSCC_combo1_HNSCC_ComboP1_G09,0,0,Primary,T cell,T cell,,FALSE
HNSCC_combo1_HNSCC_ComboP1_E03,0,0,Primary,Fibroblast,Fibroblast,,FALSE
HNSCC_combo1_HNSCC_ComboP1_E01,3.569,0,Primary,0,0,,TRUE
HNSCC_combo1_HNSCC_ComboP1_F12,0,0,Primary,T cell,T cell,,FALSE
HNSCC_combo1_HNSCC_ComboP1_B08,4.3585,1,Primary,0,Cancer cells,,TRUE
HNSCC_combo1_HNSCC_ComboP1_G12,0,0,Primary,T cell,T cell,,FALSE
HNSCC_combo1_HNSCC_ComboP1_B09,0,0,Primary,T cell,T cell,,FALSE
HNSCC_combo1_HNSCC_ComboP1_H02,0,0,Primary,0,0,,FALSE
HNSCC_combo1_HNSCC_ComboP1_C03,6.3456,0,Primary,0,0,,TRUE
HNSCC_combo1_HNSCC_ComboP1_G01,3.4463,0,Primary,Fibroblast,Fibroblast,,TRUE
HNSCC_combo1_HNSCC_ComboP1_A07,0,0,Primary,Mast,Mast,,FALSE
HNSCC_combo1_HNSCC_ComboP1_A10,0,0,Primary,T cell,T cell,,FALSE
HNSCC_combo1_HNSCC_ComboP1_D06,5.9653,1,Primary,0,Cancer cells,,TRUE
HNSCC_combo1_HNSCC_ComboP1_F07,0,0,Primary,Mast,Mast,,FALSE
HNSCC_combo1_HNSCC_ComboP1_A03,7.011,0,Primary,Fibroblast,Fibroblast,,TRUE
HNSCC_combo1_HNSCC_ComboP1_G10,0,0,Primary,Macrophage,Macrophage,,FALSE
HNSCC_combo1_HNSCC_ComboP1_B02,7.6532,0,Primary,Fibroblast,Fibroblast,,TRUE
HNSCC_combo1_HNSCC_ComboP1_D11,0,0,Primary,T cell,T cell,,FALSE
HNSCC_combo1_HNSCC_ComboP1_G07,5.5582,0,Primary,Fibroblast,Fibroblast,,TRUE
HNSCC_combo1_HNSCC_ComboP1_F03,4.4496,0,Primary,Fibroblast,Fibroblast,,TRUE
HNSCC_combo1_HNSCC_ComboP1_C12,0,0,Primary,T cell,T cell,,FALSE
HNSCC_combo1_HNSCC_ComboP1_E06,0,0,Primary,Fibroblast,Fibroblast,,FALSE
HNSCC_combo1_HNSCC_ComboP1_E10,0,0,Primary,T cell,T cell,,FALSE
HNSCC_combo1_HNSCC_ComboP1_D01,0,0,Primary,Fibroblast,Fibroblast,,FALSE
HNSCC_combo1_HNSCC_ComboP1_H01,0,0,Primary,Dendritic,Dendritic,,FALSE
HNSCC_combo1_HNSCC_ComboP1_C04,3.4433,1,Primary,0,Cancer cells,,TRUE
HNSCC_combo1_HNSCC_ComboP1_D09,0,0,Primary,T cell,T cell,,FALSE
HNSCC_combo1_HNSCC_ComboP1_B03,3.7054,1,Primary,0,Cancer cells,,TRUE
HNSCC_combo1_HNSCC_ComboP1_B01,0,0,Primary,Fibroblast,Fibroblast,,FALSE
HNSCC_combo1_HNSCC_ComboP1_F04,5.7794,1,Primary,0,Cancer cells,,TRUE
HNSCC_combo1_HNSCC_ComboP1_G05,6.823,0,Primary,Fibroblast,Fibroblast,,TRUE
HNSCC_combo1_HNSCC_ComboP1_B07,0,0,Primary,Fibroblast,Fibroblast,,FALSE
HNSCC_combo1_HNSCC_ComboP1_D08,5.7291,1,Primary,0,Cancer cells,,TRUE
HNSCC_combo1_HNSCC_ComboP1_G04,0.61542,1,Primary,0,Cancer cells,,TRUE
HNSCC_combo1_HNSCC_ComboP1_D05,0,0,Primary,Fibroblast,Fibroblast,,FALSE
HNSCC_combo1_HNSCC_ComboP1_A02,0,0,Primary,Fibroblast,Fibroblast,,FALSE
HNSCC_combo1_HNSCC_ComboP1_C02,0,0,Primary,Mast,Mast,,FALSE
HNSCC_combo1_HNSCC_ComboP1_G03,2.1167,1,Primary,0,Cancer cells,,TRUE
HNSCC_combo1_HNSCC_ComboP1_C07,0,1,Primary,0,Cancer cells,,FALSE
HNSCC_combo1_HNSCC_ComboP1_C06,2.8826,1,Primary,0,Cancer cells,,TRUE
HNSCC_combo1_HNSCC_ComboP1_E08,0,1,Primary,0,Cancer cells,,FALSE
HNSCC_combo1_HNSCC_ComboP1_B11,0,0,Primary,T cell,T cell,,FALSE
HNSCC_combo1_HNSCC_ComboP1_A04,0.6397,0,Primary,Fibroblast,Fibroblast,,TRUE
HNSCC_combo1_HNSCC_ComboP1_C10,0,0,Primary,T cell,T cell,,FALSE
HNSCC_combo1_HNSCC_ComboP1_A06,0,0,Primary,Fibroblast,Fibroblast,,FALSE
HNSCC_combo1_HNSCC_ComboP1_C05,0.57337,1,Primary,0,Cancer cells,,TRUE
HNSCC_combo1_HNSCC_ComboP1_E02,0,0,Primary,Mast,Mast,,FALSE
HNSCC_combo2_HNSCC_ComboP2_C08,0,0,Lymph node,T cell,T cell,,FALSE
HNSCC_combo2_HNSCC_ComboP2_C04,0,0,Primary,T cell,T cell,,FALSE
HNSCC_combo2_HNSCC_ComboP2_E01,0,0,Primary,T cell,T cell,,FALSE
HNSCC_combo2_HNSCC_ComboP2_H08,0,0,Lymph node,Fibroblast,Fibroblast,,FALSE
HNSCC_combo2_HNSCC_ComboP2_F04,0,0,Primary,T cell,T cell,,FALSE
HNSCC_combo2_HNSCC_ComboP2_C03,0,0,Primary,T cell,T cell,,FALSE
HNSCC_combo2_HNSCC_ComboP2_G01,0,0,Primary,Mast,Mast,,FALSE
HNSCC_combo2_HNSCC_ComboP2_G10,5.8243,0,Primary,0,0,,TRUE
HNSCC_combo2_HNSCC_ComboP2_D09,0,0,Primary,0,0,,FALSE
HNSCC_combo2_HNSCC_ComboP2_H02,0,0,Primary,T cell,T cell,,FALSE
HNSCC_combo2_HNSCC_ComboP2_A05,0,0,Lymph node,B cell,B cell,,FALSE
HNSCC_combo2_HNSCC_ComboP2_A07,0,0,Lymph node,B cell,B cell,,FALSE
HNSCC_combo2_HNSCC_ComboP2_B04,0,0,Primary,T cell,T cell,,FALSE
HNSCC_combo2_HNSCC_ComboP2_G07,0,0,Lymph node,B cell,B cell,,FALSE
HNSCC_combo2_HNSCC_ComboP2_A01,0,0,Primary,T cell,T cell,,FALSE
HNSCC_combo2_HNSCC_ComboP2_C05,0,0,Lymph node,B cell,B cell,,FALSE
HNSCC_combo2_HNSCC_ComboP2_D08,5.0379,0,Lymph node,#NAME?,#NAME?,,TRUE
HNSCC_combo2_HNSCC_ComboP2_H06,0,0,Lymph node,Mast,Mast,,FALSE
HNSCC_combo2_HNSCC_ComboP2_D04,0,0,Primary,T cell,T cell,,FALSE
HNSCC_combo2_HNSCC_ComboP2_E10,5.363,0,Primary,0,0,,TRUE
HNSCC_combo2_HNSCC_ComboP2_F07,0,0,Lymph node,Fibroblast,Fibroblast,,FALSE
HNSCC_combo2_HNSCC_ComboP2_E05,0,0,Lymph node,B cell,B cell,,FALSE
HNSCC_combo2_HNSCC_ComboP2_B09,0,0,Primary,0,0,,FALSE
HNSCC_combo2_HNSCC_ComboP2_G06,4.6781,0,Lymph node,Fibroblast,Fibroblast,,TRUE
HNSCC_combo2_HNSCC_ComboP2_A08,0,0,Lymph node,T cell,T cell,,FALSE
HNSCC_combo2_HNSCC_ComboP2_B01,0,0,Primary,T cell,T cell,,FALSE
HNSCC_combo2_HNSCC_ComboP2_G03,0,0,Primary,T cell,T cell,,FALSE
HNSCC_combo2_HNSCC_ComboP2_C06,0,0,Lymph node,0,0,,FALSE
HNSCC_combo2_HNSCC_ComboP2_D12,3.7445,0,Primary,0,0,,TRUE
HNSCC_combo2_HNSCC_ComboP2_A04,0,0,Primary,Macrophage,Macrophage,,FALSE
HNSCC_combo2_HNSCC_ComboP2_E06,0,0,Lymph node,B cell,B cell,,FALSE
HNSCC_combo2_HNSCC_ComboP2_D01,0,0,Primary,T cell,T cell,,FALSE
HNSCC_combo2_HNSCC_ComboP2_B02,0,0,Primary,T cell,T cell,,FALSE
HNSCC_combo2_HNSCC_ComboP2_A10,6.5263,0,Primary,0,0,,TRUE
HNSCC_combo2_HNSCC_ComboP2_B05,0,0,Lymph node,B cell,B cell,,FALSE
HNSCC_combo2_HNSCC_ComboP2_B03,0,0,Primary,T cell,T cell,,FALSE
HNSCC_combo2_HNSCC_ComboP2_E07,0,0,Lymph node,B cell,B cell,,FALSE
HNSCC_combo2_HNSCC_ComboP2_D05,0,0,Lymph node,B cell,B cell,,FALSE
HNSCC_combo2_HNSCC_ComboP2_B06,0,0,Lymph node,B cell,B cell,,FALSE
HNSCC_combo2_HNSCC_ComboP2_A09,0,0,Primary,Fibroblast,Fibroblast,,FALSE
HNSCC_combo2_HNSCC_ComboP2_F08,0,0,Lymph node,T cell,T cell,,FALSE
HNSCC_combo2_HNSCC_ComboP2_H04,0,0,Primary,T cell,T cell,,FALSE
HNSCC_combo2_HNSCC_ComboP2_D02,0,0,Primary,Macrophage,Macrophage,,FALSE
HNSCC_combo2_HNSCC_ComboP2_E02,0,0,Primary,T cell,T cell,,FALSE
HNSCC_combo2_HNSCC_ComboP2_H03,0,0,Primary,0,0,,FALSE
HNSCC_combo2_HNSCC_ComboP2_A06,4.8023,0,Lymph node,Fibroblast,Fibroblast,,TRUE
HNSCC_combo2_HNSCC_ComboP2_A03,0,0,Primary,T cell,T cell,,FALSE
HNSCC_combo2_HNSCC_ComboP2_H07,0,0,Lymph node,0,0,,FALSE
HNSCC_combo2_HNSCC_ComboP2_C09,0,0,Primary,0,0,,FALSE
HNSCC_combo2_HNSCC_ComboP2_B07,0,0,Lymph node,0,0,,FALSE
HNSCC_combo2_HNSCC_ComboP2_C10,5.5385,0,Primary,Fibroblast,Fibroblast,,TRUE
HNSCC_combo2_HNSCC_ComboP2_D10,0,0,Primary,0,0,,FALSE
HNSCC_combo2_HNSCC_ComboP2_E04,0,0,Primary,T cell,T cell,,FALSE
HNSCC_combo2_HNSCC_ComboP2_D07,0,0,Lymph node,T cell,T cell,,FALSE
HNSCC12_p19_HNSCC12_P19_F03,0,0,Primary,T cell,T cell,12,FALSE
HNSCC12_p19_HNSCC12_P19_G07,0,0,Primary,T cell,T cell,12,FALSE
HNSCC12_p19_HNSCC12_P19_G04,0,0,Primary,T cell,T cell,12,FALSE
HNSCC12_p19_HNSCC12_P19_E06,0,0,Primary,T cell,T cell,12,FALSE
HNSCC12_p19_HNSCC12_P19_B07,0,0,Primary,T cell,T cell,12,FALSE
HNSCC12_p19_HNSCC12_P19_F02,0,0,Primary,T cell,T cell,12,FALSE
HNSCC12_p19_HNSCC12_P19_E11,0,0,Primary,T cell,T cell,12,FALSE
HNSCC12_p19_HNSCC12_P19_F10,0,0,Primary,T cell,T cell,12,FALSE
HNSCC12_p19_HNSCC12_P19_D08,0,0,Primary,T cell,T cell,12,FALSE
HNSCC12_p19_HNSCC12_P19_G05,0,0,Primary,T cell,T cell,12,FALSE
HNSCC12_p19_HNSCC12_P19_B01,0,0,Primary,T cell,T cell,12,FALSE
HNSCC12_p19_HNSCC12_P19_C09,0,0,Primary,T cell,T cell,12,FALSE
HNSCC12_p19_HNSCC12_P19_E10,0,0,Primary,T cell,T cell,12,FALSE
HNSCC12_p19_HNSCC12_P19_E09,0,0,Primary,T cell,T cell,12,FALSE
HNSCC12_p19_HNSCC12_P19_E07,0,0,Primary,T cell,T cell,12,FALSE
HNSCC12_p19_HNSCC12_P19_D12,0,0,Primary,T cell,T cell,12,FALSE
HNSCC12_p19_HNSCC12_P19_H10,0,0,Primary,T cell,T cell,12,FALSE
HNSCC12_p19_HNSCC12_P19_G08,0,0,Primary,T cell,T cell,12,FALSE
HNSCC12_p19_HNSCC12_P19_D09,0,0,Primary,T cell,T cell,12,FALSE
HNSCC12_p19_HNSCC12_P19_B08,0,0,Primary,T cell,T cell,12,FALSE
HNSCC12_p19_HNSCC12_P19_H09,0,0,Primary,T cell,T cell,12,FALSE
HNSCC12_p19_HNSCC12_P19_B05,0,0,Primary,T cell,T cell,12,FALSE
HNSCC12_p19_HNSCC12_P19_G09,0,0,Primary,T cell,T cell,12,FALSE
HNSCC12_p19_HNSCC12_P19_B12,0,0,Primary,T cell,T cell,12,FALSE
HNSCC12_p19_HNSCC12_P19_H11,0,0,Primary,T cell,T cell,12,FALSE
HNSCC12_p19_HNSCC12_P19_H03,0,0,Primary,T cell,T cell,12,FALSE
HNSCC12_p19_HNSCC12_P19_G03,0,0,Primary,T cell,T cell,12,FALSE
HNSCC12_p19_HNSCC12_P19_E02,0,0,Primary,T cell,T cell,12,FALSE
HNSCC12_p19_HNSCC12_P19_F07,0,0,Primary,T cell,T cell,12,FALSE
HNSCC12_p19_HNSCC12_P19_B06,0,0,Primary,T cell,T cell,12,FALSE
HNSCC12_p19_HNSCC12_P19_C05,0,0,Primary,T cell,T cell,12,FALSE
HNSCC12_p19_HNSCC12_P19_H07,0,0,Primary,T cell,T cell,12,FALSE
HNSCC12_p19_HNSCC12_P19_E12,0,0,Primary,T cell,T cell,12,FALSE
HNSCC12_p19_HNSCC12_P19_E03,0,0,Primary,T cell,T cell,12,FALSE
HNSCC12_p19_HNSCC12_P19_A09,0,0,Primary,T cell,T cell,12,FALSE
HNSCC12_p19_HNSCC12_P19_C11,0,0,Primary,T cell,T cell,12,FALSE
HNSCC12_p19_HNSCC12_P19_D07,0,0,Primary,T cell,T cell,12,FALSE
HNSCC12_p19_HNSCC12_P19_B09,0,0,Primary,T cell,T cell,12,FALSE
HNSCC12_p19_HNSCC12_P19_H05,0,0,Primary,T cell,T cell,12,FALSE
HNSCC12_p19_HNSCC12_P19_A11,0,0,Primary,T cell,T cell,12,FALSE
HNSCC12_p19_HNSCC12_P19_F09,0,0,Primary,T cell,T cell,12,FALSE
HNSCC12_p19_HNSCC12_P19_C04,0,0,Primary,T cell,T cell,12,FALSE
HNSCC12_p19_HNSCC12_P19_G06,0,0,Primary,T cell,T cell,12,FALSE
HNSCC12_p19_HNSCC12_P19_E05,0,0,Primary,T cell,T cell,12,FALSE
HNSCC12_p19_HNSCC12_P19_D02,0,0,Primary,0,0,12,FALSE
HNSCC12_p20_HNSCC12_P20_C06,0,0,Primary,T cell,T cell,12,FALSE
HNSCC12_p20_HNSCC12_P20_B09,0,0,Primary,T cell,T cell,12,FALSE
HNSCC12_p20_HNSCC12_P20_D01,0,0,Primary,T cell,T cell,12,FALSE
HNSCC12_p20_HNSCC12_P20_A02,0,0,Primary,T cell,T cell,12,FALSE
HNSCC12_p20_HNSCC12_P20_B07,0,0,Primary,T cell,T cell,12,FALSE
HNSCC12_p20_HNSCC12_P20_E11,0,0,Primary,T cell,T cell,12,FALSE
HNSCC12_p20_HNSCC12_P20_D09,0,0,Primary,T cell,T cell,12,FALSE
HNSCC12_p20_HNSCC12_P20_D11,0,0,Primary,T cell,T cell,12,FALSE
HNSCC12_p20_HNSCC12_P20_E06,0,0,Primary,T cell,T cell,12,FALSE
HNSCC12_p20_HNSCC12_P20_F05,0,0,Primary,T cell,T cell,12,FALSE
HNSCC12_p20_HNSCC12_P20_G02,0,0,Primary,T cell,T cell,12,FALSE
HNSCC12_p20_HNSCC12_P20_H06,0,0,Primary,T cell,T cell,12,FALSE
HNSCC12_p20_HNSCC12_P20_C02,0,0,Primary,T cell,T cell,12,FALSE
HNSCC12_p20_HNSCC12_P20_D03,0,0,Primary,T cell,T cell,12,FALSE
HNSCC12_p20_HNSCC12_P20_B05,0,0,Primary,T cell,T cell,12,FALSE
HNSCC12_p20_HNSCC12_P20_H03,0,0,Primary,T cell,T cell,12,FALSE
HNSCC12_p20_HNSCC12_P20_A12,0,0,Primary,T cell,T cell,12,FALSE
HNSCC12_p20_HNSCC12_P20_H10,0,0,Primary,T cell,T cell,12,FALSE
HNSCC12_p20_HNSCC12_P20_B08,0,0,Primary,T cell,T cell,12,FALSE
HNSCC12_p20_HNSCC12_P20_C10,0,0,Primary,T cell,T cell,12,FALSE
HNSCC12_p20_HNSCC12_P20_D07,0,0,Primary,T cell,T cell,12,FALSE
HNSCC12_p20_HNSCC12_P20_B11,0,0,Primary,T cell,T cell,12,FALSE
HNSCC12_p20_HNSCC12_P20_E10,0,0,Primary,T cell,T cell,12,FALSE
HNSCC12_p20_HNSCC12_P20_G05,0,0,Primary,T cell,T cell,12,FALSE
HNSCC12_p20_HNSCC12_P20_C01,0,0,Primary,T cell,T cell,12,FALSE
HNSCC12_p20_HNSCC12_P20_E12,0,0,Primary,T cell,T cell,12,FALSE
HNSCC12_p20_HNSCC12_P20_B04,0,0,Primary,T cell,T cell,12,FALSE
HNSCC12_p20_HNSCC12_P20_H04,0,0,Primary,T cell,T cell,12,FALSE
HNSCC12_p20_HNSCC12_P20_B02,0,0,Primary,T cell,T cell,12,FALSE
HNSCC12_p20_HNSCC12_P20_A08,0,0,Primary,T cell,T cell,12,FALSE
HNSCC12_p20_HNSCC12_P20_C03,0,0,Primary,T cell,T cell,12,FALSE
HNSCC12_p20_HNSCC12_P20_G11,0,0,Primary,T cell,T cell,12,FALSE
HNSCC12_p20_HNSCC12_P20_F10,0,0,Primary,T cell,T cell,12,FALSE
HNSCC12_p20_HNSCC12_P20_A01,0,0,Primary,T cell,T cell,12,FALSE
HNSCC12_p20_HNSCC12_P20_G06,0,0,Primary,T cell,T cell,12,FALSE
HNSCC12_p20_HNSCC12_P20_A05,0,0,Primary,T cell,T cell,12,FALSE
HNSCC12_p20_HNSCC12_P20_A07,0,0,Primary,T cell,T cell,12,FALSE
HNSCC12_p20_HNSCC12_P20_E07,0,0,Primary,T cell,T cell,12,FALSE
HNSCC12_p20_HNSCC12_P20_H09,0,0,Primary,T cell,T cell,12,FALSE
HNSCC12_p20_HNSCC12_P20_E08,0,0,Primary,T cell,T cell,12,FALSE
HNSCC12_p20_HNSCC12_P20_G04,0,0,Primary,T cell,T cell,12,FALSE
HNSCC12_p20_HNSCC12_P20_B03,0,0,Primary,T cell,T cell,12,FALSE
HNSCC12_p20_HNSCC12_P20_C08,0,0,Primary,T cell,T cell,12,FALSE
HNSCC12_p20_HNSCC12_P20_G01,0,0,Primary,T cell,T cell,12,FALSE
HNSCC12_p20_HNSCC12_P20_E04,0,0,Primary,T cell,T cell,12,FALSE
HNSCC12_p20_HNSCC12_P20_H08,0,0,Primary,T cell,T cell,12,FALSE
HNSCC12_p20_HNSCC12_P20_C12,0,0,Primary,T cell,T cell,12,FALSE
HNSCC12_p20_HNSCC12_P20_G09,0,0,Primary,T cell,T cell,12,FALSE
HNSCC12_p20_HNSCC12_P20_D04,0,0,Primary,T cell,T cell,12,FALSE
HNSCC12_p20_HNSCC12_P20_H07,0,0,Primary,T cell,T cell,12,FALSE
HNSCC12_p20_HNSCC12_P20_G12,0,0,Primary,T cell,T cell,12,FALSE
HNSCC13_p11_HNSCC13_P11_D05,4.319,0,Primary,Fibroblast,Fibroblast,13,TRUE
HNSCC13_p11_HNSCC13_P11_B02,0,0,Primary,T cell,T cell,13,FALSE
HNSCC13_p11_HNSCC13_P11_F10,0,0,Primary,T cell,T cell,13,FALSE
HNSCC13_p11_HNSCC13_P11_D03,0,0,Primary,T cell,T cell,13,FALSE
HNSCC13_p11_HNSCC13_P11_F09,0,0,Primary,Macrophage,Macrophage,13,FALSE
HNSCC13_p11_HNSCC13_P11_A03,0,0,Primary,T cell,T cell,13,FALSE
HNSCC13_p11_HNSCC13_P11_C11,0,0,Primary,T cell,T cell,13,FALSE
HNSCC13_p11_HNSCC13_P11_C03,0,0,Primary,T cell,T cell,13,FALSE
HNSCC13_p11_HNSCC13_P11_B09,0,0,Primary,T cell,T cell,13,FALSE
HNSCC13_p11_HNSCC13_P11_E01,0,0,Primary,T cell,T cell,13,FALSE
HNSCC13_p11_HNSCC13_P11_F07,0,0,Primary,T cell,T cell,13,FALSE
HNSCC10_p14_HNSCC10_P14_B12,0,0,Primary,B cell,B cell,10,FALSE
HNSCC10_p14_HNSCC10_P14_B06,0,0,Primary,B cell,B cell,10,FALSE
HNSCC10_p14_HNSCC10_P14_A02,0,0,Primary,T cell,T cell,10,FALSE
HNSCC10_p14_HNSCC10_P14_H12,0,0,Primary,B cell,B cell,10,FALSE
HNSCC10_p14_HNSCC10_P14_D12,0,0,Primary,Mast,Mast,10,FALSE
HNSCC10_p14_HNSCC10_P14_D05,0,0,Primary,0,0,10,FALSE
HNSCC10_p14_HNSCC10_P14_C07,0,0,Primary,T cell,T cell,10,FALSE
HNSCC10_p14_HNSCC10_P14_D02,0,0,Primary,B cell,B cell,10,FALSE
HNSCC10_p14_HNSCC10_P14_G08,0,0,Primary,B cell,B cell,10,FALSE
HNSCC10_p14_HNSCC10_P14_A12,0,0,Primary,Endothelial,Endothelial,10,FALSE
HNSCC10_p14_HNSCC10_P14_F10,0,0,Primary,B cell,B cell,10,FALSE
HNSCC10_p14_HNSCC10_P14_H08,0,0,Primary,B cell,B cell,10,FALSE
HNSCC10_p14_HNSCC10_P14_B02,0,0,Primary,B cell,B cell,10,FALSE
HNSCC10_p14_HNSCC10_P14_B05,0,0,Primary,B cell,B cell,10,FALSE
HNSCC10_p14_HNSCC10_P14_A07,0,0,Primary,B cell,B cell,10,FALSE
HNSCC10_p14_HNSCC10_P14_H07,7.4074,0,Primary,Endothelial,Endothelial,10,TRUE
HNSCC10_p14_HNSCC10_P14_G02,0,0,Primary,B cell,B cell,10,FALSE
HNSCC10_p14_HNSCC10_P14_F03,0,0,Primary,B cell,B cell,10,FALSE
HNSCC10_p14_HNSCC10_P14_A11,0,0,Primary,B cell,B cell,10,FALSE
HNSCC10_p14_HNSCC10_P14_C04,5.5401,0,Primary,B cell,B cell,10,TRUE
HNSCC10_p14_HNSCC10_P14_G06,0,0,Primary,B cell,B cell,10,FALSE
HNSCC10_p14_HNSCC10_P14_E09,0,0,Primary,T cell,T cell,10,FALSE
HNSCC10_p14_HNSCC10_P14_D10,0,0,Primary,T cell,T cell,10,FALSE
HNSCC10_p14_HNSCC10_P14_D08,0,0,Primary,B cell,B cell,10,FALSE
HNSCC10_p14_HNSCC10_P14_H04,0,0,Primary,B cell,B cell,10,FALSE
HNSCC10_p14_HNSCC10_P14_B10,0,0,Primary,T cell,T cell,10,FALSE
HNSCC10_p14_HNSCC10_P14_A06,0,0,Primary,B cell,B cell,10,FALSE
HNSCC10_p14_HNSCC10_P14_E03,0,0,Primary,T cell,T cell,10,FALSE
HNSCC10_p14_HNSCC10_P14_G09,0,0,Primary,B cell,B cell,10,FALSE
HNSCC10_p14_HNSCC10_P14_E07,0,0,Primary,B cell,B cell,10,FALSE
HNSCC10_p14_HNSCC10_P14_F02,0,0,Primary,B cell,B cell,10,FALSE
HNSCC10_p14_HNSCC10_P14_B08,0,0,Primary,B cell,B cell,10,FALSE
HNSCC10_p14_HNSCC10_P14_D03,0,0,Primary,T cell,T cell,10,FALSE
HNSCC10_p14_HNSCC10_P14_F06,0,0,Primary,B cell,B cell,10,FALSE
HNSCC10_p14_HNSCC10_P14_E05,0,0,Primary,B cell,B cell,10,FALSE
HNSCC10_p14_HNSCC10_P14_F09,0,0,Primary,Endothelial,Endothelial,10,FALSE
HNSCC10_p14_HNSCC10_P14_B11,0,0,Primary,B cell,B cell,10,FALSE
HNSCC10_p14_HNSCC10_P14_B04,2.7626,0,Primary,B cell,B cell,10,TRUE
HNSCC10_p14_HNSCC10_P14_D07,0,0,Primary,B cell,B cell,10,FALSE
HNSCC6_p16_HNSCC6_P16_D01,5.665,0,Primary,Fibroblast,Fibroblast,6,TRUE
HNSCC6_p16_HNSCC6_P16_A10,4.6316,0,Primary,Endothelial,Endothelial,6,TRUE
HNSCC6_p16_HNSCC6_P16_E06,1.1434,0,Primary,Fibroblast,Fibroblast,6,TRUE
HNSCC6_p16_HNSCC6_P16_H05,0,1,Primary,0,Cancer cells,6,FALSE
HNSCC6_p16_HNSCC6_P16_H08,6.7669,0,Primary,Fibroblast,Fibroblast,6,TRUE
HNSCC6_p16_HNSCC6_P16_B11,5.0541,0,Primary,Fibroblast,Fibroblast,6,TRUE
HNSCC6_p16_HNSCC6_P16_A09,4.0087,1,Primary,0,Cancer cells,6,TRUE
HNSCC6_p16_HNSCC6_P16_D03,4.5356,0,Primary,Endothelial,Endothelial,6,TRUE
HNSCC6_p16_HNSCC6_P16_F04,1.5246,0,Primary,Fibroblast,Fibroblast,6,TRUE
HNSCC6_p16_HNSCC6_P16_E01,0,1,Primary,0,Cancer cells,6,FALSE
HNSCC6_p16_HNSCC6_P16_G07,5.4031,0,Primary,Fibroblast,Fibroblast,6,TRUE
HNSCC6_p16_HNSCC6_P16_G03,0,1,Primary,0,Cancer cells,6,FALSE
HNSCC6_p16_HNSCC6_P16_H06,0,0,Primary,Endothelial,Endothelial,6,FALSE
HNSCC6_p16_HNSCC6_P16_A07,0,1,Primary,0,Cancer cells,6,FALSE
HNSCC6_p16_HNSCC6_P16_F06,2.8566,1,Primary,0,Cancer cells,6,TRUE
HNSCC6_p16_HNSCC6_P16_E05,0.69866,0,Primary,Fibroblast,Fibroblast,6,TRUE
HNSCC6_p16_HNSCC6_P16_B03,0,1,Primary,0,Cancer cells,6,FALSE
HNSCC6_p16_HNSCC6_P16_A06,3.3031,1,Primary,0,Cancer cells,6,TRUE
HNSCC6_p16_HNSCC6_P16_B06,0,1,Primary,0,Cancer cells,6,FALSE
HNSCC6_p16_HNSCC6_P16_A04,0,0,Primary,Endothelial,Endothelial,6,FALSE
HNSCC6_p16_HNSCC6_P16_G05,5.9693,0,Primary,Endothelial,Endothelial,6,TRUE
HNSCC6_p16_HNSCC6_P16_E12,6.5343,0,Primary,Fibroblast,Fibroblast,6,TRUE
HNSCC6_p16_HNSCC6_P16_F07,0,0,Primary,Endothelial,Endothelial,6,FALSE
HNSCC6_p16_HNSCC6_P16_G11,0,1,Primary,0,Cancer cells,6,FALSE
HNSCC6_p16_HNSCC6_P16_D07,0,1,Primary,0,Cancer cells,6,FALSE
HNSCC6_p16_HNSCC6_P16_D12,0,1,Primary,0,Cancer cells,6,FALSE
HNSCC6_p16_HNSCC6_P16_A08,0,1,Primary,0,Cancer cells,6,FALSE
HNSCC6_p16_HNSCC6_P16_C02,0,1,Primary,0,Cancer cells,6,FALSE
HNSCC6_p16_HNSCC6_P16_C03,0,0,Primary,Endothelial,Endothelial,6,FALSE
HNSCC6_p16_HNSCC6_P16_B04,0.76384,1,Primary,0,Cancer cells,6,TRUE
HNSCC6_p16_HNSCC6_P16_D10,5.1558,0,Primary,Endothelial,Endothelial,6,TRUE
HNSCC6_p16_HNSCC6_P16_B07,3.0834,0,Primary,Fibroblast,Fibroblast,6,TRUE
HNSCC6_p16_HNSCC6_P16_F11,0,0,Primary,Endothelial,Endothelial,6,FALSE
HNSCC6_p16_HNSCC6_P16_C04,4.3531,1,Primary,0,Cancer cells,6,TRUE
HNSCC6_p16_HNSCC6_P16_H07,0,1,Primary,0,Cancer cells,6,FALSE
HNSCC6_p16_HNSCC6_P16_A12,4.8985,1,Primary,0,Cancer cells,6,TRUE
HNSCC6_p16_HNSCC6_P16_F05,0,1,Primary,0,Cancer cells,6,FALSE
HNSCC6_p16_HNSCC6_P16_G10,3.6498,1,Primary,0,Cancer cells,6,TRUE
HNSCC6_p16_HNSCC6_P16_F09,0,1,Primary,0,Cancer cells,6,FALSE
HNSCC6_p16_HNSCC6_P16_B08,0,0,Primary,Fibroblast,Fibroblast,6,FALSE
HNSCC6_p16_HNSCC6_P16_B02,3.805,1,Primary,0,Cancer cells,6,TRUE
HNSCC6_p16_HNSCC6_P16_D05,0,1,Primary,0,Cancer cells,6,FALSE
HNSCC6_p16_HNSCC6_P16_D11,3.9212,0,Primary,Fibroblast,Fibroblast,6,TRUE
HNSCC6_p16_HNSCC6_P16_G06,2.7244,1,Primary,0,Cancer cells,6,TRUE
HNSCC6_p16_HNSCC6_P16_A05,0,0,Primary,Endothelial,Endothelial,6,FALSE
HNSCC6_p16_HNSCC6_P16_E03,6.2961,0,Primary,Fibroblast,Fibroblast,6,TRUE
HNSCC6_p16_HNSCC6_P16_E04,2.8685,1,Primary,0,Cancer cells,6,TRUE
HNSCC6_p16_HNSCC6_P16_F10,5.6152,0,Primary,Endothelial,Endothelial,6,TRUE
HNSCC6_p16_HNSCC6_P16_H11,3.9456,1,Primary,0,Cancer cells,6,TRUE
HNSCC6_p16_HNSCC6_P16_H04,0,0,Primary,Endothelial,Endothelial,6,FALSE
HNSCC6_p16_HNSCC6_P16_H10,0,1,Primary,0,Cancer cells,6,FALSE
HNSCC6_p16_HNSCC6_P16_E07,0,0,Primary,Mast,Mast,6,FALSE
HNSCC6_p16_HNSCC6_P16_C10,7.0465,0,Primary,Fibroblast,Fibroblast,6,TRUE
HNSCC6_p16_HNSCC6_P16_A03,0,1,Primary,0,Cancer cells,6,FALSE
HNSCC6_p16_HNSCC6_P16_F02,0,0,Primary,Macrophage,Macrophage,6,FALSE
HNSCC6_p16_HNSCC6_P16_B10,4.0592,0,Primary,Endothelial,Endothelial,6,TRUE
HNSCC6_p16_HNSCC6_P16_F01,0.66448,1,Primary,0,Cancer cells,6,TRUE
HNSCC6_p16_HNSCC6_P16_B05,5.6298,0,Primary,Endothelial,Endothelial,6,TRUE
HNSCC6_p16_HNSCC6_P16_C01,0,1,Primary,0,Cancer cells,6,FALSE
HNSCC6_p16_HNSCC6_P16_H03,0,1,Primary,0,Cancer cells,6,FALSE
HNSCC6_p16_HNSCC6_P16_B01,0,1,Primary,0,Cancer cells,6,FALSE
HNSCC6_p16_HNSCC6_P16_A11,0,1,Primary,0,Cancer cells,6,FALSE
HNSCC10_p1_HNSCC10_P1_G09,0,0,Primary,Endothelial,Endothelial,10,FALSE
HNSCC10_p1_HNSCC10_P1_A06,0,0,Primary,B cell,B cell,10,FALSE
HNSCC10_p1_HNSCC10_P1_B05,4.5799,0,Primary,Fibroblast,Fibroblast,10,TRUE
HNSCC10_p1_HNSCC10_P1_C05,5.0875,0,Primary,Fibroblast,Fibroblast,10,TRUE
HNSCC10_p1_HNSCC10_P1_D03,0,0,Primary,Fibroblast,Fibroblast,10,FALSE
HNSCC10_p1_HNSCC10_P1_C12,0,0,Primary,Endothelial,Endothelial,10,FALSE
HNSCC10_p1_HNSCC10_P1_E06,0,0,Primary,Fibroblast,Fibroblast,10,FALSE
HNSCC10_p1_HNSCC10_P1_D07,3.5311,0,Primary,B cell,B cell,10,TRUE
HNSCC10_p1_HNSCC10_P1_F10,5.5441,0,Primary,Fibroblast,Fibroblast,10,TRUE
HNSCC10_p1_HNSCC10_P1_B08,0,0,Primary,Fibroblast,Fibroblast,10,FALSE
HNSCC10_p1_HNSCC10_P1_E05,0.55876,0,Primary,Endothelial,Endothelial,10,TRUE
HNSCC10_p1_HNSCC10_P1_A07,0,0,Primary,Endothelial,Endothelial,10,FALSE
HNSCC10_p1_HNSCC10_P1_B07,4.7037,0,Primary,Fibroblast,Fibroblast,10,TRUE
HNSCC10_p1_HNSCC10_P1_H07,0,0,Primary,B cell,B cell,10,FALSE
HNSCC10_p1_HNSCC10_P1_F06,0,0,Primary,Fibroblast,Fibroblast,10,FALSE
HNSCC10_p1_HNSCC10_P1_H04,0,0,Primary,B cell,B cell,10,FALSE
HNSCC10_p1_HNSCC10_P1_G11,6.2992,0,Primary,Fibroblast,Fibroblast,10,TRUE
HNSCC10_p1_HNSCC10_P1_H11,0,0,Primary,Fibroblast,Fibroblast,10,FALSE
HNSCC10_p1_HNSCC10_P1_F02,6.5829,0,Primary,Fibroblast,Fibroblast,10,TRUE
HNSCC10_p1_HNSCC10_P1_D04,5.5995,0,Primary,Fibroblast,Fibroblast,10,TRUE
HNSCC10_p1_HNSCC10_P1_F08,0.11103,0,Primary,Fibroblast,Fibroblast,10,TRUE
HNSCC10_p1_HNSCC10_P1_G05,6.2599,0,Primary,B cell,B cell,10,TRUE
HNSCC10_p1_HNSCC10_P1_G01,5.7672,0,Primary,Fibroblast,Fibroblast,10,TRUE
HNSCC10_p1_HNSCC10_P1_G04,1.1434,0,Primary,Fibroblast,Fibroblast,10,TRUE
HNSCC10_p1_HNSCC10_P1_A01,6.0937,0,Primary,Fibroblast,Fibroblast,10,TRUE
HNSCC10_p1_HNSCC10_P1_H08,0,0,Primary,B cell,B cell,10,FALSE
HNSCC10_p1_HNSCC10_P1_F07,5.3767,0,Primary,Fibroblast,Fibroblast,10,TRUE
HNSCC10_p1_HNSCC10_P1_E04,7.5119,0,Primary,Fibroblast,Fibroblast,10,TRUE
HNSCC10_p1_HNSCC10_P1_D09,6.1389,0,Primary,Fibroblast,Fibroblast,10,TRUE
HNSCC10_p1_HNSCC10_P1_F09,0,0,Primary,Fibroblast,Fibroblast,10,FALSE
HNSCC10_p1_HNSCC10_P1_C06,0.40272,0,Primary,B cell,B cell,10,TRUE
HNSCC10_p1_HNSCC10_P1_D01,0,0,Primary,Fibroblast,Fibroblast,10,FALSE
HNSCC10_p1_HNSCC10_P1_F05,0,0,Primary,Fibroblast,Fibroblast,10,FALSE
HNSCC10_p1_HNSCC10_P1_A03,5.4867,0,Primary,Fibroblast,Fibroblast,10,TRUE
HNSCC10_p1_HNSCC10_P1_A05,0,0,Primary,B cell,B cell,10,FALSE
HNSCC10_p1_HNSCC10_P1_D12,0,1,Primary,0,Cancer cells,10,FALSE
HNSCC10_p1_HNSCC10_P1_B09,4.4364,0,Primary,Fibroblast,Fibroblast,10,TRUE
HNSCC10_p4_HNSCC10_P4_F12,0,0,Primary,B cell,B cell,10,FALSE
HNSCC10_p4_HNSCC10_P4_A06,0,0,Primary,Endothelial,Endothelial,10,FALSE
HNSCC10_p4_HNSCC10_P4_H12,0,0,Primary,B cell,B cell,10,FALSE
HNSCC10_p4_HNSCC10_P4_H04,0,0,Primary,0,0,10,FALSE
HNSCC10_p4_HNSCC10_P4_D12,0,0,Primary,B cell,B cell,10,FALSE
HNSCC10_p4_HNSCC10_P4_H10,0,0,Primary,B cell,B cell,10,FALSE
HNSCC10_p4_HNSCC10_P4_B11,0,0,Primary,B cell,B cell,10,FALSE
HNSCC10_p4_HNSCC10_P4_A12,0,0,Primary,B cell,B cell,10,FALSE
HNSCC10_p4_HNSCC10_P4_A01,6.4922,0,Primary,Fibroblast,Fibroblast,10,TRUE
HNSCC10_p4_HNSCC10_P4_G04,5.1672,0,Primary,Fibroblast,Fibroblast,10,TRUE
HNSCC10_p4_HNSCC10_P4_H07,0,0,Primary,B cell,B cell,10,FALSE
HNSCC10_p4_HNSCC10_P4_C11,0,0,Primary,B cell,B cell,10,FALSE
HNSCC10_p4_HNSCC10_P4_C10,0,0,Primary,B cell,B cell,10,FALSE
HNSCC12_p11_HNSCC12_P11_G05,0,0,Primary,0,0,12,FALSE
HNSCC12_p11_HNSCC12_P11_C03,1.2981,0,Primary,0,0,12,TRUE
HNSCC12_p11_HNSCC12_P11_B10,0,0,Primary,0,0,12,FALSE
HNSCC12_p11_HNSCC12_P11_G06,0,0,Primary,0,0,12,FALSE
HNSCC12_p11_HNSCC12_P11_H12,3.8284,1,Primary,0,Cancer cells,12,TRUE
HNSCC12_p11_HNSCC12_P11_E11,0,0,Primary,0,0,12,FALSE
HNSCC12_p11_HNSCC12_P11_A03,0,0,Primary,0,0,12,FALSE
HNSCC12_p11_HNSCC12_P11_D08,0,0,Primary,0,0,12,FALSE
HNSCC12_p11_HNSCC12_P11_F12,4.4862,1,Primary,0,Cancer cells,12,TRUE
HNSCC12_p11_HNSCC12_P11_E10,6.9012,0,Primary,Fibroblast,Fibroblast,12,TRUE
HNSCC12_p11_HNSCC12_P11_G07,0.67446,0,Primary,0,0,12,TRUE
HNSCC12_p11_HNSCC12_P11_E05,0,0,Primary,0,0,12,FALSE
HNSCC12_p11_HNSCC12_P11_G12,0,1,Primary,0,Cancer cells,12,FALSE
HNSCC12_p11_HNSCC12_P11_B12,0,0,Primary,0,0,12,FALSE
HNSCC12_p11_HNSCC12_P11_F09,0,1,Primary,0,Cancer cells,12,FALSE
HNSCC12_p18_HNSCC12_P18_F12,0,0,Primary,T cell,T cell,12,FALSE
HNSCC12_p18_HNSCC12_P18_C05,0,0,Primary,T cell,T cell,12,FALSE
HNSCC12_p18_HNSCC12_P18_D02,0,0,Primary,T cell,T cell,12,FALSE
HNSCC12_p18_HNSCC12_P18_G05,0,0,Primary,T cell,T cell,12,FALSE
HNSCC12_p18_HNSCC12_P18_E05,0,0,Primary,T cell,T cell,12,FALSE
HNSCC12_p18_HNSCC12_P18_B07,0,0,Primary,T cell,T cell,12,FALSE
HNSCC12_p18_HNSCC12_P18_G07,0,0,Primary,T cell,T cell,12,FALSE
HNSCC12_p18_HNSCC12_P18_H07,0,0,Primary,T cell,T cell,12,FALSE
HNSCC12_p18_HNSCC12_P18_D08,0,0,Primary,T cell,T cell,12,FALSE
HNSCC12_p18_HNSCC12_P18_A07,0,0,Primary,T cell,T cell,12,FALSE
HNSCC12_p18_HNSCC12_P18_D03,0,0,Primary,T cell,T cell,12,FALSE
HNSCC12_p18_HNSCC12_P18_C04,0,0,Primary,T cell,T cell,12,FALSE
HNSCC12_p18_HNSCC12_P18_C09,0,0,Primary,T cell,T cell,12,FALSE
HNSCC12_p18_HNSCC12_P18_F03,0,0,Primary,T cell,T cell,12,FALSE
HNSCC12_p18_HNSCC12_P18_H01,0,0,Primary,T cell,T cell,12,FALSE
HNSCC12_p18_HNSCC12_P18_F11,0,0,Primary,T cell,T cell,12,FALSE
HNSCC12_p18_HNSCC12_P18_B09,0,0,Primary,T cell,T cell,12,FALSE
HNSCC12_p18_HNSCC12_P18_F07,0,0,Primary,T cell,T cell,12,FALSE
HNSCC12_p18_HNSCC12_P18_H05,0,0,Primary,T cell,T cell,12,FALSE
HNSCC12_p18_HNSCC12_P18_H06,0,0,Primary,T cell,T cell,12,FALSE
HNSCC12_p18_HNSCC12_P18_C03,0,0,Primary,T cell,T cell,12,FALSE
HNSCC12_p18_HNSCC12_P18_C10,0,0,Primary,T cell,T cell,12,FALSE
HNSCC12_p18_HNSCC12_P18_C12,0,0,Primary,T cell,T cell,12,FALSE
HNSCC12_p18_HNSCC12_P18_D06,0,0,Primary,T cell,T cell,12,FALSE
HNSCC12_p18_HNSCC12_P18_B05,0,0,Primary,T cell,T cell,12,FALSE
HNSCC12_p18_HNSCC12_P18_H08,0,0,Primary,T cell,T cell,12,FALSE
HNSCC12_p18_HNSCC12_P18_E02,0,0,Primary,T cell,T cell,12,FALSE
HNSCC12_p18_HNSCC12_P18_C11,0,0,Primary,T cell,T cell,12,FALSE
HNSCC12_p18_HNSCC12_P18_D04,0,0,Primary,T cell,T cell,12,FALSE
HNSCC12_p18_HNSCC12_P18_C02,0,0,Primary,T cell,T cell,12,FALSE
HNSCC12_p18_HNSCC12_P18_D09,0,0,Primary,T cell,T cell,12,FALSE
HNSCC12_p18_HNSCC12_P18_F09,0,0,Primary,T cell,T cell,12,FALSE
HNSCC12_p18_HNSCC12_P18_A12,0,0,Primary,T cell,T cell,12,FALSE
HNSCC12_p18_HNSCC12_P18_D12,0,0,Primary,T cell,T cell,12,FALSE
HNSCC12_p18_HNSCC12_P18_G08,0,0,Primary,T cell,T cell,12,FALSE
HNSCC12_p18_HNSCC12_P18_E10,0,0,Primary,T cell,T cell,12,FALSE
HNSCC12_p18_HNSCC12_P18_D10,0,0,Primary,T cell,T cell,12,FALSE
HNSCC12_p18_HNSCC12_P18_C08,0,0,Primary,T cell,T cell,12,FALSE
HNSCC12_p18_HNSCC12_P18_H03,0,0,Primary,T cell,T cell,12,FALSE
HNSCC12_p18_HNSCC12_P18_E03,0,0,Primary,T cell,T cell,12,FALSE
HNSCC12_p18_HNSCC12_P18_G06,0,0,Primary,T cell,T cell,12,FALSE
HNSCC12_p18_HNSCC12_P18_G10,0,0,Primary,T cell,T cell,12,FALSE
HNSCC12_p18_HNSCC12_P18_A01,0,0,Primary,T cell,T cell,12,FALSE
HNSCC12_p18_HNSCC12_P18_B01,0,0,Primary,T cell,T cell,12,FALSE
HNSCC12_p18_HNSCC12_P18_E11,0,0,Primary,T cell,T cell,12,FALSE
HNSCC12_p18_HNSCC12_P18_C01,0,0,Primary,T cell,T cell,12,FALSE
HNSCC13_p1_HNSCC13_P1_B12,0,1,Primary,0,Cancer cells,13,FALSE
HNSCC13_p1_HNSCC13_P1_E09,0,0,Primary,Fibroblast,Fibroblast,13,FALSE
HNSCC13_p1_HNSCC13_P1_G05,3.5379,1,Primary,0,Cancer cells,13,TRUE
HNSCC13_p1_HNSCC13_P1_B04,0,0,Primary,Fibroblast,Fibroblast,13,FALSE
HNSCC13_p1_HNSCC13_P1_D10,5.9287,0,Primary,Fibroblast,Fibroblast,13,TRUE
HNSCC13_p1_HNSCC13_P1_D05,4.3691,0,Primary,Fibroblast,Fibroblast,13,TRUE
HNSCC13_p1_HNSCC13_P1_D09,0,0,Primary,0,0,13,FALSE
HNSCC13_p1_HNSCC13_P1_G10,4.0592,0,Primary,Mast,Mast,13,TRUE
HNSCC13_p1_HNSCC13_P1_A04,0,0,Primary,Fibroblast,Fibroblast,13,FALSE
HNSCC13_p1_HNSCC13_P1_D02,0,0,Primary,0,0,13,FALSE
HNSCC13_p1_HNSCC13_P1_A10,0,1,Primary,0,Cancer cells,13,FALSE
HNSCC13_p1_HNSCC13_P1_G11,2.7091,1,Primary,0,Cancer cells,13,TRUE
HNSCC13_p1_HNSCC13_P1_D11,4.1838,1,Primary,0,Cancer cells,13,TRUE
HNSCC13_p1_HNSCC13_P1_H12,0,0,Primary,Mast,Mast,13,FALSE
HNSCC13_p1_HNSCC13_P1_B02,2.886,1,Primary,0,Cancer cells,13,TRUE
HNSCC13_p1_HNSCC13_P1_F08,0,0,Primary,B cell,B cell,13,FALSE
HNSCC13_p1_HNSCC13_P1_B05,6.3029,0,Primary,Fibroblast,Fibroblast,13,TRUE
HNSCC13_p1_HNSCC13_P1_B09,0,0,Primary,Dendritic,Dendritic,13,FALSE
HNSCC13_p19_HNSCC13_P19_E06,2.1006,1,Primary,0,Cancer cells,13,TRUE
HNSCC13_p19_HNSCC13_P19_D04,0,0,Primary,T cell,T cell,13,FALSE
HNSCC13_p19_HNSCC13_P19_G06,1.1622,0,Primary,Mast,Mast,13,TRUE
HNSCC13_p19_HNSCC13_P19_B11,0,0,Primary,Dendritic,Dendritic,13,FALSE
HNSCC13_p19_HNSCC13_P19_A04,0,0,Primary,Dendritic,Dendritic,13,FALSE
HNSCC13_p19_HNSCC13_P19_F05,0,0,Primary,Dendritic,Dendritic,13,FALSE
HNSCC13_p19_HNSCC13_P19_B06,0,0,Primary,Macrophage,Macrophage,13,FALSE
HNSCC13_p19_HNSCC13_P19_E11,0,0,Primary,0,0,13,FALSE
HNSCC13_p19_HNSCC13_P19_H06,0,0,Primary,Dendritic,Dendritic,13,FALSE
HNSCC13_p19_HNSCC13_P19_G07,0,0,Primary,Dendritic,Dendritic,13,FALSE
HNSCC13_p19_HNSCC13_P19_C12,0,0,Primary,Dendritic,Dendritic,13,FALSE
HNSCC13_p19_HNSCC13_P19_H01,0,0,Primary,Dendritic,Dendritic,13,FALSE
HNSCC13_p19_HNSCC13_P19_F07,0,0,Primary,Dendritic,Dendritic,13,FALSE
HNSCC13_p19_HNSCC13_P19_H12,3.9377,0,Primary,Mast,Mast,13,TRUE
HNSCC13_p19_HNSCC13_P19_G05,0,0,Primary,Dendritic,Dendritic,13,FALSE
HNSCC13_p19_HNSCC13_P19_G04,0,0,Primary,0,0,13,FALSE
HNSCC13_p19_HNSCC13_P19_C01,0,0,Primary,Mast,Mast,13,FALSE
HNSCC13_p19_HNSCC13_P19_E12,3.6236,0,Primary,Endothelial,Endothelial,13,TRUE
HNSCC13_p19_HNSCC13_P19_F09,0,0,Primary,Endothelial,Endothelial,13,FALSE
HNSCC13_p19_HNSCC13_P19_H03,0,0,Primary,0,0,13,FALSE
HNSCC13_p19_HNSCC13_P19_B10,0,0,Primary,#NAME?,#NAME?,13,FALSE
HNSCC13_p19_HNSCC13_P19_G11,0,0,Primary,Dendritic,Dendritic,13,FALSE
HNSCC13_p19_HNSCC13_P19_D12,0,0,Primary,B cell,B cell,13,FALSE
HNSCC13_p19_HNSCC13_P19_A11,0,0,Primary,Dendritic,Dendritic,13,FALSE
HNSCC13_p19_HNSCC13_P19_B12,2.6415,0,Primary,Endothelial,Endothelial,13,TRUE
HNSCC13_p19_HNSCC13_P19_A10,3.5141,0,Primary,Dendritic,Dendritic,13,TRUE
HNSCC13_p19_HNSCC13_P19_H09,0,0,Primary,T cell,T cell,13,FALSE
HNSCC13_p19_HNSCC13_P19_F06,0,0,Primary,#NAME?,#NAME?,13,FALSE
HNSCC13_p19_HNSCC13_P19_D03,0,0,Primary,Dendritic,Dendritic,13,FALSE
HNSCC13_p19_HNSCC13_P19_E07,0,0,Primary,Dendritic,Dendritic,13,FALSE
HNSCC13_p19_HNSCC13_P19_H11,0,0,Primary,B cell,B cell,13,FALSE
HNSCC13_p19_HNSCC13_P19_E03,0,0,Primary,0,0,13,FALSE
HNSCC13_p19_HNSCC13_P19_C08,0,0,Primary,Dendritic,Dendritic,13,FALSE
HNSCC13_p19_HNSCC13_P19_B03,0,0,Primary,T cell,T cell,13,FALSE
HNSCC13_p19_HNSCC13_P19_D06,0,0,Primary,Fibroblast,Fibroblast,13,FALSE
HNSCC13_p19_HNSCC13_P19_C06,0,0,Primary,Dendritic,Dendritic,13,FALSE
HNSCC13_p19_HNSCC13_P19_E10,0,0,Primary,Dendritic,Dendritic,13,FALSE
HNSCC13_p19_HNSCC13_P19_C10,6.9227,0,Primary,Fibroblast,Fibroblast,13,TRUE
HNSCC13_p19_HNSCC13_P19_E02,0,0,Primary,Dendritic,Dendritic,13,FALSE
HNSCC13_p19_HNSCC13_P19_B02,0,0,Primary,Dendritic,Dendritic,13,FALSE
HNSCC13_p19_HNSCC13_P19_G09,0,0,Primary,B cell,B cell,13,FALSE
HNSCC13_p19_HNSCC13_P19_G01,3.7043,0,Primary,0,0,13,TRUE
HNSCC13_p19_HNSCC13_P19_D02,0,0,Primary,Dendritic,Dendritic,13,FALSE
HNSCC13_p19_HNSCC13_P19_F04,0,0,Primary,Dendritic,Dendritic,13,FALSE
HNSCC13_p19_HNSCC13_P19_A05,0,0,Primary,Dendritic,Dendritic,13,FALSE
HNSCC13_p19_HNSCC13_P19_E09,0,0,Primary,T cell,T cell,13,FALSE
HNSCC13_p19_HNSCC13_P19_A08,0,0,Primary,T cell,T cell,13,FALSE
HNSCC13_p19_HNSCC13_P19_F01,0,0,Primary,T cell,T cell,13,FALSE
HNSCC13_p19_HNSCC13_P19_F03,0,0,Primary,B cell,B cell,13,FALSE
HNSCC13_p19_HNSCC13_P19_G10,0,0,Primary,Dendritic,Dendritic,13,FALSE
HNSCC13_p19_HNSCC13_P19_G03,0,0,Primary,B cell,B cell,13,FALSE
HNSCC13_p19_HNSCC13_P19_A06,0,0,Primary,Dendritic,Dendritic,13,FALSE
HNSCC13_p19_HNSCC13_P19_F12,3.7831,0,Primary,Macrophage,Macrophage,13,TRUE
HNSCC13_p19_HNSCC13_P19_E08,1.542,0,Primary,Fibroblast,Fibroblast,13,TRUE
HNSCC13_p19_HNSCC13_P19_H10,0,0,Primary,Dendritic,Dendritic,13,FALSE
HNSCC13_p19_HNSCC13_P19_C11,0,0,Primary,Dendritic,Dendritic,13,FALSE
HNSCC13_p19_HNSCC13_P19_B04,0,0,Primary,Dendritic,Dendritic,13,FALSE
HNSCC13_p19_HNSCC13_P19_B08,0,0,Primary,Dendritic,Dendritic,13,FALSE
HNSCC13_p19_HNSCC13_P19_B07,0,0,Primary,Dendritic,Dendritic,13,FALSE
HNSCC13_p19_HNSCC13_P19_E01,0,0,Primary,#NAME?,#NAME?,13,FALSE
HNSCC13_p19_HNSCC13_P19_G08,0,0,Primary,0,0,13,FALSE
HNSCC5_p3_HNSCC5_P3_D09,0,0,Primary,Macrophage,Macrophage,5,FALSE
HNSCC5_p3_HNSCC5_P3_E10,4.3596,0,Primary,Fibroblast,Fibroblast,5,TRUE
HNSCC5_p3_HNSCC5_P3_A10,0,0,Primary,Macrophage,Macrophage,5,FALSE
HNSCC5_p3_HNSCC5_P3_E03,3.3938,1,Primary,0,Cancer cells,5,TRUE
HNSCC5_p3_HNSCC5_P3_E09,2.3707,0,Primary,Endothelial,Endothelial,5,TRUE
HNSCC5_p3_HNSCC5_P3_F12,0,0,Primary,Macrophage,Macrophage,5,FALSE
HNSCC5_p3_HNSCC5_P3_C05,3.9413,0,Primary,Macrophage,Macrophage,5,TRUE
HNSCC5_p3_HNSCC5_P3_A08,0,0,Primary,Macrophage,Macrophage,5,FALSE
HNSCC5_p3_HNSCC5_P3_D10,2.6643,1,Primary,0,Cancer cells,5,TRUE
HNSCC5_p3_HNSCC5_P3_F07,3.9931,1,Primary,0,Cancer cells,5,TRUE
HNSCC5_p3_HNSCC5_P3_H01,3.0853,1,Primary,0,Cancer cells,5,TRUE
HNSCC5_p3_HNSCC5_P3_F08,5.3749,0,Primary,Mast,Mast,5,TRUE
HNSCC5_p3_HNSCC5_P3_C01,0,0,Primary,Macrophage,Macrophage,5,FALSE
HNSCC5_p3_HNSCC5_P3_C11,0,1,Primary,0,Cancer cells,5,FALSE
HNSCC5_p3_HNSCC5_P3_H06,5.4043,0,Primary,Fibroblast,Fibroblast,5,TRUE
HNSCC5_p3_HNSCC5_P3_A05,7.0698,0,Primary,Fibroblast,Fibroblast,5,TRUE
HNSCC5_p3_HNSCC5_P3_E12,0,0,Primary,Macrophage,Macrophage,5,FALSE
HNSCC5_p3_HNSCC5_P3_E08,5.5921,0,Primary,Fibroblast,Fibroblast,5,TRUE
HNSCC5_p3_HNSCC5_P3_G10,3.5559,0,Primary,Macrophage,Macrophage,5,TRUE
HNSCC5_p3_HNSCC5_P3_C06,0.28333,0,Primary,Macrophage,Macrophage,5,TRUE
HNSCC5_p3_HNSCC5_P3_D05,0,0,Primary,Macrophage,Macrophage,5,FALSE
HNSCC5_p3_HNSCC5_P3_G07,0,1,Primary,0,Cancer cells,5,FALSE
HNSCC5_p3_HNSCC5_P3_A04,2.969,1,Primary,0,Cancer cells,5,TRUE
HNSCC5_p3_HNSCC5_P3_D06,3.7826,0,Primary,Endothelial,Endothelial,5,TRUE
HNSCC6_p13_hnscc6_p13_A06,0,0,Primary,0,0,6,FALSE
HNSCC6_p13_hnscc6_p13_C03,0,0,Primary,0,0,6,FALSE
HNSCC6_p13_hnscc6_p13_G12,0,0,Primary,0,0,6,FALSE
HNSCC6_p13_hnscc6_p13_G06,0,0,Primary,0,0,6,FALSE
HNSCC6_p13_hnscc6_p13_C06,0,0,Primary,0,0,6,FALSE
HNSCC6_p13_hnscc6_p13_E03,0,0,Primary,0,0,6,FALSE
HNSCC6_p13_hnscc6_p13_F11,0,0,Primary,0,0,6,FALSE
HNSCC6_p13_hnscc6_p13_A11,0,0,Primary,0,0,6,FALSE
HNSCC6_p13_hnscc6_p13_E08,0,0,Primary,0,0,6,FALSE
HNSCC6_p13_hnscc6_p13_F08,0,0,Primary,0,0,6,FALSE
HNSCC6_p13_hnscc6_p13_G08,0,0,Primary,0,0,6,FALSE
HNSCC6_p13_hnscc6_p13_D05,0,0,Primary,0,0,6,FALSE
HNSCC6_p13_hnscc6_p13_A05,0,0,Primary,0,0,6,FALSE
HNSCC6_p13_hnscc6_p13_G03,0,0,Primary,0,0,6,FALSE
HNSCC6_p13_hnscc6_p13_B05,0,0,Primary,0,0,6,FALSE
HNSCC6_p13_hnscc6_p13_H11,0,0,Primary,0,0,6,FALSE
HNSCC6_p13_hnscc6_p13_B12,0,0,Primary,0,0,6,FALSE
HNSCC6_p13_hnscc6_p13_G02,0,0,Primary,0,0,6,FALSE
HNSCC6_p13_hnscc6_p13_C11,0,0,Primary,0,0,6,FALSE
HNSCC6_p13_hnscc6_p13_C12,0,0,Primary,0,0,6,FALSE
HNSCC6_p13_hnscc6_p13_B07,0,0,Primary,0,0,6,FALSE
HNSCC6_p13_hnscc6_p13_A10,0,0,Primary,0,0,6,FALSE
HNSCC6_p13_hnscc6_p13_C04,0,0,Primary,0,0,6,FALSE
HNSCC6_p13_hnscc6_p13_G11,0,0,Primary,0,0,6,FALSE
HNSCC6_p13_hnscc6_p13_C09,0,0,Primary,0,0,6,FALSE
HNSCC6_p13_hnscc6_p13_A07,0,0,Primary,0,0,6,FALSE
HNSCC6_p13_hnscc6_p13_D08,0,0,Primary,0,0,6,FALSE
HNSCC6_p13_hnscc6_p13_F04,0,0,Primary,0,0,6,FALSE
HNSCC6_p13_hnscc6_p13_E05,0,0,Primary,0,0,6,FALSE
HNSCC5_p11_p12_hnscc5_p11_p12_F08,0,0,Primary,T cell,T cell,5,FALSE
HNSCC5_p11_p12_hnscc5_p11_p12_D11,0,0,Primary,T cell,T cell,5,FALSE
HNSCC5_p11_p12_hnscc5_p11_p12_E09,0,0,Primary,Macrophage,Macrophage,5,FALSE
HNSCC5_p11_p12_hnscc5_p11_p12_D01,0,0,Primary,T cell,T cell,5,FALSE
HNSCC5_p11_p12_hnscc5_p11_p12_E12,4.1551,0,Primary,Macrophage,Macrophage,5,TRUE
HNSCC5_p11_p12_hnscc5_p11_p12_G03,0,0,Primary,T cell,T cell,5,FALSE
HNSCC5_p11_p12_hnscc5_p11_p12_A04,0,0,Primary,Macrophage,Macrophage,5,FALSE
HNSCC5_p11_p12_hnscc5_p11_p12_C11,0,0,Primary,Macrophage,Macrophage,5,FALSE
HNSCC5_p11_p12_hnscc5_p11_p12_E08,0,0,Primary,T cell,T cell,5,FALSE
HNSCC5_p11_p12_hnscc5_p11_p12_G12,0,0,Primary,T cell,T cell,5,FALSE
HNSCC5_p11_p12_hnscc5_p11_p12_G07,0,0,Primary,T cell,T cell,5,FALSE
HNSCC5_p11_p12_hnscc5_p11_p12_B12,0,0,Primary,Macrophage,Macrophage,5,FALSE
HNSCC5_p11_p12_hnscc5_p11_p12_C10,0,0,Primary,T cell,T cell,5,FALSE
HNSCC5_p11_p12_hnscc5_p11_p12_A01,0,0,Primary,T cell,T cell,5,FALSE
HNSCC5_p11_p12_hnscc5_p11_p12_E11,0,0,Primary,Macrophage,Macrophage,5,FALSE
HNSCC5_p11_p12_hnscc5_p11_p12_D09,0,0,Primary,Macrophage,Macrophage,5,FALSE
HNSCC5_p11_p12_hnscc5_p11_p12_H01,0,0,Primary,Macrophage,Macrophage,5,FALSE
HNSCC5_p11_p12_hnscc5_p11_p12_C03,0,0,Primary,T cell,T cell,5,FALSE
HNSCC5_p11_p12_hnscc5_p11_p12_C07,0,0,Primary,T cell,T cell,5,FALSE
HNSCC5_p11_p12_hnscc5_p11_p12_H07,0,0,Primary,T cell,T cell,5,FALSE
HNSCC5_p11_p12_hnscc5_p11_p12_E04,0,0,Primary,T cell,T cell,5,FALSE
HNSCC5_p11_p12_hnscc5_p11_p12_B04,3.4952,0,Primary,Macrophage,Macrophage,5,TRUE
HNSCC5_p11_p12_hnscc5_p11_p12_C08,0,0,Primary,T cell,T cell,5,FALSE
HNSCC5_p11_p12_hnscc5_p11_p12_E07,3.3931,0,Primary,Macrophage,Macrophage,5,TRUE
HNSCC5_p11_p12_hnscc5_p11_p12_F05,0,0,Primary,T cell,T cell,5,FALSE
HNSCC5_p11_p12_hnscc5_p11_p12_H05,0,0,Primary,T cell,T cell,5,FALSE
HNSCC5_p11_p12_hnscc5_p11_p12_G05,0,0,Primary,Macrophage,Macrophage,5,FALSE
HNSCC5_p11_p12_hnscc5_p11_p12_B02,2.8961,0,Primary,Macrophage,Macrophage,5,TRUE
HNSCC5_p11_p12_hnscc5_p11_p12_F10,0,0,Primary,T cell,T cell,5,FALSE
HNSCC5_p11_p12_hnscc5_p11_p12_A10,0,0,Primary,Macrophage,Macrophage,5,FALSE
HNSCC5_p11_p12_hnscc5_p11_p12_D05,0,0,Primary,T cell,T cell,5,FALSE
HNSCC5_p11_p12_hnscc5_p11_p12_A05,0,0,Primary,T cell,T cell,5,FALSE
HNSCC5_p11_p12_hnscc5_p11_p12_G09,0,0,Primary,T cell,T cell,5,FALSE
HNSCC5_p11_p12_hnscc5_p11_p12_C06,0,0,Primary,T cell,T cell,5,FALSE
HNSCC5_p11_p12_hnscc5_p11_p12_F09,0,0,Primary,T cell,T cell,5,FALSE
HNSCC5_p11_p12_hnscc5_p11_p12_F11,0,0,Primary,Macrophage,Macrophage,5,FALSE
HNSCC5_p11_p12_hnscc5_p11_p12_H09,0,0,Primary,Macrophage,Macrophage,5,FALSE
HNSCC5_p11_p12_hnscc5_p11_p12_H11,0.26303,0,Primary,Macrophage,Macrophage,5,TRUE
HNSCC5_p11_p12_hnscc5_p11_p12_E05,0,0,Primary,Macrophage,Macrophage,5,FALSE
HNSCC5_p11_p12_hnscc5_p11_p12_G11,0,0,Primary,T cell,T cell,5,FALSE
HNSCC5_p11_p12_hnscc5_p11_p12_H10,0,0,Primary,Macrophage,Macrophage,5,FALSE
HNSCC5_p11_p12_hnscc5_p11_p12_H06,0,0,Primary,T cell,T cell,5,FALSE
HNSCC5_p11_p12_hnscc5_p11_p12_H04,0,0,Primary,T cell,T cell,5,FALSE
HNSCC5_p11_p12_hnscc5_p11_p12_G02,5.112,0,Primary,Macrophage,Macrophage,5,TRUE
HNSCC5_p11_p12_hnscc5_p11_p12_C02,0,0,Primary,T cell,T cell,5,FALSE
HNSCC5_p11_p12_hnscc5_p11_p12_C09,0,0,Primary,Macrophage,Macrophage,5,FALSE
HNSCC5_p11_p12_hnscc5_p11_p12_D07,0,0,Primary,Macrophage,Macrophage,5,FALSE
HNSCC5_p11_p12_hnscc5_p11_p12_B05,0,0,Primary,T cell,T cell,5,FALSE
HNSCC5_p11_p12_hnscc5_p11_p12_D10,4.7215,0,Primary,Macrophage,Macrophage,5,TRUE
HNSCC5_p11_p12_hnscc5_p11_p12_G01,0,0,Primary,Mast,Mast,5,FALSE
HNSCC5_p11_p12_hnscc5_p11_p12_B10,0,0,Primary,T cell,T cell,5,FALSE
HNSCC5_p11_p12_hnscc5_p11_p12_E06,3.7973,0,Primary,Macrophage,Macrophage,5,TRUE
HNSCC5_p11_p12_hnscc5_p11_p12_A02,2.9117,0,Primary,Macrophage,Macrophage,5,TRUE
HNSCC5_p11_p12_hnscc5_p11_p12_B06,0,0,Primary,Macrophage,Macrophage,5,FALSE
HNSCC5_p11_p12_hnscc5_p11_p12_A12,0,0,Primary,Macrophage,Macrophage,5,FALSE
HNSCC5_p11_p12_hnscc5_p11_p12_E03,0,0,Primary,Macrophage,Macrophage,5,FALSE
HNSCC7_p8_HNSCC7_P8_D05,0.80157,1,Primary,0,Cancer cells,7,TRUE
HNSCC7_p8_HNSCC7_P8_A06,0,0,Primary,Fibroblast,Fibroblast,7,FALSE
HNSCC7_p8_HNSCC7_P8_E01,4.6544,1,Primary,0,Cancer cells,7,TRUE
HNSCC7_p8_HNSCC7_P8_G01,5.1282,1,Primary,0,Cancer cells,7,TRUE
HNSCC7_p8_HNSCC7_P8_B05,0,1,Primary,0,Cancer cells,7,FALSE
HNSCC7_p8_HNSCC7_P8_B06,4.956,1,Primary,0,Cancer cells,7,TRUE
HNSCC7_p8_HNSCC7_P8_A09,0,1,Primary,0,Cancer cells,7,FALSE
HNSCC6_p14_hnscc6_p14_G04,0,1,Primary,0,Cancer cells,6,FALSE
HNSCC6_p14_hnscc6_p14_H05,2.2684,0,Primary,Fibroblast,Fibroblast,6,TRUE
HNSCC6_p14_hnscc6_p14_H09,7.938,0,Primary,Fibroblast,Fibroblast,6,TRUE
HNSCC6_p14_hnscc6_p14_F08,0,1,Primary,0,Cancer cells,6,FALSE
HNSCC6_p14_hnscc6_p14_E07,0,1,Primary,0,Cancer cells,6,FALSE
HNSCC6_p14_hnscc6_p14_E11,0,1,Primary,0,Cancer cells,6,FALSE
HNSCC6_p14_hnscc6_p14_G08,0,1,Primary,0,Cancer cells,6,FALSE
HNSCC6_p14_hnscc6_p14_G07,0,0,Primary,Endothelial,Endothelial,6,FALSE
HNSCC6_p14_hnscc6_p14_G02,0,0,Primary,0,0,6,FALSE
HNSCC6_p14_hnscc6_p14_F11,0,0,Primary,Endothelial,Endothelial,6,FALSE
HNSCC6_p14_hnscc6_p14_H11,4.2235,1,Primary,0,Cancer cells,6,TRUE
HNSCC6_p14_hnscc6_p14_G12,4.4026,1,Primary,0,Cancer cells,6,TRUE
HNSCC6_p14_hnscc6_p14_E02,0,1,Primary,0,Cancer cells,6,FALSE
HNSCC6_p14_hnscc6_p14_H02,6.4417,0,Primary,Endothelial,Endothelial,6,TRUE
HNSCC6_p14_hnscc6_p14_H06,0,1,Primary,0,Cancer cells,6,FALSE
HNSCC6_p14_hnscc6_p14_E12,0,0,Primary,Macrophage,Macrophage,6,FALSE
HNSCC6_p14_hnscc6_p14_F04,0,0,Primary,Macrophage,Macrophage,6,FALSE
HNSCC6_p14_hnscc6_p14_G11,0,0,Primary,Endothelial,Endothelial,6,FALSE
HNSCC6_p14_hnscc6_p14_E05,0,1,Primary,0,Cancer cells,6,FALSE
HNSCC6_p14_hnscc6_p14_H10,3.4198,1,Primary,0,Cancer cells,6,TRUE
HNSCC6_p14_hnscc6_p14_H03,3.8352,1,Primary,0,Cancer cells,6,TRUE
HNSCC6_p14_hnscc6_p14_E04,3.1925,1,Primary,0,Cancer cells,6,TRUE
HNSCC6_p14_hnscc6_p14_G01,0,1,Primary,0,Cancer cells,6,FALSE
HNSCC6_p14_hnscc6_p14_E06,0,1,Primary,0,Cancer cells,6,FALSE
HNSCC6_p14_hnscc6_p14_F06,3.7281,1,Primary,0,Cancer cells,6,TRUE
HNSCC6_p14_hnscc6_p14_G10,3.9521,1,Primary,0,Cancer cells,6,TRUE
HNSCC6_p14_hnscc6_p14_H08,0,0,Primary,Endothelial,Endothelial,6,FALSE
HNSCC6_p14_hnscc6_p14_G06,4.8729,0,Primary,Endothelial,Endothelial,6,TRUE
HNSCC6_p14_hnscc6_p14_F01,0,1,Primary,0,Cancer cells,6,FALSE
HNSCC6_p14_hnscc6_p14_F10,0,1,Primary,0,Cancer cells,6,FALSE
HNSCC6_p14_hnscc6_p14_E01,3.7055,1,Primary,0,Cancer cells,6,TRUE
HNSCC6_p14_hnscc6_p14_E08,0.70487,0,Primary,Fibroblast,Fibroblast,6,TRUE
HNSCC6_p14_hnscc6_p14_H01,0,1,Primary,0,Cancer cells,6,FALSE
HNSCC6_p14_hnscc6_p14_H07,0,1,Primary,0,Cancer cells,6,FALSE
HNSCC6_p14_hnscc6_p14_F09,0.81229,0,Primary,Endothelial,Endothelial,6,TRUE
HNSCC6_p14_hnscc6_p14_E03,0,1,Primary,0,Cancer cells,6,FALSE
HNSCC6_p14_hnscc6_p14_E09,2.7007,1,Primary,0,Cancer cells,6,TRUE
HNSCC6_p14_hnscc6_p14_G09,0,1,Primary,0,Cancer cells,6,FALSE
HNSCC5_p9_HNSCC5_P9_B10,0,1,Primary,0,Cancer cells,5,FALSE
HNSCC5_p9_HNSCC5_P9_G01,4.3313,0,Primary,Fibroblast,Fibroblast,5,TRUE
HNSCC5_p9_HNSCC5_P9_F07,4.4839,0,Primary,Fibroblast,Fibroblast,5,TRUE
HNSCC5_p9_HNSCC5_P9_D01,5.5312,0,Primary,Fibroblast,Fibroblast,5,TRUE
HNSCC5_p9_HNSCC5_P9_D08,0,1,Primary,0,Cancer cells,5,FALSE
HNSCC5_p9_HNSCC5_P9_A10,5.0177,0,Primary,Fibroblast,Fibroblast,5,TRUE
HNSCC5_p9_HNSCC5_P9_D03,0,1,Primary,0,Cancer cells,5,FALSE
HNSCC5_p9_HNSCC5_P9_F06,4.4733,0,Primary,Fibroblast,Fibroblast,5,TRUE
HNSCC5_p9_HNSCC5_P9_B11,4.0801,1,Primary,0,Cancer cells,5,TRUE
HNSCC5_p9_HNSCC5_P9_H03,0,1,Primary,0,Cancer cells,5,FALSE
HNSCC5_p9_HNSCC5_P9_H10,0,1,Primary,0,Cancer cells,5,FALSE
HNSCC5_p9_HNSCC5_P9_B06,0,1,Primary,0,Cancer cells,5,FALSE
HNSCC5_p9_HNSCC5_P9_A02,0,1,Primary,0,Cancer cells,5,FALSE
HNSCC5_p9_HNSCC5_P9_G04,0,1,Primary,0,Cancer cells,5,FALSE
HNSCC5_p9_HNSCC5_P9_A06,0,1,Primary,0,Cancer cells,5,FALSE
HNSCC5_p9_HNSCC5_P9_B07,3.111,1,Primary,0,Cancer cells,5,TRUE
HNSCC5_p9_HNSCC5_P9_A03,3.8298,0,Primary,Fibroblast,Fibroblast,5,TRUE
HNSCC5_p9_HNSCC5_P9_G07,3.2689,1,Primary,0,Cancer cells,5,TRUE
HNSCC5_p9_HNSCC5_P9_H11,5.157,0,Primary,Fibroblast,Fibroblast,5,TRUE
HNSCC5_p9_HNSCC5_P9_D11,5.2588,0,Primary,Fibroblast,Fibroblast,5,TRUE
HNSCC5_p9_HNSCC5_P9_D04,4.4068,1,Primary,0,Cancer cells,5,TRUE
HNSCC5_p9_HNSCC5_P9_G11,0,1,Primary,0,Cancer cells,5,FALSE
HNSCC5_p9_HNSCC5_P9_G09,0,1,Primary,0,Cancer cells,5,FALSE
HNSCC5_p9_HNSCC5_P9_D10,0,1,Primary,0,Cancer cells,5,FALSE
HNSCC5_p9_HNSCC5_P9_F01,0,0,Primary,Fibroblast,Fibroblast,5,FALSE
HNSCC5_p9_HNSCC5_P9_E09,3.9327,1,Primary,0,Cancer cells,5,TRUE
HNSCC5_p9_HNSCC5_P9_B09,2.6681,1,Primary,0,Cancer cells,5,TRUE
HNSCC5_p9_HNSCC5_P9_E10,3.6893,1,Primary,0,Cancer cells,5,TRUE
HNSCC5_p9_HNSCC5_P9_F10,0,1,Primary,0,Cancer cells,5,FALSE
HNSCC5_p9_HNSCC5_P9_D02,4.9705,0,Primary,Fibroblast,Fibroblast,5,TRUE
HNSCC5_p9_HNSCC5_P9_E04,4.9919,0,Primary,Fibroblast,Fibroblast,5,TRUE
HNSCC5_p9_HNSCC5_P9_A05,6.3891,0,Primary,Fibroblast,Fibroblast,5,TRUE
HNSCC5_p9_HNSCC5_P9_A08,2.386,1,Primary,0,Cancer cells,5,TRUE
HNSCC5_p9_HNSCC5_P9_C10,0,0,Primary,Fibroblast,Fibroblast,5,FALSE
HNSCC5_p9_HNSCC5_P9_G02,3.2497,1,Primary,0,Cancer cells,5,TRUE
HNSCC5_p9_HNSCC5_P9_F12,0,1,Primary,0,Cancer cells,5,FALSE
HNSCC5_p9_HNSCC5_P9_A09,0.78827,1,Primary,0,Cancer cells,5,TRUE
HNSCC5_p9_HNSCC5_P9_C11,4.7718,0,Primary,Endothelial,Endothelial,5,TRUE
HNSCC5_p9_HNSCC5_P9_G06,1.6295,1,Primary,0,Cancer cells,5,TRUE
HNSCC5_p9_HNSCC5_P9_H06,4.1935,1,Primary,0,Cancer cells,5,TRUE
HNSCC5_p9_HNSCC5_P9_C02,6.0291,0,Primary,Fibroblast,Fibroblast,5,TRUE
HNSCC5_p9_HNSCC5_P9_D05,0,1,Primary,0,Cancer cells,5,FALSE
HNSCC5_p9_HNSCC5_P9_C07,0,0,Primary,Fibroblast,Fibroblast,5,FALSE
HNSCC5_p9_HNSCC5_P9_F09,0,1,Primary,0,Cancer cells,5,FALSE
HNSCC5_p9_HNSCC5_P9_A07,3.1132,0,Primary,Fibroblast,Fibroblast,5,TRUE
HNSCC5_p9_HNSCC5_P9_F03,0,0,Primary,Endothelial,Endothelial,5,FALSE
HNSCC5_p9_HNSCC5_P9_C12,3.4598,1,Primary,0,Cancer cells,5,TRUE
HNSCC5_p9_HNSCC5_P9_H12,5.4526,0,Primary,Fibroblast,Fibroblast,5,TRUE
HNSCC5_p9_HNSCC5_P9_E08,0,1,Primary,0,Cancer cells,5,FALSE
HNSCC5_p9_HNSCC5_P9_C03,0,1,Primary,0,Cancer cells,5,FALSE
HNSCC5_p9_HNSCC5_P9_E11,0,0,Primary,Fibroblast,Fibroblast,5,FALSE
HNSCC5_p9_HNSCC5_P9_B08,0,1,Primary,0,Cancer cells,5,FALSE
HNSCC5_p9_HNSCC5_P9_H08,2.8254,1,Primary,0,Cancer cells,5,TRUE
HNSCC5_p9_HNSCC5_P9_E02,0,1,Primary,0,Cancer cells,5,FALSE
HNSCC5_p14_HNSCC5_P14_LN_F03,0,1,Lymph node,0,Cancer cells,5,FALSE
HNSCC5_p14_HNSCC5_P14_LN_E06,0,0,Lymph node,0,0,5,FALSE
HNSCC5_p14_HNSCC5_P14_LN_E02,0,0,Lymph node,Endothelial,Endothelial,5,FALSE
HNSCC5_p14_HNSCC5_P14_LN_A08,6.7815,0,Lymph node,Endothelial,Endothelial,5,TRUE
HNSCC5_p14_HNSCC5_P14_LN_A09,5.8007,1,Lymph node,0,Cancer cells,5,TRUE
HNSCC5_p14_HNSCC5_P14_LN_D04,6.2972,0,Lymph node,Endothelial,Endothelial,5,TRUE
HNSCC5_p14_HNSCC5_P14_LN_H01,0,0,Lymph node,Fibroblast,Fibroblast,5,FALSE
HNSCC5_p14_HNSCC5_P14_LN_C03,0,1,Lymph node,0,Cancer cells,5,FALSE
HNSCC5_p14_HNSCC5_P14_LN_E08,0,1,Lymph node,0,Cancer cells,5,FALSE
HNSCC5_p14_HNSCC5_P14_LN_H02,4.8611,0,Lymph node,Fibroblast,Fibroblast,5,TRUE
HNSCC5_p14_HNSCC5_P14_LN_F11,6.0175,0,Lymph node,Endothelial,Endothelial,5,TRUE
HNSCC5_p14_HNSCC5_P14_LN_D05,4.7332,0,Lymph node,Fibroblast,Fibroblast,5,TRUE
HNSCC5_p14_HNSCC5_P14_LN_H11,0,1,Lymph node,0,Cancer cells,5,FALSE
HNSCC5_p14_HNSCC5_P14_LN_F02,0,0,Lymph node,Endothelial,Endothelial,5,FALSE
HNSCC5_p14_HNSCC5_P14_LN_D07,0,0,Lymph node,Endothelial,Endothelial,5,FALSE
HNSCC5_p14_HNSCC5_P14_LN_G08,0,1,Lymph node,0,Cancer cells,5,FALSE
HNSCC5_p14_HNSCC5_P14_LN_G06,3.3278,1,Lymph node,0,Cancer cells,5,TRUE
HNSCC5_p14_HNSCC5_P14_LN_D03,0,0,Lymph node,Fibroblast,Fibroblast,5,FALSE
HNSCC5_p14_HNSCC5_P14_LN_C05,0,0,Lymph node,Endothelial,Endothelial,5,FALSE
HNSCC5_p14_HNSCC5_P14_LN_G11,0,0,Lymph node,Endothelial,Endothelial,5,FALSE
HNSCC5_p14_HNSCC5_P14_LN_D01,0,1,Lymph node,0,Cancer cells,5,FALSE
HNSCC5_p14_HNSCC5_P14_LN_E04,5.9117,0,Lymph node,Fibroblast,Fibroblast,5,TRUE
HNSCC5_p14_HNSCC5_P14_LN_G07,0,0,Lymph node,Endothelial,Endothelial,5,FALSE
HNSCC5_p14_HNSCC5_P14_LN_C01,0,1,Lymph node,0,Cancer cells,5,FALSE
HNSCC5_p14_HNSCC5_P14_LN_G05,5.3765,0,Lymph node,Fibroblast,Fibroblast,5,TRUE
HNSCC5_p14_HNSCC5_P14_LN_H03,0,0,Lymph node,Endothelial,Endothelial,5,FALSE
HNSCC5_p14_HNSCC5_P14_LN_A04,0.36177,1,Lymph node,0,Cancer cells,5,TRUE
HNSCC5_p14_HNSCC5_P14_LN_H06,6.5304,0,Lymph node,Endothelial,Endothelial,5,TRUE
HNSCC5_p14_HNSCC5_P14_LN_C06,0,0,Lymph node,Fibroblast,Fibroblast,5,FALSE
HNSCC5_p14_HNSCC5_P14_LN_B09,4.1659,0,Lymph node,Endothelial,Endothelial,5,TRUE
HNSCC5_p14_HNSCC5_P14_LN_B11,0,0,Lymph node,B cell,B cell,5,FALSE
HNSCC5_p14_HNSCC5_P14_LN_A03,5.0267,0,Lymph node,Endothelial,Endothelial,5,TRUE
HNSCC5_p14_HNSCC5_P14_LN_C09,0,1,Lymph node,0,Cancer cells,5,FALSE
HNSCC5_p14_HNSCC5_P14_LN_A05,0,0,Lymph node,Fibroblast,Fibroblast,5,FALSE
HNSCC5_p14_HNSCC5_P14_LN_A10,0,0,Lymph node,Endothelial,Endothelial,5,FALSE
HNSCC5_p14_HNSCC5_P14_LN_B05,0,0,Lymph node,Fibroblast,Fibroblast,5,FALSE
HNSCC5_p14_HNSCC5_P14_LN_H05,0,0,Lymph node,Endothelial,Endothelial,5,FALSE
HNSCC5_p14_HNSCC5_P14_LN_G09,0,1,Lymph node,0,Cancer cells,5,FALSE
HNSCC5_p14_HNSCC5_P14_LN_B06,3.9598,1,Lymph node,0,Cancer cells,5,TRUE
HNSCC5_p14_HNSCC5_P14_LN_B04,0,0,Lymph node,Fibroblast,Fibroblast,5,FALSE
HNSCC5_p14_HNSCC5_P14_LN_E10,0,0,Lymph node,Fibroblast,Fibroblast,5,FALSE
HNSCC5_p14_HNSCC5_P14_LN_G03,5.445,0,Lymph node,Endothelial,Endothelial,5,TRUE
HNSCC5_p14_HNSCC5_P14_LN_A12,0,0,Lymph node,Endothelial,Endothelial,5,FALSE
HNSCC5_p14_HNSCC5_P14_LN_F07,0,0,Lymph node,Endothelial,Endothelial,5,FALSE
HNSCC5_p14_HNSCC5_P14_LN_D08,0,0,Lymph node,Endothelial,Endothelial,5,FALSE
HNSCC5_p14_HNSCC5_P14_LN_B07,0,1,Lymph node,0,Cancer cells,5,FALSE
HNSCC5_p14_HNSCC5_P14_LN_G02,0,0,Lymph node,Fibroblast,Fibroblast,5,FALSE
HNSCC5_p14_HNSCC5_P14_LN_C08,0,1,Lymph node,0,Cancer cells,5,FALSE
HNSCC5_p14_HNSCC5_P14_LN_E07,2.7144,0,Lymph node,Endothelial,Endothelial,5,TRUE
HNSCC5_p14_HNSCC5_P14_LN_E09,0,1,Lymph node,0,Cancer cells,5,FALSE
HNSCC5_p14_HNSCC5_P14_LN_D12,0,0,Lymph node,Endothelial,Endothelial,5,FALSE
HNSCC5_p14_HNSCC5_P14_LN_B01,4.8212,0,Lymph node,Fibroblast,Fibroblast,5,TRUE
HNSCC5_p14_HNSCC5_P14_LN_E03,0,0,Lymph node,Endothelial,Endothelial,5,FALSE
HNSCC5_p14_HNSCC5_P14_LN_A07,2.1134,1,Lymph node,0,Cancer cells,5,TRUE
HNSCC5_p14_HNSCC5_P14_LN_B10,0,0,Lymph node,Endothelial,Endothelial,5,FALSE
HNSCC5_p14_HNSCC5_P14_LN_F01,5.1709,0,Lymph node,Fibroblast,Fibroblast,5,TRUE
HNSCC5_p14_HNSCC5_P14_LN_F05,0,1,Lymph node,0,Cancer cells,5,FALSE
HNSCC5_p14_HNSCC5_P14_LN_D10,0,1,Lymph node,0,Cancer cells,5,FALSE
HNSCC5_p14_HNSCC5_P14_LN_H07,6.2996,0,Lymph node,Endothelial,Endothelial,5,TRUE
HNSCC5_p14_HNSCC5_P14_LN_E12,0,1,Lymph node,0,Cancer cells,5,FALSE
HNSCC8_1ant_HNSCC8_1ant_F06,0,0,Primary,Fibroblast,Fibroblast,8,FALSE
HNSCC8_1ant_HNSCC8_1ant_H01,6.4472,0,Primary,Endothelial,Endothelial,8,TRUE
HNSCC8_1ant_HNSCC8_1ant_B03,0,0,Primary,Fibroblast,Fibroblast,8,FALSE
HNSCC8_1ant_HNSCC8_1ant_E03,2.4813,0,Primary,Fibroblast,Fibroblast,8,TRUE
HNSCC8_1ant_HNSCC8_1ant_B01,4.8117,0,Primary,Fibroblast,Fibroblast,8,TRUE
HNSCC8_1ant_HNSCC8_1ant_E01,0,0,Primary,Endothelial,Endothelial,8,FALSE
HNSCC8_1ant_HNSCC8_1ant_B04,0,0,Primary,Fibroblast,Fibroblast,8,FALSE
HNSCC8_1ant_HNSCC8_1ant_A09,0,0,Primary,Endothelial,Endothelial,8,FALSE
HNSCC8_1ant_HNSCC8_1ant_F04,0,0,Primary,Endothelial,Endothelial,8,FALSE
HNSCC8_1ant_HNSCC8_1ant_G11,0,0,Primary,Endothelial,Endothelial,8,FALSE
HNSCC8_1ant_HNSCC8_1ant_C07,0,0,Primary,Fibroblast,Fibroblast,8,FALSE
HNSCC8_1ant_HNSCC8_1ant_C05,0,0,Primary,Fibroblast,Fibroblast,8,FALSE
HNSCC8_1ant_HNSCC8_1ant_C09,0,0,Primary,Endothelial,Endothelial,8,FALSE
HNSCC8_1ant_HNSCC8_1ant_G04,0,0,Primary,Endothelial,Endothelial,8,FALSE
HNSCC8_1ant_HNSCC8_1ant_F05,5.5739,0,Primary,Fibroblast,Fibroblast,8,TRUE
HNSCC8_1ant_HNSCC8_1ant_D02,5.8805,0,Primary,Fibroblast,Fibroblast,8,TRUE
HNSCC8_1ant_HNSCC8_1ant_A04,0,0,Primary,Endothelial,Endothelial,8,FALSE
HNSCC8_1ant_HNSCC8_1ant_C03,0,0,Primary,Fibroblast,Fibroblast,8,FALSE
HNSCC8_1ant_HNSCC8_1ant_C12,0,0,Primary,Endothelial,Endothelial,8,FALSE
HNSCC8_1ant_HNSCC8_1ant_G02,0,0,Primary,Endothelial,Endothelial,8,FALSE
HNSCC8_1ant_HNSCC8_1ant_A06,0,0,Primary,Fibroblast,Fibroblast,8,FALSE
HNSCC8_1ant_HNSCC8_1ant_E08,5.3252,0,Primary,Fibroblast,Fibroblast,8,TRUE
HNSCC8_1ant_HNSCC8_1ant_B09,2.1554,0,Primary,Fibroblast,Fibroblast,8,TRUE
HNSCC8_1ant_HNSCC8_1ant_C10,4.3378,0,Primary,Endothelial,Endothelial,8,TRUE
HNSCC8_1ant_HNSCC8_1ant_H03,5.5355,0,Primary,Fibroblast,Fibroblast,8,TRUE
HNSCC8_1ant_HNSCC8_1ant_B07,0,0,Primary,Endothelial,Endothelial,8,FALSE
HNSCC8_1ant_HNSCC8_1ant_C06,0,0,Primary,Endothelial,Endothelial,8,FALSE
HNSCC8_1ant_HNSCC8_1ant_E05,0,0,Primary,Endothelial,Endothelial,8,FALSE
HNSCC8_1ant_HNSCC8_1ant_A07,5.8414,0,Primary,Fibroblast,Fibroblast,8,TRUE
HNSCC8_1ant_HNSCC8_1ant_C04,5.2084,0,Primary,0,0,8,TRUE
HNSCC8_1ant_HNSCC8_1ant_B06,4.7852,0,Primary,Fibroblast,Fibroblast,8,TRUE
HNSCC8_1ant_HNSCC8_1ant_E04,1.5519,0,Primary,Endothelial,Endothelial,8,TRUE
HNSCC8_1ant_HNSCC8_1ant_E10,0,0,Primary,Endothelial,Endothelial,8,FALSE
HNSCC8_1ant_HNSCC8_1ant_F12,0,0,Primary,Macrophage,Macrophage,8,FALSE
HNSCC8_1ant_HNSCC8_1ant_D03,4.1811,0,Primary,Fibroblast,Fibroblast,8,TRUE
HNSCC8_1ant_HNSCC8_1ant_D09,6.0831,0,Primary,Fibroblast,Fibroblast,8,TRUE
HNSCC8_RLN_HNSCC8_RLNI_E09,6.9261,0,Primary,Endothelial,Endothelial,8,TRUE
HNSCC8_RLN_HNSCC8_RLNI_C11,0.23634,0,Primary,T cell,T cell,8,TRUE
HNSCC8_RLN_HNSCC8_RLNI_F01,4.2948,0,Primary,Endothelial,Endothelial,8,TRUE
HNSCC8_RLN_HNSCC8_RLNI_D05,0,0,Primary,T cell,T cell,8,FALSE
HNSCC8_RLN_HNSCC8_RLNI_G05,0,0,Primary,T cell,T cell,8,FALSE
HNSCC8_RLN_HNSCC8_RLNI_D02,0,0,Primary,#NAME?,#NAME?,8,FALSE
HNSCC8_RLN_HNSCC8_RLNI_C09,0,0,Primary,T cell,T cell,8,FALSE
HNSCC8_RLN_HNSCC8_RLNI_B07,0,0,Primary,T cell,T cell,8,FALSE
HNSCC8_RLN_HNSCC8_RLNI_A04,0,0,Primary,T cell,T cell,8,FALSE
HNSCC8_RLN_HNSCC8_RLNI_D06,0,0,Primary,B cell,B cell,8,FALSE
HNSCC8_RLN_HNSCC8_RLNI_G08,0,0,Primary,T cell,T cell,8,FALSE
HNSCC8_RLN_HNSCC8_RLNI_F10,6.8817,0,Primary,Endothelial,Endothelial,8,TRUE
HNSCC8_RLN_HNSCC8_RLNI_E12,0,0,Primary,T cell,T cell,8,FALSE
HNSCC8_RLN_HNSCC8_RLNI_E11,0.37184,0,Primary,T cell,T cell,8,TRUE
HNSCC8_RLN_HNSCC8_RLNI_D01,5.5695,0,Primary,0,0,8,TRUE
HNSCC8_RLN_HNSCC8_RLNI_E02,6.2659,0,Primary,Endothelial,Endothelial,8,TRUE
HNSCC8_RLN_HNSCC8_RLNI_H12,4.3303,0,Primary,Fibroblast,Fibroblast,8,TRUE
HNSCC8_RLN_HNSCC8_RLNI_C08,6.3169,0,Primary,Endothelial,Endothelial,8,TRUE
HNSCC8_RLN_HNSCC8_RLNI_H05,0,0,Primary,#NAME?,#NAME?,8,FALSE
HNSCC8_RLN_HNSCC8_RLNI_D07,4.6886,0,Primary,Endothelial,Endothelial,8,TRUE
HNSCC8_RLN_HNSCC8_RLNI_D08,0,0,Primary,T cell,T cell,8,FALSE
HNSCC8_RLN_HNSCC8_RLNI_A09,0,0,Primary,Fibroblast,Fibroblast,8,FALSE
HNSCC8_RLN_HNSCC8_RLNI_C01,0,0,Primary,T cell,T cell,8,FALSE
HNSCC8_RLN_HNSCC8_RLNI_B02,0,0,Primary,T cell,T cell,8,FALSE
HNSCC8_RLN_HNSCC8_RLNI_H11,0,0,Primary,T cell,T cell,8,FALSE
HNSCC8_RLN_HNSCC8_RLNI_F07,0,0,Primary,T cell,T cell,8,FALSE
HNSCC8_RLN_HNSCC8_RLNI_A03,0,0,Primary,Endothelial,Endothelial,8,FALSE
HNSCC8_RLN_HNSCC8_RLNI_C07,0,0,Primary,T cell,T cell,8,FALSE
HNSCC8_RLN_HNSCC8_RLNI_H08,0,0,Primary,T cell,T cell,8,FALSE
HNSCC8_RLN_HNSCC8_RLNI_D04,0,0,Primary,0,0,8,FALSE
HNSCC8_RLN_HNSCC8_RLNI_E01,6.7878,0,Primary,#NAME?,#NAME?,8,TRUE
HNSCC8_RLN_HNSCC8_RLNI_D10,0,0,Primary,Fibroblast,Fibroblast,8,FALSE
HNSCC8_RLN_HNSCC8_RLNI_G02,2.1506,0,Primary,Fibroblast,Fibroblast,8,TRUE
HNSCC8_RLN_HNSCC8_RLNI_F08,0,0,Primary,T cell,T cell,8,FALSE
HNSCC8_RLN_HNSCC8_RLNI_H07,0,0,Primary,T cell,T cell,8,FALSE
HNSCC8_RLN_HNSCC8_RLNI_H02,0,0,Primary,T cell,T cell,8,FALSE
HNSCC8_RLN_HNSCC8_RLNI_E08,5.1653,0,Primary,Fibroblast,Fibroblast,8,TRUE
HNSCC8_RLN_HNSCC8_RLNI_E07,0,0,Primary,Fibroblast,Fibroblast,8,FALSE
HNSCC8_RLN_HNSCC8_RLNI_B05,6.9413,0,Primary,T cell,T cell,8,TRUE
HNSCC8_RLN_HNSCC8_RLNI_C05,0,0,Primary,T cell,T cell,8,FALSE
HNSCC8_RLN_HNSCC8_RLNI_F04,4.3318,0,Primary,T cell,T cell,8,TRUE
HNSCC8_RLN_HNSCC8_RLNI_F12,0,0,Primary,T cell,T cell,8,FALSE
HNSCC8_RLN_HNSCC8_RLNI_B09,0,0,Primary,T cell,T cell,8,FALSE
HNSCC8_RLN_HNSCC8_RLNI_G03,0,0,Primary,T cell,T cell,8,FALSE
HNSCC8_RLN_HNSCC8_RLNI_C02,0,0,Primary,T cell,T cell,8,FALSE
HNSCC8_RLN_HNSCC8_RLNI_C12,0,0,Primary,T cell,T cell,8,FALSE
HNSCC8_RLN_HNSCC8_RLNI_B08,0,0,Primary,T cell,T cell,8,FALSE
HNSCC8_RLN_HNSCC8_RLNI_H01,0,0,Primary,T cell,T cell,8,FALSE
HNSCC8_RLN_HNSCC8_RLNI_E03,0,0,Primary,T cell,T cell,8,FALSE
HNSCC8_RLN_HNSCC8_RLNI_B12,0,0,Primary,Endothelial,Endothelial,8,FALSE
HNSCC8_RLN_HNSCC8_RLNI_C06,0,0,Primary,T cell,T cell,8,FALSE
HNSCC8_RLN_HNSCC8_RLNI_F06,0,0,Primary,#NAME?,#NAME?,8,FALSE
HNSCC8_RLN_HNSCC8_RLNI_A11,0,0,Primary,T cell,T cell,8,FALSE
HNSCC8_RLN_HNSCC8_RLNI_E10,0,0,Primary,T cell,T cell,8,FALSE
HNSCC8_RLN_HNSCC8_RLNI_H06,0,0,Primary,T cell,T cell,8,FALSE
HNSCC8_RLN_HNSCC8_RLNI_B11,0,0,Primary,#NAME?,#NAME?,8,FALSE
HNSCC8_RLN_HNSCC8_RLNI_G12,0,0,Primary,T cell,T cell,8,FALSE
HNSCC8_RLN_HNSCC8_RLNI_D09,0,0,Primary,Endothelial,Endothelial,8,FALSE
HNSCC8_RLN_HNSCC8_RLNI_F03,0,0,Primary,T cell,T cell,8,FALSE
HNSCC8_RLN_HNSCC8_RLNI_A02,0,0,Primary,Endothelial,Endothelial,8,FALSE
HNSCC8_RLN_HNSCC8_RLNI_H10,6.1877,0,Primary,Endothelial,Endothelial,8,TRUE
HNSCC8_RLN_HNSCC8_RLNI_A07,0,0,Primary,Fibroblast,Fibroblast,8,FALSE
HNSCC8_RLN_HNSCC8_RLNI_C04,0,0,Primary,B cell,B cell,8,FALSE
HNSCC8_RLN_HNSCC8_RLNI_B06,0,0,Primary,Fibroblast,Fibroblast,8,FALSE
HNSCC8_RLN_HNSCC8_RLNI_E04,0.42116,0,Primary,#NAME?,#NAME?,8,TRUE
HNSCC8_RLN_HNSCC8_RLNI_A10,0,0,Primary,Mast,Mast,8,FALSE
HNSCC8_RLN_HNSCC8_RLNI_H09,0.28924,0,Primary,T cell,T cell,8,TRUE
HNSCC8_RLN_HNSCC8_RLNI_G04,0,0,Primary,Mast,Mast,8,FALSE
HNSCC6_p14_hnscc6_p14_A06,0,1,Primary,0,Cancer cells,6,FALSE
HNSCC6_p14_hnscc6_p14_B08,0,0,Primary,B cell,B cell,6,FALSE
HNSCC6_p14_hnscc6_p14_A04,0,1,Primary,0,Cancer cells,6,FALSE
HNSCC6_p14_hnscc6_p14_A05,0,1,Primary,0,Cancer cells,6,FALSE
HNSCC6_p14_hnscc6_p14_A02,0,1,Primary,0,Cancer cells,6,FALSE
HNSCC6_p14_hnscc6_p14_C11,5.3461,0,Primary,Fibroblast,Fibroblast,6,TRUE
HNSCC6_p14_hnscc6_p14_B04,0,1,Primary,0,Cancer cells,6,FALSE
HNSCC6_p14_hnscc6_p14_A12,3.5151,1,Primary,0,Cancer cells,6,TRUE
HNSCC6_p14_hnscc6_p14_C06,4.9935,0,Primary,Endothelial,Endothelial,6,TRUE
HNSCC6_p14_hnscc6_p14_C05,0,1,Primary,0,Cancer cells,6,FALSE
HNSCC6_p14_hnscc6_p14_C12,0,1,Primary,0,Cancer cells,6,FALSE
HNSCC6_p14_hnscc6_p14_B03,0,1,Primary,0,Cancer cells,6,FALSE
HNSCC6_p14_hnscc6_p14_C03,0,1,Primary,0,Cancer cells,6,FALSE
HNSCC6_p14_hnscc6_p14_C01,0,0,Primary,Endothelial,Endothelial,6,FALSE
HNSCC6_p14_hnscc6_p14_C07,0,0,Primary,B cell,B cell,6,FALSE
HNSCC6_p14_hnscc6_p14_A10,0,0,Primary,Endothelial,Endothelial,6,FALSE
HNSCC6_p14_hnscc6_p14_B12,0,1,Primary,0,Cancer cells,6,FALSE
HNSCC6_p14_hnscc6_p14_A03,4.2437,0,Primary,Endothelial,Endothelial,6,TRUE
HNSCC6_p14_hnscc6_p14_C10,0,1,Primary,0,Cancer cells,6,FALSE
HNSCC6_p14_hnscc6_p14_D02,0,0,Primary,Endothelial,Endothelial,6,FALSE
HNSCC6_p14_hnscc6_p14_C02,0,0,Primary,Endothelial,Endothelial,6,FALSE
HNSCC6_p14_hnscc6_p14_D07,6.314,0,Primary,Fibroblast,Fibroblast,6,TRUE
HNSCC6_p14_hnscc6_p14_B06,5.3188,0,Primary,Fibroblast,Fibroblast,6,TRUE
HNSCC6_p14_hnscc6_p14_D05,0,1,Primary,0,Cancer cells,6,FALSE
HNSCC6_p14_hnscc6_p14_B01,0,1,Primary,0,Cancer cells,6,FALSE
HNSCC6_p14_hnscc6_p14_D12,3.364,1,Primary,0,Cancer cells,6,TRUE
HNSCC6_p14_hnscc6_p14_A07,4.954,1,Primary,0,Cancer cells,6,TRUE
HNSCC6_p14_hnscc6_p14_D11,1.2449,0,Primary,0,0,6,TRUE
HNSCC6_p14_hnscc6_p14_B09,0,0,Primary,Fibroblast,Fibroblast,6,FALSE
HNSCC6_p14_hnscc6_p14_B02,0,1,Primary,0,Cancer cells,6,FALSE
HNSCC6_p14_hnscc6_p14_B11,5.1065,0,Primary,Fibroblast,Fibroblast,6,TRUE
HNSCC6_p14_hnscc6_p14_D04,3.6079,1,Primary,0,Cancer cells,6,TRUE
HNSCC6_p14_hnscc6_p14_A01,3.8909,1,Primary,0,Cancer cells,6,TRUE
HNSCC6_p14_hnscc6_p14_D10,0,1,Primary,0,Cancer cells,6,FALSE
HNSCC6_p14_hnscc6_p14_A08,7.4551,0,Primary,Fibroblast,Fibroblast,6,TRUE
HNSCC6_p14_hnscc6_p14_D09,0,0,Primary,Fibroblast,Fibroblast,6,FALSE
HNSCC6_p14_hnscc6_p14_A09,2.8268,1,Primary,0,Cancer cells,6,TRUE
HNSCC6_p14_hnscc6_p14_D08,0,1,Primary,0,Cancer cells,6,FALSE
HNSCC6_p14_hnscc6_p14_A11,5.8001,0,Primary,Fibroblast,Fibroblast,6,TRUE
HNSCC6_p14_hnscc6_p14_B07,0,0,Primary,0,0,6,FALSE
HNSCC5_p5_P5_C07,0,0,Primary,Macrophage,Macrophage,5,FALSE
HNSCC5_p5_P5_C03,3.5702,0,Primary,Macrophage,Macrophage,5,TRUE
HNSCC5_p5_P5_H06,3.0995,1,Primary,0,Cancer cells,5,TRUE
HNSCC5_p5_P5_B05,3.6518,1,Primary,0,Cancer cells,5,TRUE
HNSCC5_p5_P5_G09,0,0,Primary,Macrophage,Macrophage,5,FALSE
HNSCC5_p5_P5_F07,4.1228,0,Primary,Macrophage,Macrophage,5,TRUE
HNSCC5_p5_P5_G12,0,0,Primary,Macrophage,Macrophage,5,FALSE
HNSCC5_p5_P5_F04,3.1247,0,Primary,Fibroblast,Fibroblast,5,TRUE
HNSCC5_p5_P5_G03,0,0,Primary,Macrophage,Macrophage,5,FALSE
HNSCC5_p5_P5_E08,0,0,Primary,Mast,Mast,5,FALSE
HNSCC5_p5_P5_A09,0,0,Primary,Macrophage,Macrophage,5,FALSE
HNSCC5_p5_P5_E11,0,1,Primary,0,Cancer cells,5,FALSE
HNSCC5_p5_P5_F08,4.8051,0,Primary,Fibroblast,Fibroblast,5,TRUE
HNSCC5_p5_P5_E07,0,0,Primary,Macrophage,Macrophage,5,FALSE
HNSCC5_p5_P5_F05,0,0,Primary,Fibroblast,Fibroblast,5,FALSE
HNSCC5_p5_P5_C12,0,0,Primary,0,0,5,FALSE
HNSCC5_p5_P5_F11,3.1483,1,Primary,0,Cancer cells,5,TRUE
HNSCC5_p5_P5_A02,0,0,Primary,Macrophage,Macrophage,5,FALSE
HNSCC5_p5_P5_B03,5.4428,0,Primary,Fibroblast,Fibroblast,5,TRUE
HNSCC5_p5_P5_E04,2.1117,1,Primary,0,Cancer cells,5,TRUE
HNSCC5_p5_P5_E05,0,1,Primary,0,Cancer cells,5,FALSE
HNSCC5_p5_P5_H05,4.8553,0,Primary,Fibroblast,Fibroblast,5,TRUE
HNSCC5_p5_P5_F10,0,0,Primary,Macrophage,Macrophage,5,FALSE
HNSCC5_p5_P5_E06,0,0,Primary,Macrophage,Macrophage,5,FALSE
HNSCC5_p5_P5_C09,5.835,0,Primary,Fibroblast,Fibroblast,5,TRUE
HNSCC5_p5_P5_C10,3.2152,0,Primary,Macrophage,Macrophage,5,TRUE
HNSCC5_p5_P5_A12,5.3369,0,Primary,Fibroblast,Fibroblast,5,TRUE
HNSCC5_p5_P5_H10,0,0,Primary,Fibroblast,Fibroblast,5,FALSE
HNSCC5_p5_P5_D01,4.053,0,Primary,Macrophage,Macrophage,5,TRUE
HNSCC5_p5_P5_D09,4.249,0,Primary,Macrophage,Macrophage,5,TRUE
HNSCC5_p5_P5_A06,0,0,Primary,Macrophage,Macrophage,5,FALSE
HNSCC5_p5_P5_G02,0,0,Primary,Macrophage,Macrophage,5,FALSE
HNSCC5_p5_P5_F06,4.4718,0,Primary,Endothelial,Endothelial,5,TRUE
HNSCC5_p5_P5_H09,0,0,Primary,Macrophage,Macrophage,5,FALSE
HNSCC5_p5_P5_D08,4.1847,0,Primary,Endothelial,Endothelial,5,TRUE
HNSCC5_p5_P5_C06,4.4924,0,Primary,Fibroblast,Fibroblast,5,TRUE
HNSCC5_p5_P5_E03,0,1,Primary,0,Cancer cells,5,FALSE
HNSCC5_p5_P5_B08,3.9179,0,Primary,Macrophage,Macrophage,5,TRUE
HNSCC5_p5_P5_G08,5.51,0,Primary,Mast,Mast,5,TRUE
HNSCC5_p5_P5_C02,0,0,Primary,Macrophage,Macrophage,5,FALSE
HNSCC5_p5_P5_E12,0,1,Primary,0,Cancer cells,5,FALSE
HNSCC5_p5_P5_A08,0,1,Primary,0,Cancer cells,5,FALSE
HNSCC5_p5_P5_D05,3.4494,1,Primary,0,Cancer cells,5,TRUE
HNSCC5_p5_P5_D03,0,0,Primary,Macrophage,Macrophage,5,FALSE
HNSCC5_p5_P5_G04,4.0226,0,Primary,Macrophage,Macrophage,5,TRUE
HNSCC5_p7_HNSCC5_P7_E10,4.8106,0,Primary,Fibroblast,Fibroblast,5,TRUE
HNSCC5_p7_HNSCC5_P7_D04,1.1744,1,Primary,0,Cancer cells,5,TRUE
HNSCC5_p7_HNSCC5_P7_B09,0,1,Primary,0,Cancer cells,5,FALSE
HNSCC5_p7_HNSCC5_P7_A01,0,0,Primary,Endothelial,Endothelial,5,FALSE
HNSCC5_p7_HNSCC5_P7_F07,0,0,Primary,Fibroblast,Fibroblast,5,FALSE
HNSCC5_p7_HNSCC5_P7_D03,0,0,Primary,0,0,5,FALSE
HNSCC5_p7_HNSCC5_P7_E06,3.0966,0,Primary,Fibroblast,Fibroblast,5,TRUE
HNSCC5_p7_HNSCC5_P7_F06,3.5398,0,Primary,Fibroblast,Fibroblast,5,TRUE
HNSCC5_p7_HNSCC5_P7_A02,4.5269,1,Primary,0,Cancer cells,5,TRUE
HNSCC5_p7_HNSCC5_P7_A04,1.8647,1,Primary,0,Cancer cells,5,TRUE
HNSCC5_p7_HNSCC5_P7_A06,0.3505,0,Primary,Fibroblast,Fibroblast,5,TRUE
HNSCC5_p7_HNSCC5_P7_E11,2.175,0,Primary,Fibroblast,Fibroblast,5,TRUE
HNSCC5_p7_HNSCC5_P7_D06,3.2284,0,Primary,Endothelial,Endothelial,5,TRUE
HNSCC5_p7_HNSCC5_P7_G02,2.0707,1,Primary,0,Cancer cells,5,TRUE
HNSCC5_p7_HNSCC5_P7_G06,3.8664,0,Primary,Fibroblast,Fibroblast,5,TRUE
HNSCC5_p7_HNSCC5_P7_A12,0.19409,1,Primary,0,Cancer cells,5,TRUE
HNSCC5_p7_HNSCC5_P7_C06,4.2519,0,Primary,Fibroblast,Fibroblast,5,TRUE
HNSCC5_p7_HNSCC5_P7_D01,3.4293,0,Primary,Fibroblast,Fibroblast,5,TRUE
HNSCC5_p7_HNSCC5_P7_F10,0,1,Primary,0,Cancer cells,5,FALSE
HNSCC5_p7_HNSCC5_P7_D10,0.49876,1,Primary,0,Cancer cells,5,TRUE
HNSCC5_p7_HNSCC5_P7_A11,5.0155,0,Primary,Endothelial,Endothelial,5,TRUE
HNSCC5_p7_HNSCC5_P7_C10,3.6262,1,Primary,0,Cancer cells,5,TRUE
HNSCC5_p7_HNSCC5_P7_G07,0,1,Primary,0,Cancer cells,5,FALSE
HNSCC5_p7_HNSCC5_P7_F12,1.9888,1,Primary,0,Cancer cells,5,TRUE
HNSCC5_p7_HNSCC5_P7_C07,2.12,1,Primary,0,Cancer cells,5,TRUE
HNSCC5_p7_HNSCC5_P7_C12,0.96495,1,Primary,0,Cancer cells,5,TRUE
HNSCC5_p7_HNSCC5_P7_G04,2.5442,1,Primary,0,Cancer cells,5,TRUE
HNSCC5_p7_HNSCC5_P7_A10,3.5463,0,Primary,Fibroblast,Fibroblast,5,TRUE
HNSCC5_p7_HNSCC5_P7_E07,1.2898,1,Primary,0,Cancer cells,5,TRUE
HNSCC5_p7_HNSCC5_P7_B04,4.7181,0,Primary,0,0,5,TRUE
HNSCC5_p7_HNSCC5_P7_G05,2.2969,1,Primary,0,Cancer cells,5,TRUE
HNSCC5_p7_HNSCC5_P7_D08,3.8458,0,Primary,Fibroblast,Fibroblast,5,TRUE
HNSCC5_p7_HNSCC5_P7_D09,0,0,Primary,Endothelial,Endothelial,5,FALSE
HNSCC5_p7_HNSCC5_P7_E04,5.4683,0,Primary,Endothelial,Endothelial,5,TRUE
HNSCC5_p13_P13_A05,3.4287,1,Lymph node,0,Cancer cells,5,TRUE
HNSCC5_p13_P13_H07,3.9888,1,Lymph node,0,Cancer cells,5,TRUE
HNSCC5_p13_P13_F12,0,0,Lymph node,Fibroblast,Fibroblast,5,FALSE
HNSCC5_p13_P13_E03,0,1,Lymph node,0,Cancer cells,5,FALSE
HNSCC5_p13_P13_C07,4.7337,1,Lymph node,0,Cancer cells,5,TRUE
HNSCC5_p13_P13_A04,0,0,Lymph node,Mast,Mast,5,FALSE
HNSCC5_p13_P13_G05,0,1,Lymph node,0,Cancer cells,5,FALSE
HNSCC5_p13_P13_E04,0,0,Lymph node,Endothelial,Endothelial,5,FALSE
HNSCC5_p13_P13_D03,0,1,Lymph node,0,Cancer cells,5,FALSE
HNSCC5_p13_P13_G09,0,0,Lymph node,Endothelial,Endothelial,5,FALSE
HNSCC5_p13_P13_C06,2.1541,1,Lymph node,0,Cancer cells,5,TRUE
HNSCC5_p13_P13_C03,6.4076,0,Lymph node,Endothelial,Endothelial,5,TRUE
HNSCC5_p13_P13_H12,0,0,Lymph node,Endothelial,Endothelial,5,FALSE
HNSCC5_p13_P13_B05,0,1,Lymph node,0,Cancer cells,5,FALSE
HNSCC5_p13_P13_A10,0,1,Lymph node,0,Cancer cells,5,FALSE
HNSCC5_p13_P13_D10,0,0,Lymph node,B cell,B cell,5,FALSE
HNSCC5_p13_P13_G04,2.2978,1,Lymph node,0,Cancer cells,5,TRUE
HNSCC5_p13_P13_E01,4.9902,0,Lymph node,Endothelial,Endothelial,5,TRUE
HNSCC5_p13_P13_D11,4.565,1,Lymph node,0,Cancer cells,5,TRUE
HNSCC5_p13_P13_A08,0,1,Lymph node,0,Cancer cells,5,FALSE
HNSCC5_p13_P13_C09,2.4295,1,Lymph node,0,Cancer cells,5,TRUE
HNSCC5_p13_P13_G08,3.0493,1,Lymph node,0,Cancer cells,5,TRUE
HNSCC5_p13_P13_F10,0.65444,1,Lymph node,0,Cancer cells,5,TRUE
HNSCC5_p13_P13_H04,3.8213,0,Lymph node,Endothelial,Endothelial,5,TRUE
HNSCC5_p13_P13_G06,0,0,Lymph node,T cell,T cell,5,FALSE
HNSCC5_p13_P13_D06,4.4329,0,Lymph node,Fibroblast,Fibroblast,5,TRUE
HNSCC5_p13_P13_H01,4.0736,1,Lymph node,0,Cancer cells,5,TRUE
HNSCC5_p13_P13_B03,5.0798,0,Lymph node,Endothelial,Endothelial,5,TRUE
HNSCC5_p13_P13_G02,4.8537,0,Lymph node,Endothelial,Endothelial,5,TRUE
HNSCC5_p13_P13_D01,0,1,Lymph node,0,Cancer cells,5,FALSE
HNSCC5_p13_P13_B11,5.7562,0,Lymph node,Endothelial,Endothelial,5,TRUE
HNSCC5_p13_P13_D02,0,0,Lymph node,Endothelial,Endothelial,5,FALSE
HNSCC5_p13_P13_F04,0,1,Lymph node,0,Cancer cells,5,FALSE
HNSCC5_p13_P13_F09,0,0,Lymph node,B cell,B cell,5,FALSE
HNSCC5_p13_P13_A03,4.0649,0,Lymph node,Endothelial,Endothelial,5,TRUE
HNSCC5_p13_P13_F08,0,0,Lymph node,Endothelial,Endothelial,5,FALSE
HNSCC5_p13_P13_H11,3.5456,1,Lymph node,0,Cancer cells,5,TRUE
HNSCC5_p13_P13_C12,5.8213,0,Lymph node,0,0,5,TRUE
HNSCC5_p13_P13_G07,0,0,Lymph node,Mast,Mast,5,FALSE
HNSCC5_p13_P13_D08,3.3285,1,Lymph node,0,Cancer cells,5,TRUE
HNSCC5_p13_P13_A09,4.8979,0,Lymph node,Endothelial,Endothelial,5,TRUE
HNSCC5_p13_P13_H09,0.24975,1,Lymph node,0,Cancer cells,5,TRUE
HNSCC5_p13_P13_B12,0,1,Lymph node,0,Cancer cells,5,FALSE
HNSCC5_p13_P13_H08,0,1,Lymph node,0,Cancer cells,5,FALSE
HNSCC5_p13_P13_G11,0,0,Lymph node,0,0,5,FALSE
HNSCC5_p13_P13_C11,0,1,Lymph node,0,Cancer cells,5,FALSE
HNSCC5_p15_HNSCC5_P15_C10,4.2658,0,Lymph node,Endothelial,Endothelial,5,TRUE
HNSCC5_p15_HNSCC5_P15_D03,0,1,Lymph node,0,Cancer cells,5,FALSE
HNSCC5_p15_HNSCC5_P15_C11,4.3567,0,Lymph node,Fibroblast,Fibroblast,5,TRUE
HNSCC5_p15_HNSCC5_P15_C06,3.3135,0,Lymph node,Endothelial,Endothelial,5,TRUE
HNSCC5_p15_HNSCC5_P15_A08,0,0,Lymph node,Fibroblast,Fibroblast,5,FALSE
HNSCC5_p15_HNSCC5_P15_B12,3.8233,1,Lymph node,0,Cancer cells,5,TRUE
HNSCC5_p15_HNSCC5_P15_D09,0,0,Lymph node,Fibroblast,Fibroblast,5,FALSE
HNSCC5_p15_HNSCC5_P15_E06,0,0,Lymph node,Endothelial,Endothelial,5,FALSE
HNSCC5_p15_HNSCC5_P15_B02,5.2923,0,Lymph node,Fibroblast,Fibroblast,5,TRUE
HNSCC5_p15_HNSCC5_P15_G02,5.2788,0,Lymph node,Fibroblast,Fibroblast,5,TRUE
HNSCC5_p15_HNSCC5_P15_B04,2.247,0,Lymph node,Endothelial,Endothelial,5,TRUE
HNSCC5_p15_HNSCC5_P15_B10,2.7512,1,Lymph node,0,Cancer cells,5,TRUE
HNSCC5_p15_HNSCC5_P15_C12,0,0,Lymph node,Fibroblast,Fibroblast,5,FALSE
HNSCC5_p15_HNSCC5_P15_E11,1.3219,1,Lymph node,0,Cancer cells,5,TRUE
HNSCC5_p15_HNSCC5_P15_F03,0,1,Lymph node,0,Cancer cells,5,FALSE
HNSCC5_p15_HNSCC5_P15_C09,2.4407,0,Lymph node,Endothelial,Endothelial,5,TRUE
HNSCC5_p15_HNSCC5_P15_C05,0,0,Lymph node,Endothelial,Endothelial,5,FALSE
HNSCC5_p15_HNSCC5_P15_B09,0,0,Lymph node,Endothelial,Endothelial,5,FALSE
HNSCC5_p15_HNSCC5_P15_C03,0,0,Lymph node,Endothelial,Endothelial,5,FALSE
HNSCC5_p15_HNSCC5_P15_A01,0,1,Lymph node,0,Cancer cells,5,FALSE
HNSCC5_p15_HNSCC5_P15_E03,4.0518,1,Lymph node,0,Cancer cells,5,TRUE
HNSCC5_p15_HNSCC5_P15_B01,0,0,Lymph node,Endothelial,Endothelial,5,FALSE
HNSCC5_p15_HNSCC5_P15_E02,3.4971,0,Lymph node,Endothelial,Endothelial,5,TRUE
HNSCC5_p15_HNSCC5_P15_B07,2.0022,1,Lymph node,0,Cancer cells,5,TRUE
HNSCC5_p15_HNSCC5_P15_B05,2.2732,1,Lymph node,0,Cancer cells,5,TRUE
HNSCC5_p15_HNSCC5_P15_F05,4.1253,0,Lymph node,Endothelial,Endothelial,5,TRUE
HNSCC5_p15_HNSCC5_P15_G07,3.3222,0,Lymph node,Fibroblast,Fibroblast,5,TRUE
HNSCC5_p15_HNSCC5_P15_D01,3.0846,0,Lymph node,Endothelial,Endothelial,5,TRUE
HNSCC5_p15_HNSCC5_P15_B08,2.3426,1,Lymph node,0,Cancer cells,5,TRUE
HNSCC5_p15_HNSCC5_P15_D07,3.8164,0,Lymph node,Endothelial,Endothelial,5,TRUE
HNSCC5_p15_HNSCC5_P15_B11,4.0325,0,Lymph node,Endothelial,Endothelial,5,TRUE
HNSCC5_p15_HNSCC5_P15_G04,3.6598,0,Lymph node,Endothelial,Endothelial,5,TRUE
HNSCC5_p15_HNSCC5_P15_D08,0,1,Lymph node,0,Cancer cells,5,FALSE
HNSCC5_p15_HNSCC5_P15_D10,0,0,Lymph node,Fibroblast,Fibroblast,5,FALSE
HNSCC5_p15_HNSCC5_P15_E09,4.4197,0,Lymph node,Endothelial,Endothelial,5,TRUE
HNSCC5_p15_HNSCC5_P15_F04,2.3632,1,Lymph node,0,Cancer cells,5,TRUE
HNSCC5_p15_HNSCC5_P15_F09,2.3477,1,Lymph node,0,Cancer cells,5,TRUE
HNSCC5_p15_HNSCC5_P15_A11,3.7216,1,Lymph node,0,Cancer cells,5,TRUE
HNSCC5_p15_HNSCC5_P15_A09,2.6792,1,Lymph node,0,Cancer cells,5,TRUE
HNSCC5_p15_HNSCC5_P15_F06,4.1743,0,Lymph node,Fibroblast,Fibroblast,5,TRUE
HNSCC5_p15_HNSCC5_P15_B03,2.9096,1,Lymph node,0,Cancer cells,5,TRUE
HNSCC5_p15_HNSCC5_P15_G01,0,0,Lymph node,Endothelial,Endothelial,5,FALSE
HNSCC5_p15_HNSCC5_P15_G06,0,1,Lymph node,0,Cancer cells,5,FALSE
HNSCC5_p15_HNSCC5_P15_A12,0,1,Lymph node,0,Cancer cells,5,FALSE
HNSCC5_p15_HNSCC5_P15_G03,1.1263,1,Lymph node,0,Cancer cells,5,TRUE
HNSCC5_p15_HNSCC5_P15_A04,3.4563,1,Lymph node,0,Cancer cells,5,TRUE
HNSCC5_p15_HNSCC5_P15_A05,4.5017,0,Lymph node,Endothelial,Endothelial,5,TRUE
HNSCC5_p15_HNSCC5_P15_E07,1.7463,1,Lymph node,0,Cancer cells,5,TRUE
HNSCC5_p15_HNSCC5_P15_E01,3.4695,0,Lymph node,Endothelial,Endothelial,5,TRUE
HNSCC5_p15_HNSCC5_P15_A07,4.7389,0,Lymph node,Fibroblast,Fibroblast,5,TRUE
HNSCC5_p15_HNSCC5_P15_A03,3.8628,0,Lymph node,Fibroblast,Fibroblast,5,TRUE
HNSCC6_p8_HNSCC6_P8_B11,0,0,Primary,Fibroblast,Fibroblast,6,FALSE
HNSCC6_p8_HNSCC6_P8_B10,0,0,Primary,Fibroblast,Fibroblast,6,FALSE
HNSCC6_p8_HNSCC6_P8_A03,0,0,Primary,Fibroblast,Fibroblast,6,FALSE
HNSCC6_p8_HNSCC6_P8_B07,0,0,Primary,Fibroblast,Fibroblast,6,FALSE
HNSCC6_p8_HNSCC6_P8_G09,0,0,Primary,Fibroblast,Fibroblast,6,FALSE
HNSCC6_p8_HNSCC6_P8_B02,2.3953,0,Primary,Fibroblast,Fibroblast,6,TRUE
HNSCC6_p8_HNSCC6_P8_E03,0.71017,0,Primary,Endothelial,Endothelial,6,TRUE
HNSCC6_p8_HNSCC6_P8_B03,0,0,Primary,Fibroblast,Fibroblast,6,FALSE
HNSCC6_p8_HNSCC6_P8_F12,0,0,Primary,Fibroblast,Fibroblast,6,FALSE
HNSCC6_p8_HNSCC6_P8_H05,0,0,Primary,Fibroblast,Fibroblast,6,FALSE
HNSCC6_p8_HNSCC6_P8_E04,0,0,Primary,Fibroblast,Fibroblast,6,FALSE
HNSCC6_p8_HNSCC6_P8_H01,0,0,Primary,Fibroblast,Fibroblast,6,FALSE
HNSCC6_p8_HNSCC6_P8_A11,0,0,Primary,Fibroblast,Fibroblast,6,FALSE
HNSCC6_p8_HNSCC6_P8_H08,1.7774,0,Primary,Fibroblast,Fibroblast,6,TRUE
HNSCC6_p8_HNSCC6_P8_F03,0,0,Primary,Fibroblast,Fibroblast,6,FALSE
HNSCC6_p8_HNSCC6_P8_E01,0,0,Primary,Fibroblast,Fibroblast,6,FALSE
HNSCC6_p8_HNSCC6_P8_H12,3.7501,0,Primary,0,0,6,TRUE
HNSCC6_p8_HNSCC6_P8_B08,5.3619,0,Primary,Fibroblast,Fibroblast,6,TRUE
HNSCC6_p8_HNSCC6_P8_H07,0,0,Primary,Endothelial,Endothelial,6,FALSE
HNSCC6_p8_HNSCC6_P8_G05,5.9528,0,Primary,Fibroblast,Fibroblast,6,TRUE
HNSCC6_p8_HNSCC6_P8_B12,5.398,0,Primary,Fibroblast,Fibroblast,6,TRUE
HNSCC6_p8_HNSCC6_P8_B04,6.0977,0,Primary,Fibroblast,Fibroblast,6,TRUE
HNSCC6_p8_HNSCC6_P8_C07,0,0,Primary,Endothelial,Endothelial,6,FALSE
HNSCC6_p8_HNSCC6_P8_B09,5.5456,0,Primary,Endothelial,Endothelial,6,TRUE
HNSCC6_p8_HNSCC6_P8_F07,0,0,Primary,Fibroblast,Fibroblast,6,FALSE
HNSCC6_p8_HNSCC6_P8_A01,0,0,Primary,Fibroblast,Fibroblast,6,FALSE
HNSCC6_p8_HNSCC6_P8_C12,4.4972,0,Primary,Fibroblast,Fibroblast,6,TRUE
HNSCC6_p8_HNSCC6_P8_H02,0,0,Primary,Endothelial,Endothelial,6,FALSE
HNSCC6_p8_HNSCC6_P8_H03,4.7722,0,Primary,Fibroblast,Fibroblast,6,TRUE
HNSCC6_p8_HNSCC6_P8_A02,0,0,Primary,Fibroblast,Fibroblast,6,FALSE
HNSCC6_p8_HNSCC6_P8_D07,6.1522,0,Primary,Fibroblast,Fibroblast,6,TRUE
HNSCC6_p8_HNSCC6_P8_A12,0,0,Primary,Endothelial,Endothelial,6,FALSE
HNSCC6_p8_HNSCC6_P8_F08,0,0,Primary,Fibroblast,Fibroblast,6,FALSE
HNSCC6_p8_HNSCC6_P8_C10,4.9605,0,Primary,Fibroblast,Fibroblast,6,TRUE
HNSCC6_p8_HNSCC6_P8_G12,0,0,Primary,Endothelial,Endothelial,6,FALSE
HNSCC6_p8_HNSCC6_P8_A09,0,0,Primary,Endothelial,Endothelial,6,FALSE
HNSCC6_p8_HNSCC6_P8_F01,5.5779,0,Primary,Endothelial,Endothelial,6,TRUE
HNSCC6_p8_HNSCC6_P8_D11,0,0,Primary,Endothelial,Endothelial,6,FALSE
HNSCC6_p8_HNSCC6_P8_E09,0,0,Primary,Endothelial,Endothelial,6,FALSE
HNSCC6_p8_HNSCC6_P8_G08,4.837,0,Primary,Fibroblast,Fibroblast,6,TRUE
HNSCC6_p8_HNSCC6_P8_C06,0,0,Primary,Fibroblast,Fibroblast,6,FALSE
HNSCC6_p8_HNSCC6_P8_G10,0,0,Primary,Fibroblast,Fibroblast,6,FALSE
HNSCC6_p8_HNSCC6_P8_H04,0,0,Primary,Endothelial,Endothelial,6,FALSE
HNSCC6_p8_HNSCC6_P8_C11,0,0,Primary,Endothelial,Endothelial,6,FALSE
HNSCC6_p8_HNSCC6_P8_E08,0,0,Primary,Endothelial,Endothelial,6,FALSE
HNSCC6_p8_HNSCC6_P8_C04,2.7409,0,Primary,Endothelial,Endothelial,6,TRUE
HNSCC6_p8_HNSCC6_P8_A04,0,0,Primary,Fibroblast,Fibroblast,6,FALSE
HNSCC6_p8_HNSCC6_P8_B05,1.9188,0,Primary,Fibroblast,Fibroblast,6,TRUE
HNSCC6_p8_HNSCC6_P8_A10,0,0,Primary,B cell,B cell,6,FALSE
HNSCC6_p8_HNSCC6_P8_D10,4.8936,0,Primary,Fibroblast,Fibroblast,6,TRUE
HNSCC6_p8_HNSCC6_P8_F05,0,0,Primary,Fibroblast,Fibroblast,6,FALSE
HNSCC6_p8_HNSCC6_P8_E07,4.8539,0,Primary,Fibroblast,Fibroblast,6,TRUE
HNSCC6_p8_HNSCC6_P8_E06,0,0,Primary,Fibroblast,Fibroblast,6,FALSE
HNSCC6_p8_HNSCC6_P8_F06,6.2157,0,Primary,Fibroblast,Fibroblast,6,TRUE
HNSCC6_p8_HNSCC6_P8_G04,6.1306,0,Primary,Fibroblast,Fibroblast,6,TRUE
HNSCC6_p8_HNSCC6_P8_A06,3.7019,0,Primary,Fibroblast,Fibroblast,6,TRUE
HNSCC6_p8_HNSCC6_P8_A05,0,0,Primary,Endothelial,Endothelial,6,FALSE
HNSCC6_p8_HNSCC6_P8_D02,0.3115,0,Primary,0,0,6,TRUE
HNSCC6_p8_HNSCC6_P8_H10,6.059,0,Primary,Fibroblast,Fibroblast,6,TRUE
HNSCC6_p8_HNSCC6_P8_A08,0,0,Primary,Endothelial,Endothelial,6,FALSE
HNSCC6_p8_HNSCC6_P8_D12,0,0,Primary,Fibroblast,Fibroblast,6,FALSE
HNSCC6_p8_HNSCC6_P8_D06,0,0,Primary,Fibroblast,Fibroblast,6,FALSE
HNSCC6_p8_HNSCC6_P8_G11,0,0,Primary,Endothelial,Endothelial,6,FALSE
HNSCC6_p8_HNSCC6_P8_H11,3.8538,0,Primary,Fibroblast,Fibroblast,6,TRUE
HNSCC6_p15_HNSCC6_P15_LN_F07,5.897,0,Primary,Endothelial,Endothelial,6,TRUE
HNSCC6_p15_HNSCC6_P15_LN_B04,3.8403,1,Primary,0,Cancer cells,6,TRUE
HNSCC6_p15_HNSCC6_P15_LN_C08,0,0,Primary,Fibroblast,Fibroblast,6,FALSE
HNSCC6_p15_HNSCC6_P15_LN_C06,2.6038,1,Primary,0,Cancer cells,6,TRUE
HNSCC6_p15_HNSCC6_P15_LN_G02,0,0,Primary,Fibroblast,Fibroblast,6,FALSE
HNSCC6_p15_HNSCC6_P15_LN_E02,0,1,Primary,0,Cancer cells,6,FALSE
HNSCC6_p15_HNSCC6_P15_LN_E11,5.3705,0,Primary,Fibroblast,Fibroblast,6,TRUE
HNSCC6_p15_HNSCC6_P15_LN_F04,0.96421,1,Primary,0,Cancer cells,6,TRUE
HNSCC6_p15_HNSCC6_P15_LN_H11,1.9123,1,Primary,0,Cancer cells,6,TRUE
HNSCC6_p15_HNSCC6_P15_LN_F10,5.4166,0,Primary,Fibroblast,Fibroblast,6,TRUE
HNSCC6_p15_HNSCC6_P15_LN_C07,4.0637,0,Primary,Fibroblast,Fibroblast,6,TRUE
HNSCC6_p15_HNSCC6_P15_LN_A10,0,1,Primary,0,Cancer cells,6,FALSE
HNSCC6_p15_HNSCC6_P15_LN_E01,2.5743,0,Primary,Endothelial,Endothelial,6,TRUE
HNSCC6_p15_HNSCC6_P15_LN_G12,3.2508,1,Primary,0,Cancer cells,6,TRUE
HNSCC6_p15_HNSCC6_P15_LN_C09,0,1,Primary,0,Cancer cells,6,FALSE
HNSCC6_p15_HNSCC6_P15_LN_D04,0,1,Primary,0,Cancer cells,6,FALSE
HNSCC6_p15_HNSCC6_P15_LN_E12,0,1,Primary,0,Cancer cells,6,FALSE
HNSCC6_p15_HNSCC6_P15_LN_B01,1.9583,1,Primary,0,Cancer cells,6,TRUE
HNSCC6_p15_HNSCC6_P15_LN_A03,0,0,Primary,Macrophage,Macrophage,6,FALSE
HNSCC6_p15_HNSCC6_P15_LN_C01,0,1,Primary,0,Cancer cells,6,FALSE
HNSCC6_p15_HNSCC6_P15_LN_E09,1.9199,1,Primary,0,Cancer cells,6,TRUE
HNSCC6_p15_HNSCC6_P15_LN_A12,0,1,Primary,0,Cancer cells,6,FALSE
HNSCC6_p15_HNSCC6_P15_LN_A07,3.8328,1,Primary,0,Cancer cells,6,TRUE
HNSCC6_p15_HNSCC6_P15_LN_H01,2.8014,1,Primary,0,Cancer cells,6,TRUE
HNSCC6_p15_HNSCC6_P15_LN_F02,1.9745,1,Primary,0,Cancer cells,6,TRUE
HNSCC6_p15_HNSCC6_P15_LN_G09,1.3679,1,Primary,0,Cancer cells,6,TRUE
HNSCC6_p15_HNSCC6_P15_LN_C12,4.2516,0,Primary,Endothelial,Endothelial,6,TRUE
HNSCC6_p15_HNSCC6_P15_LN_A01,3.117,0,Primary,Fibroblast,Fibroblast,6,TRUE
HNSCC6_p15_HNSCC6_P15_LN_B11,2.5462,1,Primary,0,Cancer cells,6,TRUE
HNSCC6_p15_HNSCC6_P15_LN_D01,0,1,Primary,0,Cancer cells,6,FALSE
HNSCC6_p15_HNSCC6_P15_LN_D03,3.9887,0,Primary,Endothelial,Endothelial,6,TRUE
HNSCC6_p15_HNSCC6_P15_LN_C04,1.7225,1,Primary,0,Cancer cells,6,TRUE
HNSCC6_p15_HNSCC6_P15_LN_H08,2.2482,1,Primary,0,Cancer cells,6,TRUE
HNSCC6_p15_HNSCC6_P15_LN_H06,3.7926,0,Primary,Endothelial,Endothelial,6,TRUE
HNSCC6_p15_HNSCC6_P15_LN_F03,3.8464,0,Primary,Fibroblast,Fibroblast,6,TRUE
HNSCC6_p15_HNSCC6_P15_LN_G10,1.1137,1,Primary,0,Cancer cells,6,TRUE
HNSCC6_p15_HNSCC6_P15_LN_H10,0,1,Primary,0,Cancer cells,6,FALSE
HNSCC6_p15_HNSCC6_P15_LN_D06,0,1,Primary,0,Cancer cells,6,FALSE
HNSCC6_p15_HNSCC6_P15_LN_G07,3.9812,0,Primary,Fibroblast,Fibroblast,6,TRUE
HNSCC6_p15_HNSCC6_P15_LN_C11,2.918,0,Primary,Fibroblast,Fibroblast,6,TRUE
HNSCC6_p15_HNSCC6_P15_LN_E04,4.5746,0,Primary,Fibroblast,Fibroblast,6,TRUE
HNSCC6_p15_HNSCC6_P15_LN_H03,4.2627,0,Primary,Fibroblast,Fibroblast,6,TRUE
HNSCC6_p15_HNSCC6_P15_LN_F08,2.2051,1,Primary,0,Cancer cells,6,TRUE
HNSCC6_p15_HNSCC6_P15_LN_C05,0,0,Primary,B cell,B cell,6,FALSE
HNSCC6_p15_HNSCC6_P15_LN_G08,0.67446,1,Primary,0,Cancer cells,6,TRUE
HNSCC6_p15_HNSCC6_P15_LN_A04,3.9081,1,Primary,0,Cancer cells,6,TRUE
HNSCC6_p15_HNSCC6_P15_LN_A02,0,0,Primary,Macrophage,Macrophage,6,FALSE
HNSCC6_p15_HNSCC6_P15_LN_C02,1.9184,1,Primary,0,Cancer cells,6,TRUE
HNSCC6_p15_HNSCC6_P15_LN_G05,0.9222,1,Primary,0,Cancer cells,6,TRUE
HNSCC6_p15_HNSCC6_P15_LN_H04,6.0368,0,Primary,Fibroblast,Fibroblast,6,TRUE
HNSCC6_p15_HNSCC6_P15_LN_H07,0,1,Primary,0,Cancer cells,6,FALSE
HNSCC6_p15_HNSCC6_P15_LN_E03,0,1,Primary,0,Cancer cells,6,FALSE
HNSCC6_p15_HNSCC6_P15_LN_F05,0,1,Primary,0,Cancer cells,6,FALSE
HNSCC6_p15_HNSCC6_P15_LN_A06,2.4636,1,Primary,0,Cancer cells,6,TRUE
HNSCC6_p15_HNSCC6_P15_LN_B02,6.3243,0,Primary,Endothelial,Endothelial,6,TRUE
HNSCC6_p15_HNSCC6_P15_LN_D05,0,1,Primary,0,Cancer cells,6,FALSE
HNSCC6_p15_HNSCC6_P15_LN_H02,0,0,Primary,Fibroblast,Fibroblast,6,FALSE
HNSCC6_p15_HNSCC6_P15_LN_E05,1.91,1,Primary,0,Cancer cells,6,TRUE
HNSCC6_p15_HNSCC6_P15_LN_D08,4.1609,0,Primary,Fibroblast,Fibroblast,6,TRUE
HNSCC6_p15_HNSCC6_P15_LN_E10,4.8199,0,Primary,Fibroblast,Fibroblast,6,TRUE
HNSCC6_p15_HNSCC6_P15_LN_D10,3.5011,0,Primary,Fibroblast,Fibroblast,6,TRUE
HNSCC6_p15_HNSCC6_P15_LN_G01,5.6682,0,Primary,Fibroblast,Fibroblast,6,TRUE
HNSCC6_p15_HNSCC6_P15_LN_B10,5.2961,0,Primary,Fibroblast,Fibroblast,6,TRUE
HNSCC6_p15_HNSCC6_P15_LN_A11,1.0101,1,Primary,0,Cancer cells,6,TRUE
HNSCC6_p15_HNSCC6_P15_LN_B12,0,0,Primary,Fibroblast,Fibroblast,6,FALSE
HNSCC6_p15_HNSCC6_P15_LN_B07,5.4865,0,Primary,Fibroblast,Fibroblast,6,TRUE
HNSCC6_p15_HNSCC6_P15_LN_E06,4.5593,0,Primary,Fibroblast,Fibroblast,6,TRUE
HNSCC6_p15_HNSCC6_P15_LN_E08,2.233,1,Primary,0,Cancer cells,6,TRUE
HNSCC6_p15_HNSCC6_P15_LN_B08,0,0,Primary,Macrophage,Macrophage,6,FALSE
HNSCC6_p15_HNSCC6_P15_LN_F06,2.4417,1,Primary,0,Cancer cells,6,TRUE
HNSCC6_p15_HNSCC6_P15_LN_D09,0.44573,1,Primary,0,Cancer cells,6,TRUE
HNSCC6_p15_HNSCC6_P15_LN_A09,0,0,Primary,Endothelial,Endothelial,6,FALSE
HNSCC6_p15_HNSCC6_P15_LN_A08,0,1,Primary,0,Cancer cells,6,FALSE
HNSCC6_p15_HNSCC6_P15_LN_A05,0.96273,1,Primary,0,Cancer cells,6,TRUE
HNSCC6_p15_HNSCC6_P15_LN_C03,0,1,Primary,0,Cancer cells,6,FALSE
HNSCC20_P3_C12_S36_comb,2.1919,1,Primary,0,Cancer cells,20,TRUE
HNSCC20_P3_D12_S48_comb,2.8213,1,Primary,0,Cancer cells,20,TRUE
HNSCC20_P3_E08_S56_comb,2.6604,1,Primary,0,Cancer cells,20,TRUE
HNSCC20_P13_G09_S273_comb,4.0308,1,Lymph node,0,Cancer cells,20,TRUE
HNSCC20_P3_B05_S17_comb,3.7434,1,Primary,0,Cancer cells,20,TRUE
HNSCC20_P3_B02_S14_comb,4.1873,1,Primary,0,Cancer cells,20,TRUE
HNSCC20_P13_A10_S202_comb,1.0915,1,Lymph node,0,Cancer cells,20,TRUE
HNSCC20_P3_G11_S83_comb,0,1,Primary,0,Cancer cells,20,FALSE
HNSCC17_P4_F02_S158_comb,5.2778,1,Primary,0,Cancer cells,17,TRUE
HNSCC20_P13_A08_S200_comb,2.9279,1,Lymph node,0,Cancer cells,20,TRUE
HNSCC20_P13_F07_S259_comb,2.9013,1,Lymph node,0,Cancer cells,20,TRUE
HNSCC20_P3_H01_S85_comb,2.2038,1,Primary,0,Cancer cells,20,TRUE
HNSCC17_P4_D10_S142_comb,0.21537,1,Primary,0,Cancer cells,17,TRUE
HNSCC17_P4_D05_S137_comb,4.0067,1,Primary,0,Cancer cells,17,TRUE
HNSCC20_P13_F04_S256_comb,3.6108,1,Lymph node,0,Cancer cells,20,TRUE
HNSCC20_P3_A03_S3_comb,3.813,1,Primary,0,Cancer cells,20,TRUE
HNSCC20_P3_D08_S44_comb,0,1,Primary,0,Cancer cells,20,FALSE
HNSCC17_P4_C01_S121_comb,3.3502,1,Primary,0,Cancer cells,17,TRUE
HNSCC20_P3_F01_S61_comb,0,1,Primary,0,Cancer cells,20,FALSE
HNSCC17_P4_F04_S160_comb,2.9957,1,Primary,0,Cancer cells,17,TRUE
HNSCC20_P13_E09_S249_comb,0,1,Lymph node,0,Cancer cells,20,FALSE
HNSCC17_P4_C03_S123_comb,3.6578,1,Primary,0,Cancer cells,17,TRUE
HNSCC17_P4_H06_S186_comb,4.2699,1,Primary,0,Cancer cells,17,TRUE
HNSCC20_P3_H02_S86_comb,3.5161,1,Primary,0,Cancer cells,20,TRUE
HNSCC20_P3_H06_S90_comb,0,1,Primary,0,Cancer cells,20,FALSE
HNSCC20_P3_E03_S51_comb,0,1,Primary,0,Cancer cells,20,FALSE
HNSCC17_P4_C05_S125_comb,3.7739,1,Primary,0,Cancer cells,17,TRUE
HNSCC20_P3_B07_S19_comb,3.503,1,Primary,0,Cancer cells,20,TRUE
HNSCC20_P13_E04_S244_comb,4.4659,1,Lymph node,0,Cancer cells,20,TRUE
HNSCC20_P13_F03_S255_comb,3.0339,1,Lymph node,0,Cancer cells,20,TRUE
HNSCC20_P3_G05_S77_comb,0,1,Primary,0,Cancer cells,20,FALSE
HNSCC17_P4_E05_S149_comb,4.3466,1,Primary,0,Cancer cells,17,TRUE
HNSCC20_P3_G01_S73_comb,4.719,1,Primary,0,Cancer cells,20,TRUE
HNSCC17_P4_E12_S156_comb,3.9958,1,Primary,0,Cancer cells,17,TRUE
HNSCC20_P3_A06_S6_comb,0,1,Primary,0,Cancer cells,20,FALSE
HNSCC20_P13_A04_S196_comb,0,1,Lymph node,0,Cancer cells,20,FALSE
HNSCC20_P13_H07_S283_comb,0,1,Lymph node,0,Cancer cells,20,FALSE
HNSCC17_P4_D02_S134_comb,0.22527,1,Primary,0,Cancer cells,17,TRUE
HNSCC20_P13_E03_S243_comb,4.7238,1,Lymph node,0,Cancer cells,20,TRUE
HNSCC20_P3_E05_S53_comb,3.6334,1,Primary,0,Cancer cells,20,TRUE
HNSCC20_P13_E11_S251_comb,0,1,Lymph node,0,Cancer cells,20,FALSE
HNSCC20_P3_F02_S62_comb,2.2023,1,Primary,0,Cancer cells,20,TRUE
HNSCC20_P13_A11_S203_comb,2.3135,1,Lymph node,0,Cancer cells,20,TRUE
HNSCC20_P3_D07_S43_comb,0,1,Primary,0,Cancer cells,20,FALSE
HNSCC20_P3_F10_S70_comb,1.7115,1,Primary,0,Cancer cells,20,TRUE
HNSCC17_P4_A10_S106_comb,5.3902,1,Primary,0,Cancer cells,17,TRUE
HNSCC20_P13_D11_S239_comb,3.7956,1,Lymph node,0,Cancer cells,20,TRUE
HNSCC20_P13_C04_S220_comb,0,1,Lymph node,0,Cancer cells,20,FALSE
HNSCC20_P13_C09_S225_comb,0,1,Lymph node,0,Cancer cells,20,FALSE
HNSCC20_P3_E01_S49_comb,2.5705,1,Primary,0,Cancer cells,20,TRUE
HNSCC20_P3_A12_S12_comb,0,1,Primary,0,Cancer cells,20,FALSE
HNSCC17_P4_D06_S138_comb,4.4266,1,Primary,0,Cancer cells,17,TRUE
HNSCC20_P13_C11_S227_comb,0,1,Lymph node,0,Cancer cells,20,FALSE
HNSCC17_P4_G09_S177_comb,0,1,Primary,0,Cancer cells,17,FALSE
HNSCC20_P13_B01_S205_comb,6.1725,1,Lymph node,0,Cancer cells,20,TRUE
HNSCC17_P4_E07_S151_comb,3.7137,1,Primary,0,Cancer cells,17,TRUE
HNSCC20_P3_D03_S39_comb,4.3465,1,Primary,0,Cancer cells,20,TRUE
HNSCC20_P13_B07_S211_comb,2.5967,1,Lymph node,0,Cancer cells,20,TRUE
HNSCC20_P13_H04_S280_comb,0,1,Lymph node,0,Cancer cells,20,FALSE
HNSCC17_P4_E11_S155_comb,4.6141,1,Primary,0,Cancer cells,17,TRUE
HNSCC20_P3_H11_S95_comb,3.7318,1,Primary,0,Cancer cells,20,TRUE
HNSCC20_P3_C10_S34_comb,0,1,Primary,0,Cancer cells,20,FALSE
HNSCC20_P3_H04_S88_comb,2.2898,1,Primary,0,Cancer cells,20,TRUE
HNSCC20_P13_G03_S267_comb,0,1,Lymph node,0,Cancer cells,20,FALSE
HNSCC20_P13_H01_S277_comb,0,1,Lymph node,0,Cancer cells,20,FALSE
HNSCC20_P3_D06_S42_comb,0,1,Primary,0,Cancer cells,20,FALSE
HNSCC20_P3_A01_S1_comb,3.1797,1,Primary,0,Cancer cells,20,TRUE
HNSCC20_P13_E06_S246_comb,0,1,Lymph node,0,Cancer cells,20,FALSE
HNSCC20_P3_C03_S27_comb,2.2937,1,Primary,0,Cancer cells,20,TRUE
HNSCC20_P13_H02_S278_comb,1.4206,1,Lymph node,0,Cancer cells,20,TRUE
HNSCC20_P3_D05_S41_comb,5.2447,1,Primary,0,Cancer cells,20,TRUE
HNSCC20_P3_F04_S64_comb,3.582,1,Primary,0,Cancer cells,20,TRUE
HNSCC20_P13_B03_S207_comb,4.8801,1,Lymph node,0,Cancer cells,20,TRUE
HNSCC20_P3_B09_S21_comb,3.6891,1,Primary,0,Cancer cells,20,TRUE
HNSCC20_P3_G02_S74_comb,0,1,Primary,0,Cancer cells,20,FALSE
HNSCC20_P3_C06_S30_comb,0,1,Primary,0,Cancer cells,20,FALSE
HNSCC20_P3_H10_S94_comb,3.5789,1,Primary,0,Cancer cells,20,TRUE
HNSCC17_P4_F03_S159_comb,2.899,1,Primary,0,Cancer cells,17,TRUE
HNSCC20_P13_G10_S274_comb,3.4787,1,Lymph node,0,Cancer cells,20,TRUE
HNSCC20_P13_C01_S217_comb,0,1,Lymph node,0,Cancer cells,20,FALSE
HNSCC20_P13_C10_S226_comb,2.5974,1,Lymph node,0,Cancer cells,20,TRUE
HNSCC17_P4_F09_S165_comb,4.8177,1,Primary,0,Cancer cells,17,TRUE
HNSCC20_P3_A05_S5_comb,4.5932,1,Primary,0,Cancer cells,20,TRUE
HNSCC20_P3_B03_S15_comb,2.0892,1,Primary,0,Cancer cells,20,TRUE
HNSCC20_P3_A02_S2_comb,4.1579,1,Primary,0,Cancer cells,20,TRUE
HNSCC20_P13_D02_S230_comb,4.9232,1,Lymph node,0,Cancer cells,20,TRUE
HNSCC20_P3_E06_S54_comb,0,1,Primary,0,Cancer cells,20,FALSE
HNSCC17_P4_G02_S170_comb,0,0,Primary,Mast,Mast,17,FALSE
HNSCC17_P4_G08_S176_comb,3.8164,1,Primary,0,Cancer cells,17,TRUE
HNSCC20_P3_A09_S9_comb,2.91,1,Primary,0,Cancer cells,20,TRUE
HNSCC20_P3_F08_S68_comb,2.8086,1,Primary,0,Cancer cells,20,TRUE
HNSCC20_P3_C07_S31_comb,2.6565,1,Primary,0,Cancer cells,20,TRUE
HNSCC20_P13_E05_S245_comb,0,1,Lymph node,0,Cancer cells,20,FALSE
HNSCC20_P3_E10_S58_comb,2.4444,1,Primary,0,Cancer cells,20,TRUE
HNSCC20_P3_E02_S50_comb,4.5338,1,Primary,0,Cancer cells,20,TRUE
HNSCC20_P3_A11_S11_comb,0,1,Primary,0,Cancer cells,20,FALSE
HNSCC20_P13_E08_S248_comb,4.3637,1,Lymph node,0,Cancer cells,20,TRUE
HNSCC20_P3_C09_S33_comb,2.5046,1,Primary,0,Cancer cells,20,TRUE
HNSCC17_P4_F05_S161_comb,2.0724,1,Primary,0,Cancer cells,17,TRUE
HNSCC17_P4_H05_S185_comb,2.8191,1,Primary,0,Cancer cells,17,TRUE
HNSCC20_P3_D11_S47_comb,2.2299,1,Primary,0,Cancer cells,20,TRUE
HNSCC17_P4_E09_S153_comb,0,1,Primary,0,Cancer cells,17,FALSE
HNSCC20_P3_H07_S91_comb,3.3536,0,Primary,Fibroblast,Fibroblast,20,TRUE
HNSCC20_P13_C02_S218_comb,3.8254,1,Lymph node,0,Cancer cells,20,TRUE
HNSCC17_P4_B02_S110_comb,3.408,1,Primary,0,Cancer cells,17,TRUE
HNSCC20_P3_F05_S65_comb,0,1,Primary,0,Cancer cells,20,FALSE
HNSCC20_P3_F07_S67_comb,3.8507,1,Primary,0,Cancer cells,20,TRUE
HNSCC17_P4_D03_S135_comb,4.0814,1,Primary,0,Cancer cells,17,TRUE
HNSCC17_P4_H08_S188_comb,3.0498,1,Primary,0,Cancer cells,17,TRUE
HNSCC17_P4_D07_S139_comb,3.8006,1,Primary,0,Cancer cells,17,TRUE
HNSCC17_P4_F07_S163_comb,4.5664,1,Primary,0,Cancer cells,17,TRUE
HNSCC20_P13_B10_S214_comb,0,1,Lymph node,0,Cancer cells,20,FALSE
HNSCC17_P4_B08_S116_comb,2.2262,1,Primary,0,Cancer cells,17,TRUE
HNSCC17_P4_B07_S115_comb,2.5878,0,Primary,0,0,17,TRUE
HNSCC20_P13_D03_S231_comb,0,1,Lymph node,0,Cancer cells,20,FALSE
HNSCC17_P4_D11_S143_comb,0,0,Primary,0,0,17,FALSE
HNSCC17_P4_C07_S127_comb,2.8278,1,Primary,0,Cancer cells,17,TRUE
HNSCC20_P13_E12_S252_comb,4.0251,1,Lymph node,0,Cancer cells,20,TRUE
HNSCC17_P4_G04_S172_comb,4.7796,1,Primary,0,Cancer cells,17,TRUE
HNSCC17_P4_H01_S181_comb,2.5276,1,Primary,0,Cancer cells,17,TRUE
HNSCC20_P13_H12_S288_comb,2.344,1,Lymph node,0,Cancer cells,20,TRUE
HNSCC20_P3_B12_S24_comb,2.7993,1,Primary,0,Cancer cells,20,TRUE
HNSCC20_P13_D04_S232_comb,4.303,1,Lymph node,0,Cancer cells,20,TRUE
HNSCC20_P13_F08_S260_comb,3.0934,1,Lymph node,0,Cancer cells,20,TRUE
HNSCC20_P13_F11_S263_comb,0,1,Lymph node,0,Cancer cells,20,FALSE
HNSCC17_P4_F12_S168_comb,3.6624,1,Primary,0,Cancer cells,17,TRUE
HNSCC17_P4_A09_S105_comb,4.1582,1,Primary,0,Cancer cells,17,TRUE
HNSCC20_P3_E12_S60_comb,5.0651,1,Primary,0,Cancer cells,20,TRUE
HNSCC20_P13_D09_S237_comb,0,1,Lymph node,0,Cancer cells,20,FALSE
HNSCC20_P3_B06_S18_comb,3.3865,1,Primary,0,Cancer cells,20,TRUE
HNSCC20_P3_H03_S87_comb,3.3668,1,Primary,0,Cancer cells,20,TRUE
HNSCC20_P13_C07_S223_comb,2.7113,1,Lymph node,0,Cancer cells,20,TRUE
HNSCC17_P4_B09_S117_comb,2.9831,1,Primary,0,Cancer cells,17,TRUE
HNSCC17_P4_G06_S174_comb,4.6055,1,Primary,0,Cancer cells,17,TRUE
HNSCC20_P13_G06_S270_comb,3.9215,1,Lymph node,0,Cancer cells,20,TRUE
HNSCC20_P13_G01_S265_comb,0,1,Lymph node,0,Cancer cells,20,FALSE
HNSCC20_P13_E01_S241_comb,0,1,Lymph node,0,Cancer cells,20,FALSE
HNSCC17_P4_G03_S171_comb,2.5859,1,Primary,0,Cancer cells,17,TRUE
HNSCC20_P3_E07_S55_comb,4.7503,1,Primary,0,Cancer cells,20,TRUE
HNSCC17_P4_A04_S100_comb,3.6552,1,Primary,0,Cancer cells,17,TRUE
HNSCC20_P13_H03_S279_comb,0,1,Lymph node,0,Cancer cells,20,FALSE
HNSCC20_P3_G12_S84_comb,3.0136,1,Primary,0,Cancer cells,20,TRUE
HNSCC20_P3_E04_S52_comb,2.4534,1,Primary,0,Cancer cells,20,TRUE
HNSCC20_P13_A07_S199_comb,4.0936,1,Lymph node,0,Cancer cells,20,TRUE
HNSCC17_P4_H07_S187_comb,4.8797,1,Primary,0,Cancer cells,17,TRUE
HNSCC20_P3_C01_S25_comb,3.6448,1,Primary,0,Cancer cells,20,TRUE
HNSCC20_P13_E07_S247_comb,2.2357,1,Lymph node,0,Cancer cells,20,TRUE
HNSCC20_P13_B05_S209_comb,0,1,Lymph node,0,Cancer cells,20,FALSE
HNSCC20_P3_B04_S16_comb,2.6448,1,Primary,0,Cancer cells,20,TRUE
HNSCC17_P4_A11_S107_comb,6.2058,1,Primary,0,Cancer cells,17,TRUE
HNSCC20_P13_G07_S271_comb,3.4255,1,Lymph node,0,Cancer cells,20,TRUE
HNSCC17_P4_D09_S141_comb,0,1,Primary,0,Cancer cells,17,FALSE
HNSCC17_P4_D08_S140_comb,2.6255,1,Primary,0,Cancer cells,17,TRUE
HNSCC20_P3_D10_S46_comb,3.3872,1,Primary,0,Cancer cells,20,TRUE
HNSCC20_P13_B08_S212_comb,2.3268,1,Lymph node,0,Cancer cells,20,TRUE
HNSCC17_P4_G05_S173_comb,0,0,Primary,0,0,17,FALSE
HNSCC20_P3_H05_S89_comb,0,0,Primary,0,0,20,FALSE
HNSCC20_P13_G12_S276_comb,0,0,Lymph node,0,0,20,FALSE
HNSCC20_P13_B02_S206_comb,3.5261,1,Lymph node,0,Cancer cells,20,TRUE
HNSCC20_P3_B01_S13_comb,4.2973,1,Primary,0,Cancer cells,20,TRUE
HNSCC17_P4_D01_S133_comb,0,1,Primary,0,Cancer cells,17,FALSE
HNSCC20_P3_E09_S57_comb,0.36065,1,Primary,0,Cancer cells,20,TRUE
HNSCC20_P13_G04_S268_comb,3.2242,1,Lymph node,0,Cancer cells,20,TRUE
HNSCC20_P13_F05_S257_comb,0,1,Lymph node,0,Cancer cells,20,FALSE
HNSCC20_P3_C11_S35_comb,1.825,1,Primary,0,Cancer cells,20,TRUE
HNSCC20_P13_A02_S194_comb,0,1,Lymph node,0,Cancer cells,20,FALSE
HNSCC20_P13_B06_S210_comb,4.4412,1,Lymph node,0,Cancer cells,20,TRUE
HNSCC20_P3_G08_S80_comb,3.9625,1,Primary,0,Cancer cells,20,TRUE
HNSCC20_P3_H09_S93_comb,3.2191,1,Primary,0,Cancer cells,20,TRUE
HNSCC20_P3_H12_S96_comb,3.1104,1,Primary,0,Cancer cells,20,TRUE
HNSCC17_P4_B05_S113_comb,0.543,0,Primary,0,0,17,TRUE
HNSCC20_P3_G09_S81_comb,0,1,Primary,0,Cancer cells,20,FALSE
HNSCC20_P13_E10_S250_comb,0,1,Lymph node,0,Cancer cells,20,FALSE
HNSCC20_P3_G10_S82_comb,2.0468,1,Primary,0,Cancer cells,20,TRUE
HNSCC17_P4_G01_S169_comb,3.5242,1,Primary,0,Cancer cells,17,TRUE
HNSCC20_P3_A08_S8_comb,0,1,Primary,0,Cancer cells,20,FALSE
HNSCC17_P4_H02_S182_comb,4.5107,1,Primary,0,Cancer cells,17,TRUE
HNSCC20_P3_F03_S63_comb,5.465,1,Primary,0,Cancer cells,20,TRUE
HNSCC20_P3_A04_S4_comb,0,1,Primary,0,Cancer cells,20,FALSE
HNSCC20_P13_E02_S242_comb,3.2493,1,Lymph node,0,Cancer cells,20,TRUE
HNSCC20_P13_D06_S234_comb,3.4185,1,Lymph node,0,Cancer cells,20,TRUE
HNSCC20_P13_B12_S216_comb,0,1,Lymph node,0,Cancer cells,20,FALSE
HNSCC20_P13_A09_S201_comb,2.5683,1,Lymph node,0,Cancer cells,20,TRUE
HNSCC20_P3_B08_S20_comb,2.9745,1,Primary,0,Cancer cells,20,TRUE
HNSCC17_P4_E04_S148_comb,3.5465,1,Primary,0,Cancer cells,17,TRUE
HNSCC17_P4_A06_S102_comb,2.6022,1,Primary,0,Cancer cells,17,TRUE
HNSCC17_P4_G11_S179_comb,3.5221,1,Primary,0,Cancer cells,17,TRUE
HNSCC20_P3_C05_S29_comb,2.679,1,Primary,0,Cancer cells,20,TRUE
HNSCC20_P3_F06_S66_comb,0,1,Primary,0,Cancer cells,20,FALSE
HNSCC17_P4_F10_S166_comb,5.0224,1,Primary,0,Cancer cells,17,TRUE
HNSCC20_P13_D07_S235_comb,0,1,Lymph node,0,Cancer cells,20,FALSE
HNSCC20_P3_G04_S76_comb,3.4079,1,Primary,0,Cancer cells,20,TRUE
HNSCC17_P4_B10_S118_comb,2.1204,1,Primary,0,Cancer cells,17,TRUE
HNSCC17_P4_G10_S178_comb,5.9345,1,Primary,0,Cancer cells,17,TRUE
HNSCC20_P13_G05_S269_comb,2.7394,1,Lymph node,0,Cancer cells,20,TRUE
HNSCC17_P4_E03_S147_comb,3.43,1,Primary,0,Cancer cells,17,TRUE
HNSCC20_P13_F09_S261_comb,5.3504,1,Lymph node,0,Cancer cells,20,TRUE
HNSCC20_P3_A07_S7_comb,2.6098,1,Primary,0,Cancer cells,20,TRUE
HNSCC20_P3_F12_S72_comb,6.1754,1,Primary,0,Cancer cells,20,TRUE
HNSCC20_P3_D04_S40_comb,1.7987,1,Primary,0,Cancer cells,20,TRUE
HNSCC17_P4_A07_S103_comb,3.5883,1,Primary,0,Cancer cells,17,TRUE
HNSCC17_P4_C02_S122_comb,4.5553,1,Primary,0,Cancer cells,17,TRUE
HNSCC20_P3_G03_S75_comb,3.7155,1,Primary,0,Cancer cells,20,TRUE
HNSCC17_P4_E01_S145_comb,3.4865,1,Primary,0,Cancer cells,17,TRUE
HNSCC17_P4_C08_S128_comb,2.7717,1,Primary,0,Cancer cells,17,TRUE
HNSCC20_P3_G07_S79_comb,0.73292,1,Primary,0,Cancer cells,20,TRUE
HNSCC20_P13_D08_S236_comb,3.2612,1,Lymph node,0,Cancer cells,20,TRUE
HNSCC20_P3_B11_S23_comb,4.2849,1,Primary,0,Cancer cells,20,TRUE
HNSCC20_P13_A05_S197_comb,0,1,Lymph node,0,Cancer cells,20,FALSE
HNSCC20_P3_D02_S38_comb,0,1,Primary,0,Cancer cells,20,FALSE
HNSCC20_P13_F01_S253_comb,3.1205,1,Lymph node,0,Cancer cells,20,TRUE
HNSCC17_P4_F08_S164_comb,6.4485,0,Primary,0,0,17,TRUE
HNSCC17_P4_A03_S99_comb,4.2344,1,Primary,0,Cancer cells,17,TRUE
HNSCC20_P13_A03_S195_comb,2.5529,1,Lymph node,0,Cancer cells,20,TRUE
HNSCC20_P3_E11_S59_comb,3.0393,1,Primary,0,Cancer cells,20,TRUE
HNSCC20_P3_F11_S71_comb,0,1,Primary,0,Cancer cells,20,FALSE
HNSCC20_P13_D05_S233_comb,4.8493,1,Lymph node,0,Cancer cells,20,TRUE
HNSCC20_P13_A06_S198_comb,3.2409,1,Lymph node,0,Cancer cells,20,TRUE
HNSCC20_P3_C02_S26_comb,3.9318,1,Primary,0,Cancer cells,20,TRUE
HNSCC17_P4_H09_S189_comb,3.8318,1,Primary,0,Cancer cells,17,TRUE
HNSCC20_P13_C08_S224_comb,3.5341,1,Lymph node,0,Cancer cells,20,TRUE
HNSCC17_P4_A08_S104_comb,2.4457,1,Primary,0,Cancer cells,17,TRUE
HNSCC17_P4_E10_S154_comb,4.1285,1,Primary,0,Cancer cells,17,TRUE
HNSCC17_P4_E02_S146_comb,4.9408,1,Primary,0,Cancer cells,17,TRUE
HNSCC20_P13_F10_S262_comb,5.0626,1,Lymph node,0,Cancer cells,20,TRUE
HNSCC17_P4_D04_S136_comb,2.4875,1,Primary,0,Cancer cells,17,TRUE
HNSCC20_P13_C06_S222_comb,3.7218,1,Lymph node,0,Cancer cells,20,TRUE
HNSCC20_P13_C12_S228_comb,4.0759,1,Lymph node,0,Cancer cells,20,TRUE
HNSCC17_P4_H04_S184_comb,3.5019,1,Primary,0,Cancer cells,17,TRUE
HNSCC17_P4_C06_S126_comb,4.2093,1,Primary,0,Cancer cells,17,TRUE
HNSCC20_P3_D01_S37_comb,3.0829,1,Primary,0,Cancer cells,20,TRUE
HNSCC20_P3_D09_S45_comb,2.4233,1,Primary,0,Cancer cells,20,TRUE
HNSCC17_P4_E06_S150_comb,4.3101,1,Primary,0,Cancer cells,17,TRUE
HNSCC20_P13_H10_S286_comb,2.8309,1,Lymph node,0,Cancer cells,20,TRUE
HNSCC17_P4_A02_S98_comb,0,0,Primary,0,0,17,FALSE
HNSCC20_P13_D01_S229_comb,3.4486,1,Lymph node,0,Cancer cells,20,TRUE
HNSCC20_P13_G02_S266_comb,0,1,Lymph node,0,Cancer cells,20,FALSE
HNSCC17_P4_B04_S112_comb,4.9144,1,Primary,0,Cancer cells,17,TRUE
HNSCC17_P4_C09_S129_comb,4.2685,1,Primary,0,Cancer cells,17,TRUE
HNSCC20_P13_A12_S204_comb,1.9411,1,Lymph node,0,Cancer cells,20,TRUE
HNSCC17_P4_F06_S162_comb,0,1,Primary,0,Cancer cells,17,FALSE
HNSCC20_P3_B10_S22_comb,3.9995,1,Primary,0,Cancer cells,20,TRUE
HNSCC20_P13_B11_S215_comb,1.5826,1,Lymph node,0,Cancer cells,20,TRUE
HNSCC20_P3_C08_S32_comb,0,1,Primary,0,Cancer cells,20,FALSE
HNSCC17_P4_H03_S183_comb,0,1,Primary,0,Cancer cells,17,FALSE
HNSCC20_P3_F09_S69_comb,0,1,Primary,0,Cancer cells,20,FALSE
HNSCC17_P4_G12_S180_comb,0,0,Primary,0,0,17,FALSE
HNSCC20_P13_C05_S221_comb,5.893,1,Lymph node,0,Cancer cells,20,TRUE
HNSCC17_P4_C12_S132_comb,3.0111,1,Primary,0,Cancer cells,17,TRUE
HNSCC20_P3_H08_S92_comb,2.885,1,Primary,0,Cancer cells,20,TRUE
HNSCC20_P3_G06_S78_comb,3.926,1,Primary,0,Cancer cells,20,TRUE
