cell_id,WBP5,ITGA5,LAMC2,VIM,KRT14,KRT17,is_cancer,site,non_cancer_type,compartment,patient,WBP5_detected,ITGA5_detected,LAMC2_detected,VIM_detected,KRT14_detected,KRT17_detected
HN28_P15_D06_S330_comb,0,0,0.082703,10.489,0.60975,0,0,Lymph node,Fibroblast,Fibroblast,28,FALSE,FALSE,TRUE,TRUE,TRUE,FALSE
HN28_P6_G05_S173_comb,0,0,0,9.4481,0.53705,0,0,Primary,Fibroblast,Fibroblast,28,FALSE,FALSE,FALSE,TRUE,TRUE,FALSE
HN26_P14_D11_S239_comb,3.1172,0,0,0,0,4.8624,1,Lymph node,0,Cancer cells,26,TRUE,FALSE,FALSE,FALSE,FALSE,TRUE
HN26_P14_H05_S281_comb,3.206,0,0.062122,8.0888,0,0,0,Lymph node,Fibroblast,Fibroblast,26,TRUE,FALSE,TRUE,TRUE,FALSE,FALSE
HN26_P25_H09_S189_comb,0,0,4.8311,0.31846,7.3172,7.8578,1,Lymph node,0,Cancer cells,26,FALSE,FALSE,TRUE,TRUE,TRUE,TRUE
HN26_P14_H06_S282_comb,0,0,2.2576,2.0086,7.8757,9.7191,1,Lymph node,0,Cancer cells,26,FALSE,FALSE,TRUE,TRUE,TRUE,TRUE
HN25_P25_C04_S316_comb,0,3.5737,5.8375,7.4079,12.006,5.3123,1,Lymph node,0,Cancer cells,25,FALSE,TRUE,TRUE,TRUE,TRUE,TRUE
HN26_P25_A11_S107_comb,0,4.1102,0,9.9473,0,0,0,Lymph node,Fibroblast,Fibroblast,26,FALSE,TRUE,FALSE,TRUE,FALSE,FALSE
HN26_P25_C09_S129_comb,3.0133,0,0,0,0,7.8276,1,Lymph node,0,Cancer cells,26,TRUE,FALSE,FALSE,FALSE,FALSE,TRUE
HNSCC26_P24_H05_S377_comb,0,0,3.5221,4.4883,6.9292,7.6179,1,Lymph node,0,Cancer cells,26,FALSE,FALSE,TRUE,TRUE,TRUE,TRUE
HN25_P5_E10_S58_comb,0,0,0,8.1605,0.62012,0,0,Primary,Fibroblast,Fibroblast,25,FALSE,FALSE,FALSE,TRUE,TRUE,FALSE
HN25_P24_B02_S110_comb,4.1952,1.3437,2.694,3.634,12.144,0.63134,1,Lymph node,0,Cancer cells,25,TRUE,TRUE,TRUE,TRUE,TRUE,TRUE
HN25_P25_C01_S313_comb,0,0,0.11902,0.65901,0,0,0,Lymph node,B cell,B cell,25,FALSE,FALSE,TRUE,TRUE,FALSE,FALSE
HN28_P15_G06_S366_comb,0,0,0,9.8941,0,0.60502,0,Lymph node,Fibroblast,Fibroblast,28,FALSE,FALSE,FALSE,TRUE,FALSE,TRUE
HN26_P6_B06_S18_comb,0,0,0.10702,9.6299,0,0,0,Primary,Fibroblast,Fibroblast,26,FALSE,FALSE,TRUE,TRUE,FALSE,FALSE
HN25_P5_C05_S29_comb,4.8071,1.7159,0,9.0649,0,0,0,Primary,Fibroblast,Fibroblast,25,TRUE,TRUE,FALSE,TRUE,FALSE,FALSE
HN28_P6_D09_S141_comb,0,0,0,9.0853,0,0,0,Primary,Fibroblast,Fibroblast,28,FALSE,FALSE,FALSE,TRUE,FALSE,FALSE
HN26_P5_H01_S85_comb,0.28924,0,2.7636,0,4.0808,6.3016,1,Primary,0,Cancer cells,26,TRUE,FALSE,TRUE,FALSE,TRUE,TRUE
HN26_P13_D07_S139_comb,0,0,0,8.8619,0,0,0,Lymph node,Fibroblast,Fibroblast,26,FALSE,FALSE,FALSE,TRUE,FALSE,FALSE
HN26_P5_E06_S54_comb,0.29396,0,2.6283,0,0,8.2369,1,Primary,0,Cancer cells,26,TRUE,FALSE,TRUE,FALSE,FALSE,TRUE
HN26_P26_H05_S377_comb,0,0,0,0.094912,0,5.7674,1,Lymph node,0,Cancer cells,26,FALSE,FALSE,FALSE,TRUE,FALSE,TRUE
HNSCC26_P24_F12_S360_comb,4.0679,0,2.2895,0,0,10.235,1,Lymph node,0,Cancer cells,26,TRUE,FALSE,TRUE,FALSE,FALSE,TRUE
HNSCC26_P24_F03_S351_comb,3.2912,0,0,4.0119,6.5497,8.526,1,Lymph node,0,Cancer cells,26,TRUE,FALSE,FALSE,TRUE,TRUE,TRUE
HN26_P6_D08_S44_comb,3.2823,0,2.664,0,4.0413,10.178,1,Primary,0,Cancer cells,26,TRUE,FALSE,TRUE,FALSE,TRUE,TRUE
HN25_P5_E12_S60_comb,0,1.2642,0,8.6749,0,0,0,Primary,Fibroblast,Fibroblast,25,FALSE,TRUE,FALSE,TRUE,FALSE,FALSE
HNSCC26_P24_C01_S313_comb,2.9228,0,0.066261,0,8.9691,8.4324,1,Lymph node,0,Cancer cells,26,TRUE,FALSE,TRUE,FALSE,TRUE,TRUE
HN25_P5_F01_S61_comb,4.6485,0,0,8.8784,0,0,0,Primary,Fibroblast,Fibroblast,25,TRUE,FALSE,FALSE,TRUE,FALSE,FALSE
HN26_P5_D12_S48_comb,0,0,0,9.0692,0,0,0,Primary,Fibroblast,Fibroblast,26,FALSE,FALSE,FALSE,TRUE,FALSE,FALSE
HN25_P25_C11_S323_comb,5.5527,0,0,9.3348,0,5.1547,0,Lymph node,Fibroblast,Fibroblast,25,TRUE,FALSE,FALSE,TRUE,FALSE,TRUE
HN25_P25_B12_S312_comb,4.7508,5.7428,5.9079,7.2114,12.69,0.42008,1,Lymph node,0,Cancer cells,25,TRUE,TRUE,TRUE,TRUE,TRUE,TRUE
HN25_P5_E11_S59_comb,2.8223,1.8887,3.028,6.2159,10.605,5.3337,1,Primary,0,Cancer cells,25,TRUE,TRUE,TRUE,TRUE,TRUE,TRUE
HN26_P5_G11_S83_comb,6.4248,0,0,8.8711,0,0,0,Primary,Fibroblast,Fibroblast,26,TRUE,FALSE,FALSE,TRUE,FALSE,FALSE
HNSCC26_P12_G04_S268_comb,0,0,0.13225,8.4989,0,0,0,Lymph node,Fibroblast,Fibroblast,26,FALSE,FALSE,TRUE,TRUE,FALSE,FALSE
HN25_P23_G05_S269_comb,0,0,0,7.7746,0,0,0,Lymph node,Fibroblast,Fibroblast,25,FALSE,FALSE,FALSE,TRUE,FALSE,FALSE
HN26_P25_E02_S146_comb,0,0,3.0704,0,3.466,7.1571,1,Lymph node,0,Cancer cells,26,FALSE,FALSE,TRUE,FALSE,TRUE,TRUE
HN25_P25_F01_S349_comb,0,0,0,9.9832,0,0,0,Lymph node,Fibroblast,Fibroblast,25,FALSE,FALSE,FALSE,TRUE,FALSE,FALSE
HN26_P26_E10_S346_comb,1.3885,0,3.7231,0,3.9522,9.9367,1,Lymph node,0,Cancer cells,26,TRUE,FALSE,TRUE,FALSE,TRUE,TRUE
HN26_P6_B04_S16_comb,3.6002,3.0512,4.8113,0,9.7685,3.4564,1,Primary,0,Cancer cells,26,TRUE,TRUE,TRUE,FALSE,TRUE,TRUE
HN25_P23_C01_S217_comb,0,0,0,7.6485,0,0,0,Lymph node,B cell,B cell,25,FALSE,FALSE,FALSE,TRUE,FALSE,FALSE
HN28_P6_A09_S105_comb,0,0,0,9.2027,0,0,0,Primary,Fibroblast,Fibroblast,28,FALSE,FALSE,FALSE,TRUE,FALSE,FALSE
HN25_P25_E06_S342_comb,0,0,0,9.476,1.069,0.57628,0,Lymph node,Fibroblast,Fibroblast,25,FALSE,FALSE,FALSE,TRUE,TRUE,TRUE
HN25_P23_H09_S285_comb,0,0,0,8.2956,0,0,0,Lymph node,Fibroblast,Fibroblast,25,FALSE,FALSE,FALSE,TRUE,FALSE,FALSE
HN28_P6_H07_S187_comb,5.4038,0,4.772,9.5152,0,0,0,Primary,Fibroblast,Fibroblast,28,TRUE,FALSE,TRUE,TRUE,FALSE,FALSE
HNSCC26_P24_D01_S325_comb,3.8321,0,2.9063,0,0,7.5277,1,Lymph node,0,Cancer cells,26,TRUE,FALSE,TRUE,FALSE,FALSE,TRUE
HN25_P24_H02_S182_comb,3.5913,8.6033,8.7193,8.9909,11.129,10.425,1,Lymph node,0,Cancer cells,25,TRUE,TRUE,TRUE,TRUE,TRUE,TRUE
HN26_P13_E03_S147_comb,0,0,2.3118,3.1625,0,6.8778,1,Lymph node,0,Cancer cells,26,FALSE,FALSE,TRUE,TRUE,FALSE,TRUE
HN26_P25_B03_S111_comb,3.3121,0,2.853,4.1875,2.7954,6.5525,1,Lymph node,0,Cancer cells,26,TRUE,FALSE,TRUE,TRUE,TRUE,TRUE
HNSCC26_P12_D11_S239_comb,0,0,0,7.7195,0,1.315,0,Lymph node,Fibroblast,Fibroblast,26,FALSE,FALSE,FALSE,TRUE,FALSE,TRUE
HN28_P6_B03_S111_comb,4.7403,0,0,7.788,0,0,0,Primary,Fibroblast,Fibroblast,28,TRUE,FALSE,FALSE,TRUE,FALSE,FALSE
HN26_P5_H08_S92_comb,3.2019,0,0,0,7.1779,5.1391,1,Primary,0,Cancer cells,26,TRUE,FALSE,FALSE,FALSE,TRUE,TRUE
HN25_P5_B06_S18_comb,3.5924,0,0,5.5401,0,0,0,Primary,myocyte,myocyte,25,TRUE,FALSE,FALSE,TRUE,FALSE,FALSE
HN25_P5_B04_S16_comb,0.44148,4.3836,0,7.7323,0,0,0,Primary,#NAME?,#NAME?,25,TRUE,TRUE,FALSE,TRUE,FALSE,FALSE
HNSCC26_P24_D02_S326_comb,2.6034,0,0,0,8.4939,7.7981,1,Lymph node,0,Cancer cells,26,TRUE,FALSE,FALSE,FALSE,TRUE,TRUE
HN25_P5_A05_S5_comb,0,4.9234,0,7.7191,0,0,0,Primary,Fibroblast,Fibroblast,25,FALSE,TRUE,FALSE,TRUE,FALSE,FALSE
HN26_P5_D09_S45_comb,0,0,3.5298,0,0,11.641,1,Primary,0,Cancer cells,26,FALSE,FALSE,TRUE,FALSE,FALSE,TRUE
HNSCC26_P12_G11_S275_comb,0.47923,0,0,9.1041,0,0.30334,0,Lymph node,Fibroblast,Fibroblast,26,TRUE,FALSE,FALSE,TRUE,FALSE,TRUE
HN26_P25_A01_S97_comb,0,1.5563,3.5926,0,7.9633,7.1851,1,Lymph node,0,Cancer cells,26,FALSE,TRUE,TRUE,FALSE,TRUE,TRUE
HN26_P25_A03_S99_comb,0,0,4.1211,0,4.6014,7.3921,1,Lymph node,0,Cancer cells,26,FALSE,FALSE,TRUE,FALSE,TRUE,TRUE
HNSCC26_P12_H11_S287_comb,0,0,0,8.1371,0,0,0,Lymph node,Fibroblast,Fibroblast,26,FALSE,FALSE,FALSE,TRUE,FALSE,FALSE
HN25_P24_F06_S162_comb,6.3805,0.97453,0,10.195,0,0,0,Lymph node,Fibroblast,Fibroblast,25,TRUE,TRUE,FALSE,TRUE,FALSE,FALSE
HN26_P6_A08_S8_comb,0,5.3143,0,7.3462,0,0,0,Primary,Fibroblast,Fibroblast,26,FALSE,TRUE,FALSE,TRUE,FALSE,FALSE
HNSCC26_P24_H10_S382_comb,0,0,3.8169,8.9844,11.605,10.392,0,Lymph node,0,0,26,FALSE,FALSE,TRUE,TRUE,TRUE,TRUE
HN25_P5_B12_S24_comb,3.8609,3.8191,3.6678,6.0937,10.631,3.4843,1,Primary,0,Cancer cells,25,TRUE,TRUE,TRUE,TRUE,TRUE,TRUE
HN28_P6_A02_S98_comb,0,0,1.3907,10.28,0,0,0,Primary,Fibroblast,Fibroblast,28,FALSE,FALSE,TRUE,TRUE,FALSE,FALSE
HN25_P24_G02_S170_comb,6.7578,5.5485,0,9.7096,0.44148,0,0,Lymph node,Fibroblast,Fibroblast,25,TRUE,TRUE,FALSE,TRUE,TRUE,FALSE
HN26_P13_C04_S124_comb,0,0,0,0,0,8.893,1,Lymph node,0,Cancer cells,26,FALSE,FALSE,FALSE,FALSE,FALSE,TRUE
HN25_P25_A12_S300_comb,2.9165,4.6109,4.087,7.0915,11.181,3.895,1,Lymph node,0,Cancer cells,25,TRUE,TRUE,TRUE,TRUE,TRUE,TRUE
HN26_P14_C05_S221_comb,0,0,0,8.5347,0,0,0,Lymph node,Fibroblast,Fibroblast,26,FALSE,FALSE,FALSE,TRUE,FALSE,FALSE
HN25_P24_H04_S184_comb,6.3479,0,0,8.9817,0,0,0,Lymph node,Fibroblast,Fibroblast,25,TRUE,FALSE,FALSE,TRUE,FALSE,FALSE
HN26_P25_A07_S103_comb,0,0,0,9.241,0,0,0,Lymph node,Macrophage,Macrophage,26,FALSE,FALSE,FALSE,TRUE,FALSE,FALSE
HNSCC26_P12_H07_S283_comb,0.56365,5.3517,0,7.3531,0,0,1,Lymph node,0,Cancer cells,26,TRUE,TRUE,FALSE,TRUE,FALSE,FALSE
HN26_P25_C02_S122_comb,2.6182,1.8616,3.2984,0,3.1704,6.0051,1,Lymph node,0,Cancer cells,26,TRUE,TRUE,TRUE,FALSE,TRUE,TRUE
HN26_P26_F06_S354_comb,3.38,0,3.2048,0,0,0,1,Lymph node,0,Cancer cells,26,TRUE,FALSE,TRUE,FALSE,FALSE,FALSE
HN28_P6_H10_S190_comb,0,0,0,9.8893,0,0,0,Primary,Fibroblast,Fibroblast,28,FALSE,FALSE,FALSE,TRUE,FALSE,FALSE
HN25_P25_C07_S319_comb,3.1192,2.6189,2.7814,6.3893,10.657,7.0348,1,Lymph node,0,Cancer cells,25,TRUE,TRUE,TRUE,TRUE,TRUE,TRUE
HNSCC26_P24_C09_S321_comb,6.1701,0,0.13488,0,6.335,7.9155,1,Lymph node,0,Cancer cells,26,TRUE,FALSE,TRUE,FALSE,TRUE,TRUE
HNSCC26_P24_F08_S356_comb,0.48336,0,0,8.9119,0,0,0,Lymph node,Fibroblast,Fibroblast,26,TRUE,FALSE,FALSE,TRUE,FALSE,FALSE
HN28_P6_G06_S174_comb,0,0,0,7.8424,0,0,0,Primary,Fibroblast,Fibroblast,28,FALSE,FALSE,FALSE,TRUE,FALSE,FALSE
HN25_P5_H09_S93_comb,0,0,0,9.9511,0,0,0,Primary,Fibroblast,Fibroblast,25,FALSE,FALSE,FALSE,TRUE,FALSE,FALSE
HN26_P14_A02_S194_comb,0,0,0.32654,8.7608,0,0,0,Lymph node,Fibroblast,Fibroblast,26,FALSE,FALSE,TRUE,TRUE,FALSE,FALSE
HNSCC26_P24_B09_S309_comb,5.2063,0.059355,3.4507,0,10.009,9.822,1,Lymph node,0,Cancer cells,26,TRUE,TRUE,TRUE,FALSE,TRUE,TRUE
HN26_P13_F04_S160_comb,0,0,0,9.984,0,0,0,Lymph node,Fibroblast,Fibroblast,26,FALSE,FALSE,FALSE,TRUE,FALSE,FALSE
HN25_P24_A08_S104_comb,0,0,0,8.1944,0,0,0,Lymph node,Fibroblast,Fibroblast,25,FALSE,FALSE,FALSE,TRUE,FALSE,FALSE
HN26_P13_F07_S163_comb,0,0,0,8.6389,0,0,0,Lymph node,Fibroblast,Fibroblast,26,FALSE,FALSE,FALSE,TRUE,FALSE,FALSE
HN26_P13_D06_S138_comb,3.2222,0,0.8512,0,8.8978,6.584,1,Lymph node,0,Cancer cells,26,TRUE,FALSE,TRUE,FALSE,TRUE,TRUE
HN28_P15_B12_S312_comb,2.3863,0.62761,6.892,0,11.545,10.051,1,Lymph node,0,Cancer cells,28,TRUE,TRUE,TRUE,FALSE,TRUE,TRUE
HN28_P15_D11_S335_comb,6.8556,5.316,0,8.8756,0,0,0,Lymph node,Fibroblast,Fibroblast,28,TRUE,TRUE,FALSE,TRUE,FALSE,FALSE
HN28_P15_C09_S321_comb,6.3191,0,0,8.1592,0,0,0,Lymph node,Fibroblast,Fibroblast,28,TRUE,FALSE,FALSE,TRUE,FALSE,FALSE
HN26_P25_G03_S171_comb,5.0071,0,0,0,7.2251,5.8001,1,Lymph node,0,Cancer cells,26,TRUE,FALSE,FALSE,FALSE,TRUE,TRUE
HN28_P6_C01_S121_comb,0,5.237,0,9.2524,0,0,0,Primary,Endothelial,Endothelial,28,FALSE,TRUE,FALSE,TRUE,FALSE,FALSE
HN25_P23_H02_S278_comb,0,0,0,8.0802,1.8992,0.39616,0,Lymph node,B cell,B cell,25,FALSE,FALSE,FALSE,TRUE,TRUE,TRUE
HN26_P25_E03_S147_comb,1.9107,0,2.6668,3.1541,0,0,1,Lymph node,0,Cancer cells,26,TRUE,FALSE,TRUE,TRUE,FALSE,FALSE
HN26_P5_F06_S66_comb,7.0801,0.90458,0,9.804,0,0,0,Primary,Fibroblast,Fibroblast,26,TRUE,TRUE,FALSE,TRUE,FALSE,FALSE
HN28_P15_A01_S289_comb,5.0884,0,0,8.5502,0,0,0,Lymph node,Fibroblast,Fibroblast,28,TRUE,FALSE,FALSE,TRUE,FALSE,FALSE
HN26_P25_F09_S165_comb,0,2.8365,1.2726,4.2917,9.3989,9.0644,1,Lymph node,0,Cancer cells,26,FALSE,TRUE,TRUE,TRUE,TRUE,TRUE
HN25_P5_B01_S13_comb,5.4554,0,0.10434,7.8536,0.52907,0,0,Primary,Fibroblast,Fibroblast,25,TRUE,FALSE,TRUE,TRUE,TRUE,FALSE
HN26_P6_B02_S14_comb,3.9438,0,3.9546,0,8.3071,6.8487,1,Primary,0,Cancer cells,26,TRUE,FALSE,TRUE,FALSE,TRUE,TRUE
HNSCC26_P24_A09_S297_comb,3.898,0,0,2.0817,0,0,1,Lymph node,0,Cancer cells,26,TRUE,FALSE,FALSE,TRUE,FALSE,FALSE
HN28_P6_E12_S156_comb,6.3696,4.4232,3.7928,9.0927,0,0,0,Primary,Fibroblast,Fibroblast,28,TRUE,TRUE,TRUE,TRUE,FALSE,FALSE
HN25_P5_G10_S82_comb,4.3377,0.30685,0,8.1928,0,0,0,Primary,Fibroblast,Fibroblast,25,TRUE,TRUE,FALSE,TRUE,FALSE,FALSE
HNSCC26_P24_F11_S359_comb,0.29748,0,3.6284,0,8.4998,8.7711,1,Lymph node,0,Cancer cells,26,TRUE,FALSE,TRUE,FALSE,TRUE,TRUE
HN26_P13_G10_S178_comb,6.3046,0,0.78743,8.9794,0,0,0,Lymph node,Fibroblast,Fibroblast,26,TRUE,FALSE,TRUE,TRUE,FALSE,FALSE
HN26_P6_G03_S75_comb,0,0,0,8.7303,0,0,0,Primary,Fibroblast,Fibroblast,26,FALSE,FALSE,FALSE,TRUE,FALSE,FALSE
HN25_P24_B12_S120_comb,0,0,0,5.3993,0,0,0,Lymph node,T cell,T cell,25,FALSE,FALSE,FALSE,TRUE,FALSE,FALSE
HN26_P13_B04_S112_comb,3.0444,0,2.9057,0,8.3881,7.3677,1,Lymph node,0,Cancer cells,26,TRUE,FALSE,TRUE,FALSE,TRUE,TRUE
HN26_P13_H09_S189_comb,0,0,0.19535,9.1339,0,0,0,Lymph node,Fibroblast,Fibroblast,26,FALSE,FALSE,TRUE,TRUE,FALSE,FALSE
HN25_P5_E09_S57_comb,1.7088,4.0169,0.86156,5.6097,12.261,7.3914,1,Primary,0,Cancer cells,25,TRUE,TRUE,TRUE,TRUE,TRUE,TRUE
HN26_P26_D03_S327_comb,4.6861,0,0,0,2.4647,6.8221,1,Lymph node,0,Cancer cells,26,TRUE,FALSE,FALSE,FALSE,TRUE,TRUE
HN26_P14_B04_S208_comb,2.892,0,6.1231,0,7.1146,0.11103,1,Lymph node,0,Cancer cells,26,TRUE,FALSE,TRUE,FALSE,TRUE,TRUE
HN25_P25_F05_S353_comb,0,0,0,8.2473,0.41468,0,0,Lymph node,Fibroblast,Fibroblast,25,FALSE,FALSE,FALSE,TRUE,TRUE,FALSE
HN26_P14_H03_S279_comb,0,0,3.6792,0,0,6.9586,1,Lymph node,0,Cancer cells,26,FALSE,FALSE,TRUE,FALSE,FALSE,TRUE
HN28_P6_D03_S135_comb,5.0902,0,0,7.8802,0,0,0,Primary,Fibroblast,Fibroblast,28,TRUE,FALSE,FALSE,TRUE,FALSE,FALSE
HN26_P5_F01_S61_comb,6.7987,0,0,9.3376,0,0,0,Primary,Fibroblast,Fibroblast,26,TRUE,FALSE,FALSE,TRUE,FALSE,FALSE
HNSCC26_P24_G03_S363_comb,0,0,0,0,8.2497,9.2423,0,Lymph node,0,0,26,FALSE,FALSE,FALSE,FALSE,TRUE,TRUE
HN28_P6_A11_S107_comb,0,0,0.1635,0,10.909,10.048,0,Primary,0,0,28,FALSE,FALSE,TRUE,FALSE,TRUE,TRUE
HN26_P14_F07_S259_comb,0,0,0,7.7584,0,0,0,Lymph node,Fibroblast,Fibroblast,26,FALSE,FALSE,FALSE,TRUE,FALSE,FALSE
HN26_P25_G08_S176_comb,4.5083,0,0,5.5121,0.15186,9.015,1,Lymph node,0,Cancer cells,26,TRUE,FALSE,FALSE,TRUE,TRUE,TRUE
HN25_P25_G12_S372_comb,3.7,4.3111,4.2317,8.2311,10.125,0,1,Lymph node,0,Cancer cells,25,TRUE,TRUE,TRUE,TRUE,TRUE,FALSE
HNSCC26_P12_F04_S256_comb,4.5398,0,6.3343,5.0053,0,8.567,1,Lymph node,0,Cancer cells,26,TRUE,FALSE,TRUE,TRUE,FALSE,TRUE
HN26_P6_B05_S17_comb,3.5414,0,3.1654,0,7.8156,6.0497,1,Primary,0,Cancer cells,26,TRUE,FALSE,TRUE,FALSE,TRUE,TRUE
HN26_P26_H04_S376_comb,2.5864,0,0,1.8984,0,7.9526,1,Lymph node,0,Cancer cells,26,TRUE,FALSE,FALSE,TRUE,FALSE,TRUE
HN28_P15_B10_S310_comb,0,0,0,2.4279,0,0,0,Lymph node,B cell,B cell,28,FALSE,FALSE,FALSE,TRUE,FALSE,FALSE
HN28_P15_F05_S353_comb,5.0607,5.5565,0,9.894,2.2863,1.5955,0,Lymph node,Fibroblast,Fibroblast,28,TRUE,TRUE,FALSE,TRUE,TRUE,TRUE
HN25_P25_B08_S308_comb,0,0,0,0.36737,0,0,0,Lymph node,Dendritic,Dendritic,25,FALSE,FALSE,FALSE,TRUE,FALSE,FALSE
HNSCC26_P24_E10_S346_comb,6.9658,0,0,8.2002,0,0,0,Lymph node,Fibroblast,Fibroblast,26,TRUE,FALSE,FALSE,TRUE,FALSE,FALSE
HN26_P5_F02_S62_comb,0,0,1.1596,0,0,0,1,Primary,0,Cancer cells,26,FALSE,FALSE,TRUE,FALSE,FALSE,FALSE
HN28_P15_D01_S325_comb,0,0,0,9.6767,0,0,0,Lymph node,Fibroblast,Fibroblast,28,FALSE,FALSE,FALSE,TRUE,FALSE,FALSE
HN25_P25_A07_S295_comb,0,1.539,0,10.456,0.26664,0,0,Lymph node,Fibroblast,Fibroblast,25,FALSE,TRUE,FALSE,TRUE,TRUE,FALSE
HN26_P14_C10_S226_comb,0,0,0,4.4673,0,0,1,Lymph node,0,Cancer cells,26,FALSE,FALSE,FALSE,TRUE,FALSE,FALSE
HNSCC26_P24_H08_S380_comb,3.5783,0,1.6996,4.3913,0,9.781,1,Lymph node,0,Cancer cells,26,TRUE,FALSE,TRUE,TRUE,FALSE,TRUE
HN26_P5_G03_S75_comb,6.265,0,0,8.2724,0,0,0,Primary,Fibroblast,Fibroblast,26,TRUE,FALSE,FALSE,TRUE,FALSE,FALSE
HN25_P5_D05_S41_comb,5.6776,0,0.12433,8.5169,0,0,0,Primary,Fibroblast,Fibroblast,25,TRUE,FALSE,TRUE,TRUE,FALSE,FALSE
HN26_P26_D10_S334_comb,5.0788,0.069015,0,9.8607,0,0,0,Lymph node,Fibroblast,Fibroblast,26,TRUE,TRUE,FALSE,TRUE,FALSE,FALSE
HN26_P6_H12_S96_comb,0,6.2691,0,9.4088,0,0,0,Primary,Fibroblast,Fibroblast,26,FALSE,TRUE,FALSE,TRUE,FALSE,FALSE
HN25_P5_D12_S48_comb,5.5333,4.1595,4.7318,6.7534,10.244,4.1953,1,Primary,0,Cancer cells,25,TRUE,TRUE,TRUE,TRUE,TRUE,TRUE
HN25_P5_F12_S72_comb,3.3576,4.2135,4.5006,4.2943,10.361,12.281,1,Primary,0,Cancer cells,25,TRUE,TRUE,TRUE,TRUE,TRUE,TRUE
HN26_P14_C04_S220_comb,0,0,3.1798,0,8.0253,5.8222,1,Lymph node,0,Cancer cells,26,FALSE,FALSE,TRUE,FALSE,TRUE,TRUE
HN26_P26_B12_S312_comb,5.5197,0,0,0,5.8669,10.075,1,Lymph node,0,Cancer cells,26,TRUE,FALSE,FALSE,FALSE,TRUE,TRUE
HN25_P5_E06_S54_comb,2.8166,3.8123,0,9.8832,0.17505,0,0,Primary,Fibroblast,Fibroblast,25,TRUE,TRUE,FALSE,TRUE,TRUE,FALSE
HN25_P23_B12_S216_comb,4.681,0,2.818,5.8397,12.351,7.0203,1,Lymph node,0,Cancer cells,25,TRUE,FALSE,TRUE,TRUE,TRUE,TRUE
HN26_P25_H04_S184_comb,2.5668,1.8781,0.048236,0,9.0586,8.4737,1,Lymph node,0,Cancer cells,26,TRUE,TRUE,TRUE,FALSE,TRUE,TRUE
HN28_P6_E06_S150_comb,3.8927,0,0,9.2627,0,0,0,Primary,Fibroblast,Fibroblast,28,TRUE,FALSE,FALSE,TRUE,FALSE,FALSE
HN25_P24_D08_S140_comb,5.1471,0,0,9.0591,0,0,0,Lymph node,Fibroblast,Fibroblast,25,TRUE,FALSE,FALSE,TRUE,FALSE,FALSE
HN28_P6_E09_S153_comb,0,4.9019,0.14535,8.9414,0,0,0,Primary,Fibroblast,Fibroblast,28,FALSE,TRUE,TRUE,TRUE,FALSE,FALSE
HN26_P26_D12_S336_comb,1.7407,0.27501,0,0,5.4239,4.8427,1,Lymph node,0,Cancer cells,26,TRUE,TRUE,FALSE,FALSE,TRUE,TRUE
HN26_P26_F07_S355_comb,3.1423,2.5145,0,0,9.6107,8.1547,1,Lymph node,0,Cancer cells,26,TRUE,TRUE,FALSE,FALSE,TRUE,TRUE
HN28_P15_G07_S367_comb,3.9221,0,5.2599,0,10.855,9.9061,1,Lymph node,0,Cancer cells,28,TRUE,FALSE,TRUE,FALSE,TRUE,TRUE
HN25_P23_B11_S215_comb,0.72596,0,0,10.223,1.5993,0,0,Lymph node,Fibroblast,Fibroblast,25,TRUE,FALSE,FALSE,TRUE,TRUE,FALSE
HN25_P24_G09_S177_comb,0,5.6841,4.607,8.9931,1.2845,0,0,Lymph node,Fibroblast,Fibroblast,25,FALSE,TRUE,TRUE,TRUE,TRUE,FALSE
HN28_P15_F12_S360_comb,3.6114,0,4.9715,0,12.098,8.4541,1,Lymph node,0,Cancer cells,28,TRUE,FALSE,TRUE,FALSE,TRUE,TRUE
HN28_P15_A06_S294_comb,0,0,0,8.5308,0,0,0,Lymph node,Fibroblast,Fibroblast,28,FALSE,FALSE,FALSE,TRUE,FALSE,FALSE
HN26_P14_D08_S236_comb,0,0,0,8.3539,0,0,0,Lymph node,Fibroblast,Fibroblast,26,FALSE,FALSE,FALSE,TRUE,FALSE,FALSE
HN28_P15_H10_S382_comb,2.6003,0,0.15316,9.148,0,0,0,Lymph node,Fibroblast,Fibroblast,28,TRUE,FALSE,TRUE,TRUE,FALSE,FALSE
HN26_P25_C12_S132_comb,3.6388,1.742,3.8277,0,0,0,1,Lymph node,0,Cancer cells,26,TRUE,TRUE,TRUE,FALSE,FALSE,FALSE
HN25_P24_E11_S155_comb,0,0,0,9.3105,0,0,0,Lymph node,Fibroblast,Fibroblast,25,FALSE,FALSE,FALSE,TRUE,FALSE,FALSE
HN26_P13_G06_S174_comb,0,0,0,7.1768,0,0,0,Lymph node,B cell,B cell,26,FALSE,FALSE,FALSE,TRUE,FALSE,FALSE
HN25_P5_F09_S69_comb,2.3294,2.5811,3.6152,7.8516,10.75,6.9401,1,Primary,0,Cancer cells,25,TRUE,TRUE,TRUE,TRUE,TRUE,TRUE
HN26_P25_E11_S155_comb,0,0,3.2029,0,0,7.7573,0,Lymph node,0,0,26,FALSE,FALSE,TRUE,FALSE,FALSE,TRUE
HN25_P23_E12_S252_comb,0,4.0679,5.1189,0,9.0316,10.782,1,Lymph node,0,Cancer cells,25,FALSE,TRUE,TRUE,FALSE,TRUE,TRUE
HN28_P15_H08_S380_comb,0.41576,0,0,9.5507,0.25096,0,0,Lymph node,Fibroblast,Fibroblast,28,TRUE,FALSE,FALSE,TRUE,TRUE,FALSE
HN25_P24_F07_S163_comb,3.1195,0,4.2674,5.0698,11.739,6.9986,1,Lymph node,0,Cancer cells,25,TRUE,FALSE,TRUE,TRUE,TRUE,TRUE
HN25_P23_G06_S270_comb,3.8052,2.6656,5.8536,4.9609,12.029,3.4799,1,Lymph node,0,Cancer cells,25,TRUE,TRUE,TRUE,TRUE,TRUE,TRUE
HN28_P6_E02_S146_comb,0,0,0,8.3637,0,0,0,Primary,Fibroblast,Fibroblast,28,FALSE,FALSE,FALSE,TRUE,FALSE,FALSE
HN25_P24_G10_S178_comb,0,5.9361,7.4053,8.3459,10.835,0.70576,1,Lymph node,0,Cancer cells,25,FALSE,TRUE,TRUE,TRUE,TRUE,TRUE
HN26_P14_D05_S233_comb,0,0,0,0.089498,0,6.9295,1,Lymph node,0,Cancer cells,26,FALSE,FALSE,FALSE,TRUE,FALSE,TRUE
HN26_P14_A01_S193_comb,2.3138,2.7214,3.03,0,0,8.956,1,Lymph node,0,Cancer cells,26,TRUE,TRUE,TRUE,FALSE,FALSE,TRUE
HNSCC26_P24_C10_S322_comb,0,0,0,0,2.3978,10.34,1,Lymph node,0,Cancer cells,26,FALSE,FALSE,FALSE,FALSE,TRUE,TRUE
HN26_P26_H09_S381_comb,0,0,0,0,4.0114,8.8459,1,Lymph node,0,Cancer cells,26,FALSE,FALSE,FALSE,FALSE,TRUE,TRUE
HN25_P24_F02_S158_comb,4.8743,5.8819,0.13881,9.2553,0.38405,0.39944,0,Lymph node,Fibroblast,Fibroblast,25,TRUE,TRUE,TRUE,TRUE,TRUE,TRUE
HN28_P15_H11_S383_comb,4.2666,4.3138,0,9.6429,0,0,0,Lymph node,Fibroblast,Fibroblast,28,TRUE,TRUE,FALSE,TRUE,FALSE,FALSE
HN25_P23_C06_S222_comb,0,0,0,8.5149,0,0,0,Lymph node,Fibroblast,Fibroblast,25,FALSE,FALSE,FALSE,TRUE,FALSE,FALSE
HN25_P5_D10_S46_comb,0,0,0,8.7134,0,0,0,Primary,Fibroblast,Fibroblast,25,FALSE,FALSE,FALSE,TRUE,FALSE,FALSE
HN26_P26_B08_S308_comb,0,3.2642,3.6366,4.3237,3.3045,9.9256,1,Lymph node,0,Cancer cells,26,FALSE,TRUE,TRUE,TRUE,TRUE,TRUE
HN26_P25_D02_S134_comb,0,0,0.052416,4.6978,0,3.9012,1,Lymph node,0,Cancer cells,26,FALSE,FALSE,TRUE,TRUE,FALSE,TRUE
HN25_P23_H03_S279_comb,2.7795,5.1867,0,9.6507,0,0,0,Lymph node,Fibroblast,Fibroblast,25,TRUE,TRUE,FALSE,TRUE,FALSE,FALSE
HN26_P26_C04_S316_comb,3.365,0,0,0,6.1618,8.7435,1,Lymph node,0,Cancer cells,26,TRUE,FALSE,FALSE,FALSE,TRUE,TRUE
HN28_P6_E10_S154_comb,0,0,0,9.3823,0,0,0,Primary,Fibroblast,Fibroblast,28,FALSE,FALSE,FALSE,TRUE,FALSE,FALSE
HN26_P25_B08_S116_comb,3.8211,3.3195,4.3918,7.7591,0,8.3642,1,Lymph node,0,Cancer cells,26,TRUE,TRUE,TRUE,TRUE,FALSE,TRUE
HN28_P6_D12_S144_comb,0,0,0,9.475,0,0,0,Primary,Fibroblast,Fibroblast,28,FALSE,FALSE,FALSE,TRUE,FALSE,FALSE
HN26_P14_H11_S287_comb,6.5533,0,0,9.8468,0,0,0,Lymph node,Fibroblast,Fibroblast,26,TRUE,FALSE,FALSE,TRUE,FALSE,FALSE
HN25_P24_C10_S130_comb,0,0,0,7.32,0.33685,0,0,Lymph node,Fibroblast,Fibroblast,25,FALSE,FALSE,FALSE,TRUE,TRUE,FALSE
HN25_P25_C02_S314_comb,0,0,0,8.7194,0,0,0,Lymph node,B cell,B cell,25,FALSE,FALSE,FALSE,TRUE,FALSE,FALSE
HN26_P13_A02_S98_comb,0,0,0,7.2715,0,0,0,Lymph node,Dendritic,Dendritic,26,FALSE,FALSE,FALSE,TRUE,FALSE,FALSE
HN26_P5_E08_S56_comb,0,6.5607,0,9.1486,0,0,0,Primary,Fibroblast,Fibroblast,26,FALSE,TRUE,FALSE,TRUE,FALSE,FALSE
HN28_P6_B07_S115_comb,0,0.67446,0,10.258,0,0,0,Primary,Fibroblast,Fibroblast,28,FALSE,TRUE,FALSE,TRUE,FALSE,FALSE
HN25_P24_F05_S161_comb,0,0,0,9.3347,0,0,0,Lymph node,Fibroblast,Fibroblast,25,FALSE,FALSE,FALSE,TRUE,FALSE,FALSE
HN26_P14_B09_S213_comb,2.9802,0,3.1248,4.5866,8.5209,7.1551,1,Lymph node,0,Cancer cells,26,TRUE,FALSE,TRUE,TRUE,TRUE,TRUE
HN25_P23_B01_S205_comb,5.441,5.2724,6.2422,7.2534,11.721,1.0384,1,Lymph node,0,Cancer cells,25,TRUE,TRUE,TRUE,TRUE,TRUE,TRUE
HN25_P5_A07_S7_comb,2.6492,1.6012,3.7825,8.7722,11.074,5.5512,1,Primary,0,Cancer cells,25,TRUE,TRUE,TRUE,TRUE,TRUE,TRUE
HN28_P15_A02_S290_comb,4.139,4.9515,3.1762,9.5589,0,0,0,Lymph node,Fibroblast,Fibroblast,28,TRUE,TRUE,TRUE,TRUE,FALSE,FALSE
HN26_P13_D01_S133_comb,4.2522,0,0,0,0,8.6316,1,Lymph node,0,Cancer cells,26,TRUE,FALSE,FALSE,FALSE,FALSE,TRUE
HN28_P6_B09_S117_comb,0,0,0,9.0981,0.51602,0,0,Primary,Fibroblast,Fibroblast,28,FALSE,FALSE,FALSE,TRUE,TRUE,FALSE
HN25_P5_E05_S53_comb,4.6412,1.9377,1.0482,9.4133,0,0,0,Primary,Fibroblast,Fibroblast,25,TRUE,TRUE,TRUE,TRUE,FALSE,FALSE
HN25_P5_D04_S40_comb,5.8437,0,0.16479,9.4424,0,0,0,Primary,Fibroblast,Fibroblast,25,TRUE,FALSE,TRUE,TRUE,FALSE,FALSE
HN25_P25_E01_S337_comb,0.60975,0,0,9.7941,1.2485,0,0,Lymph node,B cell,B cell,25,TRUE,FALSE,FALSE,TRUE,TRUE,FALSE
HN28_P6_F05_S161_comb,8.2688,0,0,9.3043,0,0,0,Primary,Fibroblast,Fibroblast,28,TRUE,FALSE,FALSE,TRUE,FALSE,FALSE
HN26_P14_E08_S248_comb,0,0.1903,0,9.104,0,0,0,Lymph node,Fibroblast,Fibroblast,26,FALSE,TRUE,FALSE,TRUE,FALSE,FALSE
HN28_P6_D08_S140_comb,5.2142,0,0,9.1085,0,0,0,Primary,Fibroblast,Fibroblast,28,TRUE,FALSE,FALSE,TRUE,FALSE,FALSE
HN26_P6_B08_S20_comb,0,0,0,0,0,5.9829,1,Primary,0,Cancer cells,26,FALSE,FALSE,FALSE,FALSE,FALSE,TRUE
HN26_P5_A09_S9_comb,3.7547,0,3.4556,0,6.9646,6.1143,1,Primary,0,Cancer cells,26,TRUE,FALSE,TRUE,FALSE,TRUE,TRUE
HN26_P25_H01_S181_comb,4.8106,0,2.4859,0,8.1389,7.1205,1,Lymph node,0,Cancer cells,26,TRUE,FALSE,TRUE,FALSE,TRUE,TRUE
HNSCC26_P24_B11_S311_comb,0,0,0.082703,0,7.1454,7.4226,1,Lymph node,0,Cancer cells,26,FALSE,FALSE,TRUE,FALSE,TRUE,TRUE
HN26_P6_F03_S63_comb,0,6.0947,0,9.5892,0,0,0,Primary,Fibroblast,Fibroblast,26,FALSE,TRUE,FALSE,TRUE,FALSE,FALSE
HN28_P6_G08_S176_comb,6.7195,0,3.9006,9.8642,0,0,0,Primary,Fibroblast,Fibroblast,28,TRUE,FALSE,TRUE,TRUE,FALSE,FALSE
HN26_P26_A03_S291_comb,0,0,0,10.291,0,0,0,Lymph node,Fibroblast,Fibroblast,26,FALSE,FALSE,FALSE,TRUE,FALSE,FALSE
HN25_P23_A12_S204_comb,0,0,0.10299,5.2859,0,0,0,Lymph node,B cell,B cell,25,FALSE,FALSE,TRUE,TRUE,FALSE,FALSE
HN26_P13_F01_S157_comb,0,0,0.084064,0,0,0,1,Lymph node,0,Cancer cells,26,FALSE,FALSE,TRUE,FALSE,FALSE,FALSE
HN25_P5_G12_S84_comb,0,0.28214,0.11103,10.965,0.16221,0,0,Primary,Mast,Mast,25,FALSE,TRUE,TRUE,TRUE,TRUE,FALSE
HN26_P5_A07_S7_comb,2.8877,0,1.2253,0,7.9513,3.6974,1,Primary,0,Cancer cells,26,TRUE,FALSE,TRUE,FALSE,TRUE,TRUE
HN25_P23_B02_S206_comb,0,0,0,9.3599,0.40708,0,0,Lymph node,Fibroblast,Fibroblast,25,FALSE,FALSE,FALSE,TRUE,TRUE,FALSE
HN25_P5_B07_S19_comb,0,0,0,9.2619,0,0,0,Primary,Fibroblast,Fibroblast,25,FALSE,FALSE,FALSE,TRUE,FALSE,FALSE
HN25_P5_H04_S88_comb,0,0,4.984,0,11.007,8.2217,0,Primary,0,0,25,FALSE,FALSE,TRUE,FALSE,TRUE,TRUE
HN28_P15_C11_S323_comb,5.8604,1.8762,0,8.4139,0,0,0,Lymph node,Fibroblast,Fibroblast,28,TRUE,TRUE,FALSE,TRUE,FALSE,FALSE
HNSCC26_P12_F08_S260_comb,0,0,4.6849,0,0.15186,9.4355,1,Lymph node,0,Cancer cells,26,FALSE,FALSE,TRUE,FALSE,TRUE,TRUE
HN28_P6_F12_S168_comb,4.8843,0,0,9.2011,0,0,0,Primary,Fibroblast,Fibroblast,28,TRUE,FALSE,FALSE,TRUE,FALSE,FALSE
HN26_P5_G06_S78_comb,0,0,0,0,5.5363,6.1705,1,Primary,0,Cancer cells,26,FALSE,FALSE,FALSE,FALSE,TRUE,TRUE
HN28_P6_G11_S179_comb,6.0328,0,0,6.5886,0,0,0,Primary,Fibroblast,Fibroblast,28,TRUE,FALSE,FALSE,TRUE,FALSE,FALSE
HN26_P5_H04_S88_comb,0,5.6921,0,7.6961,0,0,0,Primary,Fibroblast,Fibroblast,26,FALSE,TRUE,FALSE,TRUE,FALSE,FALSE
HNSCC26_P24_B01_S301_comb,3.4168,0,0.070389,3.6456,0,4.1012,1,Lymph node,0,Cancer cells,26,TRUE,FALSE,TRUE,TRUE,FALSE,TRUE
HN25_P24_D12_S144_comb,5.2181,4.9015,0,8.5894,0.4813,0.49978,0,Lymph node,Fibroblast,Fibroblast,25,TRUE,TRUE,FALSE,TRUE,TRUE,TRUE
HN28_P15_C05_S317_comb,0,0,0,0,0,0,0,Lymph node,T cell,T cell,28,FALSE,FALSE,FALSE,FALSE,FALSE,FALSE
HNSCC26_P24_E02_S338_comb,3.2055,0.085425,0.78576,0,0,5.4876,1,Lymph node,0,Cancer cells,26,TRUE,TRUE,TRUE,FALSE,FALSE,TRUE
HN25_P25_C10_S322_comb,4.8109,5.7676,4.2774,6.0839,12.446,8.8649,1,Lymph node,0,Cancer cells,25,TRUE,TRUE,TRUE,TRUE,TRUE,TRUE
HN28_P15_B05_S305_comb,0.52005,0,0,9.7391,0.35502,0,0,Lymph node,Fibroblast,Fibroblast,28,TRUE,FALSE,FALSE,TRUE,TRUE,FALSE
HN28_P15_C07_S319_comb,3.4152,0,3.55,0,11.793,7.0337,1,Lymph node,0,Cancer cells,28,TRUE,FALSE,TRUE,FALSE,TRUE,TRUE
HN28_P15_E02_S338_comb,4.2112,2.1994,7.4215,0.87735,11.406,10.482,1,Lymph node,0,Cancer cells,28,TRUE,TRUE,TRUE,TRUE,TRUE,TRUE
HN26_P6_F08_S68_comb,4.7062,0.18396,0,5.9993,0,0.18523,0,Primary,Fibroblast,Fibroblast,26,TRUE,TRUE,FALSE,TRUE,FALSE,TRUE
HN25_P25_D09_S333_comb,3.5803,4.3975,4.7431,7.7362,12.525,4.0557,1,Lymph node,0,Cancer cells,25,TRUE,TRUE,TRUE,TRUE,TRUE,TRUE
HN28_P6_F09_S165_comb,0,0,0,9.1687,0,0.45733,0,Primary,Fibroblast,Fibroblast,28,FALSE,FALSE,FALSE,TRUE,FALSE,TRUE
HN25_P23_A08_S200_comb,0,2.8643,0,8.7016,0,0,0,Lymph node,Macrophage,Macrophage,25,FALSE,TRUE,FALSE,TRUE,FALSE,FALSE
HN28_P6_C07_S127_comb,5.2753,0,0,9.4354,0,0,0,Primary,Fibroblast,Fibroblast,28,TRUE,FALSE,FALSE,TRUE,FALSE,FALSE
HN28_P15_F10_S358_comb,3.6725,0,6.1396,0,11.479,9.9782,1,Lymph node,0,Cancer cells,28,TRUE,FALSE,TRUE,FALSE,TRUE,TRUE
HN28_P6_H12_S192_comb,0,0,0,9.2672,0,0,0,Primary,Fibroblast,Fibroblast,28,FALSE,FALSE,FALSE,TRUE,FALSE,FALSE
HN26_P6_F07_S67_comb,2.286,2.7645,0.045443,8.5275,0,0,0,Primary,Fibroblast,Fibroblast,26,TRUE,TRUE,TRUE,TRUE,FALSE,FALSE
HNSCC26_P24_D12_S336_comb,3.8864,0,0.24001,4.3676,5.5265,9.5519,1,Lymph node,0,Cancer cells,26,TRUE,FALSE,TRUE,TRUE,TRUE,TRUE
HN26_P6_D05_S41_comb,4.6699,1.9942,3.3353,0,0,8.9077,1,Primary,0,Cancer cells,26,TRUE,TRUE,TRUE,FALSE,FALSE,TRUE
HN25_P24_D09_S141_comb,0,0,0,6.3754,0,0,0,Lymph node,B cell,B cell,25,FALSE,FALSE,FALSE,TRUE,FALSE,FALSE
HN25_P24_C08_S128_comb,0,0,0,8.3904,0,0,0,Lymph node,Fibroblast,Fibroblast,25,FALSE,FALSE,FALSE,TRUE,FALSE,FALSE
HN26_P25_D04_S136_comb,0,0,0,8.2161,0,0,0,Lymph node,Fibroblast,Fibroblast,26,FALSE,FALSE,FALSE,TRUE,FALSE,FALSE
HN28_P15_D12_S336_comb,3.2827,1.6563,3.7201,0,11.238,7.9458,1,Lymph node,0,Cancer cells,28,TRUE,TRUE,TRUE,FALSE,TRUE,TRUE
HN25_P5_B03_S15_comb,5.9677,0.123,0.11503,8.3445,0.32308,0,0,Primary,Fibroblast,Fibroblast,25,TRUE,TRUE,TRUE,TRUE,TRUE,FALSE
HN25_P25_F03_S351_comb,0,0.14535,0,7.9845,0,0,0,Lymph node,B cell,B cell,25,FALSE,TRUE,FALSE,TRUE,FALSE,FALSE
HN25_P5_A09_S9_comb,0,0,0,0,0.48027,0,0,Primary,myocyte,myocyte,25,FALSE,FALSE,FALSE,FALSE,TRUE,FALSE
HN26_P25_C03_S123_comb,0,0,2.1884,4.7647,4.879,8.6368,1,Lymph node,0,Cancer cells,26,FALSE,FALSE,TRUE,TRUE,TRUE,TRUE
HNSCC26_P24_B12_S312_comb,3.4852,0,2.52,0,7.1428,9.5057,1,Lymph node,0,Cancer cells,26,TRUE,FALSE,TRUE,FALSE,TRUE,TRUE
HNSCC26_P24_G05_S365_comb,0,0,3.0552,0,0,10.389,1,Lymph node,0,Cancer cells,26,FALSE,FALSE,TRUE,FALSE,FALSE,TRUE
HN25_P25_H06_S378_comb,0,0,0,0.044044,13.166,11.6,1,Lymph node,0,Cancer cells,25,FALSE,FALSE,FALSE,TRUE,TRUE,TRUE
HN26_P25_G05_S173_comb,3.9409,0,0,0,0,8.8133,1,Lymph node,0,Cancer cells,26,TRUE,FALSE,FALSE,FALSE,FALSE,TRUE
HN26_P14_B11_S215_comb,0,0,0,0,0,6.638,1,Lymph node,0,Cancer cells,26,FALSE,FALSE,FALSE,FALSE,FALSE,TRUE
HN28_P6_C02_S122_comb,0,0,0,9.6634,0,0,0,Primary,Fibroblast,Fibroblast,28,FALSE,FALSE,FALSE,TRUE,FALSE,FALSE
HN28_P6_D06_S138_comb,0,0,0.09356,8.7269,0,0,0,Primary,Fibroblast,Fibroblast,28,FALSE,FALSE,TRUE,TRUE,FALSE,FALSE
HNSCC26_P24_B08_S308_comb,4.2219,0,4.8111,0,6.4198,0,1,Lymph node,0,Cancer cells,26,TRUE,FALSE,TRUE,FALSE,TRUE,FALSE
HN25_P5_D01_S37_comb,0,4.0066,0,8.431,0.42546,0,0,Primary,Fibroblast,Fibroblast,25,FALSE,TRUE,FALSE,TRUE,TRUE,FALSE
HN26_P6_H06_S90_comb,4.1893,0,0,1.3573,0,8.8962,1,Primary,0,Cancer cells,26,TRUE,FALSE,FALSE,TRUE,FALSE,TRUE
HN25_P5_H06_S90_comb,0,0,0,8.1217,0,0,0,Primary,Fibroblast,Fibroblast,25,FALSE,FALSE,FALSE,TRUE,FALSE,FALSE
HN26_P26_E08_S344_comb,0,0,3.022,2.9948,4.1573,6.9319,1,Lymph node,0,Cancer cells,26,FALSE,FALSE,TRUE,TRUE,TRUE,TRUE
HNSCC26_P12_A02_S194_comb,0,0,0,9.1412,0,0,0,Lymph node,Fibroblast,Fibroblast,26,FALSE,FALSE,FALSE,TRUE,FALSE,FALSE
HN26_P5_F05_S65_comb,0,0,0,7.3649,0,0,0,Primary,Fibroblast,Fibroblast,26,FALSE,FALSE,FALSE,TRUE,FALSE,FALSE
HN25_P25_D05_S329_comb,3.7356,2.2851,5.3646,8.4294,11.834,3.6826,1,Lymph node,0,Cancer cells,25,TRUE,TRUE,TRUE,TRUE,TRUE,TRUE
HN26_P14_D10_S238_comb,0,1.6677,3.1664,6.4943,4.7964,8.9768,1,Lymph node,0,Cancer cells,26,FALSE,TRUE,TRUE,TRUE,TRUE,TRUE
HN26_P6_B07_S19_comb,1.6351,6.4996,0,8.8357,0,1.6239,0,Primary,Fibroblast,Fibroblast,26,TRUE,TRUE,FALSE,TRUE,FALSE,TRUE
HN26_P14_D06_S234_comb,0,0,0.069015,0,0,8.4836,1,Lymph node,0,Cancer cells,26,FALSE,FALSE,TRUE,FALSE,FALSE,TRUE
HNSCC26_P24_F09_S357_comb,3.5297,0,3.1546,0,10.574,9.2959,1,Lymph node,0,Cancer cells,26,TRUE,FALSE,TRUE,FALSE,TRUE,TRUE
HN25_P25_A09_S297_comb,4.9525,4.6396,6.3381,7.8217,11.761,6.6319,1,Lymph node,0,Cancer cells,25,TRUE,TRUE,TRUE,TRUE,TRUE,TRUE
HN26_P25_F05_S161_comb,3.3464,0,0,0,7.9087,8.5729,1,Lymph node,0,Cancer cells,26,TRUE,FALSE,FALSE,FALSE,TRUE,TRUE
HN26_P5_E02_S50_comb,0,6.3019,0,8.8386,0,0,0,Primary,Fibroblast,Fibroblast,26,FALSE,TRUE,FALSE,TRUE,FALSE,FALSE
HNSCC26_P12_F11_S263_comb,0,0,0,3.4151,0,3.1253,1,Lymph node,0,Cancer cells,26,FALSE,FALSE,FALSE,TRUE,FALSE,TRUE
HN26_P14_F05_S257_comb,0,0,0,9.1132,0,0,0,Lymph node,Fibroblast,Fibroblast,26,FALSE,FALSE,FALSE,TRUE,FALSE,FALSE
HN25_P23_B03_S207_comb,0,0,0.070389,9.3036,0,0,0,Lymph node,Fibroblast,Fibroblast,25,FALSE,FALSE,TRUE,TRUE,FALSE,FALSE
HN26_P25_C04_S124_comb,3.9822,0,1.6351,0.26784,4.0786,9.8733,1,Lymph node,0,Cancer cells,26,TRUE,FALSE,TRUE,TRUE,TRUE,TRUE
HN28_P15_A07_S295_comb,2.366,0,1.4998,3.7069,11.945,8.0394,1,Lymph node,0,Cancer cells,28,TRUE,FALSE,TRUE,TRUE,TRUE,TRUE
HN26_P5_E12_S60_comb,0,6.0163,0,9.8939,0,0,0,Primary,Fibroblast,Fibroblast,26,FALSE,TRUE,FALSE,TRUE,FALSE,FALSE
HN25_P5_D07_S43_comb,5.5368,0.93584,0.055196,8.9551,0,0.16221,0,Primary,Fibroblast,Fibroblast,25,TRUE,TRUE,TRUE,TRUE,FALSE,TRUE
HN25_P5_C09_S33_comb,4.2973,0,0.034216,0,9.11,12.633,1,Primary,0,Cancer cells,25,TRUE,FALSE,TRUE,FALSE,TRUE,TRUE
HN25_P25_E07_S343_comb,0,0,0,8.0468,0.68257,1.8832,0,Lymph node,Fibroblast,Fibroblast,25,FALSE,FALSE,FALSE,TRUE,TRUE,TRUE
HN28_P15_E03_S339_comb,0,0,0.15445,6.45,0,0,0,Lymph node,Fibroblast,Fibroblast,28,FALSE,FALSE,TRUE,TRUE,FALSE,FALSE
HN25_P5_C12_S36_comb,5.843,3.1463,0,7.6495,0,0.24123,0,Primary,Fibroblast,Fibroblast,25,TRUE,TRUE,FALSE,TRUE,FALSE,TRUE
HNSCC26_P12_E03_S243_comb,5.6953,0,0,0.31499,4.7838,0.42546,0,Lymph node,0,0,26,TRUE,FALSE,FALSE,TRUE,TRUE,TRUE
HN28_P6_C11_S131_comb,2.6388,0,0.13881,7.9786,0,0,0,Primary,Fibroblast,Fibroblast,28,TRUE,FALSE,TRUE,TRUE,FALSE,FALSE
HN25_P24_E04_S148_comb,0,0,0,8.4517,0,0,0,Lymph node,Fibroblast,Fibroblast,25,FALSE,FALSE,FALSE,TRUE,FALSE,FALSE
HNSCC26_P12_G10_S274_comb,0,0,0,5.8487,0,0,0,Lymph node,Fibroblast,Fibroblast,26,FALSE,FALSE,FALSE,TRUE,FALSE,FALSE
HN26_P13_E07_S151_comb,0,0,0,8.0327,0,0,0,Lymph node,Fibroblast,Fibroblast,26,FALSE,FALSE,FALSE,TRUE,FALSE,FALSE
HN26_P13_H03_S183_comb,0,0,0,8.3962,0,0,0,Lymph node,Fibroblast,Fibroblast,26,FALSE,FALSE,FALSE,TRUE,FALSE,FALSE
HN25_P5_C08_S32_comb,4.1987,3.2396,0,8.8541,0.22033,1.6178,0,Primary,Fibroblast,Fibroblast,25,TRUE,TRUE,FALSE,TRUE,TRUE,TRUE
HN26_P14_F02_S254_comb,4.8698,4.3572,4.3127,0,0,7.3759,1,Lymph node,0,Cancer cells,26,TRUE,TRUE,TRUE,FALSE,FALSE,TRUE
HNSCC26_P12_C07_S223_comb,0,0,0,8.6525,0,0,0,Lymph node,Fibroblast,Fibroblast,26,FALSE,FALSE,FALSE,TRUE,FALSE,FALSE
HN25_P5_G02_S74_comb,3.2547,2.57,3.7937,7.0935,12.215,8.7498,1,Primary,0,Cancer cells,25,TRUE,TRUE,TRUE,TRUE,TRUE,TRUE
HNSCC26_P24_D11_S335_comb,2.4473,0,0.66993,0,5.5711,8.7671,1,Lymph node,0,Cancer cells,26,TRUE,FALSE,TRUE,FALSE,TRUE,TRUE
HN25_P25_A03_S291_comb,0,0,0.08134,8.6938,0.23511,0,0,Lymph node,Fibroblast,Fibroblast,25,FALSE,FALSE,TRUE,TRUE,TRUE,FALSE
HN25_P5_H12_S96_comb,4.6078,1.8123,5.0811,0,11.161,10.269,0,Primary,0,0,25,TRUE,TRUE,TRUE,FALSE,TRUE,TRUE
HN26_P25_A05_S101_comb,1.7455,0,0.56949,0,7.3634,9.2758,1,Lymph node,0,Cancer cells,26,TRUE,FALSE,TRUE,FALSE,TRUE,TRUE
HN26_P14_F03_S255_comb,2.251,0,1.2333,0.13881,0,7.6552,1,Lymph node,0,Cancer cells,26,TRUE,FALSE,TRUE,TRUE,FALSE,TRUE
HN25_P5_E08_S56_comb,6.6295,3.6586,2.5173,8.3369,0.90689,0.61824,0,Primary,Fibroblast,Fibroblast,25,TRUE,TRUE,TRUE,TRUE,TRUE,TRUE
HN28_P15_D02_S326_comb,0,0,0,8.5115,0,0,0,Lymph node,Fibroblast,Fibroblast,28,FALSE,FALSE,FALSE,TRUE,FALSE,FALSE
HN25_P5_D08_S44_comb,3.2973,3.698,4.4828,7.033,11.736,0.8504,1,Primary,0,Cancer cells,25,TRUE,TRUE,TRUE,TRUE,TRUE,TRUE
HN25_P25_F11_S359_comb,5.0936,4.2311,0.042644,8.1073,0,0,0,Lymph node,Fibroblast,Fibroblast,25,TRUE,TRUE,TRUE,TRUE,FALSE,FALSE
HN25_P23_E05_S245_comb,6.8188,5.2973,0,8.737,0,0,0,Lymph node,Fibroblast,Fibroblast,25,TRUE,TRUE,FALSE,TRUE,FALSE,FALSE
HN28_P15_G03_S363_comb,4.5952,0,6.6687,0,11.453,10.647,1,Lymph node,0,Cancer cells,28,TRUE,FALSE,TRUE,FALSE,TRUE,TRUE
HN26_P26_G04_S364_comb,4.8671,0,1.992,5.1345,0,7.1899,1,Lymph node,0,Cancer cells,26,TRUE,FALSE,TRUE,TRUE,FALSE,TRUE
HN28_P6_H09_S189_comb,5.4954,0,3.2817,0,11.745,9.349,1,Primary,0,Cancer cells,28,TRUE,FALSE,TRUE,FALSE,TRUE,TRUE
HNSCC26_P24_D04_S328_comb,6.9335,0.10568,2.5059,0,0,5.4843,1,Lymph node,0,Cancer cells,26,TRUE,TRUE,TRUE,FALSE,FALSE,TRUE
HN25_P25_C08_S320_comb,0.33113,0,0.077243,9.4289,0,0.22404,0,Lymph node,Fibroblast,Fibroblast,25,TRUE,FALSE,TRUE,TRUE,FALSE,TRUE
HN26_P5_A06_S6_comb,4.4361,0,0,0,0,0,1,Primary,0,Cancer cells,26,TRUE,FALSE,FALSE,FALSE,FALSE,FALSE
HN28_P15_C12_S324_comb,4.4139,0.9138,0,8.7992,0,0,0,Lymph node,Fibroblast,Fibroblast,28,TRUE,TRUE,FALSE,TRUE,FALSE,FALSE
HNSCC26_P12_H10_S286_comb,0.3505,0,0.10969,2.3827,0,6.7823,1,Lymph node,0,Cancer cells,26,TRUE,FALSE,TRUE,TRUE,FALSE,TRUE
HN28_P15_D05_S329_comb,4.7501,0,5.26,0,11.588,10.599,1,Lymph node,0,Cancer cells,28,TRUE,FALSE,TRUE,FALSE,TRUE,TRUE
HN25_P5_A06_S6_comb,2.2762,1.8809,2.0718,5.2453,9.619,5.5908,1,Primary,0,Cancer cells,25,TRUE,TRUE,TRUE,TRUE,TRUE,TRUE
HN26_P14_C09_S225_comb,0,0,0,8.6674,0,0,0,Lymph node,Fibroblast,Fibroblast,26,FALSE,FALSE,FALSE,TRUE,FALSE,FALSE
HN25_P5_H02_S86_comb,0,0,0,9.3072,0,0,0,Primary,#NAME?,#NAME?,25,FALSE,FALSE,FALSE,TRUE,FALSE,FALSE
HN25_P5_A12_S12_comb,4.0425,0,0,9.2635,0,0,0,Primary,Fibroblast,Fibroblast,25,TRUE,FALSE,FALSE,TRUE,FALSE,FALSE
HN26_P14_G04_S268_comb,4.9826,0,0.052416,8.6845,0,0,0,Lymph node,Fibroblast,Fibroblast,26,TRUE,FALSE,TRUE,TRUE,FALSE,FALSE
HN26_P6_E01_S49_comb,7.1452,5.0276,0,8.8009,0,0,0,Primary,Fibroblast,Fibroblast,26,TRUE,TRUE,FALSE,TRUE,FALSE,FALSE
HN26_P14_D04_S232_comb,1.3533,0,2.9005,0,6.8527,7.1024,1,Lymph node,0,Cancer cells,26,TRUE,FALSE,TRUE,FALSE,TRUE,TRUE
HN26_P26_F04_S352_comb,0,0,0,0,0,5.0631,1,Lymph node,0,Cancer cells,26,FALSE,FALSE,FALSE,FALSE,FALSE,TRUE
HN25_P23_F04_S256_comb,0,0,0.059355,8.9964,0.17377,0,0,Lymph node,Fibroblast,Fibroblast,25,FALSE,FALSE,TRUE,TRUE,TRUE,FALSE
HN28_P6_A03_S99_comb,0,4.7296,4.0657,10.361,0,0,0,Primary,Fibroblast,Fibroblast,28,FALSE,TRUE,TRUE,TRUE,FALSE,FALSE
HNSCC26_P24_H06_S378_comb,3.2713,0,0.074505,0,6.166,8.7723,1,Lymph node,0,Cancer cells,26,TRUE,FALSE,TRUE,FALSE,TRUE,TRUE
HNSCC26_P24_A05_S293_comb,3.2376,0,0,0,3.8415,5.2046,1,Lymph node,0,Cancer cells,26,TRUE,FALSE,FALSE,FALSE,TRUE,TRUE
HN26_P14_E12_S252_comb,3.8283,0,3.0149,0.66903,0,4.0507,1,Lymph node,0,Cancer cells,26,TRUE,FALSE,TRUE,TRUE,FALSE,TRUE
HN26_P26_B01_S301_comb,3.119,0,0,2.8492,0,0,1,Lymph node,0,Cancer cells,26,TRUE,FALSE,FALSE,TRUE,FALSE,FALSE
HNSCC26_P24_E01_S337_comb,4.1967,2.5902,4.0626,0,2.2029,8.9083,1,Lymph node,0,Cancer cells,26,TRUE,TRUE,TRUE,FALSE,TRUE,TRUE
HNSCC26_P12_D04_S232_comb,0,3.5259,2.4542,0,0.66175,10.274,1,Lymph node,0,Cancer cells,26,FALSE,TRUE,TRUE,FALSE,TRUE,TRUE
HN25_P23_C05_S221_comb,0,0,0,8.075,0.28451,0.29631,0,Lymph node,Fibroblast,Fibroblast,25,FALSE,FALSE,FALSE,TRUE,TRUE,TRUE
HNSCC26_P24_B02_S302_comb,4.3947,0,0.13881,0,0,9.937,1,Lymph node,0,Cancer cells,26,TRUE,FALSE,TRUE,FALSE,FALSE,TRUE
HN28_P6_D10_S142_comb,0,0,0,4.2583,0,0,0,Primary,Fibroblast,Fibroblast,28,FALSE,FALSE,FALSE,TRUE,FALSE,FALSE
HN26_P26_B09_S309_comb,3.0215,0,3.231,0,0,6.2633,1,Lymph node,0,Cancer cells,26,TRUE,FALSE,TRUE,FALSE,FALSE,TRUE
HNSCC26_P12_D10_S238_comb,5.1489,0,3.2423,2.4571,0,8.3171,1,Lymph node,0,Cancer cells,26,TRUE,FALSE,TRUE,TRUE,FALSE,TRUE
HN25_P23_H04_S280_comb,3.8797,0,5.6445,7.1241,12.624,6.7983,1,Lymph node,0,Cancer cells,25,TRUE,FALSE,TRUE,TRUE,TRUE,TRUE
HN28_P6_F01_S157_comb,4.725,0,0,8.6891,0,0,0,Primary,Fibroblast,Fibroblast,28,TRUE,FALSE,FALSE,TRUE,FALSE,FALSE
HN26_P5_G02_S74_comb,0,0,0,9.2098,0,0,0,Primary,Fibroblast,Fibroblast,26,FALSE,FALSE,FALSE,TRUE,FALSE,FALSE
HN25_P23_H10_S286_comb,0,0,0,9.6084,0,0,0,Lymph node,Fibroblast,Fibroblast,25,FALSE,FALSE,FALSE,TRUE,FALSE,FALSE
HN28_P6_B12_S120_comb,6.6928,0,0,9.1304,0,0,0,Primary,Fibroblast,Fibroblast,28,TRUE,FALSE,FALSE,TRUE,FALSE,FALSE
HN26_P13_F12_S168_comb,0,0,3.1427,2.4394,4.864,7.5343,1,Lymph node,0,Cancer cells,26,FALSE,FALSE,TRUE,TRUE,TRUE,TRUE
HN25_P25_C03_S315_comb,4.675,0,0,5.0433,10.659,0.48336,1,Lymph node,0,Cancer cells,25,TRUE,FALSE,FALSE,TRUE,TRUE,TRUE
HN28_P15_E11_S347_comb,0,0,0,7.4055,0,0,0,Lymph node,B cell,B cell,28,FALSE,FALSE,FALSE,TRUE,FALSE,FALSE
HN26_P25_B05_S113_comb,2.0229,0,0,3.9428,0.47923,6.6363,1,Lymph node,0,Cancer cells,26,TRUE,FALSE,FALSE,TRUE,TRUE,TRUE
HN28_P15_B03_S303_comb,0,0,0,8.3384,0,0,0,Lymph node,B cell,B cell,28,FALSE,FALSE,FALSE,TRUE,FALSE,FALSE
HN25_P24_G05_S173_comb,3.0192,3.7299,3.3547,7.2687,12.045,0.98112,1,Lymph node,0,Cancer cells,25,TRUE,TRUE,TRUE,TRUE,TRUE,TRUE
HN26_P14_D03_S231_comb,1.5835,0,0.30918,9.9147,0,0,0,Lymph node,Fibroblast,Fibroblast,26,TRUE,FALSE,TRUE,TRUE,FALSE,FALSE
HN26_P25_C07_S127_comb,5.1893,0,1.7983,0,0,8.1082,1,Lymph node,0,Cancer cells,26,TRUE,FALSE,TRUE,FALSE,FALSE,TRUE
HN25_P5_E04_S52_comb,0,3.8115,0,9.7109,0.21288,0,0,Primary,Fibroblast,Fibroblast,25,FALSE,TRUE,FALSE,TRUE,TRUE,FALSE
HN28_P6_B11_S119_comb,0,0,0,6.5165,0,0,0,Primary,Fibroblast,Fibroblast,28,FALSE,FALSE,FALSE,TRUE,FALSE,FALSE
HN26_P6_G04_S76_comb,0,3.2322,0.084064,0,0,0,0,Primary,T cell,T cell,26,FALSE,TRUE,TRUE,FALSE,FALSE,FALSE
HN26_P14_A05_S197_comb,6.3052,0,0,9.4306,0,0,0,Lymph node,Fibroblast,Fibroblast,26,TRUE,FALSE,FALSE,TRUE,FALSE,FALSE
HN26_P25_B10_S118_comb,0,0,0.066261,0,3.8061,9.6412,1,Lymph node,0,Cancer cells,26,FALSE,FALSE,TRUE,FALSE,TRUE,TRUE
HN28_P6_G09_S177_comb,6.587,1.5869,0,7.9707,0,0,0,Primary,Fibroblast,Fibroblast,28,TRUE,TRUE,FALSE,TRUE,FALSE,FALSE
HN26_P5_E03_S51_comb,6.0454,0,0,9.8281,0,0,0,Primary,Fibroblast,Fibroblast,26,TRUE,FALSE,FALSE,TRUE,FALSE,FALSE
HN28_P15_D03_S327_comb,0,0,0,8.06,0,0,0,Lymph node,B cell,B cell,28,FALSE,FALSE,FALSE,TRUE,FALSE,FALSE
HN25_P5_E07_S55_comb,1.9631,2.4057,2.6,7.0527,10.432,7.0216,1,Primary,0,Cancer cells,25,TRUE,TRUE,TRUE,TRUE,TRUE,TRUE
HN28_P15_F09_S357_comb,0,3.7446,6.9124,0,11.422,11.379,1,Lymph node,0,Cancer cells,28,FALSE,TRUE,TRUE,FALSE,TRUE,TRUE
HN26_P14_F10_S262_comb,3.0041,0,3.7538,5.835,0,8.2454,1,Lymph node,0,Cancer cells,26,TRUE,FALSE,TRUE,TRUE,FALSE,TRUE
HN26_P6_C01_S25_comb,0,6.0135,0,9.6426,0,0,0,Primary,Fibroblast,Fibroblast,26,FALSE,TRUE,FALSE,TRUE,FALSE,FALSE
HN25_P24_E10_S154_comb,2.5612,3.7184,2.2818,4.2312,12.176,4.1604,1,Lymph node,0,Cancer cells,25,TRUE,TRUE,TRUE,TRUE,TRUE,TRUE
HN28_P15_E01_S337_comb,2.6776,2.8036,1.1935,0.42008,11.198,4.1184,1,Lymph node,0,Cancer cells,28,TRUE,TRUE,TRUE,TRUE,TRUE,TRUE
HN26_P25_A08_S104_comb,0,0,0,0.2302,11.053,7.5097,1,Lymph node,0,Cancer cells,26,FALSE,FALSE,FALSE,TRUE,TRUE,TRUE
HN25_P25_E02_S338_comb,0,0,0,9.8675,0.55189,0.21661,0,Lymph node,Fibroblast,Fibroblast,25,FALSE,FALSE,FALSE,TRUE,TRUE,TRUE
HN26_P26_F02_S350_comb,4.5923,0,3.8561,0,0,7.7464,1,Lymph node,0,Cancer cells,26,TRUE,FALSE,TRUE,FALSE,FALSE,TRUE
HNSCC26_P12_A07_S199_comb,1.2345,0.055196,2.6213,2.7461,0,8.6463,1,Lymph node,0,Cancer cells,26,TRUE,TRUE,TRUE,TRUE,FALSE,TRUE
HN26_P5_G12_S84_comb,6.5701,0,3.6804,9.8116,0,0,0,Primary,Fibroblast,Fibroblast,26,TRUE,FALSE,TRUE,TRUE,FALSE,FALSE
HN26_P26_C10_S322_comb,0,0,0,8.8189,0,0,0,Lymph node,Fibroblast,Fibroblast,26,FALSE,FALSE,FALSE,TRUE,FALSE,FALSE
HN25_P24_F08_S164_comb,0,6.1396,0,0,0,0,0,Lymph node,Fibroblast,Fibroblast,25,FALSE,TRUE,FALSE,FALSE,FALSE,FALSE
HN26_P5_H10_S94_comb,2.0621,0,0,0,0.17377,11.695,1,Primary,0,Cancer cells,26,TRUE,FALSE,FALSE,FALSE,TRUE,TRUE
HN28_P15_H09_S381_comb,5.0063,4.4999,0,7.3509,0.52907,0,0,Lymph node,Fibroblast,Fibroblast,28,TRUE,TRUE,FALSE,TRUE,TRUE,FALSE
HN28_P15_G12_S372_comb,0,0,1.8976,0,12.159,7.1752,1,Lymph node,0,Cancer cells,28,FALSE,FALSE,TRUE,FALSE,TRUE,TRUE
HN26_P26_B04_S304_comb,0,0,0,8.5908,0,0,0,Lymph node,Fibroblast,Fibroblast,26,FALSE,FALSE,FALSE,TRUE,FALSE,FALSE
HN25_P24_G07_S175_comb,2.7551,4.658,4.4008,7.9566,11.692,0.96495,1,Lymph node,0,Cancer cells,25,TRUE,TRUE,TRUE,TRUE,TRUE,TRUE
HN26_P25_F10_S166_comb,2.7727,0,2.3222,0,0.20038,8.3787,1,Lymph node,0,Cancer cells,26,TRUE,FALSE,TRUE,FALSE,TRUE,TRUE
HN25_P23_C04_S220_comb,0,0,0,10.212,0.83431,0,0,Lymph node,Fibroblast,Fibroblast,25,FALSE,FALSE,FALSE,TRUE,TRUE,FALSE
HN25_P23_H08_S284_comb,0,0,0.049631,6.6319,0,0,0,Lymph node,Fibroblast,Fibroblast,25,FALSE,FALSE,TRUE,TRUE,FALSE,FALSE
HN26_P13_E12_S156_comb,0,0,0.58304,0,7.6127,7.2892,1,Lymph node,0,Cancer cells,26,FALSE,FALSE,TRUE,FALSE,TRUE,TRUE
HN28_P6_B02_S110_comb,0,0,0.12433,0,10.811,8.5963,0,Primary,0,0,28,FALSE,FALSE,TRUE,FALSE,TRUE,TRUE
HN25_P5_C07_S31_comb,5.1909,0,3.8619,6.3611,11.047,4.4615,1,Primary,0,Cancer cells,25,TRUE,FALSE,TRUE,TRUE,TRUE,TRUE
HN25_P24_B04_S112_comb,3.5931,1.9946,0,5.8542,11.821,0.24853,1,Lymph node,0,Cancer cells,25,TRUE,TRUE,FALSE,TRUE,TRUE,TRUE
HN26_P6_H05_S89_comb,4.7485,0,0,9.1109,0,0,0,Primary,Fibroblast,Fibroblast,26,TRUE,FALSE,FALSE,TRUE,FALSE,FALSE
HN25_P5_H08_S92_comb,0,0,0,7.4886,0,0,0,Primary,Fibroblast,Fibroblast,25,FALSE,FALSE,FALSE,TRUE,FALSE,FALSE
HN26_P14_G10_S274_comb,0,0,0.82375,5.2025,0,0,1,Lymph node,0,Cancer cells,26,FALSE,FALSE,TRUE,TRUE,FALSE,FALSE
HN25_P24_B06_S114_comb,6.1586,6.4194,0,10.084,0,0,0,Lymph node,Fibroblast,Fibroblast,25,TRUE,TRUE,FALSE,TRUE,FALSE,FALSE
HN25_P23_G01_S265_comb,4.3942,1.3818,5.357,8.0051,12.56,3.8383,1,Lymph node,0,Cancer cells,25,TRUE,TRUE,TRUE,TRUE,TRUE,TRUE
HN28_P6_H02_S182_comb,0.70664,0,0,9.4683,0,0,0,Primary,Fibroblast,Fibroblast,28,TRUE,FALSE,FALSE,TRUE,FALSE,FALSE
HNSCC26_P24_A07_S295_comb,3.1457,0,2.1375,0,3.3083,4.4998,1,Lymph node,0,Cancer cells,26,TRUE,FALSE,TRUE,FALSE,TRUE,TRUE
HN26_P14_B03_S207_comb,0,0,0,0,8.4484,9.0298,1,Lymph node,0,Cancer cells,26,FALSE,FALSE,FALSE,FALSE,TRUE,TRUE
HN28_P6_F07_S163_comb,4.5708,0,0,9.2667,0.33571,0,0,Primary,Fibroblast,Fibroblast,28,TRUE,FALSE,FALSE,TRUE,TRUE,FALSE
HN25_P5_G03_S75_comb,4.8497,0.98477,2.9548,5.4985,9.977,0.98914,1,Primary,0,Cancer cells,25,TRUE,TRUE,TRUE,TRUE,TRUE,TRUE
HN26_P13_A11_S107_comb,0,0,0,8.3489,0,0,0,Lymph node,Fibroblast,Fibroblast,26,FALSE,FALSE,FALSE,TRUE,FALSE,FALSE
HN25_P23_E06_S246_comb,4.4915,4.5388,6.5556,8.7559,10.575,0.12168,1,Lymph node,0,Cancer cells,25,TRUE,TRUE,TRUE,TRUE,TRUE,TRUE
HN28_P15_A04_S292_comb,0,0,0,10.707,0,0,0,Lymph node,Fibroblast,Fibroblast,28,FALSE,FALSE,FALSE,TRUE,FALSE,FALSE
HN25_P5_B10_S22_comb,0,0,2.9575,0,9.7379,12.174,1,Primary,0,Cancer cells,25,FALSE,FALSE,TRUE,FALSE,TRUE,TRUE
HN28_P15_H05_S377_comb,5.4449,6.2674,0,9.5918,0,0.3505,0,Lymph node,Fibroblast,Fibroblast,28,TRUE,TRUE,FALSE,TRUE,FALSE,TRUE
HN25_P5_C02_S26_comb,5.4325,4.0806,2.3533,6.8491,10.29,7.0168,1,Primary,0,Cancer cells,25,TRUE,TRUE,TRUE,TRUE,TRUE,TRUE
HN25_P23_D02_S230_comb,0,0,0,10.062,0.37962,0,0,Lymph node,Fibroblast,Fibroblast,25,FALSE,FALSE,FALSE,TRUE,TRUE,FALSE
HN25_P24_G01_S169_comb,1.9542,0,0,0,10.163,7.6301,1,Lymph node,0,Cancer cells,25,TRUE,FALSE,FALSE,FALSE,TRUE,TRUE
HN28_P15_C06_S318_comb,0,4.0069,0,8.8588,1.7137,0,0,Lymph node,Fibroblast,Fibroblast,28,FALSE,TRUE,FALSE,TRUE,TRUE,FALSE
HN28_P15_H03_S375_comb,0,5.3226,0,8.5683,0.25701,0,0,Lymph node,Fibroblast,Fibroblast,28,FALSE,TRUE,FALSE,TRUE,TRUE,FALSE
HN28_P6_H11_S191_comb,0,5.2233,0,8.6652,0,0,0,Primary,Fibroblast,Fibroblast,28,FALSE,TRUE,FALSE,TRUE,FALSE,FALSE
HN28_P6_C05_S125_comb,0,0,0,10.225,0,0.96347,0,Primary,Fibroblast,Fibroblast,28,FALSE,FALSE,FALSE,TRUE,FALSE,TRUE
HN26_P14_D07_S235_comb,0,0,0,7.1481,0,0,0,Lymph node,Fibroblast,Fibroblast,26,FALSE,FALSE,FALSE,TRUE,FALSE,FALSE
HN26_P5_D11_S47_comb,0,3.5902,0,0,10.434,9.6567,0,Primary,0,0,26,FALSE,TRUE,FALSE,FALSE,TRUE,TRUE
HNSCC26_P12_B06_S210_comb,2.2934,0.044044,3.2566,2.5298,2.957,6.5895,1,Lymph node,0,Cancer cells,26,TRUE,TRUE,TRUE,TRUE,TRUE,TRUE
HN28_P6_H01_S181_comb,0,0,0,9.1742,0,0,0,Primary,Fibroblast,Fibroblast,28,FALSE,FALSE,FALSE,TRUE,FALSE,FALSE
HN26_P14_A12_S204_comb,5.612,0,0.25942,8.8423,0,0,0,Lymph node,Fibroblast,Fibroblast,26,TRUE,FALSE,TRUE,TRUE,FALSE,FALSE
HN25_P5_F08_S68_comb,5.2412,0,0.064883,7.0623,0,0,0,Primary,Fibroblast,Fibroblast,25,TRUE,FALSE,TRUE,TRUE,FALSE,FALSE
HN25_P24_G08_S176_comb,3.6648,3.6774,7.7412,9.1199,10.203,8.2622,1,Lymph node,0,Cancer cells,25,TRUE,TRUE,TRUE,TRUE,TRUE,TRUE
HN25_P5_A08_S8_comb,5.9834,1.3896,0,9.5626,0,0,0,Primary,Fibroblast,Fibroblast,25,TRUE,TRUE,FALSE,TRUE,FALSE,FALSE
HNSCC26_P12_C11_S227_comb,0,0,0,0,8.9748,6.3138,0,Lymph node,0,0,26,FALSE,FALSE,FALSE,FALSE,TRUE,TRUE
HN28_P15_E08_S344_comb,1.5941,0,4.2572,0,11.446,8.2683,1,Lymph node,0,Cancer cells,28,TRUE,FALSE,TRUE,FALSE,TRUE,TRUE
HNSCC26_P24_G10_S370_comb,0,0,0,9.6095,0,0,0,Lymph node,Fibroblast,Fibroblast,26,FALSE,FALSE,FALSE,TRUE,FALSE,FALSE
HN25_P25_D07_S331_comb,4.1619,0,0,8.0213,0.19283,0,0,Lymph node,Fibroblast,Fibroblast,25,TRUE,FALSE,FALSE,TRUE,TRUE,FALSE
HN26_P14_E09_S249_comb,6.5167,0,0.074505,9.5804,2.5445,1.0079,0,Lymph node,Fibroblast,Fibroblast,26,TRUE,FALSE,TRUE,TRUE,TRUE,TRUE
HN28_P15_H01_S373_comb,2.5509,5.1443,3.8088,9.0042,0,0,0,Lymph node,Endothelial,Endothelial,28,TRUE,TRUE,TRUE,TRUE,FALSE,FALSE
HN26_P6_C06_S30_comb,0,0,0,0,4.7862,8.2141,1,Primary,0,Cancer cells,26,FALSE,FALSE,FALSE,FALSE,TRUE,TRUE
HN26_P5_C11_S35_comb,0,0,0,8.469,0,0,0,Primary,Fibroblast,Fibroblast,26,FALSE,FALSE,FALSE,TRUE,FALSE,FALSE
HN26_P14_H08_S284_comb,5.4758,0,2.5258,9.4942,0,0,0,Lymph node,Fibroblast,Fibroblast,26,TRUE,FALSE,TRUE,TRUE,FALSE,FALSE
HN26_P25_D05_S137_comb,0,2.3471,5.724,0,0,0,1,Lymph node,0,Cancer cells,26,FALSE,TRUE,TRUE,FALSE,FALSE,FALSE
HNSCC26_P12_E01_S241_comb,0,0,0,6.5323,0,0,0,Lymph node,Fibroblast,Fibroblast,26,FALSE,FALSE,FALSE,TRUE,FALSE,FALSE
HNSCC26_P24_C12_S324_comb,0,0,0,8.9858,0,1.2839,0,Lymph node,Fibroblast,Fibroblast,26,FALSE,FALSE,FALSE,TRUE,FALSE,TRUE
HN25_P23_F08_S260_comb,2.9007,2.5298,6.971,6.7148,12.672,9.7817,1,Lymph node,0,Cancer cells,25,TRUE,TRUE,TRUE,TRUE,TRUE,TRUE
HN28_P15_H07_S379_comb,4.785,0,0,8.1593,0.5656,0,0,Lymph node,Fibroblast,Fibroblast,28,TRUE,FALSE,FALSE,TRUE,TRUE,FALSE
HN25_P5_H03_S87_comb,0,0,0,7.9914,0,0,0,Primary,Fibroblast,Fibroblast,25,FALSE,FALSE,FALSE,TRUE,FALSE,FALSE
HN25_P25_G11_S371_comb,0.16736,3.6748,4.0723,7.277,12.157,0.37295,1,Lymph node,0,Cancer cells,25,TRUE,TRUE,TRUE,TRUE,TRUE,TRUE
HN25_P23_F07_S259_comb,0,0,0.49467,0,0,0,0,Lymph node,B cell,B cell,25,FALSE,FALSE,TRUE,FALSE,FALSE,FALSE
HNSCC26_P12_B01_S205_comb,0,0,0,0,0,4.9451,1,Lymph node,0,Cancer cells,26,FALSE,FALSE,FALSE,FALSE,FALSE,TRUE
HN25_P23_D04_S232_comb,4.7436,0.088142,0,10.905,0,0,0,Lymph node,Fibroblast,Fibroblast,25,TRUE,TRUE,FALSE,TRUE,FALSE,FALSE
HN25_P25_E12_S348_comb,3.929,4.548,0,9.0836,0,0,0,Lymph node,Fibroblast,Fibroblast,25,TRUE,TRUE,FALSE,TRUE,FALSE,FALSE
HN26_P25_F02_S158_comb,4.8392,0,0,6.0958,0,4.7445,1,Lymph node,0,Cancer cells,26,TRUE,FALSE,FALSE,TRUE,FALSE,TRUE
HN28_P15_F08_S356_comb,0,0,0.071763,9.6353,0.2461,0,0,Lymph node,Fibroblast,Fibroblast,28,FALSE,FALSE,TRUE,TRUE,TRUE,FALSE
HN25_P5_D09_S45_comb,3.0986,2.8586,5.6673,6.2578,11.463,7.2216,1,Primary,0,Cancer cells,25,TRUE,TRUE,TRUE,TRUE,TRUE,TRUE
HN25_P24_D02_S134_comb,0,0,0,9.4979,0,0,0,Lymph node,Fibroblast,Fibroblast,25,FALSE,FALSE,FALSE,TRUE,FALSE,FALSE
HN25_P25_E09_S345_comb,0,4.0679,0.052416,9.7213,0,0,0,Lymph node,Mast,Mast,25,FALSE,TRUE,TRUE,TRUE,FALSE,FALSE
HN28_P6_F03_S159_comb,0,4.4288,0.15056,10.069,0,0,0,Primary,Fibroblast,Fibroblast,28,FALSE,TRUE,TRUE,TRUE,FALSE,FALSE
HN25_P25_C09_S321_comb,0,0,0,8.02,0.36737,0,0,Lymph node,Fibroblast,Fibroblast,25,FALSE,FALSE,FALSE,TRUE,TRUE,FALSE
HN28_P6_D05_S137_comb,0,0,0,7.2435,0.7941,0,0,Primary,Fibroblast,Fibroblast,28,FALSE,FALSE,FALSE,TRUE,TRUE,FALSE
HNSCC26_P24_G09_S369_comb,0,0,3.0056,0,8.9359,7.8443,1,Lymph node,0,Cancer cells,26,FALSE,FALSE,TRUE,FALSE,TRUE,TRUE
HN25_P25_B07_S307_comb,5.1306,0,0,10.373,0,0.56949,0,Lymph node,Fibroblast,Fibroblast,25,TRUE,FALSE,FALSE,TRUE,FALSE,TRUE
HN26_P13_E05_S149_comb,5.4447,0,0,0,3.184,5.685,1,Lymph node,0,Cancer cells,26,TRUE,FALSE,FALSE,FALSE,TRUE,TRUE
HN26_P14_D01_S229_comb,0,0,0,8.4334,0,0,0,Lymph node,Fibroblast,Fibroblast,26,FALSE,FALSE,FALSE,TRUE,FALSE,FALSE
HN26_P5_D02_S38_comb,0,0,0,8.6428,3.1207,1.0036,0,Primary,Fibroblast,Fibroblast,26,FALSE,FALSE,FALSE,TRUE,TRUE,TRUE
HN25_P23_D01_S229_comb,0,0,0,0.14405,8.0612,0,1,Lymph node,0,Cancer cells,25,FALSE,FALSE,FALSE,TRUE,TRUE,FALSE
HN26_P6_E02_S50_comb,5.8057,4.2615,0,7.227,0,0,0,Primary,Fibroblast,Fibroblast,26,TRUE,TRUE,FALSE,TRUE,FALSE,FALSE
HN26_P26_G10_S370_comb,0,0,0,5.5231,0,0,0,Lymph node,Dendritic,Dendritic,26,FALSE,FALSE,FALSE,TRUE,FALSE,FALSE
HN26_P13_F11_S167_comb,0,0,0,0,0,9.204,1,Lymph node,0,Cancer cells,26,FALSE,FALSE,FALSE,FALSE,FALSE,TRUE
HN26_P25_A12_S108_comb,0,0,3.3367,3.6875,0,7.2015,1,Lymph node,0,Cancer cells,26,FALSE,FALSE,TRUE,TRUE,FALSE,TRUE
HN28_P15_D08_S332_comb,3.9079,0,5.3912,0.23756,11.239,10.328,1,Lymph node,0,Cancer cells,28,TRUE,FALSE,TRUE,TRUE,TRUE,TRUE
HN26_P6_E09_S57_comb,1.3752,0,3.5569,0,12.069,10.57,0,Primary,0,0,26,TRUE,FALSE,TRUE,FALSE,TRUE,TRUE
HN28_P6_D11_S143_comb,0,0,0,8.2117,0,0,0,Primary,Fibroblast,Fibroblast,28,FALSE,FALSE,FALSE,TRUE,FALSE,FALSE
HNSCC26_P24_D06_S330_comb,3.0866,3.6559,3.5804,0,9.4688,7.7376,1,Lymph node,0,Cancer cells,26,TRUE,TRUE,TRUE,FALSE,TRUE,TRUE
HN25_P24_A04_S100_comb,0,0,0,10.014,0.49876,0,0,Lymph node,Fibroblast,Fibroblast,25,FALSE,FALSE,FALSE,TRUE,TRUE,FALSE
HN25_P24_E01_S145_comb,6.0363,4.8216,0,7.4367,10.631,0.66266,1,Lymph node,0,Cancer cells,25,TRUE,TRUE,FALSE,TRUE,TRUE,TRUE
HN28_P15_B09_S309_comb,4.5959,2.2119,0,8.5067,0,0,0,Lymph node,Fibroblast,Fibroblast,28,TRUE,TRUE,FALSE,TRUE,FALSE,FALSE
HNSCC26_P24_G01_S361_comb,0,0,0,5.8769,0,6.7132,1,Lymph node,0,Cancer cells,26,FALSE,FALSE,FALSE,TRUE,FALSE,TRUE
HN25_P5_H11_S95_comb,0,0,0,0,0,0,0,Primary,myocyte,myocyte,25,FALSE,FALSE,FALSE,FALSE,FALSE,FALSE
HN25_P24_A01_S97_comb,4.5093,0,0,10.09,0,0,0,Lymph node,Fibroblast,Fibroblast,25,TRUE,FALSE,FALSE,TRUE,FALSE,FALSE
HN26_P6_B09_S21_comb,0,0,0,0,0,0,0,Primary,T cell,T cell,26,FALSE,FALSE,FALSE,FALSE,FALSE,FALSE
HN26_P26_A10_S298_comb,0,0,3.1971,3.5696,7.574,8.889,1,Lymph node,0,Cancer cells,26,FALSE,FALSE,TRUE,TRUE,TRUE,TRUE
HN28_P6_A05_S101_comb,0,0,0,9.2372,0,0,0,Primary,Fibroblast,Fibroblast,28,FALSE,FALSE,FALSE,TRUE,FALSE,FALSE
HN26_P14_E01_S241_comb,0,0.056584,0,8.3343,0,0,0,Lymph node,Fibroblast,Fibroblast,26,FALSE,TRUE,FALSE,TRUE,FALSE,FALSE
HN28_P6_A04_S100_comb,1.117,0,0,9.7493,0,0,0,Primary,Fibroblast,Fibroblast,28,TRUE,FALSE,FALSE,TRUE,FALSE,FALSE
HN25_P5_H05_S89_comb,5.4053,0,0,9.2802,0,0,0,Primary,Fibroblast,Fibroblast,25,TRUE,FALSE,FALSE,TRUE,FALSE,FALSE
HN25_P23_D03_S231_comb,0,0,0,9.7697,0,0,0,Lymph node,Mast,Mast,25,FALSE,FALSE,FALSE,TRUE,FALSE,FALSE
HN28_P6_B04_S112_comb,0,0,0,9.997,0,0,0,Primary,Fibroblast,Fibroblast,28,FALSE,FALSE,FALSE,TRUE,FALSE,FALSE
HN26_P13_E01_S145_comb,1.8488,0,0,0.18142,0,4.5115,1,Lymph node,0,Cancer cells,26,TRUE,FALSE,FALSE,TRUE,FALSE,TRUE
HNSCC26_P12_D01_S229_comb,0,0,0,7.92,0,0,0,Lymph node,Fibroblast,Fibroblast,26,FALSE,FALSE,FALSE,TRUE,FALSE,FALSE
HN26_P25_E04_S148_comb,4.146,0,2.3377,5.016,0,5.9583,1,Lymph node,0,Cancer cells,26,TRUE,FALSE,TRUE,TRUE,FALSE,TRUE
HN26_P14_A04_S196_comb,4.2628,0,1.3214,0,0,0,1,Lymph node,0,Cancer cells,26,TRUE,FALSE,TRUE,FALSE,FALSE,FALSE
HNSCC26_P24_A01_S289_comb,0,0,0,7.6481,0,0,0,Lymph node,0,0,26,FALSE,FALSE,FALSE,TRUE,FALSE,FALSE
HN28_P15_C02_S314_comb,0,0,4.2287,0,11.071,7.9378,1,Lymph node,0,Cancer cells,28,FALSE,FALSE,TRUE,FALSE,TRUE,TRUE
HN25_P23_E02_S242_comb,0,0.27023,0.13225,8.933,0,0.37629,0,Lymph node,Fibroblast,Fibroblast,25,FALSE,TRUE,TRUE,TRUE,FALSE,TRUE
HN26_P13_E09_S153_comb,0,0,4.8645,8.0791,0,0,0,Lymph node,Fibroblast,Fibroblast,26,FALSE,FALSE,TRUE,TRUE,FALSE,FALSE
HN25_P24_A12_S108_comb,0,0,0.28688,8.8364,3.8321,2.157,0,Lymph node,Fibroblast,Fibroblast,25,FALSE,FALSE,TRUE,TRUE,TRUE,TRUE
HN25_P25_H09_S381_comb,0,0,0.70664,0,3.0971,0,0,Lymph node,0,0,25,FALSE,FALSE,TRUE,FALSE,TRUE,FALSE
HN25_P5_A10_S10_comb,3.1504,3.9927,1.9328,8.6375,0,0,0,Primary,Fibroblast,Fibroblast,25,TRUE,TRUE,TRUE,TRUE,FALSE,FALSE
HNSCC26_P12_D08_S236_comb,2.8174,0.19912,2.4678,6.5757,8.2984,8.0685,1,Lymph node,0,Cancer cells,26,TRUE,TRUE,TRUE,TRUE,TRUE,TRUE
HN25_P24_F01_S157_comb,4.9289,0,3.7721,6.1236,12.446,0.90535,1,Lymph node,0,Cancer cells,25,TRUE,FALSE,TRUE,TRUE,TRUE,TRUE
HN26_P5_D01_S37_comb,4.3834,3.2502,0,0,0,8.102,1,Primary,0,Cancer cells,26,TRUE,TRUE,FALSE,FALSE,FALSE,TRUE
HN26_P6_A04_S4_comb,3.3377,0,0.060739,4.3089,0,0,1,Primary,0,Cancer cells,26,TRUE,FALSE,TRUE,TRUE,FALSE,FALSE
HNSCC26_P24_E04_S340_comb,0,5.6675,0,9.3751,0,0,0,Lymph node,Fibroblast,Fibroblast,26,FALSE,TRUE,FALSE,TRUE,FALSE,FALSE
HN26_P26_B07_S307_comb,4.3286,0,0.35276,0,0,8.5419,1,Lymph node,0,Cancer cells,26,TRUE,FALSE,TRUE,FALSE,FALSE,TRUE
HN28_P15_F06_S354_comb,0.38184,0,1.2437,0.1003,12.169,7.4654,1,Lymph node,0,Cancer cells,28,TRUE,FALSE,TRUE,TRUE,TRUE,TRUE
HN25_P5_E01_S49_comb,2.7864,2.3635,2.9413,6.9548,11.393,1.0573,1,Primary,0,Cancer cells,25,TRUE,TRUE,TRUE,TRUE,TRUE,TRUE
HN28_P6_B06_S114_comb,6.2528,0,0,10.236,0,0,0,Primary,Fibroblast,Fibroblast,28,TRUE,FALSE,FALSE,TRUE,FALSE,FALSE
HNSCC26_P24_H07_S379_comb,0,0,3.2087,0,8.7717,9.2253,1,Lymph node,0,Cancer cells,26,FALSE,FALSE,TRUE,FALSE,TRUE,TRUE
HN26_P26_G01_S361_comb,0,1.4222,2.1754,0,8.1241,6.3707,1,Lymph node,0,Cancer cells,26,FALSE,TRUE,TRUE,FALSE,TRUE,TRUE
HN26_P26_A12_S300_comb,2.7201,3.4471,0.54399,6.2413,0.15834,4.2355,1,Lymph node,0,Cancer cells,26,TRUE,TRUE,TRUE,TRUE,TRUE,TRUE
HN26_P14_C12_S228_comb,0,0,0,0,0.11902,5.4092,1,Lymph node,0,Cancer cells,26,FALSE,FALSE,FALSE,FALSE,TRUE,TRUE
HN26_P5_C03_S27_comb,6.905,6.8745,0,9.7066,0,0,0,Primary,Fibroblast,Fibroblast,26,TRUE,TRUE,FALSE,TRUE,FALSE,FALSE
HN28_P6_D07_S139_comb,4.7111,0,0,7.7227,0,0,0,Primary,Fibroblast,Fibroblast,28,TRUE,FALSE,FALSE,TRUE,FALSE,FALSE
HN26_P25_G06_S174_comb,0,0,0,6.8753,0,0,0,Lymph node,Fibroblast,Fibroblast,26,FALSE,FALSE,FALSE,TRUE,FALSE,FALSE
HN25_P5_B02_S14_comb,5.5231,0,0,8.1395,0,0,0,Primary,Fibroblast,Fibroblast,25,TRUE,FALSE,FALSE,TRUE,FALSE,FALSE
HN25_P25_A10_S298_comb,5.8077,4.0089,0,9.4312,0.22527,0,0,Lymph node,Fibroblast,Fibroblast,25,TRUE,TRUE,FALSE,TRUE,TRUE,FALSE
HN25_P25_A06_S294_comb,5.0472,0,0,9.9196,0.64247,0,0,Lymph node,Fibroblast,Fibroblast,25,TRUE,FALSE,FALSE,TRUE,TRUE,FALSE
HN26_P5_D06_S42_comb,4.462,4.3068,0.15963,0,2.4343,7.1953,1,Primary,0,Cancer cells,26,TRUE,TRUE,TRUE,FALSE,TRUE,TRUE
HNSCC26_P12_E08_S248_comb,3.3357,0,0,5.8747,0,0,0,Lymph node,Macrophage,Macrophage,26,TRUE,FALSE,FALSE,TRUE,FALSE,FALSE
HN28_P15_A11_S299_comb,0,0,0,9.4328,0,0,0,Lymph node,Fibroblast,Fibroblast,28,FALSE,FALSE,FALSE,TRUE,FALSE,FALSE
HN28_P6_F04_S160_comb,0,0,0,8.6531,0,0,0,Primary,Fibroblast,Fibroblast,28,FALSE,FALSE,FALSE,TRUE,FALSE,FALSE
HN28_P6_E07_S151_comb,0,0,0,7.7259,0,0,0,Primary,Fibroblast,Fibroblast,28,FALSE,FALSE,FALSE,TRUE,FALSE,FALSE
HN26_P5_C12_S36_comb,0,0,0.10702,9.1694,0,0,0,Primary,Mast,Mast,26,FALSE,FALSE,TRUE,TRUE,FALSE,FALSE
HN28_P15_B04_S304_comb,0.54794,0,5.4001,0,10.811,4.9499,1,Lymph node,0,Cancer cells,28,TRUE,FALSE,TRUE,FALSE,TRUE,TRUE
HN26_P6_H10_S94_comb,0,0.038436,0,5.5208,0,5.5688,1,Primary,0,Cancer cells,26,FALSE,TRUE,FALSE,TRUE,FALSE,TRUE
HN26_P26_C05_S317_comb,1.1017,0,3.5289,5.7843,3.1662,9.7585,1,Lymph node,0,Cancer cells,26,TRUE,FALSE,TRUE,TRUE,TRUE,TRUE
HN28_P6_E04_S148_comb,5.8699,0,0,9.2603,0,0,0,Primary,Fibroblast,Fibroblast,28,TRUE,FALSE,FALSE,TRUE,FALSE,FALSE
HN25_P25_G02_S362_comb,3.7711,4.2692,5.4458,8.7438,12.062,7.6694,1,Lymph node,0,Cancer cells,25,TRUE,TRUE,TRUE,TRUE,TRUE,TRUE
HN25_P5_H01_S85_comb,5.8138,5.9716,0,8.5582,0,0,0,Primary,Fibroblast,Fibroblast,25,TRUE,TRUE,FALSE,TRUE,FALSE,FALSE
HN25_P24_F12_S168_comb,4.9126,5.7195,6.333,7.3421,11.439,1.2588,1,Lymph node,0,Cancer cells,25,TRUE,TRUE,TRUE,TRUE,TRUE,TRUE
HN26_P25_H08_S188_comb,0,0,3.2478,3.2146,7.3012,6.2106,1,Lymph node,0,Cancer cells,26,FALSE,FALSE,TRUE,TRUE,TRUE,TRUE
HN28_P15_C04_S316_comb,0,0,0,5.7584,0,0,0,Lymph node,Fibroblast,Fibroblast,28,FALSE,FALSE,FALSE,TRUE,FALSE,FALSE
HN26_P5_F12_S72_comb,4.3027,0,0,5.5293,0,0,0,Primary,Fibroblast,Fibroblast,26,TRUE,FALSE,FALSE,TRUE,FALSE,FALSE
HN26_P25_H06_S186_comb,0,0,0,0,6.3095,9.5612,1,Lymph node,0,Cancer cells,26,FALSE,FALSE,FALSE,FALSE,TRUE,TRUE
HNSCC26_P12_D02_S230_comb,6.1593,0,0,8.323,0,0,0,Lymph node,Fibroblast,Fibroblast,26,TRUE,FALSE,FALSE,TRUE,FALSE,FALSE
HN28_P6_F08_S164_comb,0,0.43189,0,7.4585,0,0,0,Primary,Fibroblast,Fibroblast,28,FALSE,TRUE,FALSE,TRUE,FALSE,FALSE
HN25_P24_B07_S115_comb,2.4696,6.6877,5.6426,5.0598,11.919,4.4323,1,Lymph node,0,Cancer cells,25,TRUE,TRUE,TRUE,TRUE,TRUE,TRUE
HN28_P15_B11_S311_comb,0,0,0,10.098,0,0,0,Lymph node,Fibroblast,Fibroblast,28,FALSE,FALSE,FALSE,TRUE,FALSE,FALSE
HN26_P25_H05_S185_comb,5.543,0,3.728,4.43,0.14666,10.293,1,Lymph node,0,Cancer cells,26,TRUE,FALSE,TRUE,TRUE,TRUE,TRUE
HN28_P6_F11_S167_comb,0,0,0,7.1827,0,0,0,Primary,Fibroblast,Fibroblast,28,FALSE,FALSE,FALSE,TRUE,FALSE,FALSE
HNSCC26_P24_E12_S348_comb,3.5832,0,0.094912,0,0.26544,4.3509,1,Lymph node,0,Cancer cells,26,TRUE,FALSE,TRUE,FALSE,TRUE,TRUE
HN26_P6_G01_S73_comb,0,3.4799,0.086784,4.2408,3.278,7.8829,1,Primary,0,Cancer cells,26,FALSE,TRUE,TRUE,TRUE,TRUE,TRUE
HN28_P6_F10_S166_comb,4.754,0,0.13093,10.077,0,0.68796,0,Primary,Fibroblast,Fibroblast,28,TRUE,FALSE,TRUE,TRUE,FALSE,TRUE
HN25_P24_A05_S101_comb,5.9682,0,0,9.898,0.5509,0,0,Lymph node,Fibroblast,Fibroblast,25,TRUE,FALSE,FALSE,TRUE,TRUE,FALSE
HN25_P25_B05_S305_comb,4.5029,2.113,3.3567,8.6657,12.621,5.7401,1,Lymph node,0,Cancer cells,25,TRUE,TRUE,TRUE,TRUE,TRUE,TRUE
HN25_P5_G04_S76_comb,0,0,0,7.4775,0,0,0,Primary,T cell,T cell,25,FALSE,FALSE,FALSE,TRUE,FALSE,FALSE
HN26_P13_G08_S176_comb,0,0,0,0,0,0,0,Lymph node,0,0,26,FALSE,FALSE,FALSE,FALSE,FALSE,FALSE
HN26_P25_D08_S140_comb,1.3127,0,3.6559,2.7405,0,3.4683,1,Lymph node,0,Cancer cells,26,TRUE,FALSE,TRUE,TRUE,FALSE,TRUE
HN25_P5_C11_S35_comb,0.82049,0,0,8.0091,0.52907,0,0,Primary,Dendritic,Dendritic,25,TRUE,FALSE,FALSE,TRUE,TRUE,FALSE
HN25_P5_E03_S51_comb,0,0,0,6.1077,0,0,0,Primary,T cell,T cell,25,FALSE,FALSE,FALSE,TRUE,FALSE,FALSE
HN28_P15_G11_S371_comb,0,0,0,8.0669,0,0,0,Lymph node,Fibroblast,Fibroblast,28,FALSE,FALSE,FALSE,TRUE,FALSE,FALSE
HN25_P23_B08_S212_comb,0,0,0.1003,9.6437,0.51904,0.53903,0,Lymph node,Fibroblast,Fibroblast,25,FALSE,FALSE,TRUE,TRUE,TRUE,TRUE
HN25_P5_F02_S62_comb,0,0,0,8.402,0,0,0,Primary,Fibroblast,Fibroblast,25,FALSE,FALSE,FALSE,TRUE,FALSE,FALSE
HN25_P5_C10_S34_comb,5.3942,0,0,8.7325,0,0,0,Primary,Fibroblast,Fibroblast,25,TRUE,FALSE,FALSE,TRUE,FALSE,FALSE
HN26_P13_G01_S169_comb,0,0,0,0,0,8.1968,1,Lymph node,0,Cancer cells,26,FALSE,FALSE,FALSE,FALSE,FALSE,TRUE
HN26_P6_F09_S69_comb,0,0,0,9.0499,0,0,0,Primary,Fibroblast,Fibroblast,26,FALSE,FALSE,FALSE,TRUE,FALSE,FALSE
HN25_P24_B01_S109_comb,1.3144,6.3834,4.1224,3.4095,11.525,3.5319,1,Lymph node,0,Cancer cells,25,TRUE,TRUE,TRUE,TRUE,TRUE,TRUE
HN25_P25_A08_S296_comb,0,0,0,10.058,0,0,0,Lymph node,Fibroblast,Fibroblast,25,FALSE,FALSE,FALSE,TRUE,FALSE,FALSE
HN26_P26_D07_S331_comb,1.742,2.5931,5.0585,4.9938,6.5952,9.2536,1,Lymph node,0,Cancer cells,26,TRUE,TRUE,TRUE,TRUE,TRUE,TRUE
HNSCC26_P24_G06_S366_comb,4.1977,0,4.7279,5.1782,0,4.3007,1,Lymph node,0,Cancer cells,26,TRUE,FALSE,TRUE,TRUE,FALSE,TRUE
HNSCC26_P12_F06_S258_comb,2.7643,0,0.05797,3.4556,0,8.2093,1,Lymph node,0,Cancer cells,26,TRUE,FALSE,TRUE,TRUE,FALSE,TRUE
HN25_P5_F11_S71_comb,4.0429,1.2588,1.9046,0.68527,10.681,0,1,Primary,0,Cancer cells,25,TRUE,TRUE,TRUE,TRUE,TRUE,FALSE
HN25_P23_A02_S194_comb,0,0,0,10.399,0,0,0,Lymph node,Fibroblast,Fibroblast,25,FALSE,FALSE,FALSE,TRUE,FALSE,FALSE
HN26_P26_H03_S375_comb,2.8908,2.8661,0,0,0,6.4615,1,Lymph node,0,Cancer cells,26,TRUE,TRUE,FALSE,FALSE,FALSE,TRUE
HN26_P26_B05_S305_comb,0,0,0,4.5772,0.27023,0,0,Lymph node,T cell,T cell,26,FALSE,FALSE,FALSE,TRUE,TRUE,FALSE
HN25_P5_H07_S91_comb,5.7098,0,0,8.7056,0,0,0,Primary,Fibroblast,Fibroblast,25,TRUE,FALSE,FALSE,TRUE,FALSE,FALSE
HN26_P6_H04_S88_comb,0,0.31499,5.1081,0,5.4016,8.2062,1,Primary,0,Cancer cells,26,FALSE,TRUE,TRUE,FALSE,TRUE,TRUE
HN26_P13_D11_S143_comb,2.2041,0,2.3882,1.854,0,7.2064,1,Lymph node,0,Cancer cells,26,TRUE,FALSE,TRUE,TRUE,FALSE,TRUE
HN26_P26_B02_S302_comb,4.07,0,0.031395,0,4.2536,4.5859,1,Lymph node,0,Cancer cells,26,TRUE,FALSE,TRUE,FALSE,TRUE,TRUE
HN25_P23_F01_S253_comb,1.5509,0,0,8.816,0,0,0,Lymph node,Fibroblast,Fibroblast,25,TRUE,FALSE,FALSE,TRUE,FALSE,FALSE
HN28_P15_A08_S296_comb,5.3016,4.1608,0.088142,9.5956,0,0,0,Lymph node,Fibroblast,Fibroblast,28,TRUE,TRUE,TRUE,TRUE,FALSE,FALSE
HN25_P24_A02_S98_comb,3.7644,3.7737,5.8975,7.6755,12.53,1.4027,1,Lymph node,0,Cancer cells,25,TRUE,TRUE,TRUE,TRUE,TRUE,TRUE
HN25_P5_G08_S80_comb,5.1859,0,0,7.9542,0.29631,0,0,Primary,Fibroblast,Fibroblast,25,TRUE,FALSE,FALSE,TRUE,TRUE,FALSE
HN26_P25_G04_S172_comb,1.8675,0,2.9542,0,7.785,9.3532,1,Lymph node,0,Cancer cells,26,TRUE,FALSE,TRUE,FALSE,TRUE,TRUE
HN25_P23_D12_S240_comb,0,0,0.045443,8.5194,0,0,0,Lymph node,Fibroblast,Fibroblast,25,FALSE,FALSE,TRUE,TRUE,FALSE,FALSE
HN26_P6_A05_S5_comb,5.2161,0,0.24732,0,8.6995,4.1345,1,Primary,0,Cancer cells,26,TRUE,FALSE,TRUE,FALSE,TRUE,TRUE
HN28_P15_H04_S376_comb,0,0,0,5.603,0,0,0,Lymph node,B cell,B cell,28,FALSE,FALSE,FALSE,TRUE,FALSE,FALSE
HN26_P26_C09_S321_comb,0,5.5354,0,7.5912,0,0,0,Lymph node,Macrophage,Macrophage,26,FALSE,TRUE,FALSE,TRUE,FALSE,FALSE
HN25_P5_F06_S66_comb,0,0,0.074505,10.473,0.27501,0,0,Primary,Mast,Mast,25,FALSE,FALSE,TRUE,TRUE,TRUE,FALSE
HN28_P6_C10_S130_comb,6.1401,0,0,10.626,0,0,0,Primary,Fibroblast,Fibroblast,28,TRUE,FALSE,FALSE,TRUE,FALSE,FALSE
HN25_P25_A11_S299_comb,0,0,0,8.3089,0,0,0,Lymph node,Fibroblast,Fibroblast,25,FALSE,FALSE,FALSE,TRUE,FALSE,FALSE
HN25_P5_B09_S21_comb,4.724,3.6819,4.0065,7.4679,11.034,9.4037,1,Primary,0,Cancer cells,25,TRUE,TRUE,TRUE,TRUE,TRUE,TRUE
HN26_P5_G08_S80_comb,6.378,0,0,8.0598,0,0,0,Primary,Fibroblast,Fibroblast,26,TRUE,FALSE,FALSE,TRUE,FALSE,FALSE
HN28_P15_D09_S333_comb,0,4.136,6.4235,0,11.263,9.6531,1,Lymph node,0,Cancer cells,28,FALSE,TRUE,TRUE,FALSE,TRUE,TRUE
HN26_P25_E12_S156_comb,0,0,0,9.2071,0,0,0,Lymph node,Fibroblast,Fibroblast,26,FALSE,FALSE,FALSE,TRUE,FALSE,FALSE
HN26_P6_H11_S95_comb,6.0934,6.2853,0,8.5606,0,0.54102,0,Primary,Fibroblast,Fibroblast,26,TRUE,TRUE,FALSE,TRUE,FALSE,TRUE
HN25_P5_B08_S20_comb,0,0,0,9.9177,0.38957,0,0,Primary,Mast,Mast,25,FALSE,FALSE,FALSE,TRUE,TRUE,FALSE
HN26_P13_A08_S104_comb,2.9877,3.0117,2.9837,0,0,7.6219,1,Lymph node,0,Cancer cells,26,TRUE,TRUE,TRUE,FALSE,FALSE,TRUE
HN28_P6_D04_S136_comb,5.5695,0,0,8.2826,0,0,0,Primary,Fibroblast,Fibroblast,28,TRUE,FALSE,FALSE,TRUE,FALSE,FALSE
HN26_P5_F03_S63_comb,6.267,0,0,6.6061,0,0,0,Primary,Fibroblast,Fibroblast,26,TRUE,FALSE,FALSE,TRUE,FALSE,FALSE
HN26_P25_B07_S115_comb,0,0,0,0,0,7.7941,1,Lymph node,0,Cancer cells,26,FALSE,FALSE,FALSE,FALSE,FALSE,TRUE
HNSCC26_P12_G07_S271_comb,0,0,2.3707,2.862,5.3379,8.525,1,Lymph node,0,Cancer cells,26,FALSE,FALSE,TRUE,TRUE,TRUE,TRUE
HN28_P6_D02_S134_comb,0,0,0,9.5779,0,0,0,Primary,Fibroblast,Fibroblast,28,FALSE,FALSE,FALSE,TRUE,FALSE,FALSE
HN28_P15_G05_S365_comb,0,0,0,0,1.7321,2.2126,0,Lymph node,B cell,B cell,28,FALSE,FALSE,FALSE,FALSE,TRUE,TRUE
HN25_P5_G09_S81_comb,0,0.7866,0,8.5302,0,0,0,Primary,Fibroblast,Fibroblast,25,FALSE,TRUE,FALSE,TRUE,FALSE,FALSE
HN25_P23_E09_S249_comb,6.2938,5.0254,0,9.1826,3.6852,0,0,Lymph node,Fibroblast,Fibroblast,25,TRUE,TRUE,FALSE,TRUE,TRUE,FALSE
HN25_P5_C03_S27_comb,0,0,0,9.8771,0,0,0,Primary,Mast,Mast,25,FALSE,FALSE,FALSE,TRUE,FALSE,FALSE
HN28_P15_B02_S302_comb,2.9313,0,7.0584,0,11.222,10.067,1,Lymph node,0,Cancer cells,28,TRUE,FALSE,TRUE,FALSE,TRUE,TRUE
HN26_P6_E03_S51_comb,3.5973,0.40599,4.0496,4.0437,6.1834,8.3657,1,Primary,0,Cancer cells,26,TRUE,TRUE,TRUE,TRUE,TRUE,TRUE
HNSCC26_P12_D06_S234_comb,0,4.7408,0,7.1423,0,0.19409,0,Lymph node,Fibroblast,Fibroblast,26,FALSE,TRUE,FALSE,TRUE,FALSE,TRUE
HN25_P25_E08_S344_comb,3.674,6.2196,6.4599,3.3454,10.678,11.435,1,Lymph node,0,Cancer cells,25,TRUE,TRUE,TRUE,TRUE,TRUE,TRUE
HN25_P5_D02_S38_comb,0,0,0,7.4941,0,0,0,Primary,Fibroblast,Fibroblast,25,FALSE,FALSE,FALSE,TRUE,FALSE,FALSE
HN28_P15_D10_S334_comb,0,3.046,4.6696,3.5629,11.348,6.6838,1,Lymph node,0,Cancer cells,28,FALSE,TRUE,TRUE,TRUE,TRUE,TRUE
HN26_P5_E01_S49_comb,0,0,0,7.896,0,0,0,Primary,Fibroblast,Fibroblast,26,FALSE,FALSE,FALSE,TRUE,FALSE,FALSE
HN26_P6_B01_S13_comb,0,5.8064,0.10836,10.038,0,0,0,Primary,Fibroblast,Fibroblast,26,FALSE,TRUE,TRUE,TRUE,FALSE,FALSE
HN28_P15_G02_S362_comb,0,0,0,5.3157,0,0,0,Lymph node,B cell,B cell,28,FALSE,FALSE,FALSE,TRUE,FALSE,FALSE
HN26_P5_C07_S31_comb,0,0,0,9.4195,0,0,0,Primary,Fibroblast,Fibroblast,26,FALSE,FALSE,FALSE,TRUE,FALSE,FALSE
HNSCC26_P24_F07_S355_comb,0,0,0.051024,0,0,9.0717,1,Lymph node,0,Cancer cells,26,FALSE,FALSE,TRUE,FALSE,FALSE,TRUE
HNSCC26_P24_D07_S331_comb,4.1391,0,0,0,0,7.9103,1,Lymph node,0,Cancer cells,26,TRUE,FALSE,FALSE,FALSE,FALSE,TRUE
HN26_P6_A09_S9_comb,0,0,0,0,0,5.6797,1,Primary,0,Cancer cells,26,FALSE,FALSE,FALSE,FALSE,FALSE,TRUE
HN28_P6_F06_S162_comb,0,0,0,10.144,0,0,0,Primary,Fibroblast,Fibroblast,28,FALSE,FALSE,FALSE,TRUE,FALSE,FALSE
HN28_P6_A10_S106_comb,0,0,0,7.5949,0,0,0,Primary,Fibroblast,Fibroblast,28,FALSE,FALSE,FALSE,TRUE,FALSE,FALSE
HNSCC26_P24_A06_S294_comb,0,0,0,0,0,0,0,Lymph node,T cell,T cell,26,FALSE,FALSE,FALSE,FALSE,FALSE,FALSE
HN26_P14_G11_S275_comb,0,0,0,9.4165,0,0,0,Lymph node,Fibroblast,Fibroblast,26,FALSE,FALSE,FALSE,TRUE,FALSE,FALSE
HN25_P24_H12_S192_comb,0,0,0,8.5938,0.18777,0,0,Lymph node,Dendritic,Dendritic,25,FALSE,FALSE,FALSE,TRUE,TRUE,FALSE
HNSCC26_P12_F07_S259_comb,0,0,0,9.0406,0,0,0,Lymph node,Fibroblast,Fibroblast,26,FALSE,FALSE,FALSE,TRUE,FALSE,FALSE
HN25_P5_G05_S77_comb,3.009,0.23143,2.3777,7.1927,10.805,3.8067,1,Primary,0,Cancer cells,25,TRUE,TRUE,TRUE,TRUE,TRUE,TRUE
HN26_P26_G09_S369_comb,0,0,0.03984,0,3.9092,9.1998,1,Lymph node,0,Cancer cells,26,FALSE,FALSE,TRUE,FALSE,TRUE,TRUE
HN26_P5_B04_S16_comb,0,0,0,6.1374,0,0,0,Primary,Fibroblast,Fibroblast,26,FALSE,FALSE,FALSE,TRUE,FALSE,FALSE
HN28_P6_A08_S104_comb,0,0,0,9.9827,0,0,0,Primary,Fibroblast,Fibroblast,28,FALSE,FALSE,FALSE,TRUE,FALSE,FALSE
HN28_P6_B10_S118_comb,0,5.0935,0,8.9776,0,0,0,Primary,Fibroblast,Fibroblast,28,FALSE,TRUE,FALSE,TRUE,FALSE,FALSE
HN26_P14_C03_S219_comb,2.2839,0,0,9.2032,0,0,0,Lymph node,Fibroblast,Fibroblast,26,TRUE,FALSE,FALSE,TRUE,FALSE,FALSE
HNSCC26_P24_F05_S353_comb,0,0.58207,0,3.7764,2.1286,4.0604,1,Lymph node,0,Cancer cells,26,FALSE,TRUE,FALSE,TRUE,TRUE,TRUE
HN28_P15_A03_S291_comb,3.3244,0,3.7766,0,11.592,3.3296,1,Lymph node,0,Cancer cells,28,TRUE,FALSE,TRUE,FALSE,TRUE,TRUE
HNSCC26_P24_C02_S314_comb,1.0538,0,3.9352,0,0,8.8692,1,Lymph node,0,Cancer cells,26,TRUE,FALSE,TRUE,FALSE,FALSE,TRUE
HN26_P6_F02_S62_comb,3.338,0,0.6248,4.8303,9.1452,12.967,1,Primary,0,Cancer cells,26,TRUE,FALSE,TRUE,TRUE,TRUE,TRUE
HN26_P6_G07_S79_comb,0.40817,0,0,0,0,0.45101,1,Primary,0,Cancer cells,26,TRUE,FALSE,FALSE,FALSE,FALSE,TRUE
HN28_P15_H02_S374_comb,0,0.5724,1.5893,9.0584,0.18269,0,0,Lymph node,Fibroblast,Fibroblast,28,FALSE,TRUE,TRUE,TRUE,TRUE,FALSE
HN25_P23_B06_S210_comb,0,0,0,6.5549,0,0,0,Lymph node,Fibroblast,Fibroblast,25,FALSE,FALSE,FALSE,TRUE,FALSE,FALSE
HNSCC26_P12_C02_S218_comb,4.7254,3.1879,4.726,8.0494,0,6.0415,1,Lymph node,0,Cancer cells,26,TRUE,TRUE,TRUE,TRUE,FALSE,TRUE
HNSCC26_P24_A04_S292_comb,3.6887,0,0,0,1.051,7.3216,1,Lymph node,0,Cancer cells,26,TRUE,FALSE,FALSE,FALSE,TRUE,TRUE
HN28_P15_H06_S378_comb,3.0536,0,5.3125,0,11.447,8.3812,1,Lymph node,0,Cancer cells,28,TRUE,FALSE,TRUE,FALSE,TRUE,TRUE
HN26_P26_H11_S383_comb,0,0,0.10434,0,0,9.6118,1,Lymph node,0,Cancer cells,26,FALSE,FALSE,TRUE,FALSE,FALSE,TRUE
HN28_P5_D11_S239_comb,6.349,2.3702,3.5428,10.243,0.4049,1.0101,0,Primary,Fibroblast,Fibroblast,28,TRUE,TRUE,TRUE,TRUE,TRUE,TRUE
HN28_P14_E02_S146_comb,4.4459,0,0,10.023,0,0,0,Lymph node,Fibroblast,Fibroblast,28,TRUE,FALSE,FALSE,TRUE,FALSE,FALSE
HN28_P3P4_A07_S7_comb,0,0,0,7.8605,0,0,0,Primary,Fibroblast,Fibroblast,28,FALSE,FALSE,FALSE,TRUE,FALSE,FALSE
HN28_P3P4_F08_S68_comb,4.9904,4.1867,0,8.5552,0,0,0,Primary,Fibroblast,Fibroblast,28,TRUE,TRUE,FALSE,TRUE,FALSE,FALSE
HN28_P14_D07_S139_comb,3.9925,0,4.5271,0,11.243,4.3787,1,Lymph node,0,Cancer cells,28,TRUE,FALSE,TRUE,FALSE,TRUE,TRUE
HN28_P3P4_D07_S43_comb,0,0,0,0,11.397,10.133,1,Primary,0,Cancer cells,28,FALSE,FALSE,FALSE,FALSE,TRUE,TRUE
HN23_P11_D10_S46_comb,0,0,0,6.8849,0,0,0,Primary,T cell,T cell,23,FALSE,FALSE,FALSE,TRUE,FALSE,FALSE
HN23_P11_B04_S16_comb,0,0,0,7.2984,0,0,0,Primary,T cell,T cell,23,FALSE,FALSE,FALSE,TRUE,FALSE,FALSE
HN28_P3P4_A12_S12_comb,0,0,4.9341,9.258,0,0,0,Primary,Fibroblast,Fibroblast,28,FALSE,FALSE,TRUE,TRUE,FALSE,FALSE
HN28_P3P4_A03_S3_comb,0.45312,0,0,4.6413,0,0,0,Primary,myocyte,myocyte,28,TRUE,FALSE,FALSE,TRUE,FALSE,FALSE
HN28_P14_G09_S177_comb,1.5656,2.7231,4.5216,0,11.378,9.5751,1,Lymph node,0,Cancer cells,28,TRUE,TRUE,TRUE,FALSE,TRUE,TRUE
HN28_P3P4_H08_S92_comb,5.558,0,0,8.8511,0,0,0,Primary,Fibroblast,Fibroblast,28,TRUE,FALSE,FALSE,TRUE,FALSE,FALSE
HN28_P3P4_A08_S8_comb,0,0,0.2916,7.9462,0,0,0,Primary,Fibroblast,Fibroblast,28,FALSE,FALSE,TRUE,TRUE,FALSE,FALSE
HN28_P5_A11_S203_comb,0,2.3303,0,8.0598,0,0,0,Primary,Endothelial,Endothelial,28,FALSE,TRUE,FALSE,TRUE,FALSE,FALSE
HN28_P3P4_F02_S62_comb,3.9011,0,0,9.3617,0,0,0,Primary,Fibroblast,Fibroblast,28,TRUE,FALSE,FALSE,TRUE,FALSE,FALSE
HN28_P5_G10_S274_comb,4.386,0,0,9.5154,0,0,0,Primary,Fibroblast,Fibroblast,28,TRUE,FALSE,FALSE,TRUE,FALSE,FALSE
HN28_P14_H04_S184_comb,0,0,0.30568,2.7002,0,0,0,Lymph node,B cell,B cell,28,FALSE,FALSE,TRUE,TRUE,FALSE,FALSE
HN28_P3P4_G12_S84_comb,5.6434,0,0,8.4807,0,0,0,Primary,Fibroblast,Fibroblast,28,TRUE,FALSE,FALSE,TRUE,FALSE,FALSE
HN28_P14_G04_S172_comb,0,1.7207,3.707,0.13619,11.324,7.5898,1,Lymph node,0,Cancer cells,28,FALSE,TRUE,TRUE,TRUE,TRUE,TRUE
HN28_P5_A05_S197_comb,0,0,0,10.261,0,0.42653,0,Primary,Fibroblast,Fibroblast,28,FALSE,FALSE,FALSE,TRUE,FALSE,TRUE
HN23_P11_A04_S4_comb,0,0,0,0,0.44361,0,0,Primary,T cell,T cell,23,FALSE,FALSE,FALSE,FALSE,TRUE,FALSE
HN28_P5_G05_S269_comb,4.1423,0,0,0,11.884,9.8529,1,Primary,0,Cancer cells,28,TRUE,FALSE,FALSE,FALSE,TRUE,TRUE
HN28_P3P4_H07_S91_comb,0,0,0,7.5773,0,0,0,Primary,Fibroblast,Fibroblast,28,FALSE,FALSE,FALSE,TRUE,FALSE,FALSE
HN28_P5_G12_S276_comb,0,0,0,10.166,0,0,0,Primary,Fibroblast,Fibroblast,28,FALSE,FALSE,FALSE,TRUE,FALSE,FALSE
HN28_P3P4_H01_S85_comb,4.7499,0,2.4417,0,11.005,7.5547,1,Primary,0,Cancer cells,28,TRUE,FALSE,TRUE,FALSE,TRUE,TRUE
HN23_P11_B07_S19_comb,0,0,0,7.1173,0,0,0,Primary,T cell,T cell,23,FALSE,FALSE,FALSE,TRUE,FALSE,FALSE
HN28_P5_B03_S207_comb,0,0,0,9.7583,0,0,0,Primary,Fibroblast,Fibroblast,28,FALSE,FALSE,FALSE,TRUE,FALSE,FALSE
HN23_P11_C01_S25_comb,0,0,0,0,0,0,0,Primary,T cell,T cell,23,FALSE,FALSE,FALSE,FALSE,FALSE,FALSE
HN23_P11_C09_S33_comb,0,0,0,0,0,1.0936,0,Primary,T cell,T cell,23,FALSE,FALSE,FALSE,FALSE,FALSE,TRUE
HN28_P5_E07_S247_comb,2.488,0,0,0.40817,11.961,7.4378,1,Primary,0,Cancer cells,28,TRUE,FALSE,FALSE,TRUE,TRUE,TRUE
HN28_P3P4_F06_S66_comb,5.2512,0,0,0.32077,9.7402,1.2594,0,Primary,0,0,28,TRUE,FALSE,FALSE,TRUE,TRUE,TRUE
HN28_P3P4_E08_S56_comb,5.0766,0,0.12565,7.2362,0,0,0,Primary,Fibroblast,Fibroblast,28,TRUE,FALSE,TRUE,TRUE,FALSE,FALSE
HN28_P5_F08_S260_comb,0,3.2904,0,9.8557,0,0,0,Primary,Fibroblast,Fibroblast,28,FALSE,TRUE,FALSE,TRUE,FALSE,FALSE
HN28_P3P4_E05_S53_comb,5.5757,0,0,8.3796,0,0,0,Primary,Fibroblast,Fibroblast,28,TRUE,FALSE,FALSE,TRUE,FALSE,FALSE
HN28_P3P4_D11_S47_comb,4.8373,0,0,10.539,0,0,0,Primary,0,0,28,TRUE,FALSE,FALSE,TRUE,FALSE,FALSE
HN28_P5_F02_S254_comb,4.179,2.7628,0,8.9021,1.127,0,0,Primary,Fibroblast,Fibroblast,28,TRUE,TRUE,FALSE,TRUE,TRUE,FALSE
HN23_P11_H03_S87_comb,0,0,0,8.6425,0,0,0,Primary,T cell,T cell,23,FALSE,FALSE,FALSE,TRUE,FALSE,FALSE
HN23_P11_E09_S57_comb,0,0,0,6.8093,0,0,0,Primary,T cell,T cell,23,FALSE,FALSE,FALSE,TRUE,FALSE,FALSE
HN23_P11_C07_S31_comb,0,0,0,0,0,0,0,Primary,T cell,T cell,23,FALSE,FALSE,FALSE,FALSE,FALSE,FALSE
HN28_P3P4_C11_S35_comb,0,0,0,8.558,0,0,0,Primary,Fibroblast,Fibroblast,28,FALSE,FALSE,FALSE,TRUE,FALSE,FALSE
HN28_P3P4_G05_S77_comb,2.2821,2.8266,0.12565,9.8022,0,0,0,Primary,Fibroblast,Fibroblast,28,TRUE,TRUE,TRUE,TRUE,FALSE,FALSE
HN28_P14_F03_S159_comb,0,0,0.11103,7.7219,0,0,0,Lymph node,Fibroblast,Fibroblast,28,FALSE,FALSE,TRUE,TRUE,FALSE,FALSE
HN28_P3P4_H10_S94_comb,0.50691,5.2053,0,9.2288,0,0,0,Primary,Fibroblast,Fibroblast,28,TRUE,TRUE,FALSE,TRUE,FALSE,FALSE
HN28_P14_C04_S124_comb,6.409,0,0,9.2065,0,0,0,Lymph node,Fibroblast,Fibroblast,28,TRUE,FALSE,FALSE,TRUE,FALSE,FALSE
HN28_P14_E09_S153_comb,0,0,0.1137,8.9635,0,0,0,Lymph node,Fibroblast,Fibroblast,28,FALSE,FALSE,TRUE,TRUE,FALSE,FALSE
HN28_P5_H08_S284_comb,0,0,0,6.6411,1.0587,0,0,Primary,Fibroblast,Fibroblast,28,FALSE,FALSE,FALSE,TRUE,TRUE,FALSE
HN28_P3P4_E06_S54_comb,0,0,0,7.5931,0,0,0,Primary,Fibroblast,Fibroblast,28,FALSE,FALSE,FALSE,TRUE,FALSE,FALSE
HN28_P3P4_C04_S28_comb,6.5028,0,0,9.1871,0,0,0,Primary,Fibroblast,Fibroblast,28,TRUE,FALSE,FALSE,TRUE,FALSE,FALSE
HN23_P11_B10_S22_comb,5.9556,0,0.15834,6.9541,0,0,0,Primary,T cell,T cell,23,TRUE,FALSE,TRUE,TRUE,FALSE,FALSE
HN28_P14_E03_S147_comb,5.4132,0,0,9.3161,0,0,0,Lymph node,Fibroblast,Fibroblast,28,TRUE,FALSE,FALSE,TRUE,FALSE,FALSE
HN28_P14_B05_S113_comb,0,0,0,6.5892,0,0,0,Lymph node,B cell,B cell,28,FALSE,FALSE,FALSE,TRUE,FALSE,FALSE
HN28_P5_G04_S268_comb,0,0,0,8.6948,0,0,0,Primary,Fibroblast,Fibroblast,28,FALSE,FALSE,FALSE,TRUE,FALSE,FALSE
HN28_P5_H11_S287_comb,0,0,0,9.2668,2.3846,0,0,Primary,Fibroblast,Fibroblast,28,FALSE,FALSE,FALSE,TRUE,TRUE,FALSE
HN28_P3P4_B04_S16_comb,0,0,0.13356,6.9054,0,0,0,Primary,Fibroblast,Fibroblast,28,FALSE,FALSE,TRUE,TRUE,FALSE,FALSE
HN23_P11_G07_S79_comb,0,0,0.123,8.1485,0,0,0,Primary,T cell,T cell,23,FALSE,FALSE,TRUE,TRUE,FALSE,FALSE
HN28_P5_E09_S249_comb,0,0,0,6.9861,0.44784,0,0,Primary,Fibroblast,Fibroblast,28,FALSE,FALSE,FALSE,TRUE,TRUE,FALSE
HN28_P3P4_F03_S63_comb,4.7614,0,0,8.3408,0,0,0,Primary,Fibroblast,Fibroblast,28,TRUE,FALSE,FALSE,TRUE,FALSE,FALSE
HN28_P3P4_G03_S75_comb,5.617,0.58015,0,8.7448,0,0,0,Primary,Endothelial,Endothelial,28,TRUE,TRUE,FALSE,TRUE,FALSE,FALSE
HN28_P5_B02_S206_comb,2.8637,0,0,0,11.451,9.6238,1,Primary,0,Cancer cells,28,TRUE,FALSE,FALSE,FALSE,TRUE,TRUE
HN28_P3P4_D12_S48_comb,0,3.7461,0,7.8443,0,0,0,Primary,Fibroblast,Fibroblast,28,FALSE,TRUE,FALSE,TRUE,FALSE,FALSE
HN28_P3P4_B02_S14_comb,0,0,0.40163,10.166,0,0,0,Primary,Fibroblast,Fibroblast,28,FALSE,FALSE,TRUE,TRUE,FALSE,FALSE
HN23_P11_G12_S84_comb,0,0,0,0,0,0,0,Primary,T cell,T cell,23,FALSE,FALSE,FALSE,FALSE,FALSE,FALSE
HN28_P5_A07_S199_comb,4.7044,0,0.14405,0,10.691,6.651,0,Primary,0,0,28,TRUE,FALSE,TRUE,FALSE,TRUE,TRUE
HN28_P14_A06_S102_comb,2.0868,1.85,4.2824,0,11.946,10.444,1,Lymph node,0,Cancer cells,28,TRUE,TRUE,TRUE,FALSE,TRUE,TRUE
HN28_P3P4_E03_S51_comb,0.6107,0,0,8.2348,0,0,0,Primary,Fibroblast,Fibroblast,28,TRUE,FALSE,FALSE,TRUE,FALSE,FALSE
HN28_P14_D05_S137_comb,0,0,0,10.628,1.0963,0,0,Lymph node,Fibroblast,Fibroblast,28,FALSE,FALSE,FALSE,TRUE,TRUE,FALSE
HN28_P14_G02_S170_comb,3.2182,0,0,0,12.04,6.8563,1,Lymph node,0,Cancer cells,28,TRUE,FALSE,FALSE,FALSE,TRUE,TRUE
HN28_P5_H07_S283_comb,5.4899,0,0,10.532,0,0,0,Primary,Fibroblast,Fibroblast,28,TRUE,FALSE,FALSE,TRUE,FALSE,FALSE
HN28_P3P4_D09_S45_comb,4.2466,0,2.3802,0,11.622,9.2397,1,Primary,0,Cancer cells,28,TRUE,FALSE,TRUE,FALSE,TRUE,TRUE
HN28_P14_E06_S150_comb,0,4.1682,0.012926,8.9779,0,0,0,Lymph node,Endothelial,Endothelial,28,FALSE,TRUE,TRUE,TRUE,FALSE,FALSE
HN28_P3P4_B06_S18_comb,0,0,0,9.4425,0,0,0,Primary,Fibroblast,Fibroblast,28,FALSE,FALSE,FALSE,TRUE,FALSE,FALSE
HN28_P5_D07_S235_comb,1.1473,0,0,8.5574,0,0,0,Primary,Fibroblast,Fibroblast,28,TRUE,FALSE,FALSE,TRUE,FALSE,FALSE
HN28_P3P4_G02_S74_comb,5.9649,0,0,9.0594,0.55483,0,0,Primary,Fibroblast,Fibroblast,28,TRUE,FALSE,FALSE,TRUE,TRUE,FALSE
HN28_P5_G07_S271_comb,5.8428,0,0,9.792,0,0,0,Primary,Fibroblast,Fibroblast,28,TRUE,FALSE,FALSE,TRUE,FALSE,FALSE
HN23_P11_B08_S20_comb,0,0,0,0,0,0,0,Primary,T cell,T cell,23,FALSE,FALSE,FALSE,FALSE,FALSE,FALSE
HN28_P14_C01_S121_comb,0,0,0,8.8984,0,0,0,Lymph node,B cell,B cell,28,FALSE,FALSE,FALSE,TRUE,FALSE,FALSE
HN28_P3P4_H12_S96_comb,0,0,0,8.3005,0,0,0,Primary,Fibroblast,Fibroblast,28,FALSE,FALSE,FALSE,TRUE,FALSE,FALSE
HN23_P11_A12_S12_comb,0,0,0,0,0,0,0,Primary,T cell,T cell,23,FALSE,FALSE,FALSE,FALSE,FALSE,FALSE
HN23_P11_G05_S77_comb,0,0,0,6.952,0.45943,0,0,Primary,T cell,T cell,23,FALSE,FALSE,FALSE,TRUE,TRUE,FALSE
HN28_P14_B08_S116_comb,0,0,0,6.1308,0.7891,0,0,Lymph node,B cell,B cell,28,FALSE,FALSE,FALSE,TRUE,TRUE,FALSE
HN28_P3P4_F05_S65_comb,0,4.7167,0,8.6713,0.77062,0,0,Primary,Fibroblast,Fibroblast,28,FALSE,TRUE,FALSE,TRUE,TRUE,FALSE
HN28_P14_C07_S127_comb,0,0.33571,3.6934,0,10.889,7.1525,1,Lymph node,0,Cancer cells,28,FALSE,TRUE,TRUE,FALSE,TRUE,TRUE
HN28_P3P4_E02_S50_comb,0,0,0,8.0841,0,0,0,Primary,myocyte,myocyte,28,FALSE,FALSE,FALSE,TRUE,FALSE,FALSE
HN28_P14_C09_S129_comb,5.3613,0,0,9.0339,0,0,0,Lymph node,Endothelial,Endothelial,28,TRUE,FALSE,FALSE,TRUE,FALSE,FALSE
HN28_P14_B04_S112_comb,6.8002,0,0,3.8609,0,0,0,Lymph node,B cell,B cell,28,TRUE,FALSE,FALSE,TRUE,FALSE,FALSE
HN23_P11_B05_S17_comb,0,0,0,0,0,0,0,Primary,T cell,T cell,23,FALSE,FALSE,FALSE,FALSE,FALSE,FALSE
HN28_P5_C08_S224_comb,0,0,0,9.0478,0,0,0,Primary,Fibroblast,Fibroblast,28,FALSE,FALSE,FALSE,TRUE,FALSE,FALSE
HN28_P14_F07_S163_comb,0.584,0.15316,0,8.0194,0,0,0,Lymph node,Fibroblast,Fibroblast,28,TRUE,TRUE,FALSE,TRUE,FALSE,FALSE
HN28_P5_F06_S258_comb,6.3914,0,0,9.5559,0.43723,0,0,Primary,Fibroblast,Fibroblast,28,TRUE,FALSE,FALSE,TRUE,TRUE,FALSE
HN28_P14_C05_S125_comb,0,0,0,10.336,0,0,0,Lymph node,Fibroblast,Fibroblast,28,FALSE,FALSE,FALSE,TRUE,FALSE,FALSE
HN28_P5_D04_S232_comb,0,0,0,9.0505,0,0,0,Primary,Fibroblast,Fibroblast,28,FALSE,FALSE,FALSE,TRUE,FALSE,FALSE
HN28_P14_A08_S104_comb,0,0,0,8.1847,0,0,0,Lymph node,Macrophage,Macrophage,28,FALSE,FALSE,FALSE,TRUE,FALSE,FALSE
HN23_P11_G09_S81_comb,0,0,0,0,0,0,0,Primary,T cell,T cell,23,FALSE,FALSE,FALSE,FALSE,FALSE,FALSE
HN28_P5_D02_S230_comb,1.8343,0,4.4314,8.8215,0,1.3511,0,Primary,Fibroblast,Fibroblast,28,TRUE,FALSE,TRUE,TRUE,FALSE,TRUE
HN23_P11_G08_S80_comb,0,0,0,9.8718,0,0,0,Primary,T cell,T cell,23,FALSE,FALSE,FALSE,TRUE,FALSE,FALSE
HN28_P14_C06_S126_comb,2.6374,2.0755,3.5078,0,11.484,9.0564,1,Lymph node,0,Cancer cells,28,TRUE,TRUE,TRUE,FALSE,TRUE,TRUE
HN28_P14_A10_S106_comb,4.606,1.763,7.7525,0.16092,12.069,11.008,1,Lymph node,0,Cancer cells,28,TRUE,TRUE,TRUE,TRUE,TRUE,TRUE
HN28_P5_H04_S280_comb,0,0,0.10702,9.003,0,0,0,Primary,Fibroblast,Fibroblast,28,FALSE,FALSE,TRUE,TRUE,FALSE,FALSE
HN28_P14_A09_S105_comb,5.0014,5.7516,0,8.5018,0,0,0,Lymph node,Fibroblast,Fibroblast,28,TRUE,TRUE,FALSE,TRUE,FALSE,FALSE
HN28_P5_G01_S265_comb,0,0,0,8.6048,0,0,0,Primary,Fibroblast,Fibroblast,28,FALSE,FALSE,FALSE,TRUE,FALSE,FALSE
HN28_P5_C09_S225_comb,0,0,0.24123,4.2386,0,0,0,Primary,Fibroblast,Fibroblast,28,FALSE,FALSE,TRUE,TRUE,FALSE,FALSE
HN28_P14_B07_S115_comb,3.994,0,5.6148,0,11.855,7.6676,1,Lymph node,0,Cancer cells,28,TRUE,FALSE,TRUE,FALSE,TRUE,TRUE
HN28_P3P4_G04_S76_comb,0,0,0.12168,8.5857,0,0,0,Primary,Fibroblast,Fibroblast,28,FALSE,FALSE,TRUE,TRUE,FALSE,FALSE
HN23_P11_H12_S96_comb,0,0,0,8.2716,0,0,0,Primary,T cell,T cell,23,FALSE,FALSE,FALSE,TRUE,FALSE,FALSE
HN28_P3P4_A01_S1_comb,4.5297,0,0,8.5885,0,0,0,Primary,Fibroblast,Fibroblast,28,TRUE,FALSE,FALSE,TRUE,FALSE,FALSE
HN28_P3P4_H05_S89_comb,4.7274,3.1494,0.10836,8.9097,0,0,0,Primary,Fibroblast,Fibroblast,28,TRUE,TRUE,TRUE,TRUE,FALSE,FALSE
HN28_P5_E10_S250_comb,0,0,0.1137,9.4581,0,0,0,Primary,Fibroblast,Fibroblast,28,FALSE,FALSE,TRUE,TRUE,FALSE,FALSE
HN28_P14_A07_S103_comb,2.1368,0,7.0963,0.32308,12.191,9.2937,1,Lymph node,0,Cancer cells,28,TRUE,FALSE,TRUE,TRUE,TRUE,TRUE
HN28_P5_A09_S201_comb,1.7527,1.7437,2.4977,5.7397,12.374,9.7666,1,Primary,0,Cancer cells,28,TRUE,TRUE,TRUE,TRUE,TRUE,TRUE
HN28_P14_F11_S167_comb,3.0349,0,3.3017,0,11.547,7.4289,1,Lymph node,0,Cancer cells,28,TRUE,FALSE,TRUE,FALSE,TRUE,TRUE
HN23_P11_A08_S8_comb,0,0,0,0.41143,0,0,0,Primary,T cell,T cell,23,FALSE,FALSE,FALSE,TRUE,FALSE,FALSE
HN28_P14_B10_S118_comb,0,2.129,0,9.9569,0,0,0,Lymph node,Fibroblast,Fibroblast,28,FALSE,TRUE,FALSE,TRUE,FALSE,FALSE
HN28_P3P4_C12_S36_comb,0,0,0.17505,8.7578,0,0,0,Primary,Fibroblast,Fibroblast,28,FALSE,FALSE,TRUE,TRUE,FALSE,FALSE
HN28_P14_E08_S152_comb,2.6267,0,1.9855,0,12.299,6.4886,1,Lymph node,0,Cancer cells,28,TRUE,FALSE,TRUE,FALSE,TRUE,TRUE
HN28_P14_C10_S130_comb,3.5146,0,2.6133,0,11.953,7.6612,1,Lymph node,0,Cancer cells,28,TRUE,FALSE,TRUE,FALSE,TRUE,TRUE
HN28_P3P4_H09_S93_comb,0,0,1.9855,9.8945,0,0,0,Primary,Fibroblast,Fibroblast,28,FALSE,FALSE,TRUE,TRUE,FALSE,FALSE
HN28_P14_A02_S98_comb,0.38736,5.8045,0.090853,7.8023,0,0,0,Lymph node,Endothelial,Endothelial,28,TRUE,TRUE,TRUE,TRUE,FALSE,FALSE
HN28_P14_A03_S99_comb,0,4.5777,0,7.7584,0.45733,0,0,Lymph node,Fibroblast,Fibroblast,28,FALSE,TRUE,FALSE,TRUE,TRUE,FALSE
HN23_P11_E01_S49_comb,0,0,0,0,0,0,0,Primary,T cell,T cell,23,FALSE,FALSE,FALSE,FALSE,FALSE,FALSE
HN28_P14_D08_S140_comb,0,0,0,8.6544,0,0,0,Lymph node,Fibroblast,Fibroblast,28,FALSE,FALSE,FALSE,TRUE,FALSE,FALSE
HN28_P3P4_B01_S13_comb,0,0,0,9.3947,0.40163,0.41792,0,Primary,Fibroblast,Fibroblast,28,FALSE,FALSE,FALSE,TRUE,TRUE,TRUE
HN28_P3P4_H06_S90_comb,6.0587,0,0,7.5818,0,0,0,Primary,Fibroblast,Fibroblast,28,TRUE,FALSE,FALSE,TRUE,FALSE,FALSE
HN23_P11_B01_S13_comb,0,0,0,0,0,0,0,Primary,T cell,T cell,23,FALSE,FALSE,FALSE,FALSE,FALSE,FALSE
HN28_P3P4_B10_S22_comb,0,0,0,3.6359,0,0,0,Primary,myocyte,myocyte,28,FALSE,FALSE,FALSE,TRUE,FALSE,FALSE
HN28_P3P4_F10_S70_comb,0,0,0,8.6617,0,0,0,Primary,Fibroblast,Fibroblast,28,FALSE,FALSE,FALSE,TRUE,FALSE,FALSE
HN28_P3P4_A06_S6_comb,0,0,0.18396,0,11.868,8.9125,1,Primary,0,Cancer cells,28,FALSE,FALSE,TRUE,FALSE,TRUE,TRUE
HN23_P11_F01_S61_comb,0,0,0,7.6406,0,0,0,Primary,T cell,T cell,23,FALSE,FALSE,FALSE,TRUE,FALSE,FALSE
HN28_P5_E04_S244_comb,4.7612,0,0,9.3378,2.959,0,0,Primary,Fibroblast,Fibroblast,28,TRUE,FALSE,FALSE,TRUE,TRUE,FALSE
HN28_P5_B04_S208_comb,0,0,0,8.1937,0,0,0,Primary,Fibroblast,Fibroblast,28,FALSE,FALSE,FALSE,TRUE,FALSE,FALSE
HN23_P11_E08_S56_comb,0,0,0,5.3767,0,0,0,Primary,T cell,T cell,23,FALSE,FALSE,FALSE,TRUE,FALSE,FALSE
HN28_P5_B05_S209_comb,0,0,0,6.8576,2.8057,0,0,Primary,Fibroblast,Fibroblast,28,FALSE,FALSE,FALSE,TRUE,TRUE,FALSE
HN28_P5_F03_S255_comb,0,0,0.12168,7.9593,0,0.35276,0,Primary,Fibroblast,Fibroblast,28,FALSE,FALSE,TRUE,TRUE,FALSE,TRUE
HN28_P5_H02_S278_comb,4.0781,0,0.097611,0,11.59,9.8265,1,Primary,0,Cancer cells,28,TRUE,FALSE,TRUE,FALSE,TRUE,TRUE
HN23_P11_D09_S45_comb,0,0,0,7.9039,0.42438,0,0,Primary,T cell,T cell,23,FALSE,FALSE,FALSE,TRUE,TRUE,FALSE
HN23_P11_D04_S40_comb,0,0,0,7.8704,0,0,0,Primary,T cell,T cell,23,FALSE,FALSE,FALSE,TRUE,FALSE,FALSE
HN28_P3P4_B12_S24_comb,3.9426,0,0,0,11.433,9.0677,1,Primary,0,Cancer cells,28,TRUE,FALSE,FALSE,FALSE,TRUE,TRUE
HN28_P3P4_G06_S78_comb,4.8732,0,0,8.3646,0,0,0,Primary,Fibroblast,Fibroblast,28,TRUE,FALSE,FALSE,TRUE,FALSE,FALSE
HN28_P3P4_B08_S20_comb,0,0,0,7.0172,0,0,0,Primary,Fibroblast,Fibroblast,28,FALSE,FALSE,FALSE,TRUE,FALSE,FALSE
HN28_P3P4_B11_S23_comb,0,0,0,8.4503,0,0,0,Primary,Endothelial,Endothelial,28,FALSE,FALSE,FALSE,TRUE,FALSE,FALSE
HN23_P11_E04_S52_comb,0,0,0.10299,6.2195,0,0,0,Primary,T cell,T cell,23,FALSE,FALSE,TRUE,TRUE,FALSE,FALSE
HN28_P5_H03_S279_comb,4.3979,0,0,9.6945,0,0,0,Primary,Fibroblast,Fibroblast,28,TRUE,FALSE,FALSE,TRUE,FALSE,FALSE
HN23_P11_F09_S69_comb,0,0,0,6.7584,0,0,0,Primary,T cell,T cell,23,FALSE,FALSE,FALSE,TRUE,FALSE,FALSE
HN28_P14_G12_S180_comb,0,5.0429,0,8.704,0,0,0,Lymph node,Fibroblast,Fibroblast,28,FALSE,TRUE,FALSE,TRUE,FALSE,FALSE
HN28_P3P4_E07_S55_comb,0,0,0,9.1296,0,0,0,Primary,Fibroblast,Fibroblast,28,FALSE,FALSE,FALSE,TRUE,FALSE,FALSE
HN28_P14_C02_S122_comb,0,0,0,8.6005,0,0,0,Lymph node,Fibroblast,Fibroblast,28,FALSE,FALSE,FALSE,TRUE,FALSE,FALSE
HN28_P3P4_H02_S86_comb,0,0,0,8.6751,0,0,0,Primary,Fibroblast,Fibroblast,28,FALSE,FALSE,FALSE,TRUE,FALSE,FALSE
HN28_P3P4_E04_S52_comb,0,0,0,10.182,0,0,0,Primary,Fibroblast,Fibroblast,28,FALSE,FALSE,FALSE,TRUE,FALSE,FALSE
HN28_P3P4_D08_S44_comb,0,0,0,8.2168,0,0,0,Primary,Fibroblast,Fibroblast,28,FALSE,FALSE,FALSE,TRUE,FALSE,FALSE
HN28_P3P4_D04_S40_comb,5.1528,0,0,9.1492,0.83915,0,0,Primary,Fibroblast,Fibroblast,28,TRUE,FALSE,FALSE,TRUE,TRUE,FALSE
HN28_P5_H09_S285_comb,0,0,0,7.3316,0.96347,0,0,Primary,Fibroblast,Fibroblast,28,FALSE,FALSE,FALSE,TRUE,TRUE,FALSE
HN23_P11_C04_S28_comb,0,0,0,8.3942,0,0,0,Primary,T cell,T cell,23,FALSE,FALSE,FALSE,TRUE,FALSE,FALSE
HN28_P5_C10_S226_comb,5.9987,0,0,10.083,0,0,0,Primary,Fibroblast,Fibroblast,28,TRUE,FALSE,FALSE,TRUE,FALSE,FALSE
HN28_P5_B11_S215_comb,0,0,0,7.8843,0.73466,0,0,Primary,Fibroblast,Fibroblast,28,FALSE,FALSE,FALSE,TRUE,TRUE,FALSE
HN28_P14_D12_S144_comb,1.583,1.7381,6.0124,0,10.727,9.6472,1,Lymph node,0,Cancer cells,28,TRUE,TRUE,TRUE,FALSE,TRUE,TRUE
HN23_P11_H04_S88_comb,0,0,0,7.3954,0,0,0,Primary,T cell,T cell,23,FALSE,FALSE,FALSE,TRUE,FALSE,FALSE
HN28_P3P4_H11_S95_comb,0,0,0,7.4635,0,0,0,Primary,Fibroblast,Fibroblast,28,FALSE,FALSE,FALSE,TRUE,FALSE,FALSE
HN28_P3P4_E09_S57_comb,0,0,0.13356,9.5343,0,0,0,Primary,Fibroblast,Fibroblast,28,FALSE,FALSE,TRUE,TRUE,FALSE,FALSE
HN28_P14_D09_S141_comb,0,0,0,8.2905,0,0,0,Lymph node,Fibroblast,Fibroblast,28,FALSE,FALSE,FALSE,TRUE,FALSE,FALSE
HN28_P5_B10_S214_comb,4.841,0,0,9.2863,0,0,0,Primary,Fibroblast,Fibroblast,28,TRUE,FALSE,FALSE,TRUE,FALSE,FALSE
HN28_P3P4_D06_S42_comb,5.6081,0,0,7.6234,1.2473,0,0,Primary,Fibroblast,Fibroblast,28,TRUE,FALSE,FALSE,TRUE,TRUE,FALSE
HN28_P5_E05_S245_comb,0,0,0,9.6216,0.4782,0.4957,0,Primary,Fibroblast,Fibroblast,28,FALSE,FALSE,FALSE,TRUE,TRUE,TRUE
HN28_P14_A04_S100_comb,0,0,0,8.4695,0,0,0,Lymph node,B cell,B cell,28,FALSE,FALSE,FALSE,TRUE,FALSE,FALSE
HN28_P3P4_B09_S21_comb,0,0,0,8.3415,3.1293,0,0,Primary,Fibroblast,Fibroblast,28,FALSE,FALSE,FALSE,TRUE,TRUE,FALSE
HN28_P3P4_A02_S2_comb,0,0,0,8.2277,0.56949,0,0,Primary,Macrophage,Macrophage,28,FALSE,FALSE,FALSE,TRUE,TRUE,FALSE
HN28_P5_H10_S286_comb,0,0,0,8.5993,0,0,0,Primary,Fibroblast,Fibroblast,28,FALSE,FALSE,FALSE,TRUE,FALSE,FALSE
HN28_P3P4_D02_S38_comb,4.8836,4.7155,2.1909,7.6102,0.86156,0,0,Primary,Fibroblast,Fibroblast,28,TRUE,TRUE,TRUE,TRUE,TRUE,FALSE
HN28_P3P4_G01_S73_comb,5.4562,0,0,10.077,0,0,0,Primary,Fibroblast,Fibroblast,28,TRUE,FALSE,FALSE,TRUE,FALSE,FALSE
HN28_P3P4_H04_S88_comb,2.6262,0,0,0,11.518,4.0577,1,Primary,0,Cancer cells,28,TRUE,FALSE,FALSE,FALSE,TRUE,TRUE
HN28_P5_F04_S256_comb,0,0,0,9.6136,0,0,0,Primary,Fibroblast,Fibroblast,28,FALSE,FALSE,FALSE,TRUE,FALSE,FALSE
HN28_P5_C04_S220_comb,2.6749,0,0.13488,0,12.069,7.3999,1,Primary,0,Cancer cells,28,TRUE,FALSE,TRUE,FALSE,TRUE,TRUE
HN23_P11_H11_S95_comb,0,0,0,0,0,0,0,Primary,T cell,T cell,23,FALSE,FALSE,FALSE,FALSE,FALSE,FALSE
HN28_P14_G10_S178_comb,4.9347,6.177,0,9.0914,0,0,0,Lymph node,Fibroblast,Fibroblast,28,TRUE,TRUE,FALSE,TRUE,FALSE,FALSE
HN28_P5_G09_S273_comb,0,0,0,10.289,0,0,0,Primary,Fibroblast,Fibroblast,28,FALSE,FALSE,FALSE,TRUE,FALSE,FALSE
HN23_P11_E10_S58_comb,0,0,0,8.8135,0,0,0,Primary,T cell,T cell,23,FALSE,FALSE,FALSE,TRUE,FALSE,FALSE
HN28_P3P4_F12_S72_comb,6.3589,0,0,9.3098,0,0,0,Primary,Fibroblast,Fibroblast,28,TRUE,FALSE,FALSE,TRUE,FALSE,FALSE
HN28_P3P4_B07_S19_comb,5.1952,0,0,8.9975,0,0,0,Primary,Fibroblast,Fibroblast,28,TRUE,FALSE,FALSE,TRUE,FALSE,FALSE
HN23_P11_B12_S24_comb,0,0,0,0,0.60122,0,0,Primary,T cell,T cell,23,FALSE,FALSE,FALSE,FALSE,TRUE,FALSE
HN28_P3P4_C06_S30_comb,0,0,0,9.209,0,0,0,Primary,Fibroblast,Fibroblast,28,FALSE,FALSE,FALSE,TRUE,FALSE,FALSE
HN28_P5_C07_S223_comb,0,1.419,0,9.8589,0,0.6332,0,Primary,Fibroblast,Fibroblast,28,FALSE,TRUE,FALSE,TRUE,FALSE,TRUE
HN28_P3P4_E10_S58_comb,0,0,0,8.4087,0,0,0,Primary,Fibroblast,Fibroblast,28,FALSE,FALSE,FALSE,TRUE,FALSE,FALSE
HN28_P14_D10_S142_comb,0,0,0.28333,6.6716,0,0,0,Lymph node,B cell,B cell,28,FALSE,FALSE,TRUE,TRUE,FALSE,FALSE
HN28_P14_H02_S182_comb,2.5614,0.059355,6.2628,0,11.381,9.1544,1,Lymph node,0,Cancer cells,28,TRUE,TRUE,TRUE,FALSE,TRUE,TRUE
HN28_P3P4_D01_S37_comb,4.1733,0,0.37407,0,11.419,8.3263,1,Primary,0,Cancer cells,28,TRUE,FALSE,TRUE,FALSE,TRUE,TRUE
HN28_P5_A01_S193_comb,5.16,0,1.0454,10.559,0,0,0,Primary,Fibroblast,Fibroblast,28,TRUE,FALSE,TRUE,TRUE,FALSE,FALSE
HN23_P11_E11_S59_comb,0,0,0,7.4582,0,0,0,Primary,T cell,T cell,23,FALSE,FALSE,FALSE,TRUE,FALSE,FALSE
HN23_P11_E07_S55_comb,0,0,0,0,0,0,0,Primary,T cell,T cell,23,FALSE,FALSE,FALSE,FALSE,FALSE,FALSE
HN23_P11_G06_S78_comb,0,0,0.22157,7.7952,0,0,0,Primary,T cell,T cell,23,FALSE,FALSE,TRUE,TRUE,FALSE,FALSE
HN23_P11_D11_S47_comb,0,0,0,0,0,0,0,Primary,T cell,T cell,23,FALSE,FALSE,FALSE,FALSE,FALSE,FALSE
HN28_P5_F11_S263_comb,4.318,2.6138,2.745,0.15186,11.065,6.3589,1,Primary,0,Cancer cells,28,TRUE,TRUE,TRUE,TRUE,TRUE,TRUE
HN28_P14_H07_S187_comb,0.76384,2.9931,0,9.9906,0,0,0,Lymph node,Fibroblast,Fibroblast,28,TRUE,TRUE,FALSE,TRUE,FALSE,FALSE
HN28_P3P4_F04_S64_comb,5.2688,0,0,8.8796,0,0,0,Primary,Fibroblast,Fibroblast,28,TRUE,FALSE,FALSE,TRUE,FALSE,FALSE
HN28_P5_E02_S242_comb,0,0,0,8.2442,1.1003,0,0,Primary,Fibroblast,Fibroblast,28,FALSE,FALSE,FALSE,TRUE,TRUE,FALSE
HN28_P14_G08_S176_comb,3.4155,3.1809,5.6293,0,11.538,8.326,1,Lymph node,0,Cancer cells,28,TRUE,TRUE,TRUE,FALSE,TRUE,TRUE
HN28_P5_A10_S202_comb,4.9475,0,0,9.5259,0,0,0,Primary,Fibroblast,Fibroblast,28,TRUE,FALSE,FALSE,TRUE,FALSE,FALSE
HN23_P11_G11_S83_comb,0,0,0,8.1134,0,0,0,Primary,T cell,T cell,23,FALSE,FALSE,FALSE,TRUE,FALSE,FALSE
HN28_P3P4_G11_S83_comb,4.5636,4.9155,0.48954,7.382,0.4813,0,0,Primary,Fibroblast,Fibroblast,28,TRUE,TRUE,TRUE,TRUE,TRUE,FALSE
HN23_P11_E12_S60_comb,0,0,0.2228,0,0,0,0,Primary,T cell,T cell,23,FALSE,FALSE,TRUE,FALSE,FALSE,FALSE
HN28_P3P4_A05_S5_comb,6.0666,2.7579,0.2228,9.4535,0.31383,0,0,Primary,Fibroblast,Fibroblast,28,TRUE,TRUE,TRUE,TRUE,TRUE,FALSE
HN28_P5_H06_S282_comb,5.4601,0,0,9.8554,0,0,0,Primary,Fibroblast,Fibroblast,28,TRUE,FALSE,FALSE,TRUE,FALSE,FALSE
HN23_P11_F03_S63_comb,0,0,0,7.8153,0,0,0,Primary,T cell,T cell,23,FALSE,FALSE,FALSE,TRUE,FALSE,FALSE
HN28_P5_H01_S277_comb,0,0,4.5022,0,11.747,10.536,1,Primary,0,Cancer cells,28,FALSE,FALSE,TRUE,FALSE,TRUE,TRUE
HN28_P5_F12_S264_comb,3.1327,0,3.4775,0,12.039,10.17,1,Primary,0,Cancer cells,28,TRUE,FALSE,TRUE,FALSE,TRUE,TRUE
HN28_P3P4_C08_S32_comb,6.1823,0,0,8.917,0,0,0,Primary,Fibroblast,Fibroblast,28,TRUE,FALSE,FALSE,TRUE,FALSE,FALSE
HN28_P3P4_D10_S46_comb,0,0,0,0.54893,0,0,0,Primary,myocyte,myocyte,28,FALSE,FALSE,FALSE,TRUE,FALSE,FALSE
HN28_P3P4_C01_S25_comb,0,0,0,8.2054,2.1734,0,0,Primary,Fibroblast,Fibroblast,28,FALSE,FALSE,FALSE,TRUE,TRUE,FALSE
HN28_P14_G11_S179_comb,6.442,0,0,9.7556,0,0,0,Lymph node,Fibroblast,Fibroblast,28,TRUE,FALSE,FALSE,TRUE,FALSE,FALSE
HN23_P11_C03_S27_comb,0,0,0,0,0,0,0,Primary,T cell,T cell,23,FALSE,FALSE,FALSE,FALSE,FALSE,FALSE
HN28_P5_B09_S213_comb,4.4551,0,0,0,11.883,5.8099,1,Primary,0,Cancer cells,28,TRUE,FALSE,FALSE,FALSE,TRUE,TRUE
HN28_P5_C05_S221_comb,3.9106,0,3.2919,5.2001,10.634,8.7172,1,Primary,0,Cancer cells,28,TRUE,FALSE,TRUE,TRUE,TRUE,TRUE
HN28_P5_F07_S259_comb,0,0,0,11.019,0,0,0,Primary,Fibroblast,Fibroblast,28,FALSE,FALSE,FALSE,TRUE,FALSE,FALSE
HN28_P14_D06_S138_comb,0,0,0.11902,9.7935,0,0,0,Lymph node,Fibroblast,Fibroblast,28,FALSE,FALSE,TRUE,TRUE,FALSE,FALSE
HN28_P3P4_F09_S69_comb,6.1601,1.605,0,8.8273,0,0,0,Primary,Fibroblast,Fibroblast,28,TRUE,TRUE,FALSE,TRUE,FALSE,FALSE
HN23_P11_A09_S9_comb,0,0,0,0,0,0,0,Primary,T cell,T cell,23,FALSE,FALSE,FALSE,FALSE,FALSE,FALSE
HN28_P14_E07_S151_comb,0,3.2522,0.1137,8.786,0,0,0,Lymph node,Fibroblast,Fibroblast,28,FALSE,TRUE,TRUE,TRUE,FALSE,FALSE
HN28_P14_B11_S119_comb,0.44042,7.9784,0,8.2929,0,0,0,Lymph node,Fibroblast,Fibroblast,28,TRUE,TRUE,FALSE,TRUE,FALSE,FALSE
HN23_P11_D07_S43_comb,0,0,0,0,0,0.59264,0,Primary,T cell,T cell,23,FALSE,FALSE,FALSE,FALSE,FALSE,TRUE
HN28_P14_F10_S166_comb,4.5427,4.4961,0,9.2879,0.34142,0,0,Lymph node,Fibroblast,Fibroblast,28,TRUE,TRUE,FALSE,TRUE,TRUE,FALSE
HN28_P5_B08_S212_comb,2.3704,0,1.3907,0,12.046,10.154,1,Primary,0,Cancer cells,28,TRUE,FALSE,TRUE,FALSE,TRUE,TRUE
HN28_P14_E10_S154_comb,0,0,0.14926,7.437,0.71633,0,0,Lymph node,Fibroblast,Fibroblast,28,FALSE,FALSE,TRUE,TRUE,TRUE,FALSE
HN28_P5_C01_S217_comb,0,0,0,0,0,0,0,Primary,myocyte,myocyte,28,FALSE,FALSE,FALSE,FALSE,FALSE,FALSE
HN28_P3P4_A11_S11_comb,4.7391,0.90149,0,8.7628,1.4431,0,0,Primary,Fibroblast,Fibroblast,28,TRUE,TRUE,FALSE,TRUE,TRUE,FALSE
HN28_P3P4_C10_S34_comb,0,0,0,9.3119,0,0,0,Primary,Fibroblast,Fibroblast,28,FALSE,FALSE,FALSE,TRUE,FALSE,FALSE
HN28_P5_D01_S229_comb,0,0,0.15316,9.8121,0,0,0,Primary,Fibroblast,Fibroblast,28,FALSE,FALSE,TRUE,TRUE,FALSE,FALSE
HN28_P3P4_E12_S60_comb,0,0,0,1.568,0,0,0,Primary,myocyte,myocyte,28,FALSE,FALSE,FALSE,TRUE,FALSE,FALSE
HN28_P3P4_F01_S61_comb,0,0,0.26424,10.03,0,0,0,Primary,Fibroblast,Fibroblast,28,FALSE,FALSE,TRUE,TRUE,FALSE,FALSE
HN28_P3P4_A09_S9_comb,3.2737,2.9023,7.2792,0,11.273,10.613,1,Primary,0,Cancer cells,28,TRUE,TRUE,TRUE,FALSE,TRUE,TRUE
HN28_P14_D02_S134_comb,3.9209,0.97673,0,9.1392,0,0,0,Lymph node,Fibroblast,Fibroblast,28,TRUE,TRUE,FALSE,TRUE,FALSE,FALSE
HN23_P11_E03_S51_comb,0,0,0,0,0,0,0,Primary,T cell,T cell,23,FALSE,FALSE,FALSE,FALSE,FALSE,FALSE
HN28_P3P4_B05_S17_comb,6.7016,2.57,0,6.2178,1.0158,0,0,Primary,Fibroblast,Fibroblast,28,TRUE,TRUE,FALSE,TRUE,TRUE,FALSE
HN28_P5_A08_S200_comb,0,0,0,10.707,1.4362,0,0,Primary,Fibroblast,Fibroblast,28,FALSE,FALSE,FALSE,TRUE,TRUE,FALSE
HN28_P14_E01_S145_comb,0,0,0.48749,8.2505,3.3513,2.6859,0,Lymph node,Fibroblast,Fibroblast,28,FALSE,FALSE,TRUE,TRUE,TRUE,TRUE
HN28_P14_G01_S169_comb,1.8965,0.77315,4.2672,8.7925,9.7754,8.4737,0,Lymph node,0,0,28,TRUE,TRUE,TRUE,TRUE,TRUE,TRUE
HN28_P5_H05_S281_comb,5.7304,0,0.15186,10.218,0,0,0,Primary,Fibroblast,Fibroblast,28,TRUE,FALSE,TRUE,TRUE,FALSE,FALSE
HN28_P3P4_A04_S4_comb,0,0,0,9.5338,0,0,0,Primary,Fibroblast,Fibroblast,28,FALSE,FALSE,FALSE,TRUE,FALSE,FALSE
HN28_P3P4_G07_S79_comb,0,0,1.802,9.8488,0,0,0,Primary,Fibroblast,Fibroblast,28,FALSE,FALSE,TRUE,TRUE,FALSE,FALSE
HN28_P5_E06_S246_comb,0,0,0,7.154,0,0,0,Primary,Fibroblast,Fibroblast,28,FALSE,FALSE,FALSE,TRUE,FALSE,FALSE
HN28_P14_G05_S173_comb,3.4677,1.2588,5.4632,0,11.15,10.743,1,Lymph node,0,Cancer cells,28,TRUE,TRUE,TRUE,FALSE,TRUE,TRUE
HN23_P11_G10_S82_comb,0,0,0,6.5877,0,0,0,Primary,T cell,T cell,23,FALSE,FALSE,FALSE,TRUE,FALSE,FALSE
HN28_P3P4_C09_S33_comb,0,3.9757,0,7.9615,0,0,0,Primary,Fibroblast,Fibroblast,28,FALSE,TRUE,FALSE,TRUE,FALSE,FALSE
HN28_P3P4_F07_S67_comb,4.1185,6.2779,0,9.4945,0,0,0,Primary,Endothelial,Endothelial,28,TRUE,TRUE,FALSE,TRUE,FALSE,FALSE
HN28_P5_G08_S272_comb,5.2542,0,2.2765,0,11.025,9.2071,1,Primary,0,Cancer cells,28,TRUE,FALSE,TRUE,FALSE,TRUE,TRUE
HN28_P14_F01_S157_comb,2.5833,0.10434,3.6096,1.519,11.006,5.6791,1,Lymph node,0,Cancer cells,28,TRUE,TRUE,TRUE,TRUE,TRUE,TRUE
HN28_P3P4_G08_S80_comb,0,0,0,10.257,0,0.52907,0,Primary,Fibroblast,Fibroblast,28,FALSE,FALSE,FALSE,TRUE,FALSE,TRUE
HN23_P11_H10_S94_comb,0,0,0,0,0,0,0,Primary,T cell,T cell,23,FALSE,FALSE,FALSE,FALSE,FALSE,FALSE
HN28_P3P4_H03_S87_comb,5.2565,0,0,10.441,0,0,0,Primary,Fibroblast,Fibroblast,28,TRUE,FALSE,FALSE,TRUE,FALSE,FALSE
HN28_P14_B12_S120_comb,0,3.939,0,8.7582,0,0,0,Lymph node,Fibroblast,Fibroblast,28,FALSE,TRUE,FALSE,TRUE,FALSE,FALSE
HN28_P5_A12_S204_comb,6.0217,0,0,8.5876,0,0,0,Primary,Fibroblast,Fibroblast,28,TRUE,FALSE,FALSE,TRUE,FALSE,FALSE
HN28_P14_F02_S158_comb,2.1408,1.4447,6.084,0,11.445,10.47,1,Lymph node,0,Cancer cells,28,TRUE,TRUE,TRUE,FALSE,TRUE,TRUE
HN28_P14_B09_S117_comb,3.8285,4.4442,0.24489,7.3603,0,0,0,Lymph node,Fibroblast,Fibroblast,28,TRUE,TRUE,TRUE,TRUE,FALSE,FALSE
HN28_P3P4_A10_S10_comb,4.6984,0,0,9.684,0,0,0,Primary,Fibroblast,Fibroblast,28,TRUE,FALSE,FALSE,TRUE,FALSE,FALSE
HN28_P5_D05_S233_comb,4.566,0,2.4542,0,11.797,8.9514,1,Primary,0,Cancer cells,28,TRUE,FALSE,TRUE,FALSE,TRUE,TRUE
HN28_P5_D06_S234_comb,4.4781,0.094912,0,9.6984,0,0,0,Primary,Fibroblast,Fibroblast,28,TRUE,TRUE,FALSE,TRUE,FALSE,FALSE
HN23_P11_A07_S7_comb,0,0,0,0,0,0,0,Primary,T cell,T cell,23,FALSE,FALSE,FALSE,FALSE,FALSE,FALSE
HN28_P14_G06_S174_comb,0,0,3.1701,0,11.917,7.3995,1,Lymph node,0,Cancer cells,28,FALSE,FALSE,TRUE,FALSE,TRUE,TRUE
HN28_P14_H12_S192_comb,4.4336,0,1.7493,0,11.897,6.8431,1,Lymph node,0,Cancer cells,28,TRUE,FALSE,TRUE,FALSE,TRUE,TRUE
HN23_P11_G02_S74_comb,0,0,0,0.63134,0,0,0,Primary,T cell,T cell,23,FALSE,FALSE,FALSE,TRUE,FALSE,FALSE
HN28_P3P4_C03_S27_comb,3.6763,0,0,9.4046,0,0,0,Primary,Fibroblast,Fibroblast,28,TRUE,FALSE,FALSE,TRUE,FALSE,FALSE
HN23_P11_D03_S39_comb,0,0,0,0,0,0,0,Primary,T cell,T cell,23,FALSE,FALSE,FALSE,FALSE,FALSE,FALSE
HN28_P14_B03_S111_comb,4.9781,0,0,9.7704,0,0,0,Lymph node,Fibroblast,Fibroblast,28,TRUE,FALSE,FALSE,TRUE,FALSE,FALSE
HN23_P11_B06_S18_comb,0,0,0,7.5589,0,0,0,Primary,T cell,T cell,23,FALSE,FALSE,FALSE,TRUE,FALSE,FALSE
HN28_P3P4_C02_S26_comb,0,0,0.35163,8.1936,0,0,0,Primary,Fibroblast,Fibroblast,28,FALSE,FALSE,TRUE,TRUE,FALSE,FALSE
HN23_P11_B11_S23_comb,0,0,0,0.34142,0,0,0,Primary,T cell,T cell,23,FALSE,FALSE,FALSE,TRUE,FALSE,FALSE
HN28_P5_A04_S196_comb,1.8053,0.066261,4.209,0,11.527,8.0597,1,Primary,0,Cancer cells,28,TRUE,TRUE,TRUE,FALSE,TRUE,TRUE
HN28_P5_E03_S243_comb,0,0,0,9.0992,0.32539,0,0,Primary,Fibroblast,Fibroblast,28,FALSE,FALSE,FALSE,TRUE,TRUE,FALSE
HN28_P5_A03_S195_comb,0,0,0,6.6174,0,0,0,Primary,Fibroblast,Fibroblast,28,FALSE,FALSE,FALSE,TRUE,FALSE,FALSE
HN28_P5_D12_S240_comb,0,0,0,8.9242,0.88753,0,0,Primary,Fibroblast,Fibroblast,28,FALSE,FALSE,FALSE,TRUE,TRUE,FALSE
HN28_P14_E11_S155_comb,0,0,0,7.3289,0,0,0,Lymph node,Fibroblast,Fibroblast,28,FALSE,FALSE,FALSE,TRUE,FALSE,FALSE
HN28_P14_C12_S132_comb,0,0,0,9.1478,0.40054,0,0,Lymph node,Mast,Mast,28,FALSE,FALSE,FALSE,TRUE,TRUE,FALSE
HN28_P3P4_B03_S15_comb,0,0,0.31034,8.1475,0,0,0,Primary,Endothelial,Endothelial,28,FALSE,FALSE,TRUE,TRUE,FALSE,FALSE
HN28_P14_A05_S101_comb,4.1908,0,2.724,0,11.649,8.4473,1,Lymph node,0,Cancer cells,28,TRUE,FALSE,TRUE,FALSE,TRUE,TRUE
HN28_P14_F04_S160_comb,5.2426,0,0,8.271,0,0,0,Lymph node,Fibroblast,Fibroblast,28,TRUE,FALSE,FALSE,TRUE,FALSE,FALSE
HN28_P3P4_D03_S39_comb,0,0,0,8.3213,0,0,0,Primary,Fibroblast,Fibroblast,28,FALSE,FALSE,FALSE,TRUE,FALSE,FALSE
HN28_P5_G02_S266_comb,2.7679,2.3556,0.17377,7.2091,1.0888,0.47716,0,Primary,Fibroblast,Fibroblast,28,TRUE,TRUE,TRUE,TRUE,TRUE,TRUE
HN28_P3P4_C05_S29_comb,1.943,0,0,8.2821,0,0,0,Primary,Fibroblast,Fibroblast,28,TRUE,FALSE,FALSE,TRUE,FALSE,FALSE
HN28_P5_C02_S218_comb,5.8054,0,0,8.8977,0,0,0,Primary,Fibroblast,Fibroblast,28,TRUE,FALSE,FALSE,TRUE,FALSE,FALSE
HN28_P3P4_C07_S31_comb,0,0,0,8.1172,2.7799,0,0,Primary,Fibroblast,Fibroblast,28,FALSE,FALSE,FALSE,TRUE,TRUE,FALSE
HN28_P5_E11_S251_comb,0,0,0,8.7008,0,0,0,Primary,Fibroblast,Fibroblast,28,FALSE,FALSE,FALSE,TRUE,FALSE,FALSE
HN28_P3P4_F11_S71_comb,0,4.4425,0,6.3299,0,0,0,Primary,Fibroblast,Fibroblast,28,FALSE,TRUE,FALSE,TRUE,FALSE,FALSE
HN28_P5_F10_S262_comb,3.9451,0,2.6159,0,11.725,9.3787,1,Primary,0,Cancer cells,28,TRUE,FALSE,TRUE,FALSE,TRUE,TRUE
HN25_P13P30_G05_S269_comb,0,0,0,0,0,0,0,Lymph node,T cell,T cell,25,FALSE,FALSE,FALSE,FALSE,FALSE,FALSE
HN25_P13P30_C07_S223_comb,0,0,0,7.1058,0,0,0,Primary,T cell,T cell,25,FALSE,FALSE,FALSE,TRUE,FALSE,FALSE
HN25_P13P30_G03_S267_comb,0,4.917,0,4.8297,0,0,0,Lymph node,T cell,T cell,25,FALSE,TRUE,FALSE,TRUE,FALSE,FALSE
HN25_P13P30_F09_S261_comb,0,0,0,6.5596,0,0,0,Lymph node,T cell,T cell,25,FALSE,FALSE,FALSE,TRUE,FALSE,FALSE
HN25_P13P30_C05_S221_comb,0,0,0.15575,7.4956,0,0,0,Primary,T cell,T cell,25,FALSE,FALSE,TRUE,TRUE,FALSE,FALSE
HN25_P13P30_C03_S219_comb,0,6.7416,0,5.8535,0,0,0,Primary,T cell,T cell,25,FALSE,TRUE,FALSE,TRUE,FALSE,FALSE
HN25_P13P30_D11_S239_comb,0,0,0.24123,0,0,0,0,Primary,T cell,T cell,25,FALSE,FALSE,TRUE,FALSE,FALSE,FALSE
HN25_P13P30_A10_S202_comb,0,0,0,8.3163,0,0,0,Primary,T cell,T cell,25,FALSE,FALSE,FALSE,TRUE,FALSE,FALSE
HN25_P13P30_D03_S231_comb,0,5.045,0,7.7312,0,0,0,Primary,T cell,T cell,25,FALSE,TRUE,FALSE,TRUE,FALSE,FALSE
HN25_P13P30_C11_S227_comb,0,6.1934,0.21661,8.2342,0,0,0,Primary,T cell,T cell,25,FALSE,TRUE,TRUE,TRUE,FALSE,FALSE
HN25_P13P30_A05_S197_comb,0,0,0,7.7536,0,0,0,Primary,T cell,T cell,25,FALSE,FALSE,FALSE,TRUE,FALSE,FALSE
HN25_P13P30_D06_S234_comb,0,0,0,10.31,0,0,0,Primary,T cell,T cell,25,FALSE,FALSE,FALSE,TRUE,FALSE,FALSE
HN25_P13P30_E05_S245_comb,0,0,0,0,0,0,0,Lymph node,T cell,T cell,25,FALSE,FALSE,FALSE,FALSE,FALSE,FALSE
HN25_P13P30_C06_S222_comb,0,0,0,9.6777,0,0,0,Primary,T cell,T cell,25,FALSE,FALSE,FALSE,TRUE,FALSE,FALSE
HN25_P13P30_A08_S200_comb,0,0,0.15963,8.9456,0,0,0,Primary,T cell,T cell,25,FALSE,FALSE,TRUE,TRUE,FALSE,FALSE
HN25_P13P30_B09_S213_comb,0,0,0,8.2998,0,0,0,Primary,T cell,T cell,25,FALSE,FALSE,FALSE,TRUE,FALSE,FALSE
HN25_P13P30_A03_S195_comb,0,0,0,7.9746,0,0,0,Primary,T cell,T cell,25,FALSE,FALSE,FALSE,TRUE,FALSE,FALSE
HN25_P13P30_B10_S214_comb,0,0,0,8.8227,0,0,0,Primary,T cell,T cell,25,FALSE,FALSE,FALSE,TRUE,FALSE,FALSE
HN25_P13P30_B03_S207_comb,0,6.2509,0,7.0859,0,0,0,Primary,T cell,T cell,25,FALSE,TRUE,FALSE,TRUE,FALSE,FALSE
HN25_P13P30_C10_S226_comb,0,0.60407,0.12961,0,0,0,0,Primary,T cell,T cell,25,FALSE,TRUE,TRUE,FALSE,FALSE,FALSE
HN25_P13P30_F12_S264_comb,0,0,0,7.4246,0,0,0,Lymph node,T cell,T cell,25,FALSE,FALSE,FALSE,TRUE,FALSE,FALSE
HN25_P13P30_E01_S241_comb,0,0,0,7.7048,0,0,0,Lymph node,T cell,T cell,25,FALSE,FALSE,FALSE,TRUE,FALSE,FALSE
HN25_P13P30_B08_S212_comb,0,0,0,0,0,0,0,Primary,T cell,T cell,25,FALSE,FALSE,FALSE,FALSE,FALSE,FALSE
HN25_P13P30_B04_S208_comb,0,0,0,7.9026,0,0,0,Primary,T cell,T cell,25,FALSE,FALSE,FALSE,TRUE,FALSE,FALSE
HN25_P13P30_E07_S247_comb,0,0,0,7.9988,0.51904,0,0,Lymph node,T cell,T cell,25,FALSE,FALSE,FALSE,TRUE,TRUE,FALSE
HN25_P13P30_C04_S220_comb,0,6.151,0,8.3984,0.53107,0,0,Primary,T cell,T cell,25,FALSE,TRUE,FALSE,TRUE,TRUE,FALSE
HN25_P13P30_A01_S193_comb,0,0,0,0,0,0,0,Primary,T cell,T cell,25,FALSE,FALSE,FALSE,FALSE,FALSE,FALSE
HN25_P13P30_A09_S201_comb,0,0,0,9.5591,0,0,0,Primary,T cell,T cell,25,FALSE,FALSE,FALSE,TRUE,FALSE,FALSE
HN25_P13P30_D10_S238_comb,0,0,0,6.4774,0,0,0,Primary,T cell,T cell,25,FALSE,FALSE,FALSE,TRUE,FALSE,FALSE
HN25_P13P30_A12_S204_comb,0,5.1261,0,7.759,0,0,0,Primary,T cell,T cell,25,FALSE,TRUE,FALSE,TRUE,FALSE,FALSE
HN25_P13P30_C08_S224_comb,0,0,0,7.4597,0,0,0,Primary,T cell,T cell,25,FALSE,FALSE,FALSE,TRUE,FALSE,FALSE
HN25_P13P30_B05_S209_comb,0,6.148,0,9.7157,0,0,0,Primary,T cell,T cell,25,FALSE,TRUE,FALSE,TRUE,FALSE,FALSE
HN25_P13P30_F07_S259_comb,0,0,0,0,0,0,0,Lymph node,T cell,T cell,25,FALSE,FALSE,FALSE,FALSE,FALSE,FALSE
HN25_P13P30_H02_S278_comb,0,0,0.20789,0,0,0,0,Lymph node,T cell,T cell,25,FALSE,FALSE,TRUE,FALSE,FALSE,FALSE
HN25_P13P30_D07_S235_comb,0,4.4026,0,10.427,0,0,0,Primary,T cell,T cell,25,FALSE,TRUE,FALSE,TRUE,FALSE,FALSE
HN25_P13P30_F01_S253_comb,0,0,0,8.1524,0,0,0,Lymph node,T cell,T cell,25,FALSE,FALSE,FALSE,TRUE,FALSE,FALSE
HNSCC25_P20_B02_S302_comb,5.1663,0,0,6.9657,0.6663,0,0,Lymph node,B cell,B cell,25,TRUE,FALSE,FALSE,TRUE,TRUE,FALSE
HNSCC25_P20_F12_S360_comb,5.682,0,0,8.6728,0.20539,0,0,Lymph node,Fibroblast,Fibroblast,25,TRUE,FALSE,FALSE,TRUE,TRUE,FALSE
HNSCC25_P2_C05_S29_comb,0,0,0.067639,4.9491,9.8171,9.2478,0,Primary,0,0,25,FALSE,FALSE,TRUE,TRUE,TRUE,TRUE
HNSCC25_P20_E07_S343_comb,2.8065,4.3265,4.5565,8.0116,13.143,0.5509,1,Lymph node,0,Cancer cells,25,TRUE,TRUE,TRUE,TRUE,TRUE,TRUE
HNSCC25_P20_E09_S345_comb,3.4205,3.9344,3.7645,7.1207,11.138,10.303,1,Lymph node,0,Cancer cells,25,TRUE,TRUE,TRUE,TRUE,TRUE,TRUE
HNSCC25_P2_G09_S81_comb,4.7034,0.038436,0,2.2519,12.229,5.0877,1,Primary,0,Cancer cells,25,TRUE,TRUE,FALSE,TRUE,TRUE,TRUE
HNSCC25_P20_C01_S313_comb,5.1949,1.9635,5.0405,8.0383,8.9699,2.244,1,Lymph node,0,Cancer cells,25,TRUE,TRUE,TRUE,TRUE,TRUE,TRUE
HNSCC25_P2_H08_S92_comb,7.3703,0,0,4.2103,0,0,0,Primary,Fibroblast,Fibroblast,25,TRUE,FALSE,FALSE,TRUE,FALSE,FALSE
HNSCC25_P2_H09_S93_comb,6.0764,0,0,2.9197,0,0,0,Primary,Fibroblast,Fibroblast,25,TRUE,FALSE,FALSE,TRUE,FALSE,FALSE
HNSCC25_P20_C05_S317_comb,6.7751,4.2127,2.0076,7.1524,0.2302,0,0,Lymph node,Fibroblast,Fibroblast,25,TRUE,TRUE,TRUE,TRUE,TRUE,FALSE
HNSCC25_P2_F07_S67_comb,5.9338,0,0,5.935,0.14143,0,0,Primary,Fibroblast,Fibroblast,25,TRUE,FALSE,FALSE,TRUE,TRUE,FALSE
HNSCC25_P20_D11_S335_comb,3.0454,3.0481,3.2814,6.0268,11.163,1.0786,1,Lymph node,0,Cancer cells,25,TRUE,TRUE,TRUE,TRUE,TRUE,TRUE
HNSCC25_P2_F09_S69_comb,0.94636,5.1278,8.0158,0,11.162,10.455,0,Primary,0,0,25,TRUE,TRUE,TRUE,FALSE,TRUE,TRUE
HNSCC25_P2_A04_S4_comb,6.8698,0,0,7.3157,0,0,0,Primary,Fibroblast,Fibroblast,25,TRUE,FALSE,FALSE,TRUE,FALSE,FALSE
HNSCC25_P20_B08_S308_comb,0,0,0,7.0023,0,0,0,Lymph node,B cell,B cell,25,FALSE,FALSE,FALSE,TRUE,FALSE,FALSE
HNSCC25_P2_E02_S50_comb,5.6613,6.0992,0.38957,7.3902,0,0,0,Primary,Fibroblast,Fibroblast,25,TRUE,TRUE,TRUE,TRUE,FALSE,FALSE
HNSCC25_P2_F05_S65_comb,0,0,0,5.89,0.26303,0,0,Primary,Fibroblast,Fibroblast,25,FALSE,FALSE,FALSE,TRUE,TRUE,FALSE
HNSCC25_P2_E08_S56_comb,5.4818,2.8466,4.0782,2.4388,10.81,3.1087,1,Primary,0,Cancer cells,25,TRUE,TRUE,TRUE,TRUE,TRUE,TRUE
HNSCC25_P2_D12_S48_comb,4.661,4.5357,0.09356,0,10.566,0.54597,1,Primary,0,Cancer cells,25,TRUE,TRUE,TRUE,FALSE,TRUE,TRUE
HNSCC25_P2_C06_S30_comb,2.2482,0,0,0.28451,9.8734,0,0,Primary,0,0,25,TRUE,FALSE,FALSE,TRUE,TRUE,FALSE
HNSCC25_P2_H01_S85_comb,0,0,0,0.59072,0.22651,0,0,Primary,Fibroblast,Fibroblast,25,FALSE,FALSE,FALSE,TRUE,TRUE,FALSE
HNSCC25_P20_C02_S314_comb,5.4201,0,0.084064,8.5457,0,0.25338,0,Lymph node,Fibroblast,Fibroblast,25,TRUE,FALSE,TRUE,TRUE,FALSE,TRUE
HNSCC25_P2_D11_S47_comb,4.3288,3.6682,3.5509,6.514,11.303,9.5223,1,Primary,0,Cancer cells,25,TRUE,TRUE,TRUE,TRUE,TRUE,TRUE
HNSCC25_P20_G07_S367_comb,5.4187,3.9603,7.6443,7.2427,10.88,0.90997,1,Lymph node,0,Cancer cells,25,TRUE,TRUE,TRUE,TRUE,TRUE,TRUE
HNSCC25_P20_H01_S373_comb,0,3.9203,0,9.395,0.18903,0,0,Lymph node,Fibroblast,Fibroblast,25,FALSE,TRUE,FALSE,TRUE,TRUE,FALSE
HNSCC25_P20_G01_S361_comb,4.4573,0.70487,0,7.3386,0,0.12829,0,Lymph node,Fibroblast,Fibroblast,25,TRUE,TRUE,FALSE,TRUE,FALSE,TRUE
HNSCC25_P20_B03_S303_comb,5.3436,0,0,9.5025,0,0,0,Lymph node,Fibroblast,Fibroblast,25,TRUE,FALSE,FALSE,TRUE,FALSE,FALSE
HNSCC25_P20_H02_S374_comb,0,0,0,8.2789,0,0,0,Lymph node,B cell,B cell,25,FALSE,FALSE,FALSE,TRUE,FALSE,FALSE
HNSCC25_P2_B10_S22_comb,0,0,0,6.3125,4.5724,0,0,Primary,Dendritic,Dendritic,25,FALSE,FALSE,FALSE,TRUE,TRUE,FALSE
HNSCC25_P2_C01_S25_comb,5.6758,3.0284,0,0,11.718,12.595,1,Primary,0,Cancer cells,25,TRUE,TRUE,FALSE,FALSE,TRUE,TRUE
HNSCC25_P2_G02_S74_comb,4.3298,3.9588,6.2318,5.0734,12.391,7.8402,1,Primary,0,Cancer cells,25,TRUE,TRUE,TRUE,TRUE,TRUE,TRUE
HNSCC25_P2_E04_S52_comb,0,7.562,8.1017,3.5938,9.829,11.069,1,Primary,0,Cancer cells,25,FALSE,TRUE,TRUE,TRUE,TRUE,TRUE
HNSCC25_P20_B06_S306_comb,0,2.2857,6.2062,0,9.4431,13.314,1,Lymph node,0,Cancer cells,25,FALSE,TRUE,TRUE,FALSE,TRUE,TRUE
HNSCC25_P2_B11_S23_comb,5.2528,0,0,8.1571,1.2418,0,0,Primary,Fibroblast,Fibroblast,25,TRUE,FALSE,FALSE,TRUE,TRUE,FALSE
HNSCC25_P2_D10_S46_comb,0,0,0,6.9202,0.15316,0,0,Primary,Fibroblast,Fibroblast,25,FALSE,FALSE,FALSE,TRUE,TRUE,FALSE
HNSCC25_P20_F09_S357_comb,0,4.9352,0,7.5936,0,0,0,Lymph node,Fibroblast,Fibroblast,25,FALSE,TRUE,FALSE,TRUE,FALSE,FALSE
HNSCC25_P2_F10_S70_comb,2.9254,0,2.4872,0,11.423,11.379,1,Primary,0,Cancer cells,25,TRUE,FALSE,TRUE,FALSE,TRUE,TRUE
HNSCC25_P2_H06_S90_comb,0,0,0,6.7008,0,0,0,Primary,T cell,T cell,25,FALSE,FALSE,FALSE,TRUE,FALSE,FALSE
HNSCC25_P2_C09_S33_comb,6.9454,0,0,6.7465,0,0,0,Primary,Fibroblast,Fibroblast,25,TRUE,FALSE,FALSE,TRUE,FALSE,FALSE
HNSCC25_P20_D03_S327_comb,4.3162,0,0.070389,9.8706,0,0,0,Lymph node,Fibroblast,Fibroblast,25,TRUE,FALSE,TRUE,TRUE,FALSE,FALSE
HNSCC25_P2_C03_S27_comb,7.3742,0,0,5.8263,0.37518,0,0,Primary,Fibroblast,Fibroblast,25,TRUE,FALSE,FALSE,TRUE,TRUE,FALSE
HNSCC25_P2_G01_S73_comb,0,0,6.1516,0,11.15,10.352,0,Primary,0,0,25,FALSE,FALSE,TRUE,FALSE,TRUE,TRUE
HNSCC25_P2_G12_S84_comb,0,0,0,5.0431,0,0,0,Primary,Fibroblast,Fibroblast,25,FALSE,FALSE,FALSE,TRUE,FALSE,FALSE
HNSCC25_P2_G11_S83_comb,4.5474,3.1303,2.7047,3.2359,12.322,8.2794,1,Primary,0,Cancer cells,25,TRUE,TRUE,TRUE,TRUE,TRUE,TRUE
HNSCC25_P2_B01_S13_comb,4.7732,3.4431,6.5905,5.656,11.571,6.8802,1,Primary,0,Cancer cells,25,TRUE,TRUE,TRUE,TRUE,TRUE,TRUE
HNSCC25_P20_B05_S305_comb,3.9575,2.9086,2.0573,9.59,0.45523,0,0,Lymph node,Fibroblast,Fibroblast,25,TRUE,TRUE,TRUE,TRUE,TRUE,FALSE
HNSCC25_P20_E06_S342_comb,2.8482,3.7617,2.7303,5.3327,11.208,6.2112,1,Lymph node,0,Cancer cells,25,TRUE,TRUE,TRUE,TRUE,TRUE,TRUE
HNSCC25_P20_D08_S332_comb,6.6275,4.0365,0,9.7986,0,0,0,Lymph node,Fibroblast,Fibroblast,25,TRUE,TRUE,FALSE,TRUE,FALSE,FALSE
HNSCC25_P20_A05_S293_comb,5.5992,1.8472,0,10.146,0,0,0,Lymph node,Fibroblast,Fibroblast,25,TRUE,TRUE,FALSE,TRUE,FALSE,FALSE
HNSCC25_P20_G09_S369_comb,4.0029,4.3952,5.9056,8.996,11.782,5.6243,1,Lymph node,0,Cancer cells,25,TRUE,TRUE,TRUE,TRUE,TRUE,TRUE
HNSCC25_P20_E02_S338_comb,1.5719,5.6216,3.3849,8.3717,11.696,0.18903,1,Lymph node,0,Cancer cells,25,TRUE,TRUE,TRUE,TRUE,TRUE,TRUE
HNSCC25_P2_D09_S45_comb,6.1476,3.9487,1.4936,7.1631,0,0,0,Primary,Fibroblast,Fibroblast,25,TRUE,TRUE,TRUE,TRUE,FALSE,FALSE
HNSCC25_P20_D02_S326_comb,0,5.0023,0,10.073,0,0,0,Lymph node,Fibroblast,Fibroblast,25,FALSE,TRUE,FALSE,TRUE,FALSE,FALSE
HNSCC25_P2_E09_S57_comb,5.8861,5.0845,3.5869,5.8452,10.829,4.8919,1,Primary,0,Cancer cells,25,TRUE,TRUE,TRUE,TRUE,TRUE,TRUE
HNSCC25_P20_G02_S362_comb,0,0,0,9.9032,0.13488,0,0,Lymph node,Fibroblast,Fibroblast,25,FALSE,FALSE,FALSE,TRUE,TRUE,FALSE
HNSCC25_P2_H07_S91_comb,4.1074,0.33113,3.4529,4.0898,12.01,1.2222,1,Primary,0,Cancer cells,25,TRUE,TRUE,TRUE,TRUE,TRUE,TRUE
HNSCC25_P2_G08_S80_comb,5.4419,0,0,7.8185,1.1197,0,0,Primary,Fibroblast,Fibroblast,25,TRUE,FALSE,FALSE,TRUE,TRUE,FALSE
HNSCC25_P2_F12_S72_comb,5.08,0,1.5854,4.5106,12.057,8.5671,1,Primary,0,Cancer cells,25,TRUE,FALSE,TRUE,TRUE,TRUE,TRUE
HNSCC25_P2_B06_S18_comb,4.787,2.3956,3.0013,3.4395,12.546,8.3129,1,Primary,0,Cancer cells,25,TRUE,TRUE,TRUE,TRUE,TRUE,TRUE
HNSCC25_P2_F06_S66_comb,5.1789,2.7987,5.1964,7.0963,10.628,4.0784,1,Primary,0,Cancer cells,25,TRUE,TRUE,TRUE,TRUE,TRUE,TRUE
HNSCC25_P2_A02_S2_comb,4.8521,0,0,6.6481,0,0,0,Primary,Fibroblast,Fibroblast,25,TRUE,FALSE,FALSE,TRUE,FALSE,FALSE
HNSCC25_P2_B12_S24_comb,6.3045,0,0.075875,6.7366,0,0,0,Primary,Fibroblast,Fibroblast,25,TRUE,FALSE,TRUE,TRUE,FALSE,FALSE
HNSCC25_P2_E10_S58_comb,4.3743,0,0,7.363,0,0,0,Primary,Fibroblast,Fibroblast,25,TRUE,FALSE,FALSE,TRUE,FALSE,FALSE
HNSCC25_P20_F06_S354_comb,0,0,0,9.1473,0.29983,0,0,Lymph node,B cell,B cell,25,FALSE,FALSE,FALSE,TRUE,TRUE,FALSE
HNSCC25_P2_E03_S51_comb,4.2278,2.2774,0,7.0279,0,0,0,Primary,Fibroblast,Fibroblast,25,TRUE,TRUE,FALSE,TRUE,FALSE,FALSE
HNSCC25_P2_G05_S77_comb,0,0,0.062122,0.13356,0.47508,0,0,Primary,Fibroblast,Fibroblast,25,FALSE,FALSE,TRUE,TRUE,TRUE,FALSE
HNSCC25_P2_D05_S41_comb,2.3519,0,5.5966,0.83188,5.9086,0,0,Primary,0,0,25,TRUE,FALSE,TRUE,TRUE,TRUE,FALSE
HNSCC25_P2_E07_S55_comb,0,0,0,3.151,0,0,0,Primary,Fibroblast,Fibroblast,25,FALSE,FALSE,FALSE,TRUE,FALSE,FALSE
HNSCC25_P20_D09_S333_comb,4.2006,6.0396,5.9819,8.3463,12.905,8.7908,1,Lymph node,0,Cancer cells,25,TRUE,TRUE,TRUE,TRUE,TRUE,TRUE
HNSCC25_P2_F04_S64_comb,0,0,0,7.5025,0,0,0,Primary,Mast,Mast,25,FALSE,FALSE,FALSE,TRUE,FALSE,FALSE
HNSCC25_P2_B05_S17_comb,0,0,0,2.3443,0,0,0,Primary,Fibroblast,Fibroblast,25,FALSE,FALSE,FALSE,TRUE,FALSE,FALSE
HNSCC25_P20_C11_S323_comb,0,0,0.10434,10.37,0,0,0,Lymph node,Fibroblast,Fibroblast,25,FALSE,FALSE,TRUE,TRUE,FALSE,FALSE
HNSCC25_P2_F11_S71_comb,5.7426,1.94,4.7768,2.3485,11.455,3.9885,1,Primary,0,Cancer cells,25,TRUE,TRUE,TRUE,TRUE,TRUE,TRUE
HNSCC25_P2_B02_S14_comb,5.182,0,5.9195,4.0698,11.267,7.2191,1,Primary,0,Cancer cells,25,TRUE,FALSE,TRUE,TRUE,TRUE,TRUE
HNSCC25_P2_B03_S15_comb,6.2315,3.7842,0,7.0002,0.1776,0,0,Primary,Fibroblast,Fibroblast,25,TRUE,TRUE,FALSE,TRUE,TRUE,FALSE
HNSCC25_P2_F02_S62_comb,0,0,5.8747,0,9.8689,0,0,Primary,0,0,25,FALSE,FALSE,TRUE,FALSE,TRUE,FALSE
HNSCC25_P2_E06_S54_comb,0,0,0,7.4345,0,0,0,Primary,Fibroblast,Fibroblast,25,FALSE,FALSE,FALSE,TRUE,FALSE,FALSE
HNSCC25_P20_F04_S352_comb,2.543,2.3331,3.807,5.7553,10.914,6.7927,1,Lymph node,0,Cancer cells,25,TRUE,TRUE,TRUE,TRUE,TRUE,TRUE
HNSCC25_P20_H08_S380_comb,0.38073,0,0,7.3872,0,0,0,Lymph node,B cell,B cell,25,TRUE,FALSE,FALSE,TRUE,FALSE,FALSE
HNSCC25_P2_A01_S1_comb,5.6116,5.7374,0,8.1189,0,0,0,Primary,Fibroblast,Fibroblast,25,TRUE,TRUE,FALSE,TRUE,FALSE,FALSE
HNSCC25_P2_A06_S6_comb,0,2.5967,4.6861,0,11.712,8.9262,0,Primary,0,0,25,FALSE,TRUE,TRUE,FALSE,TRUE,TRUE
HNSCC25_P20_A04_S292_comb,0,0,0,8.7631,0,0,0,Lymph node,Fibroblast,Fibroblast,25,FALSE,FALSE,FALSE,TRUE,FALSE,FALSE
HNSCC25_P2_D06_S42_comb,0,0.81394,0,6.6363,0,0,0,Primary,Fibroblast,Fibroblast,25,FALSE,TRUE,FALSE,TRUE,FALSE,FALSE
HNSCC25_P20_G04_S364_comb,4.0857,4.2479,0.048236,9.5132,0,0,0,Lymph node,Fibroblast,Fibroblast,25,TRUE,TRUE,TRUE,TRUE,FALSE,FALSE
HNSCC25_P2_A03_S3_comb,0,1.7799,0,6.991,7.3959,0,0,Primary,Fibroblast,Fibroblast,25,FALSE,TRUE,FALSE,TRUE,TRUE,FALSE
HNSCC25_P2_A10_S10_comb,5.5059,0.44996,0,6.9776,0,0,0,Primary,#NAME?,#NAME?,25,TRUE,TRUE,FALSE,TRUE,FALSE,FALSE
HNSCC25_P20_B07_S307_comb,0,0,0,6.6504,0.77568,0,0,Lymph node,B cell,B cell,25,FALSE,FALSE,FALSE,TRUE,TRUE,FALSE
HNSCC25_P20_D12_S336_comb,4.1543,4.8597,3.2463,3.3287,10.933,0.41359,1,Lymph node,0,Cancer cells,25,TRUE,TRUE,TRUE,TRUE,TRUE,TRUE
HNSCC25_P2_C11_S35_comb,6.8577,0,0,7.0706,0,0,0,Primary,Fibroblast,Fibroblast,25,TRUE,FALSE,FALSE,TRUE,FALSE,FALSE
HNSCC25_P20_E08_S344_comb,5.1128,4.0495,5.3829,7.7192,11.084,3.4042,1,Lymph node,0,Cancer cells,25,TRUE,TRUE,TRUE,TRUE,TRUE,TRUE
HNSCC25_P2_D03_S39_comb,5.3099,0,0.066261,7.1454,0.50589,0,0,Primary,Fibroblast,Fibroblast,25,TRUE,FALSE,TRUE,TRUE,TRUE,FALSE
HNSCC25_P2_D07_S43_comb,4.5185,6.097,3.8186,0,11.717,10.327,1,Primary,0,Cancer cells,25,TRUE,TRUE,TRUE,FALSE,TRUE,TRUE
HNSCC25_P2_H04_S88_comb,0,0,0.049631,8.2104,0,0,0,Primary,Dendritic,Dendritic,25,FALSE,FALSE,TRUE,TRUE,FALSE,FALSE
HNSCC25_P2_C04_S28_comb,6.2822,4.237,10.203,0,9.362,12.347,1,Primary,0,Cancer cells,25,TRUE,TRUE,TRUE,FALSE,TRUE,TRUE
HNSCC25_P2_H03_S87_comb,0,0,2.1053,0,12.925,9.8552,1,Primary,0,Cancer cells,25,FALSE,FALSE,TRUE,FALSE,TRUE,TRUE
HNSCC25_P20_D06_S330_comb,0,0,0,7.8617,0,0,0,Lymph node,B cell,B cell,25,FALSE,FALSE,FALSE,TRUE,FALSE,FALSE
HNSCC25_P2_B08_S20_comb,4.3373,4.4167,3.9605,5.3017,11.363,7.5221,1,Primary,0,Cancer cells,25,TRUE,TRUE,TRUE,TRUE,TRUE,TRUE
HNSCC25_P2_A05_S5_comb,4.7981,0,0.084064,7.5524,0.10165,2.706,0,Primary,#NAME?,#NAME?,25,TRUE,FALSE,TRUE,TRUE,TRUE,TRUE
HNSCC25_P2_B04_S16_comb,7.4213,0,0,0.55189,0.39287,0,0,Primary,Fibroblast,Fibroblast,25,TRUE,FALSE,FALSE,TRUE,TRUE,FALSE
HNSCC25_P2_A12_S12_comb,3.9343,3.5797,5.5815,4.8898,11.67,8.3079,1,Primary,0,Cancer cells,25,TRUE,TRUE,TRUE,TRUE,TRUE,TRUE
HNSCC25_P2_H10_S94_comb,5.016,0,0,6.5276,0,0,0,Primary,Fibroblast,Fibroblast,25,TRUE,FALSE,FALSE,TRUE,FALSE,FALSE
HNSCC25_P2_F01_S61_comb,0,0,0,7.9769,0.1776,0,0,Primary,Fibroblast,Fibroblast,25,FALSE,FALSE,FALSE,TRUE,TRUE,FALSE
HNSCC25_P20_A02_S290_comb,0,0,0,8.6131,0,0,0,Lymph node,B cell,B cell,25,FALSE,FALSE,FALSE,TRUE,FALSE,FALSE
HNSCC25_P20_B11_S311_comb,0,0.31383,0,7.4579,0,0,0,Lymph node,Macrophage,Macrophage,25,FALSE,TRUE,FALSE,TRUE,FALSE,FALSE
HNSCC25_P20_F10_S358_comb,4.6213,4.2621,6.7743,6.6974,12.044,1.9627,1,Lymph node,0,Cancer cells,25,TRUE,TRUE,TRUE,TRUE,TRUE,TRUE
HNSCC25_P20_H12_S384_comb,3.8749,3.2219,4.8454,6.0514,11.318,7.0609,1,Lymph node,0,Cancer cells,25,TRUE,TRUE,TRUE,TRUE,TRUE,TRUE
HNSCC25_P2_D02_S38_comb,5.2781,5.1396,0.10165,7.2235,0.88596,0,0,Primary,Fibroblast,Fibroblast,25,TRUE,TRUE,TRUE,TRUE,TRUE,FALSE
HNSCC25_P20_B12_S312_comb,0,0,0.14926,8.7615,0,0.26784,0,Lymph node,Fibroblast,Fibroblast,25,FALSE,FALSE,TRUE,TRUE,FALSE,TRUE
HNSCC25_P2_F03_S63_comb,4.2698,1.7321,4.3292,2.2636,11.45,8.1562,1,Primary,0,Cancer cells,25,TRUE,TRUE,TRUE,TRUE,TRUE,TRUE
HNSCC25_P2_G03_S75_comb,5.1739,0,4.0572,4.833,10.663,0.78073,1,Primary,0,Cancer cells,25,TRUE,FALSE,TRUE,TRUE,TRUE,TRUE
HNSCC25_P2_E05_S53_comb,7.3139,0,4.3988,4.6199,11.056,3.2082,1,Primary,0,Cancer cells,25,TRUE,FALSE,TRUE,TRUE,TRUE,TRUE
HNSCC25_P20_D07_S331_comb,0,0,0,6.5035,0.33685,0,0,Lymph node,B cell,B cell,25,FALSE,FALSE,FALSE,TRUE,TRUE,FALSE
HNSCC25_P2_A09_S9_comb,0,0.42868,0.090853,0.1003,12.217,7.4786,1,Primary,0,Cancer cells,25,FALSE,TRUE,TRUE,TRUE,TRUE,TRUE
HNSCC26_P3_F11_S167_comb,0,0,0,7.4058,0,0,0,Primary,Fibroblast,Fibroblast,26,FALSE,FALSE,FALSE,TRUE,FALSE,FALSE
HNSCC26_P23_B02_S302_comb,4.6525,0,0,0,8.7217,7.3325,1,Lymph node,0,Cancer cells,26,TRUE,FALSE,FALSE,FALSE,TRUE,TRUE
HNSCC26_P3_H03_S183_comb,0,0,0,10.373,0,0,0,Primary,Fibroblast,Fibroblast,26,FALSE,FALSE,FALSE,TRUE,FALSE,FALSE
HNSCC26_P3_G12_S180_comb,0,0,0,8.7738,0,0,0,Primary,Fibroblast,Fibroblast,26,FALSE,FALSE,FALSE,TRUE,FALSE,FALSE
HNSCC26_P23_G04_S364_comb,0,0,3.7568,0,9.1804,5.2184,1,Lymph node,0,Cancer cells,26,FALSE,FALSE,TRUE,FALSE,TRUE,TRUE
HNSCC26_P23_B10_S310_comb,5.5871,0,0.073135,9.2478,0,0,0,Lymph node,Fibroblast,Fibroblast,26,TRUE,FALSE,TRUE,TRUE,FALSE,FALSE
HNSCC26_P23_D07_S331_comb,3.6471,0,0.051024,0,0,5.2039,1,Lymph node,0,Cancer cells,26,TRUE,FALSE,TRUE,FALSE,FALSE,TRUE
HNSCC26_P3_A10_S106_comb,0.8679,7.4995,0,8.5319,0,0,0,Primary,Fibroblast,Fibroblast,26,TRUE,TRUE,FALSE,TRUE,FALSE,FALSE
HNSCC26_P3_E11_S155_comb,0,0,0,8.6766,0,0,0,Primary,Fibroblast,Fibroblast,26,FALSE,FALSE,FALSE,TRUE,FALSE,FALSE
HNSCC26_P3_B08_S116_comb,0,0,0,9.93,0,0,0,Primary,Fibroblast,Fibroblast,26,FALSE,FALSE,FALSE,TRUE,FALSE,FALSE
HNSCC26_P23_A04_S292_comb,0,0,0,8.4035,0,0,0,Lymph node,Fibroblast,Fibroblast,26,FALSE,FALSE,FALSE,TRUE,FALSE,FALSE
HNSCC26_P3_D09_S141_comb,0,2.2522,0.085425,6.7498,0,0,0,Primary,Fibroblast,Fibroblast,26,FALSE,TRUE,TRUE,TRUE,FALSE,FALSE
HNSCC26_P3_H07_S187_comb,0,0,0,10.089,0,0,0,Primary,Fibroblast,Fibroblast,26,FALSE,FALSE,FALSE,TRUE,FALSE,FALSE
HNSCC26_P23_H01_S373_comb,3.138,0,4.0568,0,10.24,7.6717,1,Lymph node,0,Cancer cells,26,TRUE,FALSE,TRUE,FALSE,TRUE,TRUE
HNSCC26_P23_F08_S356_comb,0,0,2.4171,0,7.7268,6.7128,1,Lymph node,0,Cancer cells,26,FALSE,FALSE,TRUE,FALSE,TRUE,TRUE
HNSCC26_P23_F11_S359_comb,3.897,0,0.08134,0,5.0488,8.5461,1,Lymph node,0,Cancer cells,26,TRUE,FALSE,TRUE,FALSE,TRUE,TRUE
HNSCC26_P3_D03_S135_comb,0,0,0,9.7838,0,6.4536,0,Primary,T cell,T cell,26,FALSE,FALSE,FALSE,TRUE,FALSE,TRUE
HNSCC26_P23_B08_S308_comb,0,0,0,8.3094,0,0,0,Lymph node,Fibroblast,Fibroblast,26,FALSE,FALSE,FALSE,TRUE,FALSE,FALSE
HNSCC26_P23_F06_S354_comb,0,2.9523,4.8814,0,3.8319,6.1351,1,Lymph node,0,Cancer cells,26,FALSE,TRUE,TRUE,FALSE,TRUE,TRUE
HNSCC26_P3_H06_S186_comb,0,0,4.4018,0,7.6217,7.2279,1,Primary,0,Cancer cells,26,FALSE,FALSE,TRUE,FALSE,TRUE,TRUE
HNSCC26_P23_E07_S343_comb,5.6913,0,2.8494,0,0,6.8719,1,Lymph node,0,Cancer cells,26,TRUE,FALSE,TRUE,FALSE,FALSE,TRUE
HNSCC26_P3_B03_S111_comb,0,0,0.99567,0,0,10.13,1,Primary,0,Cancer cells,26,FALSE,FALSE,TRUE,FALSE,FALSE,TRUE
HNSCC26_P3_D10_S142_comb,4.6267,0,0.063503,7.4501,0,0,0,Primary,Fibroblast,Fibroblast,26,TRUE,FALSE,TRUE,TRUE,FALSE,FALSE
HNSCC26_P3_A03_S99_comb,0,0,0.056584,8.9728,0,0,0,Primary,Fibroblast,Fibroblast,26,FALSE,FALSE,TRUE,TRUE,FALSE,FALSE
HNSCC26_P23_G09_S369_comb,0,0,0,0,7.5592,7.2102,1,Lymph node,0,Cancer cells,26,FALSE,FALSE,FALSE,FALSE,TRUE,TRUE
HNSCC26_P23_E01_S337_comb,5.4978,0,0.20163,0,8.8181,4.2849,1,Lymph node,0,Cancer cells,26,TRUE,FALSE,TRUE,FALSE,TRUE,TRUE
HNSCC26_P3_A02_S98_comb,0,0,0,6.8224,7.3223,5.5309,1,Primary,0,Cancer cells,26,FALSE,FALSE,FALSE,TRUE,TRUE,TRUE
HNSCC26_P3_C12_S132_comb,0,0,0,8.7187,0,0,0,Primary,Fibroblast,Fibroblast,26,FALSE,FALSE,FALSE,TRUE,FALSE,FALSE
HNSCC26_P23_A01_S289_comb,4.076,0,5.2317,0,5.9655,7.471,1,Lymph node,0,Cancer cells,26,TRUE,FALSE,TRUE,FALSE,TRUE,TRUE
HNSCC26_P23_G01_S361_comb,0,5.0168,0.12697,9.673,0,0,0,Lymph node,Fibroblast,Fibroblast,26,FALSE,TRUE,TRUE,TRUE,FALSE,FALSE
HNSCC26_P3_H09_S189_comb,0,0,0.36065,9.5072,0,0,0,Primary,Fibroblast,Fibroblast,26,FALSE,FALSE,TRUE,TRUE,FALSE,FALSE
HNSCC26_P23_B03_S303_comb,0,0,0.074505,9.798,0,0,0,Lymph node,Fibroblast,Fibroblast,26,FALSE,FALSE,TRUE,TRUE,FALSE,FALSE
HNSCC26_P23_D06_S330_comb,0,0,3.6727,0,7.3766,7.6762,1,Lymph node,0,Cancer cells,26,FALSE,FALSE,TRUE,FALSE,TRUE,TRUE
HNSCC26_P23_C10_S322_comb,0,0,3.0444,3.3208,0,7.7438,1,Lymph node,0,Cancer cells,26,FALSE,FALSE,TRUE,TRUE,FALSE,TRUE
HNSCC26_P23_C11_S323_comb,0.23266,0,0,3.6619,9.6403,6.846,1,Lymph node,0,Cancer cells,26,TRUE,FALSE,FALSE,TRUE,TRUE,TRUE
HNSCC26_P3_C10_S130_comb,0,0,4.5627,7.883,8.699,3.8538,1,Primary,0,Cancer cells,26,FALSE,FALSE,TRUE,TRUE,TRUE,TRUE
HNSCC26_P23_A05_S293_comb,4.4151,0,0,8.9448,0,0,0,Lymph node,Fibroblast,Fibroblast,26,TRUE,FALSE,FALSE,TRUE,FALSE,FALSE
HNSCC26_P3_H10_S190_comb,6.0023,0,0.049631,8.0147,0,0,0,Primary,Fibroblast,Fibroblast,26,TRUE,FALSE,TRUE,TRUE,FALSE,FALSE
HNSCC26_P3_F03_S159_comb,5.3115,0,0.035624,0,8.3257,0,1,Primary,0,Cancer cells,26,TRUE,FALSE,TRUE,FALSE,TRUE,FALSE
HNSCC26_P23_H08_S380_comb,3.0386,0,0.31846,3.6043,0,6.6882,1,Lymph node,0,Cancer cells,26,TRUE,FALSE,TRUE,TRUE,FALSE,TRUE
HNSCC26_P3_E12_S156_comb,6.5636,4.7264,0,7.965,0,0,0,Primary,Fibroblast,Fibroblast,26,TRUE,TRUE,FALSE,TRUE,FALSE,FALSE
HNSCC26_P23_B07_S307_comb,0,0,0,0,0,5.4505,1,Lymph node,0,Cancer cells,26,FALSE,FALSE,FALSE,FALSE,FALSE,TRUE
HNSCC26_P23_E08_S344_comb,3.6977,1.8274,2.6769,0,0.69332,7.9494,1,Lymph node,0,Cancer cells,26,TRUE,TRUE,TRUE,FALSE,TRUE,TRUE
HNSCC26_P3_E03_S147_comb,0,0,0,7.9198,0,0,0,Primary,Fibroblast,Fibroblast,26,FALSE,FALSE,FALSE,TRUE,FALSE,FALSE
HNSCC26_P23_G03_S363_comb,0.63784,0,0.055196,5.588,0,6.4642,1,Lymph node,0,Cancer cells,26,TRUE,FALSE,TRUE,TRUE,FALSE,TRUE
HNSCC26_P3_C11_S131_comb,3.7796,0.38515,4.6399,2.9462,4.8406,6.6557,1,Primary,0,Cancer cells,26,TRUE,TRUE,TRUE,TRUE,TRUE,TRUE
HNSCC26_P3_A09_S105_comb,1.7342,0,0.092207,0,8.7645,7.1212,0,Primary,0,0,26,TRUE,FALSE,TRUE,FALSE,TRUE,TRUE
HNSCC26_P23_A06_S294_comb,0.27143,0,2.702,0,8.3866,7.694,1,Lymph node,0,Cancer cells,26,TRUE,FALSE,TRUE,FALSE,TRUE,TRUE
HNSCC26_P23_A07_S295_comb,0.83431,0.54893,4.1848,3.969,5.3783,5.6675,1,Lymph node,0,Cancer cells,26,TRUE,TRUE,TRUE,TRUE,TRUE,TRUE
HNSCC26_P23_D01_S325_comb,0,0,0,8.4337,0,0,0,Lymph node,0,0,26,FALSE,FALSE,FALSE,TRUE,FALSE,FALSE
HNSCC26_P23_A10_S298_comb,5.6981,0,0,8.4284,0,0,0,Lymph node,Fibroblast,Fibroblast,26,TRUE,FALSE,FALSE,TRUE,FALSE,FALSE
HNSCC26_P23_C06_S318_comb,3.3787,2.6708,2.5403,0,3.8774,8.7389,1,Lymph node,0,Cancer cells,26,TRUE,TRUE,TRUE,FALSE,TRUE,TRUE
HNSCC26_P23_C07_S319_comb,0,2.7645,5.7278,0,4.8911,8.678,1,Lymph node,0,Cancer cells,26,FALSE,TRUE,TRUE,FALSE,TRUE,TRUE
HNSCC26_P23_D05_S329_comb,4.5128,0,0.059355,0.089498,0,8.6584,1,Lymph node,0,Cancer cells,26,TRUE,FALSE,TRUE,TRUE,FALSE,TRUE
HNSCC26_P3_G08_S176_comb,0.15186,0,0,0,0,0,1,Primary,0,Cancer cells,26,TRUE,FALSE,FALSE,FALSE,FALSE,FALSE
HNSCC26_P23_C02_S314_comb,2.7007,0,4.7357,0.87263,0,9.4479,1,Lymph node,0,Cancer cells,26,TRUE,FALSE,TRUE,TRUE,FALSE,TRUE
HNSCC26_P23_G11_S371_comb,2.9675,0,2.1786,0,7.9243,8.212,1,Lymph node,0,Cancer cells,26,TRUE,FALSE,TRUE,FALSE,TRUE,TRUE
HNSCC26_P23_A03_S291_comb,0,2.6271,4.4997,0,0,6.9554,1,Lymph node,0,Cancer cells,26,FALSE,TRUE,TRUE,FALSE,FALSE,TRUE
HNSCC26_P23_D09_S333_comb,5.6399,0,0.11503,0,0,8.7223,1,Lymph node,0,Cancer cells,26,TRUE,FALSE,TRUE,FALSE,FALSE,TRUE
HNSCC26_P3_D04_S136_comb,3.816,3.6945,0.032806,0,5.5304,5.5647,1,Primary,0,Cancer cells,26,TRUE,TRUE,TRUE,FALSE,TRUE,TRUE
HNSCC26_P3_C07_S127_comb,0,0,0,7.0703,8.721,7.142,1,Primary,0,Cancer cells,26,FALSE,FALSE,FALSE,TRUE,TRUE,TRUE
HNSCC26_P3_H05_S185_comb,0,0,4.1654,0,10.239,8.8174,1,Primary,0,Cancer cells,26,FALSE,FALSE,TRUE,FALSE,TRUE,TRUE
HNSCC26_P23_F07_S355_comb,3.2052,0,1.5612,3.129,8.4544,9.43,1,Lymph node,0,Cancer cells,26,TRUE,FALSE,TRUE,TRUE,TRUE,TRUE
HNSCC26_P23_H11_S383_comb,4.8649,0.76723,0.031395,0,0,3.316,1,Lymph node,0,Cancer cells,26,TRUE,TRUE,TRUE,FALSE,FALSE,TRUE
HNSCC26_P23_E02_S338_comb,5.3874,0,0,8.6878,0,0,0,Lymph node,Fibroblast,Fibroblast,26,TRUE,FALSE,FALSE,TRUE,FALSE,FALSE
HNSCC26_P3_D11_S143_comb,0,0,0,9.4597,0,0,0,Primary,Fibroblast,Fibroblast,26,FALSE,FALSE,FALSE,TRUE,FALSE,FALSE
HNSCC26_P3_E02_S146_comb,6.621,1.7277,0.055196,9.2316,0,0,0,Primary,Fibroblast,Fibroblast,26,TRUE,TRUE,TRUE,TRUE,FALSE,FALSE
HNSCC26_P23_C01_S313_comb,4.3537,0,0.37518,3.0381,2.2082,6.412,1,Lymph node,0,Cancer cells,26,TRUE,FALSE,TRUE,TRUE,TRUE,TRUE
HNSCC26_P23_F05_S353_comb,6.1177,5.098,0.056584,8.6975,0,0,0,Lymph node,Fibroblast,Fibroblast,26,TRUE,TRUE,TRUE,TRUE,FALSE,FALSE
HNSCC26_P23_A11_S299_comb,0,0,0,3.6947,4.6281,8.8159,1,Lymph node,0,Cancer cells,26,FALSE,FALSE,FALSE,TRUE,TRUE,TRUE
HNSCC26_P23_C04_S316_comb,0,0,5.4404,4.3973,8.3276,9.5193,1,Lymph node,0,Cancer cells,26,FALSE,FALSE,TRUE,TRUE,TRUE,TRUE
HNSCC26_P23_D12_S336_comb,0,0,3.4967,4.4577,0,9.4293,1,Lymph node,0,Cancer cells,26,FALSE,FALSE,TRUE,TRUE,FALSE,TRUE
HNSCC26_P3_D05_S137_comb,0,0,2.4011,0.097611,0,4.4916,1,Primary,0,Cancer cells,26,FALSE,FALSE,TRUE,TRUE,FALSE,TRUE
HNSCC26_P3_D07_S139_comb,0,0,0,6.959,0,0,0,Primary,Fibroblast,Fibroblast,26,FALSE,FALSE,FALSE,TRUE,FALSE,FALSE
HNSCC26_P23_H03_S375_comb,4.6869,0,1.8762,5.8874,7.2862,7.8309,1,Lymph node,0,Cancer cells,26,TRUE,FALSE,TRUE,TRUE,TRUE,TRUE
HNSCC26_P23_B05_S305_comb,0.36625,4.0341,4.3239,9.5814,0,0.2302,0,Lymph node,Fibroblast,Fibroblast,26,TRUE,TRUE,TRUE,TRUE,FALSE,TRUE
HNSCC26_P3_F08_S164_comb,0,6.4905,0,9.652,0,0,0,Primary,Fibroblast,Fibroblast,26,FALSE,TRUE,FALSE,TRUE,FALSE,FALSE
HNSCC26_P23_G12_S372_comb,0,0,0,0,5.5803,5.8049,1,Lymph node,0,Cancer cells,26,FALSE,FALSE,FALSE,FALSE,TRUE,TRUE
HNSCC26_P23_H07_S379_comb,0,0.16221,3.4273,3.9163,7.5739,8.3607,1,Lymph node,0,Cancer cells,26,FALSE,TRUE,TRUE,TRUE,TRUE,TRUE
HNSCC25_P12_B02_S110_comb,0,0,0,9.6397,0,0,0,Primary,T cell,T cell,25,FALSE,FALSE,FALSE,TRUE,FALSE,FALSE
HNSCC24_P3_H01_S85_comb,3.9493,2.7095,0,6.7891,0,2.8988,0,Primary,Macrophage,Macrophage,24,TRUE,TRUE,FALSE,TRUE,FALSE,TRUE
HNSCC25_P31_D01_S229_comb,0,0,0,7.3032,0,0,0,Lymph node,T cell,T cell,25,FALSE,FALSE,FALSE,TRUE,FALSE,FALSE
HNSCC25_P4_G05_S269_comb,3.5053,2.8687,3.7837,6.3116,11.521,4.5852,1,Primary,0,Cancer cells,25,TRUE,TRUE,TRUE,TRUE,TRUE,TRUE
HNSCC25_P12_F08_S164_comb,0,0,0,0,0,0,0,Primary,T cell,T cell,25,FALSE,FALSE,FALSE,FALSE,FALSE,FALSE
HNSCC24_P3_C11_S35_comb,0,0,0.052416,7.35,0,0.22651,0,Primary,Fibroblast,Fibroblast,24,FALSE,FALSE,TRUE,TRUE,FALSE,TRUE
HNSCC24_P3_G12_S84_comb,0,0,0.20163,8.512,0,0,0,Primary,Mast,Mast,24,FALSE,FALSE,TRUE,TRUE,FALSE,FALSE
HNSCC25_P12_D04_S136_comb,0,0,0.2916,7.2163,0,0,0,Primary,T cell,T cell,25,FALSE,FALSE,TRUE,TRUE,FALSE,FALSE
HNSCC25_P12_F03_S159_comb,0,5.8235,0.22774,0,0,0,0,Primary,T cell,T cell,25,FALSE,TRUE,TRUE,FALSE,FALSE,FALSE
HNSCC25_P31_G02_S266_comb,0,0,0,0,0,0,0,Lymph node,T cell,T cell,25,FALSE,FALSE,FALSE,FALSE,FALSE,FALSE
HNSCC25_P12_E01_S145_comb,0,2.7414,0.11103,0.43829,0,0,0,Primary,T cell,T cell,25,FALSE,TRUE,TRUE,TRUE,FALSE,FALSE
HNSCC25_P4_H01_S277_comb,0.36513,0,0,8.4616,0,0,0,Primary,Fibroblast,Fibroblast,25,TRUE,FALSE,FALSE,TRUE,FALSE,FALSE
HNSCC25_P12_B03_S111_comb,0,0,0,5.3844,0,0.4782,0,Primary,T cell,T cell,25,FALSE,FALSE,FALSE,TRUE,FALSE,TRUE
HNSCC25_P4_H04_S280_comb,3.5254,1.0752,2.2821,7.374,11.476,5.2042,1,Primary,0,Cancer cells,25,TRUE,TRUE,TRUE,TRUE,TRUE,TRUE
HNSCC25_P31_B01_S205_comb,0,0,0,0,0,0,0,Lymph node,T cell,T cell,25,FALSE,FALSE,FALSE,FALSE,FALSE,FALSE
HNSCC25_P12_C03_S123_comb,0,0,0,0,0,0,0,Primary,T cell,T cell,25,FALSE,FALSE,FALSE,FALSE,FALSE,FALSE
HNSCC25_P4_F02_S254_comb,0.82538,0,0,7.475,0,0,0,Primary,Fibroblast,Fibroblast,25,TRUE,FALSE,FALSE,TRUE,FALSE,FALSE
HNSCC25_P4_G12_S276_comb,3.4411,4.268,3.7512,3.3735,10.845,6.0571,1,Primary,0,Cancer cells,25,TRUE,TRUE,TRUE,TRUE,TRUE,TRUE
HNSCC25_P12_F10_S166_comb,0,0,0,0,0,0,0,Primary,T cell,T cell,25,FALSE,FALSE,FALSE,FALSE,FALSE,FALSE
HNSCC25_P12_E06_S150_comb,0,0,0,0,0,0,0,Primary,T cell,T cell,25,FALSE,FALSE,FALSE,FALSE,FALSE,FALSE
HNSCC25_P4_D11_S239_comb,0,0,0,7.4911,0,0,0,Primary,T cell,T cell,25,FALSE,FALSE,FALSE,TRUE,FALSE,FALSE
HNSCC25_P4_D05_S233_comb,3.1473,1.9321,0,9.1931,0,0,0,Primary,Fibroblast,Fibroblast,25,TRUE,TRUE,FALSE,TRUE,FALSE,FALSE
HNSCC25_P12_A12_S108_comb,0,0,0,1.6285,0,0,0,Primary,T cell,T cell,25,FALSE,FALSE,FALSE,TRUE,FALSE,FALSE
HNSCC24_P3_D02_S38_comb,3.6612,4.4032,3.7386,3.5865,10.447,8.4218,0,Primary,0,0,24,TRUE,TRUE,TRUE,TRUE,TRUE,TRUE
HNSCC25_P31_F05_S257_comb,0,0,0,0,0,0,0,Lymph node,T cell,T cell,25,FALSE,FALSE,FALSE,FALSE,FALSE,FALSE
HNSCC25_P4_B03_S207_comb,0,0,0,9.0639,0,0,0,Primary,Fibroblast,Fibroblast,25,FALSE,FALSE,FALSE,TRUE,FALSE,FALSE
HNSCC25_P4_A03_S195_comb,0,0,0,9.2677,0,0,0,Primary,Dendritic,Dendritic,25,FALSE,FALSE,FALSE,TRUE,FALSE,FALSE
HNSCC25_P31_A08_S200_comb,0,0,0.12035,0,0,0,0,Lymph node,T cell,T cell,25,FALSE,FALSE,TRUE,FALSE,FALSE,FALSE
HNSCC25_P12_G02_S170_comb,0,0,0.10568,6.3508,0,0,0,Primary,T cell,T cell,25,FALSE,FALSE,TRUE,TRUE,FALSE,FALSE
HNSCC25_P12_E08_S152_comb,0,7.3406,0.24001,7.3163,0,0,0,Primary,T cell,T cell,25,FALSE,TRUE,TRUE,TRUE,FALSE,FALSE
HNSCC25_P4_E03_S243_comb,4.6422,3.7836,0,8.565,0.42116,0,0,Primary,Fibroblast,Fibroblast,25,TRUE,TRUE,FALSE,TRUE,TRUE,FALSE
HNSCC25_P31_G01_S265_comb,0,0,0,0,0,0,0,Lymph node,T cell,T cell,25,FALSE,FALSE,FALSE,FALSE,FALSE,FALSE
HNSCC25_P12_F09_S165_comb,0,0,0.22527,7.1723,0.58592,0,0,Primary,T cell,T cell,25,FALSE,FALSE,TRUE,TRUE,TRUE,FALSE
HNSCC25_P31_E05_S245_comb,0,0,0.10836,0,0,0.18777,0,Lymph node,T cell,T cell,25,FALSE,FALSE,TRUE,FALSE,FALSE,TRUE
HNSCC24_P3_F01_S61_comb,0,0,0.064883,8.5424,0,0,0,Primary,Mast,Mast,24,FALSE,FALSE,TRUE,TRUE,FALSE,FALSE
HNSCC25_P31_G07_S271_comb,0,0,0,4.6759,0,0,0,Lymph node,T cell,T cell,25,FALSE,FALSE,FALSE,TRUE,FALSE,FALSE
HNSCC24_P3_B02_S14_comb,0,0,0,8.9411,0,0,0,Primary,Mast,Mast,24,FALSE,FALSE,FALSE,TRUE,FALSE,FALSE
HNSCC25_P4_C02_S218_comb,5.0242,0,0,8.2165,0,0,0,Primary,Fibroblast,Fibroblast,25,TRUE,FALSE,FALSE,TRUE,FALSE,FALSE
HNSCC25_P31_F02_S254_comb,0,0,0,7.3209,0,0,0,Lymph node,T cell,T cell,25,FALSE,FALSE,FALSE,TRUE,FALSE,FALSE
HNSCC24_P3_C01_S25_comb,0,0,0,6.5034,0,0,0,Primary,Macrophage,Macrophage,24,FALSE,FALSE,FALSE,TRUE,FALSE,FALSE
HNSCC25_P4_A02_S194_comb,1.0683,0,3.5603,4.9163,10.032,1.3431,1,Primary,0,Cancer cells,25,TRUE,FALSE,TRUE,TRUE,TRUE,TRUE
HNSCC25_P4_A01_S193_comb,4.2762,4.168,3.7302,4.706,8.9815,3.2771,1,Primary,0,Cancer cells,25,TRUE,TRUE,TRUE,TRUE,TRUE,TRUE
HNSCC24_P3_E06_S54_comb,0.98477,0,0,6.5679,0,0,0,Primary,Fibroblast,Fibroblast,24,TRUE,FALSE,FALSE,TRUE,FALSE,FALSE
HNSCC25_P4_C11_S227_comb,5.2872,0.45943,0,9.4735,0,0,0,Primary,Fibroblast,Fibroblast,25,TRUE,TRUE,FALSE,TRUE,FALSE,FALSE
HNSCC25_P31_H07_S283_comb,0,0,0.25096,0,0,0,0,Lymph node,T cell,T cell,25,FALSE,FALSE,TRUE,FALSE,FALSE,FALSE
HNSCC24_P3_D08_S44_comb,0,3.4774,0,8.0213,0,0,0,Primary,Fibroblast,Fibroblast,24,FALSE,TRUE,FALSE,TRUE,FALSE,FALSE
HNSCC25_P31_C11_S227_comb,0,0,0,0,0,0,0,Lymph node,T cell,T cell,25,FALSE,FALSE,FALSE,FALSE,FALSE,FALSE
HNSCC25_P4_D01_S229_comb,5.7891,2.1985,0,8.6013,0,0,0,Primary,Fibroblast,Fibroblast,25,TRUE,TRUE,FALSE,TRUE,FALSE,FALSE
HNSCC25_P31_A09_S201_comb,0,0,0.14666,0,0,0,0,Lymph node,T cell,T cell,25,FALSE,FALSE,TRUE,FALSE,FALSE,FALSE
HNSCC25_P4_G07_S271_comb,0,0,0,9.0711,0.34937,0,0,Primary,Fibroblast,Fibroblast,25,FALSE,FALSE,FALSE,TRUE,TRUE,FALSE
HNSCC25_P31_B09_S213_comb,0,0,0.077243,0,0,0,0,Lymph node,T cell,T cell,25,FALSE,FALSE,TRUE,FALSE,FALSE,FALSE
HNSCC24_P3_G08_S80_comb,0,0,0.069015,9.3975,0,0,0,Primary,Mast,Mast,24,FALSE,FALSE,TRUE,TRUE,FALSE,FALSE
HNSCC25_P31_D05_S233_comb,0,0,0,0,0.1137,0,0,Lymph node,T cell,T cell,25,FALSE,FALSE,FALSE,FALSE,TRUE,FALSE
HNSCC25_P4_H12_S288_comb,2.9315,3.5532,2.422,3.9447,11.883,10.543,1,Primary,0,Cancer cells,25,TRUE,TRUE,TRUE,TRUE,TRUE,TRUE
HNSCC24_P3_E10_S58_comb,6.7214,0,0,8.978,0,0,0,Primary,Fibroblast,Fibroblast,24,TRUE,FALSE,FALSE,TRUE,FALSE,FALSE
HNSCC24_P3_D10_S46_comb,0,0,0,8.2956,0,0,0,Primary,Mast,Mast,24,FALSE,FALSE,FALSE,TRUE,FALSE,FALSE
HNSCC25_P4_A07_S199_comb,2.7853,4.4651,3.3321,3.4347,10.765,0.57337,1,Primary,0,Cancer cells,25,TRUE,TRUE,TRUE,TRUE,TRUE,TRUE
HNSCC25_P4_F03_S255_comb,3.8036,2.6592,2.7349,7.3632,10.406,3.8347,1,Primary,0,Cancer cells,25,TRUE,TRUE,TRUE,TRUE,TRUE,TRUE
HNSCC25_P4_B09_S213_comb,4.6839,4.3542,0.2558,4.3667,10.484,8.7522,1,Primary,0,Cancer cells,25,TRUE,TRUE,TRUE,TRUE,TRUE,TRUE
HNSCC24_P3_G09_S81_comb,0,0,0.24975,6.5629,0,0,0,Primary,Mast,Mast,24,FALSE,FALSE,TRUE,TRUE,FALSE,FALSE
HNSCC25_P12_E12_S156_comb,0,0,0.11902,8.3246,0,0,0,Primary,T cell,T cell,25,FALSE,FALSE,TRUE,TRUE,FALSE,FALSE
HNSCC25_P4_E02_S242_comb,0,0,0,0,1.3663,0,0,Primary,myocyte,myocyte,25,FALSE,FALSE,FALSE,FALSE,TRUE,FALSE
HNSCC24_P3_A01_S1_comb,4.6437,3.3771,4.4504,7.7254,10.038,6.0681,0,Primary,0,0,24,TRUE,TRUE,TRUE,TRUE,TRUE,TRUE
HNSCC25_P31_H03_S279_comb,0,5.1954,0.045443,0,0,0,0,Lymph node,T cell,T cell,25,FALSE,TRUE,TRUE,FALSE,FALSE,FALSE
HNSCC25_P12_H07_S187_comb,0,0,0,0,0.31034,0,0,Primary,T cell,T cell,25,FALSE,FALSE,FALSE,FALSE,TRUE,FALSE
HNSCC25_P12_E11_S155_comb,0,0,0,8.3171,0,0,0,Primary,T cell,T cell,25,FALSE,FALSE,FALSE,TRUE,FALSE,FALSE
HNSCC24_P3_D01_S37_comb,4.1489,5.241,8.0225,0.12565,10.108,11.261,1,Primary,0,Cancer cells,24,TRUE,TRUE,TRUE,TRUE,TRUE,TRUE
HNSCC24_P3_A10_S10_comb,5.8077,4.5678,0.0043216,8.5778,0,0,0,Primary,Fibroblast,Fibroblast,24,TRUE,TRUE,TRUE,TRUE,FALSE,FALSE
HNSCC25_P4_B01_S205_comb,0,2.1998,0,8.6016,0,0,0,Primary,Fibroblast,Fibroblast,25,FALSE,TRUE,FALSE,TRUE,FALSE,FALSE
HNSCC24_P3_G10_S82_comb,0,0,0,8.0324,0,0,0,Primary,T cell,T cell,24,FALSE,FALSE,FALSE,TRUE,FALSE,FALSE
HNSCC25_P4_A08_S200_comb,4.4616,6.5242,0,9.8276,0,0,0,Primary,Endothelial,Endothelial,25,TRUE,TRUE,FALSE,TRUE,FALSE,FALSE
HNSCC25_P12_B09_S117_comb,0,0,0,0,0,0,0,Primary,T cell,T cell,25,FALSE,FALSE,FALSE,FALSE,FALSE,FALSE
HNSCC24_P3_B09_S21_comb,6.227,0,0.0086303,9.2777,0,0,0,Primary,Fibroblast,Fibroblast,24,TRUE,FALSE,TRUE,TRUE,FALSE,FALSE
HNSCC25_P31_H12_S288_comb,0,0,0,0,0,0,0,Lymph node,T cell,T cell,25,FALSE,FALSE,FALSE,FALSE,FALSE,FALSE
HNSCC24_P3_G04_S76_comb,0,4.4645,0,7.2671,0,0,0,Primary,Mast,Mast,24,FALSE,TRUE,FALSE,TRUE,FALSE,FALSE
HNSCC25_P31_A11_S203_comb,0,0,0,0,0,0,0,Lymph node,T cell,T cell,25,FALSE,FALSE,FALSE,FALSE,FALSE,FALSE
HNSCC24_P3_E02_S50_comb,0,0,0,4.0209,0,0,0,Primary,Mast,Mast,24,FALSE,FALSE,FALSE,TRUE,FALSE,FALSE
HNSCC25_P12_A08_S104_comb,0,6.5479,0,8.3719,0,0,0,Primary,T cell,T cell,25,FALSE,TRUE,FALSE,TRUE,FALSE,FALSE
HNSCC25_P12_H08_S188_comb,0,0,0.26063,0,0,0,0,Primary,T cell,T cell,25,FALSE,FALSE,TRUE,FALSE,FALSE,FALSE
HNSCC24_P3_B10_S22_comb,0,0,0,8.6027,0,0,0,Primary,Fibroblast,Fibroblast,24,FALSE,FALSE,FALSE,TRUE,FALSE,FALSE
HNSCC24_P3_H06_S90_comb,0,0,0.035624,8.5536,0,0,0,Primary,Mast,Mast,24,FALSE,FALSE,TRUE,TRUE,FALSE,FALSE
HNSCC25_P12_H06_S186_comb,0,0,0.1137,9.6171,0,0,0,Primary,T cell,T cell,25,FALSE,FALSE,TRUE,TRUE,FALSE,FALSE
HNSCC24_P3_H10_S94_comb,0,0,0,9.1228,0,0,0,Primary,Mast,Mast,24,FALSE,FALSE,FALSE,TRUE,FALSE,FALSE
HNSCC25_P4_E04_S244_comb,5.1734,5.4715,0,6.1984,1.0834,0,0,Primary,Fibroblast,Fibroblast,25,TRUE,TRUE,FALSE,TRUE,TRUE,FALSE
HNSCC25_P31_C01_S217_comb,0,0,0,0,0,0,0,Lymph node,T cell,T cell,25,FALSE,FALSE,FALSE,FALSE,FALSE,FALSE
HNSCC25_P12_H12_S192_comb,0,0,0.10836,0,0,0,0,Primary,T cell,T cell,25,FALSE,FALSE,TRUE,FALSE,FALSE,FALSE
HNSCC25_P4_D03_S231_comb,0,0,0,8.7587,0,0,0,Primary,Fibroblast,Fibroblast,25,FALSE,FALSE,FALSE,TRUE,FALSE,FALSE
HNSCC25_P12_B10_S118_comb,0,7.7165,0,7.6806,0,0,0,Primary,T cell,T cell,25,FALSE,TRUE,FALSE,TRUE,FALSE,FALSE
HNSCC25_P12_C02_S122_comb,0,3.4759,0.1865,5.6118,0,0.19535,0,Primary,Macrophage,Macrophage,25,FALSE,TRUE,TRUE,TRUE,FALSE,TRUE
HNSCC25_P12_F11_S167_comb,0,0,0,6.0124,0,0,0,Primary,T cell,T cell,25,FALSE,FALSE,FALSE,TRUE,FALSE,FALSE
HNSCC25_P4_F11_S263_comb,0,0,0,8.2005,0,0,0,Primary,Fibroblast,Fibroblast,25,FALSE,FALSE,FALSE,TRUE,FALSE,FALSE
HNSCC24_P3_E09_S57_comb,0,0,0.064883,9.1924,0,0,0,Primary,Fibroblast,Fibroblast,24,FALSE,FALSE,TRUE,TRUE,FALSE,FALSE
HNSCC25_P31_C05_S221_comb,0,0,0.25217,4.2775,0,0,0,Lymph node,T cell,T cell,25,FALSE,FALSE,TRUE,TRUE,FALSE,FALSE
HNSCC25_P12_F06_S162_comb,0,0,0.090853,0,0,0,0,Primary,T cell,T cell,25,FALSE,FALSE,TRUE,FALSE,FALSE,FALSE
HNSCC25_P4_F07_S259_comb,0,3.8935,0.32884,5.9339,12.1,0.089498,1,Primary,0,Cancer cells,25,FALSE,TRUE,TRUE,TRUE,TRUE,TRUE
HNSCC25_P31_G08_S272_comb,0,0,0,0,0,0,0,Lymph node,T cell,T cell,25,FALSE,FALSE,FALSE,FALSE,FALSE,FALSE
HNSCC24_P3_C12_S36_comb,5.1267,7.0689,0.070389,7.8504,0,0,0,Primary,Fibroblast,Fibroblast,24,TRUE,TRUE,TRUE,TRUE,FALSE,FALSE
HNSCC25_P31_B06_S210_comb,0,0,0.063503,0,0,0,0,Lymph node,T cell,T cell,25,FALSE,FALSE,TRUE,FALSE,FALSE,FALSE
HNSCC24_P3_F03_S63_comb,0,0,0.10969,6.3362,0,0,0,Primary,Fibroblast,Fibroblast,24,FALSE,FALSE,TRUE,TRUE,FALSE,FALSE
HNSCC25_P4_D08_S236_comb,0,0,0,9.741,2.818,0,0,Primary,Fibroblast,Fibroblast,25,FALSE,FALSE,FALSE,TRUE,TRUE,FALSE
HNSCC25_P4_D09_S237_comb,0,0,0,9.6281,0,0,0,Primary,Mast,Mast,25,FALSE,FALSE,FALSE,TRUE,FALSE,FALSE
HNSCC24_P3_G05_S77_comb,6.0937,6.1798,0,7.3579,0,0,0,Primary,Fibroblast,Fibroblast,24,TRUE,TRUE,FALSE,TRUE,FALSE,FALSE
HNSCC25_P4_F10_S262_comb,1.9767,0,0.07861,8.9653,0,0,0,Primary,Fibroblast,Fibroblast,25,TRUE,FALSE,TRUE,TRUE,FALSE,FALSE
HNSCC25_P12_A11_S107_comb,0,0,0,0,0.35952,0,0,Primary,T cell,T cell,25,FALSE,FALSE,FALSE,FALSE,TRUE,FALSE
HNSCC25_P12_E02_S146_comb,0,0,0.07861,2.2818,0,0,0,Primary,T cell,T cell,25,FALSE,FALSE,TRUE,TRUE,FALSE,FALSE
HNSCC24_P3_B03_S15_comb,5.3885,2.9551,0.72857,3.115,8.3419,4.4308,0,Primary,0,0,24,TRUE,TRUE,TRUE,TRUE,TRUE,TRUE
HNSCC25_P12_H01_S181_comb,0,0,0.098958,1.8941,0.73725,0,0,Primary,T cell,T cell,25,FALSE,FALSE,TRUE,TRUE,TRUE,FALSE
HNSCC25_P31_C09_S225_comb,0,0,0,0,0,0,0,Lymph node,T cell,T cell,25,FALSE,FALSE,FALSE,FALSE,FALSE,FALSE
HNSCC24_P3_B07_S19_comb,5.4559,0,0,8.2605,0,0,0,Primary,Fibroblast,Fibroblast,24,TRUE,FALSE,FALSE,TRUE,FALSE,FALSE
HNSCC25_P4_B05_S209_comb,0,0,0,8.4216,0,0,0,Primary,Fibroblast,Fibroblast,25,FALSE,FALSE,FALSE,TRUE,FALSE,FALSE
HNSCC25_P4_B04_S208_comb,0,2.5548,0,4.6847,9.4518,6.553,1,Primary,0,Cancer cells,25,FALSE,TRUE,FALSE,TRUE,TRUE,TRUE
HNSCC25_P4_G08_S272_comb,2.3824,2.4383,0.2857,6.7063,10.443,3.1383,1,Primary,0,Cancer cells,25,TRUE,TRUE,TRUE,TRUE,TRUE,TRUE
HNSCC25_P31_A02_S194_comb,0,0,0,0,0,0,0,Lymph node,T cell,T cell,25,FALSE,FALSE,FALSE,FALSE,FALSE,FALSE
HNSCC25_P4_B06_S210_comb,6.5536,0,0,9.4161,0,0,0,Primary,Fibroblast,Fibroblast,25,TRUE,FALSE,FALSE,TRUE,FALSE,FALSE
HNSCC24_P3_H05_S89_comb,0,2.9009,0,8.9264,0,0,0,Primary,Endothelial,Endothelial,24,FALSE,TRUE,FALSE,TRUE,FALSE,FALSE
HNSCC25_P4_C04_S220_comb,4.5397,1.5346,2.52,6.7542,10.172,1.4797,1,Primary,0,Cancer cells,25,TRUE,TRUE,TRUE,TRUE,TRUE,TRUE
HNSCC25_P12_D11_S143_comb,0,0,0,7.1603,0,0,0,Primary,T cell,T cell,25,FALSE,FALSE,FALSE,TRUE,FALSE,FALSE
HNSCC25_P31_H04_S280_comb,0,0,0,8.6149,0,0.30918,0,Lymph node,T cell,T cell,25,FALSE,FALSE,FALSE,TRUE,FALSE,TRUE
HNSCC24_P3_E03_S51_comb,0,0,0.079975,0.98987,0,0,0,Primary,Fibroblast,Fibroblast,24,FALSE,FALSE,TRUE,TRUE,FALSE,FALSE
HNSCC25_P4_H07_S283_comb,5.4338,3.0256,2.3788,7.2635,10.368,3.9462,1,Primary,0,Cancer cells,25,TRUE,TRUE,TRUE,TRUE,TRUE,TRUE
HNSCC25_P31_H01_S277_comb,0,0,0.24367,0,0,0,0,Lymph node,T cell,T cell,25,FALSE,FALSE,TRUE,FALSE,FALSE,FALSE
HNSCC25_P12_C06_S126_comb,0,0,0,0,0,0,0,Primary,T cell,T cell,25,FALSE,FALSE,FALSE,FALSE,FALSE,FALSE
HNSCC25_P12_D02_S134_comb,0,0,0.17249,0,0,0,0,Primary,T cell,T cell,25,FALSE,FALSE,TRUE,FALSE,FALSE,FALSE
HNSCC25_P12_A03_S99_comb,0,4.3165,0,0,0,0,0,Primary,T cell,T cell,25,FALSE,TRUE,FALSE,FALSE,FALSE,FALSE
HNSCC25_P31_H11_S287_comb,0,0,0.089498,0,0,0,0,Lymph node,T cell,T cell,25,FALSE,FALSE,TRUE,FALSE,FALSE,FALSE
HNSCC25_P4_B12_S216_comb,5.0443,0,0,9.4459,0,0,0,Primary,Fibroblast,Fibroblast,25,TRUE,FALSE,FALSE,TRUE,FALSE,FALSE
HNSCC25_P31_B02_S206_comb,0,0,0,0.35614,0,0,0,Lymph node,T cell,T cell,25,FALSE,FALSE,FALSE,TRUE,FALSE,FALSE
HNSCC25_P4_C10_S226_comb,1.7803,1.6821,0.10299,5.5857,9.9539,11.993,1,Primary,0,Cancer cells,25,TRUE,TRUE,TRUE,TRUE,TRUE,TRUE
HNSCC25_P31_D06_S234_comb,0,0,0,0.52406,0,0,0,Lymph node,T cell,T cell,25,FALSE,FALSE,FALSE,TRUE,FALSE,FALSE
HNSCC25_P4_F01_S253_comb,5.7675,0.18269,0,8.0645,0,0,0,Primary,Fibroblast,Fibroblast,25,TRUE,TRUE,FALSE,TRUE,FALSE,FALSE
HNSCC25_P4_B07_S211_comb,4.8721,4.9715,0.084064,10.259,0,0,0,Primary,Fibroblast,Fibroblast,25,TRUE,TRUE,TRUE,TRUE,FALSE,FALSE
HNSCC25_P4_A10_S202_comb,5.8794,4.1586,0,9.3467,0,0,0,Primary,Fibroblast,Fibroblast,25,TRUE,TRUE,FALSE,TRUE,FALSE,FALSE
HNSCC25_P12_E10_S154_comb,0,0,0.27739,0,0,0,0,Primary,T cell,T cell,25,FALSE,FALSE,TRUE,FALSE,FALSE,FALSE
HNSCC25_P4_E07_S247_comb,6.4507,0,0.12035,8.8696,0,0,0,Primary,Fibroblast,Fibroblast,25,TRUE,FALSE,TRUE,TRUE,FALSE,FALSE
HNSCC25_P12_E04_S148_comb,0,0,0.10969,0,0,0,0,Primary,T cell,T cell,25,FALSE,FALSE,TRUE,FALSE,FALSE,FALSE
HNSCC25_P31_H10_S286_comb,0,0,0.16092,0,0,0.12168,0,Lymph node,T cell,T cell,25,FALSE,FALSE,TRUE,FALSE,FALSE,TRUE
HNSCC25_P31_A07_S199_comb,0,0,0.088142,0,0,0,0,Lymph node,T cell,T cell,25,FALSE,FALSE,TRUE,FALSE,FALSE,FALSE
HNSCC25_P4_G11_S275_comb,0,1.0349,2.5578,4.5666,11.847,7.8825,1,Primary,0,Cancer cells,25,FALSE,TRUE,TRUE,TRUE,TRUE,TRUE
HNSCC25_P4_F12_S264_comb,4.982,3.8506,2.6138,5.653,9.9086,3.4751,1,Primary,0,Cancer cells,25,TRUE,TRUE,TRUE,TRUE,TRUE,TRUE
HNSCC25_P12_B01_S109_comb,0,6.3897,0,0,0,0,0,Primary,T cell,T cell,25,FALSE,TRUE,FALSE,FALSE,FALSE,FALSE
HNSCC25_P31_F06_S258_comb,0,0,0.085425,0,0,0,0,Lymph node,T cell,T cell,25,FALSE,FALSE,TRUE,FALSE,FALSE,FALSE
HNSCC25_P31_G03_S267_comb,0,0,0,3.0543,0,0,0,Lymph node,T cell,T cell,25,FALSE,FALSE,FALSE,TRUE,FALSE,FALSE
HNSCC25_P31_D07_S235_comb,0,0,0.19283,0,0,0,0,Lymph node,T cell,T cell,25,FALSE,FALSE,TRUE,FALSE,FALSE,FALSE
HNSCC25_P4_H09_S285_comb,5.5907,0,0,8.4864,0,5.0874,0,Primary,T cell,T cell,25,TRUE,FALSE,FALSE,TRUE,FALSE,TRUE
HNSCC25_P31_D04_S232_comb,0,0,0.052416,0,0,0,0,Lymph node,T cell,T cell,25,FALSE,FALSE,TRUE,FALSE,FALSE,FALSE
HNSCC25_P12_A10_S106_comb,0,0.11503,0,8.4084,0,0,0,Primary,T cell,T cell,25,FALSE,TRUE,FALSE,TRUE,FALSE,FALSE
HNSCC25_P4_E08_S248_comb,5.8731,0,0,8.0947,0.61542,0,0,Primary,Fibroblast,Fibroblast,25,TRUE,FALSE,FALSE,TRUE,TRUE,FALSE
HNSCC25_P31_C04_S220_comb,0,0,0,0,0,0,0,Lymph node,T cell,T cell,25,FALSE,FALSE,FALSE,FALSE,FALSE,FALSE
HNSCC25_P4_A04_S196_comb,3.6426,4.2195,4.1632,7.0921,10.951,7.0531,1,Primary,0,Cancer cells,25,TRUE,TRUE,TRUE,TRUE,TRUE,TRUE
HNSCC25_P4_F08_S260_comb,5.8917,0.30217,0,7.9639,0,0,0,Primary,Fibroblast,Fibroblast,25,TRUE,TRUE,FALSE,TRUE,FALSE,FALSE
HNSCC25_P4_G09_S273_comb,4.4632,0.7031,3.2251,8.7764,0,0.24489,0,Primary,Fibroblast,Fibroblast,25,TRUE,TRUE,TRUE,TRUE,FALSE,TRUE
HNSCC24_P3_A04_S4_comb,0,0,0,9.2469,0,0,0,Primary,Fibroblast,Fibroblast,24,FALSE,FALSE,FALSE,TRUE,FALSE,FALSE
HNSCC25_P4_C08_S224_comb,0,0,0,9.0823,0,0,0,Primary,Fibroblast,Fibroblast,25,FALSE,FALSE,FALSE,TRUE,FALSE,FALSE
HNSCC25_P31_B11_S215_comb,0,0,0,0,0,0,0,Lymph node,T cell,T cell,25,FALSE,FALSE,FALSE,FALSE,FALSE,FALSE
HNSCC25_P4_A09_S201_comb,0,6.7986,0,7.7927,0,0,0,Primary,#NAME?,#NAME?,25,FALSE,TRUE,FALSE,TRUE,FALSE,FALSE
HNSCC25_P12_B08_S116_comb,0,0,0.10969,3.2265,0,0,0,Primary,T cell,T cell,25,FALSE,FALSE,TRUE,TRUE,FALSE,FALSE
HNSCC25_P31_C10_S226_comb,0,0,0.30568,0,0,0,0,Lymph node,T cell,T cell,25,FALSE,FALSE,TRUE,FALSE,FALSE,FALSE
HNSCC25_P12_G01_S169_comb,0,0,0.51299,0,0,0,0,Primary,T cell,T cell,25,FALSE,FALSE,TRUE,FALSE,FALSE,FALSE
HNSCC25_P31_D03_S231_comb,0,0,0,0,0,0,0,Lymph node,T cell,T cell,25,FALSE,FALSE,FALSE,FALSE,FALSE,FALSE
HNSCC25_P31_G05_S269_comb,0,0,0,6.6321,0,0,0,Lymph node,T cell,T cell,25,FALSE,FALSE,FALSE,TRUE,FALSE,FALSE
HNSCC25_P4_D07_S235_comb,6.5233,3.9605,1.1164,9.6433,0.27501,0.72944,0,Primary,Fibroblast,Fibroblast,25,TRUE,TRUE,TRUE,TRUE,TRUE,TRUE
HNSCC25_P12_G05_S173_comb,0,0,0.020058,6.5848,0.86948,0.28214,0,Primary,T cell,T cell,25,FALSE,FALSE,TRUE,TRUE,TRUE,TRUE
HNSCC24_P3_D12_S48_comb,0,0,0.24853,8.2758,0.21785,0,0,Primary,Fibroblast,Fibroblast,24,FALSE,FALSE,TRUE,TRUE,TRUE,FALSE
HNSCC25_P4_E01_S241_comb,4.3814,0,0,9.3783,0,0,0,Primary,Fibroblast,Fibroblast,25,TRUE,FALSE,FALSE,TRUE,FALSE,FALSE
HNSCC25_P31_F03_S255_comb,0,0,0,0,0,0,0,Lymph node,T cell,T cell,25,FALSE,FALSE,FALSE,FALSE,FALSE,FALSE
HNSCC25_P4_F06_S258_comb,4.3396,0,0.038436,9.399,0,0,0,Primary,Fibroblast,Fibroblast,25,TRUE,FALSE,TRUE,TRUE,FALSE,FALSE
HNSCC25_P12_H04_S184_comb,0,0,0,7.7602,0.852,0,0,Primary,T cell,T cell,25,FALSE,FALSE,FALSE,TRUE,TRUE,FALSE
HNSCC25_P31_A10_S202_comb,0,0,0.10702,2.7128,0,0,0,Lymph node,T cell,T cell,25,FALSE,FALSE,TRUE,TRUE,FALSE,FALSE
HNSCC25_P4_H02_S278_comb,3.9206,2.2771,0,3.256,10.458,3.845,1,Primary,0,Cancer cells,25,TRUE,TRUE,FALSE,TRUE,TRUE,TRUE
HNSCC25_P31_F10_S262_comb,0,0,0.16864,0,0,0,0,Lymph node,T cell,T cell,25,FALSE,FALSE,TRUE,FALSE,FALSE,FALSE
HNSCC25_P12_A01_S97_comb,0,1.461,0,7.9567,0,0,0,Primary,T cell,T cell,25,FALSE,TRUE,FALSE,TRUE,FALSE,FALSE
HNSCC25_P4_C06_S222_comb,3.5942,2.2045,1.4076,5.7932,11.049,3.5358,1,Primary,0,Cancer cells,25,TRUE,TRUE,TRUE,TRUE,TRUE,TRUE
HNSCC25_P4_A06_S198_comb,4.6674,1.206,0,9.9442,0,0,0,Primary,Fibroblast,Fibroblast,25,TRUE,TRUE,FALSE,TRUE,FALSE,FALSE
HNSCC25_P31_G11_S275_comb,0,0,0,0,0,0,0,Lymph node,T cell,T cell,25,FALSE,FALSE,FALSE,FALSE,FALSE,FALSE
HNSCC24_P3_C10_S34_comb,0,0,0,9.1651,0,0,0,Primary,Mast,Mast,24,FALSE,FALSE,FALSE,TRUE,FALSE,FALSE
HNSCC25_P12_H10_S190_comb,0,0,0.001442,5.2383,0,0,0,Primary,T cell,T cell,25,FALSE,FALSE,TRUE,TRUE,FALSE,FALSE
HNSCC25_P12_D01_S133_comb,0,0,0,5.6521,0,0,0,Primary,T cell,T cell,25,FALSE,FALSE,FALSE,TRUE,FALSE,FALSE
HNSCC25_P31_F01_S253_comb,0,0,0,0,0,0,0,Lymph node,T cell,T cell,25,FALSE,FALSE,FALSE,FALSE,FALSE,FALSE
HNSCC25_P4_G04_S268_comb,0,0,0,6.6724,0.37851,0,0,Primary,#NAME?,#NAME?,25,FALSE,FALSE,FALSE,TRUE,TRUE,FALSE
HNSCC24_P3_F04_S64_comb,0.53207,6.931,0,8.3716,0,0,0,Primary,Fibroblast,Fibroblast,24,TRUE,TRUE,FALSE,TRUE,FALSE,FALSE
HNSCC25_P31_E03_S243_comb,0,0,0.16736,7.6329,2.0151,1.8532,0,Lymph node,T cell,T cell,25,FALSE,FALSE,TRUE,TRUE,TRUE,TRUE
HNSCC24_P3_A06_S6_comb,0,0,0.049631,8.173,0,0,0,Primary,Mast,Mast,24,FALSE,FALSE,TRUE,TRUE,FALSE,FALSE
HNSCC25_P12_C09_S129_comb,0,0,0,0,0,0,0,Primary,T cell,T cell,25,FALSE,FALSE,FALSE,FALSE,FALSE,FALSE
HNSCC25_P31_C06_S222_comb,0,0,0,0.20914,0,0,0,Lymph node,T cell,T cell,25,FALSE,FALSE,FALSE,TRUE,FALSE,FALSE
HNSCC24_P3_E12_S60_comb,3.8228,2.5077,6.8201,0,7.2015,1.7093,1,Primary,0,Cancer cells,24,TRUE,TRUE,TRUE,FALSE,TRUE,TRUE
HNSCC25_P4_G03_S267_comb,1.0193,0,0,9.1701,0.39506,0,0,Primary,Fibroblast,Fibroblast,25,TRUE,FALSE,FALSE,TRUE,TRUE,FALSE
HNSCC25_P4_D06_S234_comb,0,0,0,8.6097,0,0,0,Primary,Fibroblast,Fibroblast,25,FALSE,FALSE,FALSE,TRUE,FALSE,FALSE
HNSCC25_P4_H10_S286_comb,3.4938,2.6337,0,9.7031,0,0,0,Primary,Fibroblast,Fibroblast,25,TRUE,TRUE,FALSE,TRUE,FALSE,FALSE
HNSCC25_P31_B07_S211_comb,0,0,0,7.5041,0,0,0,Lymph node,T cell,T cell,25,FALSE,FALSE,FALSE,TRUE,FALSE,FALSE
HNSCC25_P4_B10_S214_comb,0.58015,0,0,10.273,0,0,0,Primary,Fibroblast,Fibroblast,25,TRUE,FALSE,FALSE,TRUE,FALSE,FALSE
HNSCC25_P4_D12_S240_comb,0.56071,3.8306,3.7576,0,10.744,9.943,0,Primary,0,0,25,TRUE,TRUE,TRUE,FALSE,TRUE,TRUE
HNSCC25_P12_F12_S168_comb,0,0,0,0,0.55876,0,0,Primary,T cell,T cell,25,FALSE,FALSE,FALSE,FALSE,TRUE,FALSE
HNSCC25_P31_G04_S268_comb,0,0,0,0,0,0,0,Lymph node,T cell,T cell,25,FALSE,FALSE,FALSE,FALSE,FALSE,FALSE
HNSCC25_P4_B02_S206_comb,0,4.8668,0,8.4761,0,0,0,Primary,Fibroblast,Fibroblast,25,FALSE,TRUE,FALSE,TRUE,FALSE,FALSE
HNSCC25_P31_F04_S256_comb,0,0,0,0,0,0,0,Lymph node,T cell,T cell,25,FALSE,FALSE,FALSE,FALSE,FALSE,FALSE
HNSCC25_P4_G06_S270_comb,4.0347,1.0663,1.9199,0,11.404,0.67717,1,Primary,0,Cancer cells,25,TRUE,TRUE,TRUE,FALSE,TRUE,TRUE
HNSCC24_P3_D03_S39_comb,0,0,0.18269,7.7898,6.5579,0,0,Primary,Fibroblast,Fibroblast,24,FALSE,FALSE,TRUE,TRUE,TRUE,FALSE
HNSCC25_P4_E11_S251_comb,3.6584,3.4009,3.8441,6.6049,11.018,6.2446,1,Primary,0,Cancer cells,25,TRUE,TRUE,TRUE,TRUE,TRUE,TRUE
HNSCC25_P31_D08_S236_comb,0,0,0,0,0,0,0,Lymph node,T cell,T cell,25,FALSE,FALSE,FALSE,FALSE,FALSE,FALSE
HNSCC25_P31_B04_S208_comb,0,0,0.22157,0,0,0,0,Lymph node,T cell,T cell,25,FALSE,FALSE,TRUE,FALSE,FALSE,FALSE
HNSCC24_P3_H03_S87_comb,3.14,0.28333,2.7763,2.5797,10.869,10.073,1,Primary,0,Cancer cells,24,TRUE,TRUE,TRUE,TRUE,TRUE,TRUE
HNSCC25_P4_G01_S265_comb,0,0,3.473,9.8529,0,0,0,Primary,Fibroblast,Fibroblast,25,FALSE,FALSE,TRUE,TRUE,FALSE,FALSE
HNSCC25_P4_E09_S249_comb,5.0917,0.90535,2.702,5.1326,10.913,3.5997,1,Primary,0,Cancer cells,25,TRUE,TRUE,TRUE,TRUE,TRUE,TRUE
HNSCC24_P3_D07_S43_comb,0,0,0,0,0,0,0,Primary,0,0,24,FALSE,FALSE,FALSE,FALSE,FALSE,FALSE
HNSCC25_P4_C12_S228_comb,0,0,0,9.8329,0.4489,0,0,Primary,Mast,Mast,25,FALSE,FALSE,FALSE,TRUE,TRUE,FALSE
HNSCC24_P3_C08_S32_comb,3.9979,0,0.017209,8.233,0,0,0,Primary,Fibroblast,Fibroblast,24,TRUE,FALSE,TRUE,TRUE,FALSE,FALSE
HNSCC25_P12_F01_S157_comb,0,0,0,4.6347,0,0,0,Primary,T cell,T cell,25,FALSE,FALSE,FALSE,TRUE,FALSE,FALSE
HNSCC25_P12_H09_S189_comb,0,0,0.20289,0,0,0,0,Primary,T cell,T cell,25,FALSE,FALSE,TRUE,FALSE,FALSE,FALSE
HNSCC25_P31_E08_S248_comb,0,0,0.19409,0,0,0,0,Lymph node,T cell,T cell,25,FALSE,FALSE,TRUE,FALSE,FALSE,FALSE
HNSCC24_P3_B06_S18_comb,2.4828,0,2.4463,6.4546,10.076,7.594,1,Primary,0,Cancer cells,24,TRUE,FALSE,TRUE,TRUE,TRUE,TRUE
HNSCC24_P3_F02_S62_comb,4.4437,0,0,8.8171,0,0,0,Primary,Fibroblast,Fibroblast,24,TRUE,FALSE,FALSE,TRUE,FALSE,FALSE
HNSCC24_P3_B08_S20_comb,0.18903,0,0,9.215,0,0,0,Primary,Mast,Mast,24,TRUE,FALSE,FALSE,TRUE,FALSE,FALSE
HNSCC25_P12_G07_S175_comb,0,0,0,0,0.32423,0,0,Primary,T cell,T cell,25,FALSE,FALSE,FALSE,FALSE,TRUE,FALSE
HNSCC24_P3_G11_S83_comb,0,0,0,6.9866,0,0,0,Primary,Fibroblast,Fibroblast,24,FALSE,FALSE,FALSE,TRUE,FALSE,FALSE
HNSCC25_P12_H11_S191_comb,0,0,0,0.70929,0,0,0,Primary,T cell,T cell,25,FALSE,FALSE,FALSE,TRUE,FALSE,FALSE
HNSCC25_P31_B12_S216_comb,0,0,0,7.5633,0,0,0,Lymph node,T cell,T cell,25,FALSE,FALSE,FALSE,TRUE,FALSE,FALSE
HNSCC24_P3_G01_S73_comb,5.8858,5.5433,0.070389,9.7887,0,0,0,Primary,Fibroblast,Fibroblast,24,TRUE,TRUE,TRUE,TRUE,FALSE,FALSE
HNSCC25_P31_A04_S196_comb,0,0,0,0,0,0,0,Lymph node,T cell,T cell,25,FALSE,FALSE,FALSE,FALSE,FALSE,FALSE
HNSCC25_P12_G04_S172_comb,0,0,0,7.8881,0.26903,0.27977,0,Primary,T cell,T cell,25,FALSE,FALSE,FALSE,TRUE,TRUE,TRUE
HNSCC25_P31_C08_S224_comb,0,0,0,0,0,0,0,Lymph node,T cell,T cell,25,FALSE,FALSE,FALSE,FALSE,FALSE,FALSE
HNSCC25_P12_E05_S149_comb,0,0,0.14405,8.4182,0,0,0,Primary,T cell,T cell,25,FALSE,FALSE,TRUE,TRUE,FALSE,FALSE
HNSCC25_P31_E06_S246_comb,0,0,0.056584,0,0.36401,1.2296,0,Lymph node,T cell,T cell,25,FALSE,FALSE,TRUE,FALSE,TRUE,TRUE
HNSCC25_P4_B11_S215_comb,4.674,0,0,8.9597,0,0,0,Primary,Fibroblast,Fibroblast,25,TRUE,FALSE,FALSE,TRUE,FALSE,FALSE
HNSCC25_P4_F05_S257_comb,4.3247,4.1228,5.7291,7.7689,10.662,1.8992,1,Primary,0,Cancer cells,25,TRUE,TRUE,TRUE,TRUE,TRUE,TRUE
HNSCC25_P4_D10_S238_comb,0,0,0,9.1941,0,0.41792,0,Primary,Fibroblast,Fibroblast,25,FALSE,FALSE,FALSE,TRUE,FALSE,TRUE
HNSCC25_P12_A09_S105_comb,0,0,0,5.7635,0.32539,0.338,0,Primary,T cell,T cell,25,FALSE,FALSE,FALSE,TRUE,TRUE,TRUE
HNSCC25_P4_B08_S212_comb,4.8844,1.0349,0,8.7201,0,0,0,Primary,Fibroblast,Fibroblast,25,TRUE,TRUE,FALSE,TRUE,FALSE,FALSE
HNSCC24_P3_B01_S13_comb,0,0,0,9.7242,0,0,0,Primary,Mast,Mast,24,FALSE,FALSE,FALSE,TRUE,FALSE,FALSE
HNSCC25_P31_E04_S244_comb,0,0.04684,0.035624,0,0.123,1.6951,0,Lymph node,T cell,T cell,25,FALSE,TRUE,TRUE,FALSE,TRUE,TRUE
HNSCC25_P4_C09_S225_comb,4.5751,2.7989,0,9.0736,0,0,0,Primary,Fibroblast,Fibroblast,25,TRUE,TRUE,FALSE,TRUE,FALSE,FALSE
HNSCC25_P12_G09_S177_comb,0,7.3762,0.35727,0,0,0,0,Primary,T cell,T cell,25,FALSE,TRUE,TRUE,FALSE,FALSE,FALSE
HNSCC25_P31_B10_S214_comb,0,0,0,7.2385,0,0,0,Lymph node,T cell,T cell,25,FALSE,FALSE,FALSE,TRUE,FALSE,FALSE
HNSCC25_P31_E02_S242_comb,0,0,0.45101,0,0,0,0,Lymph node,T cell,T cell,25,FALSE,FALSE,TRUE,FALSE,FALSE,FALSE
HNSCC25_P12_B12_S120_comb,0,0,0,4.2994,0.15445,0,0,Primary,T cell,T cell,25,FALSE,FALSE,FALSE,TRUE,TRUE,FALSE
HNSCC25_P4_C01_S217_comb,3.9946,3.722,4.6171,6.9944,11.33,7.0609,1,Primary,0,Cancer cells,25,TRUE,TRUE,TRUE,TRUE,TRUE,TRUE
HNSCC24_P3_C02_S26_comb,0,0,0,8.1387,0,0,0,Primary,Fibroblast,Fibroblast,24,FALSE,FALSE,FALSE,TRUE,FALSE,FALSE
HNSCC25_P12_A02_S98_comb,0,1.8762,0,4.9246,0,0,0,Primary,T cell,T cell,25,FALSE,TRUE,FALSE,TRUE,FALSE,FALSE
HNSCC25_P12_G08_S176_comb,0,0,0.14405,0,0,0,0,Primary,T cell,T cell,25,FALSE,FALSE,TRUE,FALSE,FALSE,FALSE
HNSCC24_P3_G06_S78_comb,0.49057,0,5.6786,0,5.6654,10.516,1,Primary,0,Cancer cells,24,TRUE,FALSE,TRUE,FALSE,TRUE,TRUE
HNSCC25_P12_C08_S128_comb,0,0,0,0,0,0,0,Primary,T cell,T cell,25,FALSE,FALSE,FALSE,FALSE,FALSE,FALSE
HNSCC25_P31_E07_S247_comb,0,0,1.1583,0,1.0179,3.2547,0,Lymph node,T cell,T cell,25,FALSE,FALSE,TRUE,FALSE,TRUE,TRUE
HNSCC25_P12_D06_S138_comb,0,6.0651,0,6.7821,0,0,0,Primary,T cell,T cell,25,FALSE,TRUE,FALSE,TRUE,FALSE,FALSE
HNSCC25_P31_E01_S241_comb,0,0,0.44467,0,0,0.63134,0,Lymph node,T cell,T cell,25,FALSE,FALSE,TRUE,FALSE,FALSE,TRUE
HNSCC24_P3_F11_S71_comb,0,0,0,6.6632,0,0,0,Primary,Mast,Mast,24,FALSE,FALSE,FALSE,TRUE,FALSE,FALSE
HNSCC24_P3_E11_S59_comb,1.5504,5.6114,0,6.6742,0,0,0,Primary,Fibroblast,Fibroblast,24,TRUE,TRUE,FALSE,TRUE,FALSE,FALSE
HNSCC25_P12_G11_S179_comb,0,0,0,0,0,0,0,Primary,T cell,T cell,25,FALSE,FALSE,FALSE,FALSE,FALSE,FALSE
HNSCC25_P4_H06_S282_comb,0,0,5.6252,0,10.668,12.42,1,Primary,0,Cancer cells,25,FALSE,FALSE,TRUE,FALSE,TRUE,TRUE
HNSCC25_P31_H06_S282_comb,0,0,0,0,0,0,0,Lymph node,T cell,T cell,25,FALSE,FALSE,FALSE,FALSE,FALSE,FALSE
HNSCC25_P31_A06_S198_comb,0,0,0,7.2449,0,0,0,Lymph node,T cell,T cell,25,FALSE,FALSE,FALSE,TRUE,FALSE,FALSE
HNSCC25_P4_D02_S230_comb,5.4859,2.9073,0,8.4772,0,0,0,Primary,Fibroblast,Fibroblast,25,TRUE,TRUE,FALSE,TRUE,FALSE,FALSE
HNSCC24_P3_A02_S2_comb,0,5.2595,0,9.0312,0,0,0,Primary,Fibroblast,Fibroblast,24,FALSE,TRUE,FALSE,TRUE,FALSE,FALSE
HNSCC24_P3_A07_S7_comb,3.1963,0,0,3.6534,0,0,0,Primary,Fibroblast,Fibroblast,24,TRUE,FALSE,FALSE,TRUE,FALSE,FALSE
HNSCC25_P31_C02_S218_comb,0,0,0,4.944,0,0,0,Lymph node,T cell,T cell,25,FALSE,FALSE,FALSE,TRUE,FALSE,FALSE
HNSCC25_P12_D12_S144_comb,0,7.1661,0,0,0.42975,0,0,Primary,T cell,T cell,25,FALSE,TRUE,FALSE,FALSE,TRUE,FALSE
HNSCC25_P31_A03_S195_comb,0,0,0,0,0,0,0,Lymph node,T cell,T cell,25,FALSE,FALSE,FALSE,FALSE,FALSE,FALSE
HNSCC25_P12_B04_S112_comb,0,0,0,8.9204,0.47405,0,0,Primary,T cell,T cell,25,FALSE,FALSE,FALSE,TRUE,TRUE,FALSE
HNSCC25_P4_H08_S284_comb,0.17377,5.5567,1.9891,9.5687,0,0,0,Primary,Fibroblast,Fibroblast,25,TRUE,TRUE,TRUE,TRUE,FALSE,FALSE
HNSCC25_P12_H03_S183_comb,0,0,0,1.0827,0,0.39397,0,Primary,T cell,T cell,25,FALSE,FALSE,FALSE,TRUE,FALSE,TRUE
HNSCC25_P4_E12_S252_comb,3.7696,1.7119,1.4131,6.246,12.057,6.9724,1,Primary,0,Cancer cells,25,TRUE,TRUE,TRUE,TRUE,TRUE,TRUE
HNSCC25_P31_A05_S197_comb,0,0,0,0,0,0,0,Lymph node,T cell,T cell,25,FALSE,FALSE,FALSE,FALSE,FALSE,FALSE
HNSCC22_P5_B11_S215_comb,6.3687,0.15704,0,2.885,0.96051,0,0,Primary,Fibroblast,Fibroblast,22,TRUE,TRUE,FALSE,TRUE,TRUE,FALSE
HNSCC18_P4_A12_S12_comb,0.25459,2.9583,4.2321,0,0,7.977,1,Primary,0,Cancer cells,18,TRUE,TRUE,TRUE,FALSE,FALSE,TRUE
HNSCC22_P5_C08_S224_comb,7.1823,0,0,6.4047,1.3595,0,0,Primary,Fibroblast,Fibroblast,22,TRUE,FALSE,FALSE,TRUE,TRUE,FALSE
HNSCC22_P5_D11_S239_comb,0,0,0,8.3332,0.96347,0,0,Primary,Fibroblast,Fibroblast,22,FALSE,FALSE,FALSE,TRUE,TRUE,FALSE
HNSCC22_P5_H09_S285_comb,6.8823,0,0,0,1.1003,0,0,Primary,Fibroblast,Fibroblast,22,TRUE,FALSE,FALSE,FALSE,TRUE,FALSE
HNSCC18_P4_H04_S88_comb,3.9292,2.5811,6.4784,4.5938,9.7541,11.742,1,Primary,0,Cancer cells,18,TRUE,TRUE,TRUE,TRUE,TRUE,TRUE
HNSCC18_P4_D10_S46_comb,0,0,0,7.8466,0,0,0,Primary,Mast,Mast,18,FALSE,FALSE,FALSE,TRUE,FALSE,FALSE
HNSCC22_P5_F06_S258_comb,4.1166,0,6.0464,0.12433,12.566,9.2466,1,Primary,0,Cancer cells,22,TRUE,FALSE,TRUE,TRUE,TRUE,TRUE
HNSCC22_P5_C09_S225_comb,3.6825,0,7.3473,3.4299,12.644,8.496,1,Primary,0,Cancer cells,22,TRUE,FALSE,TRUE,TRUE,TRUE,TRUE
HNSCC18_P4_G09_S81_comb,0,5.4227,0,3.9693,5.5193,9.2142,0,Primary,0,0,18,FALSE,TRUE,FALSE,TRUE,TRUE,TRUE
HNSCC18_P4_E01_S49_comb,4.6876,5.7207,8.5271,6.2316,9.6585,10.98,1,Primary,0,Cancer cells,18,TRUE,TRUE,TRUE,TRUE,TRUE,TRUE
HNSCC22_P5_C04_S220_comb,4.6928,0,6.3866,0,13.218,9.082,1,Primary,0,Cancer cells,22,TRUE,FALSE,TRUE,FALSE,TRUE,TRUE
HNSCC22_P5_A04_S196_comb,5.1019,0,6.0022,0,12.031,5.3888,1,Primary,0,Cancer cells,22,TRUE,FALSE,TRUE,FALSE,TRUE,TRUE
HNSCC18_P4_E07_S55_comb,4.8087,4.7366,3.69,0,9.8142,10.981,1,Primary,0,Cancer cells,18,TRUE,TRUE,TRUE,FALSE,TRUE,TRUE
HNSCC18_P4_C07_S31_comb,0,0,0.018634,0,11.676,11.643,1,Primary,0,Cancer cells,18,FALSE,FALSE,TRUE,FALSE,TRUE,TRUE
HNSCC18_P4_A11_S11_comb,0,0,0.094912,6.8053,0,0,0,Primary,Mast,Mast,18,FALSE,FALSE,TRUE,TRUE,FALSE,FALSE
HNSCC22_P5_A12_S204_comb,5.5615,0,0,0,9.9747,5.8068,1,Primary,0,Cancer cells,22,TRUE,FALSE,FALSE,FALSE,TRUE,TRUE
HNSCC22_P5_D06_S234_comb,0.99349,0,7.2598,0,12.365,8.9064,1,Primary,0,Cancer cells,22,TRUE,FALSE,TRUE,FALSE,TRUE,TRUE
HNSCC22_P5_F10_S262_comb,0,0,0,4.6624,0.32308,0,0,Primary,Fibroblast,Fibroblast,22,FALSE,FALSE,FALSE,TRUE,TRUE,FALSE
HNSCC22_P5_H12_S288_comb,7.3078,0,0,0,11.575,8.5682,0,Primary,0,0,22,TRUE,FALSE,FALSE,FALSE,TRUE,TRUE
HNSCC22_P5_D12_S240_comb,0,5.7666,9.4258,0,11.241,10.464,1,Primary,0,Cancer cells,22,FALSE,TRUE,TRUE,FALSE,TRUE,TRUE
HNSCC18_P4_E02_S50_comb,0,0,0.64524,0,0,0,0,Primary,0,0,18,FALSE,FALSE,TRUE,FALSE,FALSE,FALSE
HNSCC22_P5_A11_S203_comb,0,0,0,0,0,0,0,Primary,Fibroblast,Fibroblast,22,FALSE,FALSE,FALSE,FALSE,FALSE,FALSE
HNSCC18_P4_C12_S36_comb,1.3115,0,0,6.903,0,0,0,Primary,Fibroblast,Fibroblast,18,TRUE,FALSE,FALSE,TRUE,FALSE,FALSE
HNSCC22_P5_A08_S200_comb,2.3829,3.8588,3.8491,0,11.629,4.3078,1,Primary,0,Cancer cells,22,TRUE,TRUE,TRUE,FALSE,TRUE,TRUE
HNSCC22_P5_H11_S287_comb,4.8985,3.3114,7.9282,0,12.029,8.5446,1,Primary,0,Cancer cells,22,TRUE,TRUE,TRUE,FALSE,TRUE,TRUE
HNSCC18_P4_F05_S65_comb,0,0,0.1137,0,12.024,5.5474,0,Primary,0,0,18,FALSE,FALSE,TRUE,FALSE,TRUE,TRUE
HNSCC22_P5_C05_S221_comb,0,0,4.4757,0,12.322,8.258,1,Primary,0,Cancer cells,22,FALSE,FALSE,TRUE,FALSE,TRUE,TRUE
HNSCC18_P4_C08_S32_comb,0,0,0.042644,0,0,0,0,Primary,0,0,18,FALSE,FALSE,TRUE,FALSE,FALSE,FALSE
HNSCC18_P4_G03_S75_comb,5.4655,0,0.053806,0,0,0,0,Primary,0,0,18,TRUE,FALSE,TRUE,FALSE,FALSE,FALSE
HNSCC22_P5_E02_S242_comb,1.111,2.0986,0.30685,6.9682,1.6093,0,0,Primary,Mast,Mast,22,TRUE,TRUE,TRUE,TRUE,TRUE,FALSE
HNSCC22_P5_A07_S199_comb,5.3791,3.5608,7.4626,0,12.359,6.0626,1,Primary,0,Cancer cells,22,TRUE,TRUE,TRUE,FALSE,TRUE,TRUE
HNSCC18_P4_A05_S5_comb,0,0,0,0.079975,0,0,0,Primary,Mast,Mast,18,FALSE,FALSE,FALSE,TRUE,FALSE,FALSE
HNSCC22_P5_B02_S206_comb,4.9739,3.5023,3.9522,0,11.481,6.2787,1,Primary,0,Cancer cells,22,TRUE,TRUE,TRUE,FALSE,TRUE,TRUE
HNSCC22_P5_B04_S208_comb,7.2322,0,0.092207,1.0663,0,0,0,Primary,Fibroblast,Fibroblast,22,TRUE,FALSE,TRUE,TRUE,FALSE,FALSE
HNSCC22_P5_A05_S197_comb,5.0366,0,2.6262,0,12.32,9.2732,1,Primary,0,Cancer cells,22,TRUE,FALSE,TRUE,FALSE,TRUE,TRUE
HNSCC18_P4_F04_S64_comb,0.21288,0,6.5196,4.6972,10.08,11.283,1,Primary,0,Cancer cells,18,TRUE,FALSE,TRUE,TRUE,TRUE,TRUE
HNSCC18_P4_C06_S30_comb,0,0,0.08134,0,0,0,0,Primary,0,0,18,FALSE,FALSE,TRUE,FALSE,FALSE,FALSE
HNSCC22_P5_G02_S266_comb,5.5396,0,0,0,11.554,7.0335,1,Primary,0,Cancer cells,22,TRUE,FALSE,FALSE,FALSE,TRUE,TRUE
HNSCC22_P5_C01_S217_comb,2.9125,0,0,0,12.362,10.21,1,Primary,0,Cancer cells,22,TRUE,FALSE,FALSE,FALSE,TRUE,TRUE
HNSCC22_P5_G03_S267_comb,2.56,0,3.0628,0.13488,12.765,9.0702,1,Primary,0,Cancer cells,22,TRUE,FALSE,TRUE,TRUE,TRUE,TRUE
HNSCC22_P5_D05_S233_comb,4.0712,0,5.5431,1.3578,11.762,7.7005,1,Primary,0,Cancer cells,22,TRUE,FALSE,TRUE,TRUE,TRUE,TRUE
HNSCC18_P4_F08_S68_comb,0,0,0.10836,0,0,0,0,Primary,0,0,18,FALSE,FALSE,TRUE,FALSE,FALSE,FALSE
HNSCC22_P5_F09_S261_comb,0.28451,0,5.0642,0,12.512,9.9171,1,Primary,0,Cancer cells,22,TRUE,FALSE,TRUE,FALSE,TRUE,TRUE
HNSCC18_P4_D08_S44_comb,0,0,0.056584,0,9.7968,9.8533,0,Primary,0,0,18,FALSE,FALSE,TRUE,FALSE,TRUE,TRUE
HNSCC18_P4_E09_S57_comb,0,0,0.034216,0,0.094912,0,0,Primary,0,0,18,FALSE,FALSE,TRUE,FALSE,TRUE,FALSE
HNSCC18_P4_H01_S85_comb,5.4445,0.09356,5.4252,0,11.527,10.891,1,Primary,0,Cancer cells,18,TRUE,TRUE,TRUE,FALSE,TRUE,TRUE
HNSCC22_P5_H06_S282_comb,4.5444,3.9479,7.9949,5.5663,12.446,9.654,1,Primary,0,Cancer cells,22,TRUE,TRUE,TRUE,TRUE,TRUE,TRUE
HNSCC22_P5_B03_S207_comb,2.5271,3.7716,5.9239,0,11.799,8.4016,1,Primary,0,Cancer cells,22,TRUE,TRUE,TRUE,FALSE,TRUE,TRUE
HNSCC22_P5_F04_S256_comb,0,0,0.20289,2.7244,0,0.54498,0,Primary,Fibroblast,Fibroblast,22,FALSE,FALSE,TRUE,TRUE,FALSE,TRUE
HNSCC22_P5_D09_S237_comb,3.5301,4.5968,3.7087,0,12.38,8.8448,1,Primary,0,Cancer cells,22,TRUE,TRUE,TRUE,FALSE,TRUE,TRUE
HNSCC22_P5_F12_S264_comb,0.24853,4.3093,5.821,0,12.34,8.5758,1,Primary,0,Cancer cells,22,TRUE,TRUE,TRUE,FALSE,TRUE,TRUE
HNSCC22_P5_C11_S227_comb,0,0,0,10.179,0,0,0,Primary,Mast,Mast,22,FALSE,FALSE,FALSE,TRUE,FALSE,FALSE
HNSCC22_P5_H03_S279_comb,0,3.2409,0.73725,0,12.3,6.6667,1,Primary,0,Cancer cells,22,FALSE,TRUE,TRUE,FALSE,TRUE,TRUE
HNSCC18_P4_F12_S72_comb,0,0,4.6123,0,8.9022,8.9085,1,Primary,0,Cancer cells,18,FALSE,FALSE,TRUE,FALSE,TRUE,TRUE
HNSCC22_P5_B05_S209_comb,5.1083,0,0.52306,0,12.41,8.9949,1,Primary,0,Cancer cells,22,TRUE,FALSE,TRUE,FALSE,TRUE,TRUE
HNSCC18_P4_B11_S23_comb,4.8671,3.875,5.8633,2.8953,9.8105,10.998,1,Primary,0,Cancer cells,18,TRUE,TRUE,TRUE,TRUE,TRUE,TRUE
HNSCC22_P5_A10_S202_comb,0,0,0,0.35614,10.53,6.1858,1,Primary,0,Cancer cells,22,FALSE,FALSE,FALSE,TRUE,TRUE,TRUE
HNSCC18_P4_A07_S7_comb,1.1609,0,0.43296,0,11.596,10.943,0,Primary,0,0,18,TRUE,FALSE,TRUE,FALSE,TRUE,TRUE
HNSCC18_P4_G07_S79_comb,4.0004,3.8247,5.1042,0,11.513,11.177,1,Primary,0,Cancer cells,18,TRUE,TRUE,TRUE,FALSE,TRUE,TRUE
HNSCC18_P4_E06_S54_comb,0,1.1414,5.0562,4.6982,9.4211,11.145,1,Primary,0,Cancer cells,18,FALSE,TRUE,TRUE,TRUE,TRUE,TRUE
HNSCC18_P4_B12_S24_comb,0,0,0,0,7.2161,0,0,Primary,0,0,18,FALSE,FALSE,FALSE,FALSE,TRUE,FALSE
HNSCC22_P5_A06_S198_comb,5.3092,3.5518,4.4362,0,11.809,9.0088,1,Primary,0,Cancer cells,22,TRUE,TRUE,TRUE,FALSE,TRUE,TRUE
HNSCC18_P4_D09_S45_comb,5.5778,0,5.7294,5.8394,10.256,11.959,1,Primary,0,Cancer cells,18,TRUE,FALSE,TRUE,TRUE,TRUE,TRUE
HNSCC22_P5_D03_S231_comb,0,5.9523,0.079975,6.1916,0.75018,0,0,Primary,Fibroblast,Fibroblast,22,FALSE,TRUE,TRUE,TRUE,TRUE,FALSE
HNSCC18_P4_C10_S34_comb,0,4.2906,7.4576,4.3756,8.3934,11.36,1,Primary,0,Cancer cells,18,FALSE,TRUE,TRUE,TRUE,TRUE,TRUE
HNSCC22_P5_C06_S222_comb,1.669,0,0,0,11.338,8.3863,1,Primary,0,Cancer cells,22,TRUE,FALSE,FALSE,FALSE,TRUE,TRUE
HNSCC22_P5_G07_S271_comb,4.6795,0,1.8922,0,12.233,8.2222,1,Primary,0,Cancer cells,22,TRUE,FALSE,TRUE,FALSE,TRUE,TRUE
HNSCC22_P5_C12_S228_comb,5.3289,2.2271,6.8082,3.3642,11.681,6.8986,1,Primary,0,Cancer cells,22,TRUE,TRUE,TRUE,TRUE,TRUE,TRUE
HNSCC22_P5_F05_S257_comb,2.4041,0,0,7.8504,0.91762,5.2361,0,Primary,Fibroblast,Fibroblast,22,TRUE,FALSE,FALSE,TRUE,TRUE,TRUE
HNSCC18_P4_C04_S28_comb,0,4.1384,5.2424,0,8.3741,9.3915,1,Primary,0,Cancer cells,18,FALSE,TRUE,TRUE,FALSE,TRUE,TRUE
HNSCC18_P4_H05_S89_comb,5.3946,3.9937,6.4659,0,8.8968,10.311,1,Primary,0,Cancer cells,18,TRUE,TRUE,TRUE,FALSE,TRUE,TRUE
HNSCC22_P5_E10_S250_comb,3.43,0,6.3016,0,12.336,8.9315,1,Primary,0,Cancer cells,22,TRUE,FALSE,TRUE,FALSE,TRUE,TRUE
HNSCC22_P5_E06_S246_comb,0,0,5.1602,0.27977,12.27,7.011,1,Primary,0,Cancer cells,22,FALSE,FALSE,TRUE,TRUE,TRUE,TRUE
HNSCC22_P5_E04_S244_comb,0,0.15575,0.44361,0,12.142,8.4253,1,Primary,0,Cancer cells,22,FALSE,TRUE,TRUE,FALSE,TRUE,TRUE
HNSCC22_P5_B07_S211_comb,0,3.4178,4.9161,0,11.917,7.8587,1,Primary,0,Cancer cells,22,FALSE,TRUE,TRUE,FALSE,TRUE,TRUE
HNSCC22_P5_G08_S272_comb,1.7485,0,3.8259,0.22527,11.668,8.5946,1,Primary,0,Cancer cells,22,TRUE,FALSE,TRUE,TRUE,TRUE,TRUE
HNSCC18_P4_B09_S21_comb,0,0,0,6.7654,0,0,0,Primary,Fibroblast,Fibroblast,18,FALSE,FALSE,FALSE,TRUE,FALSE,FALSE
HNSCC18_P4_D02_S38_comb,0,0,0,0,0.77989,6.4039,0,Primary,0,0,18,FALSE,FALSE,FALSE,FALSE,TRUE,TRUE
HNSCC18_P4_G12_S84_comb,3.4906,3.2077,5.5129,2.3868,11.105,11.361,1,Primary,0,Cancer cells,18,TRUE,TRUE,TRUE,TRUE,TRUE,TRUE
HNSCC22_P5_E07_S247_comb,3.516,0,0.19535,0,11.989,7.9155,1,Primary,0,Cancer cells,22,TRUE,FALSE,TRUE,FALSE,TRUE,TRUE
HNSCC18_P4_F11_S71_comb,2.7904,2.5835,5.9663,0,8.8112,10.225,1,Primary,0,Cancer cells,18,TRUE,TRUE,TRUE,FALSE,TRUE,TRUE
HNSCC22_P5_D01_S229_comb,0,3.6177,4.3278,0,11.202,8.0599,1,Primary,0,Cancer cells,22,FALSE,TRUE,TRUE,FALSE,TRUE,TRUE
HNSCC22_P5_A01_S193_comb,5.1075,3.6655,4.354,0,10.972,8.8657,1,Primary,0,Cancer cells,22,TRUE,TRUE,TRUE,FALSE,TRUE,TRUE
HNSCC18_P4_H11_S95_comb,4.7533,4.5942,7.1943,3.4476,11.856,12.98,1,Primary,0,Cancer cells,18,TRUE,TRUE,TRUE,TRUE,TRUE,TRUE
HNSCC22_P5_A09_S201_comb,0,0.18269,0,6.555,0.45628,0,0,Primary,Fibroblast,Fibroblast,22,FALSE,TRUE,FALSE,TRUE,TRUE,FALSE
HNSCC22_P5_G04_S268_comb,3.864,3.2656,4.4189,0,12.056,7.3725,1,Primary,0,Cancer cells,22,TRUE,TRUE,TRUE,FALSE,TRUE,TRUE
HNSCC18_P4_G04_S76_comb,0,0,0.064883,0,0,0.09356,0,Primary,0,0,18,FALSE,FALSE,TRUE,FALSE,FALSE,TRUE
HNSCC18_P4_H12_S96_comb,0,2.2182,3.6442,0,9.4355,11.953,1,Primary,0,Cancer cells,18,FALSE,TRUE,TRUE,FALSE,TRUE,TRUE
HNSCC22_P5_D08_S236_comb,3.9972,2.0569,4.4174,3.8853,11.353,7.9919,1,Primary,0,Cancer cells,22,TRUE,TRUE,TRUE,TRUE,TRUE,TRUE
HNSCC18_P4_C01_S25_comb,5.6541,4.5434,2.6498,0,8.5182,11.585,1,Primary,0,Cancer cells,18,TRUE,TRUE,TRUE,FALSE,TRUE,TRUE
HNSCC22_P5_F02_S254_comb,0,0,6.1562,0,11.827,8.4179,1,Primary,0,Cancer cells,22,FALSE,FALSE,TRUE,FALSE,TRUE,TRUE
HNSCC22_P5_H01_S277_comb,0.64155,4.6444,4.5476,0,11.725,8.0645,1,Primary,0,Cancer cells,22,TRUE,TRUE,TRUE,FALSE,TRUE,TRUE
HNSCC18_P4_C11_S35_comb,3.9121,7.1799,8.4043,0,10.624,13.04,1,Primary,0,Cancer cells,18,TRUE,TRUE,TRUE,FALSE,TRUE,TRUE
HNSCC22_P5_F11_S263_comb,3.5518,0,4.5024,0,11.891,7.4684,1,Primary,0,Cancer cells,22,TRUE,FALSE,TRUE,FALSE,TRUE,TRUE
HNSCC22_P5_D02_S230_comb,0.71633,1.6839,7.9257,5.5334,11.307,9.0477,1,Primary,0,Cancer cells,22,TRUE,TRUE,TRUE,TRUE,TRUE,TRUE
HNSCC18_P4_F01_S61_comb,0,0,0,0,0,0,0,Primary,0,0,18,FALSE,FALSE,FALSE,FALSE,FALSE,FALSE
HNSCC18_P4_D06_S42_comb,0,0,4.9536,5.3069,11.124,12.049,1,Primary,0,Cancer cells,18,FALSE,FALSE,TRUE,TRUE,TRUE,TRUE
HNSCC18_P4_G11_S83_comb,4.2569,4.2878,7.5138,4.8748,10.566,11.782,1,Primary,0,Cancer cells,18,TRUE,TRUE,TRUE,TRUE,TRUE,TRUE
HNSCC22_P5_G11_S275_comb,1.412,0,0,3.3529,0.76723,0,0,Primary,Fibroblast,Fibroblast,22,TRUE,FALSE,FALSE,TRUE,TRUE,FALSE
HNSCC22_P5_C10_S226_comb,0,0,5.0572,0,11.233,5.9123,1,Primary,0,Cancer cells,22,FALSE,FALSE,TRUE,FALSE,TRUE,TRUE
HNSCC18_P4_C02_S26_comb,4.067,4.5626,5.5362,0,6.0254,13.873,1,Primary,0,Cancer cells,18,TRUE,TRUE,TRUE,FALSE,TRUE,TRUE
HNSCC18_P4_A03_S3_comb,0,0,0.049631,6.1916,0,0,0,Primary,Fibroblast,Fibroblast,18,FALSE,FALSE,TRUE,TRUE,FALSE,FALSE
HNSCC22_P5_F03_S255_comb,1.8143,0,5.8724,0,11.566,6.6943,1,Primary,0,Cancer cells,22,TRUE,FALSE,TRUE,FALSE,TRUE,TRUE
HNSCC18_P4_F10_S70_comb,4.2207,3.7808,7.2833,5.2778,10.033,11.17,1,Primary,0,Cancer cells,18,TRUE,TRUE,TRUE,TRUE,TRUE,TRUE
HNSCC18_P4_E04_S52_comb,0,6.4247,6.8784,0,8.6908,11.605,1,Primary,0,Cancer cells,18,FALSE,TRUE,TRUE,FALSE,TRUE,TRUE
HNSCC22_P5_E09_S249_comb,0,0.20664,0,0.39726,9.723,0.52807,1,Primary,0,Cancer cells,22,FALSE,TRUE,FALSE,TRUE,TRUE,TRUE
HNSCC22_P5_F07_S259_comb,0,0.92372,3.6383,0,12.47,7.8883,1,Primary,0,Cancer cells,22,FALSE,TRUE,TRUE,FALSE,TRUE,TRUE
HNSCC18_P4_C09_S33_comb,3.4135,0,0.3774,0,6.9645,7.8811,1,Primary,0,Cancer cells,18,TRUE,FALSE,TRUE,FALSE,TRUE,TRUE
HNSCC18_P4_F03_S63_comb,5.6711,0,4.9033,0,5.4469,11.183,1,Primary,0,Cancer cells,18,TRUE,FALSE,TRUE,FALSE,TRUE,TRUE
HNSCC18_P4_H10_S94_comb,3.8721,4.083,3.0602,0,8.0519,10.458,1,Primary,0,Cancer cells,18,TRUE,TRUE,TRUE,FALSE,TRUE,TRUE
HNSCC22_P5_E08_S248_comb,2.771,0,3.9624,1.1217,11.407,7.3022,1,Primary,0,Cancer cells,22,TRUE,FALSE,TRUE,TRUE,TRUE,TRUE
HNSCC18_P4_G02_S74_comb,5.5843,5.8396,0.37629,0,10.158,12.471,1,Primary,0,Cancer cells,18,TRUE,TRUE,TRUE,FALSE,TRUE,TRUE
HNSCC22_P5_E05_S245_comb,1.0215,0,3.2753,0,11.912,10.736,1,Primary,0,Cancer cells,22,TRUE,FALSE,TRUE,FALSE,TRUE,TRUE
HNSCC22_P5_F01_S253_comb,4.1168,0,8.0589,0,12.293,10.12,1,Primary,0,Cancer cells,22,TRUE,FALSE,TRUE,FALSE,TRUE,TRUE
HNSCC22_P5_B12_S216_comb,4.2048,5.0152,9.4998,0,12.058,9.6134,1,Primary,0,Cancer cells,22,TRUE,TRUE,TRUE,FALSE,TRUE,TRUE
HNSCC22_P5_G05_S269_comb,4.7761,0,0.070389,0,12.021,3.9991,1,Primary,0,Cancer cells,22,TRUE,FALSE,TRUE,FALSE,TRUE,TRUE
HNSCC18_P4_B08_S20_comb,0,1.0738,1.9826,0,10.883,12.624,0,Primary,0,0,18,FALSE,TRUE,TRUE,FALSE,TRUE,TRUE
HNSCC18_P4_A09_S9_comb,0.47716,4.7157,7.0619,3.8753,5.3678,9.6925,1,Primary,0,Cancer cells,18,TRUE,TRUE,TRUE,TRUE,TRUE,TRUE
HNSCC22_P5_G01_S265_comb,0,0,0,7.0033,0,0,0,Primary,Fibroblast,Fibroblast,22,FALSE,FALSE,FALSE,TRUE,FALSE,FALSE
HNSCC22_P5_B10_S214_comb,4.946,0,0.060739,0,11.295,7.1971,1,Primary,0,Cancer cells,22,TRUE,FALSE,TRUE,FALSE,TRUE,TRUE
HNSCC22_P5_B09_S213_comb,2.6711,0,5.8049,0,12.84,10.566,1,Primary,0,Cancer cells,22,TRUE,FALSE,TRUE,FALSE,TRUE,TRUE
HNSCC22_P5_G12_S276_comb,1.7899,0,0,0,11.84,9.9309,1,Primary,0,Cancer cells,22,TRUE,FALSE,FALSE,FALSE,TRUE,TRUE
HNSCC22_P5_E03_S243_comb,2.7504,3.6057,2.7264,0,11.501,7.3489,1,Primary,0,Cancer cells,22,TRUE,TRUE,TRUE,FALSE,TRUE,TRUE
HNSCC18_P4_F07_S67_comb,0,0,0,0,0,0,0,Primary,0,0,18,FALSE,FALSE,FALSE,FALSE,FALSE,FALSE
HNSCC22_P5_E01_S241_comb,3.5657,0,5.5556,0.16993,12.109,8.5791,1,Primary,0,Cancer cells,22,TRUE,FALSE,TRUE,TRUE,TRUE,TRUE
HNSCC18_P4_E03_S51_comb,0.31615,4.608,6.2467,0,11.621,12.127,1,Primary,0,Cancer cells,18,TRUE,TRUE,TRUE,FALSE,TRUE,TRUE
HNSCC18_P4_H02_S86_comb,4.6897,2.5303,4.4507,0,11.34,11.912,1,Primary,0,Cancer cells,18,TRUE,TRUE,TRUE,FALSE,TRUE,TRUE
HNSCC18_P4_H08_S92_comb,0,4.6467,5.8755,0,11.596,12.5,1,Primary,0,Cancer cells,18,FALSE,TRUE,TRUE,FALSE,TRUE,TRUE
HNSCC22_P5_H02_S278_comb,3.2324,3.3996,8.0154,0,12.581,10.254,1,Primary,0,Cancer cells,22,TRUE,TRUE,TRUE,FALSE,TRUE,TRUE
HNSCC22_P5_H07_S283_comb,4.8126,5.4844,8.2742,5.7238,11.945,9.7401,1,Primary,0,Cancer cells,22,TRUE,TRUE,TRUE,TRUE,TRUE,TRUE
HNSCC18_P4_D05_S41_comb,1.1296,0,0.055196,0,0.082703,0,0,Primary,0,0,18,TRUE,FALSE,TRUE,FALSE,TRUE,FALSE
HNSCC18_P4_C03_S27_comb,4.0173,4.1542,7.0369,0,10.008,11.533,1,Primary,0,Cancer cells,18,TRUE,TRUE,TRUE,FALSE,TRUE,TRUE
HNSCC22_P5_E11_S251_comb,7.6556,0,0.23634,4.3584,1.846,0,0,Primary,Fibroblast,Fibroblast,22,TRUE,FALSE,TRUE,TRUE,TRUE,FALSE
HNSCC22_P5_H05_S281_comb,3.4966,0,6.4681,0,11.689,9.1857,1,Primary,0,Cancer cells,22,TRUE,FALSE,TRUE,FALSE,TRUE,TRUE
HNSCC18_P4_E08_S56_comb,0,0,0.010064,0,0,0,0,Primary,0,0,18,FALSE,FALSE,TRUE,FALSE,FALSE,FALSE
HNSCC22_P5_B06_S210_comb,4.8055,3.2624,7.0505,0,10.674,8.1335,1,Primary,0,Cancer cells,22,TRUE,TRUE,TRUE,FALSE,TRUE,TRUE
HNSCC22_P5_H04_S280_comb,3.4742,0,7.6483,0,12.465,8.412,1,Primary,0,Cancer cells,22,TRUE,FALSE,TRUE,FALSE,TRUE,TRUE
HNSCC18_P4_E12_S60_comb,0.31499,0,0.041243,0,0,0,0,Primary,0,0,18,TRUE,FALSE,TRUE,FALSE,FALSE,FALSE
HNSCC22_P5_B08_S212_comb,4.2735,0,4.4848,0,12.403,8.2563,1,Primary,0,Cancer cells,22,TRUE,FALSE,TRUE,FALSE,TRUE,TRUE
HNSCC22_P5_C03_S219_comb,3.8697,0,0,0,12.586,7.5564,1,Primary,0,Cancer cells,22,TRUE,FALSE,FALSE,FALSE,TRUE,TRUE
HNSCC22_P5_D07_S235_comb,0,0,0,8.3213,0.21785,0,0,Primary,Fibroblast,Fibroblast,22,FALSE,FALSE,FALSE,TRUE,TRUE,FALSE
HNSCC18_P4_B10_S22_comb,4.7326,3.9732,4.8704,0,10.514,10.935,1,Primary,0,Cancer cells,18,TRUE,TRUE,TRUE,FALSE,TRUE,TRUE
HNSCC22_P5_C07_S223_comb,3.6049,0,4.3044,1.6991,12.34,8.2227,1,Primary,0,Cancer cells,22,TRUE,FALSE,TRUE,TRUE,TRUE,TRUE
HNSCC22_P5_H08_S284_comb,5.1014,0,3.9405,0,12.009,9.0783,1,Primary,0,Cancer cells,22,TRUE,FALSE,TRUE,FALSE,TRUE,TRUE
HNSCC25_P3_B03_S111_comb,0,0,0,7.2704,0,0,0,Primary,Fibroblast,Fibroblast,25,FALSE,FALSE,FALSE,TRUE,FALSE,FALSE
HNSCC25_P3_E03_S147_comb,5.0358,2.6232,3.2038,7.2022,12.565,6.9964,1,Primary,0,Cancer cells,25,TRUE,TRUE,TRUE,TRUE,TRUE,TRUE
HNSCC25_P22_F04_S352_comb,0,0,0,0,0.18523,0,0,Lymph node,Fibroblast,Fibroblast,25,FALSE,FALSE,FALSE,FALSE,TRUE,FALSE
HNSCC25_P3_C12_S132_comb,0,0,4.5618,0,10.905,10.223,0,Primary,0,0,25,FALSE,FALSE,TRUE,FALSE,TRUE,TRUE
HNSCC25_P22_F01_S349_comb,0,4.0237,5.5073,8.1579,11.971,0,1,Lymph node,0,Cancer cells,25,FALSE,TRUE,TRUE,TRUE,TRUE,FALSE
HNSCC25_P22_F05_S353_comb,5.9068,0,0,8.7679,0,0,0,Lymph node,Fibroblast,Fibroblast,25,TRUE,FALSE,FALSE,TRUE,FALSE,FALSE
HNSCC25_P3_B10_S118_comb,4.4615,4.9634,0,9.9835,0,0,0,Primary,Fibroblast,Fibroblast,25,TRUE,TRUE,FALSE,TRUE,FALSE,FALSE
HNSCC25_P22_E04_S340_comb,3.5527,0.86869,0.063503,7.0335,5.246,0,0,Lymph node,Fibroblast,Fibroblast,25,TRUE,TRUE,TRUE,TRUE,TRUE,FALSE
HNSCC25_P22_H05_S377_comb,4.7705,2.4041,0.13225,9.6652,2.8879,0.40381,0,Lymph node,Fibroblast,Fibroblast,25,TRUE,TRUE,TRUE,TRUE,TRUE,TRUE
HNSCC25_P22_C08_S320_comb,0,5.297,0.055196,9.9366,0,0,0,Lymph node,Mast,Mast,25,FALSE,TRUE,TRUE,TRUE,FALSE,FALSE
HNSCC25_P3_A05_S101_comb,5.0588,0,0,7.1288,1.5211,0.72334,0,Primary,Fibroblast,Fibroblast,25,TRUE,FALSE,FALSE,TRUE,TRUE,TRUE
HNSCC25_P3_H04_S184_comb,0,0,0,9.161,0,0,0,Primary,Fibroblast,Fibroblast,25,FALSE,FALSE,FALSE,TRUE,FALSE,FALSE
HNSCC25_P3_E08_S152_comb,5.0223,0,0,10.067,0,0,0,Primary,Fibroblast,Fibroblast,25,TRUE,FALSE,FALSE,TRUE,FALSE,FALSE
HNSCC25_P3_F03_S159_comb,0,2.5018,0,8.7675,0.61353,0,0,Primary,Fibroblast,Fibroblast,25,FALSE,TRUE,FALSE,TRUE,TRUE,FALSE
HNSCC25_P22_E09_S345_comb,2.8307,2.2324,2.2945,5.965,13.532,3.5462,1,Lymph node,0,Cancer cells,25,TRUE,TRUE,TRUE,TRUE,TRUE,TRUE
HNSCC25_P22_H12_S384_comb,4.6903,0,3.6519,7.8256,11.833,0.28688,1,Lymph node,0,Cancer cells,25,TRUE,FALSE,TRUE,TRUE,TRUE,TRUE
HNSCC25_P3_H12_S192_comb,0,0,0,3.2889,11.374,0,1,Primary,0,Cancer cells,25,FALSE,FALSE,FALSE,TRUE,TRUE,FALSE
HNSCC25_P3_D03_S135_comb,0,0,0,10.014,0,0,0,Primary,Mast,Mast,25,FALSE,FALSE,FALSE,TRUE,FALSE,FALSE
HNSCC25_P3_F07_S163_comb,0,2.438,0,4.6661,12.666,8.0793,1,Primary,0,Cancer cells,25,FALSE,TRUE,FALSE,TRUE,TRUE,TRUE
HNSCC25_P3_D07_S139_comb,4.3896,4.4531,4.4823,3.7301,11.552,8.7257,1,Primary,0,Cancer cells,25,TRUE,TRUE,TRUE,TRUE,TRUE,TRUE
HNSCC25_P3_F09_S165_comb,0,0,0,5.9056,0.53406,0,0,Primary,Fibroblast,Fibroblast,25,FALSE,FALSE,FALSE,TRUE,TRUE,FALSE
HNSCC25_P3_D04_S136_comb,4.5886,0.22157,2.9146,6.8689,11.246,3.4392,1,Primary,0,Cancer cells,25,TRUE,TRUE,TRUE,TRUE,TRUE,TRUE
HNSCC25_P3_D08_S140_comb,3.5007,3.6945,4.2121,3.7055,11.463,12.35,1,Primary,0,Cancer cells,25,TRUE,TRUE,TRUE,TRUE,TRUE,TRUE
HNSCC25_P3_C06_S126_comb,6.134,3.1968,0,7.7503,0,0,0,Primary,Fibroblast,Fibroblast,25,TRUE,TRUE,FALSE,TRUE,FALSE,FALSE
HNSCC25_P3_H03_S183_comb,5.308,4.5033,7.0188,7.7095,12.082,9.8438,1,Primary,0,Cancer cells,25,TRUE,TRUE,TRUE,TRUE,TRUE,TRUE
HNSCC25_P3_G11_S179_comb,3.0524,0,0,4.3282,10.383,12.275,1,Primary,0,Cancer cells,25,TRUE,FALSE,FALSE,TRUE,TRUE,TRUE
HNSCC25_P3_D05_S137_comb,2.8379,4.7656,0.10434,6.2221,12.825,5.5729,1,Primary,0,Cancer cells,25,TRUE,TRUE,TRUE,TRUE,TRUE,TRUE
HNSCC25_P22_G07_S367_comb,0,0,0,9.1725,0,0.13093,0,Lymph node,Fibroblast,Fibroblast,25,FALSE,FALSE,FALSE,TRUE,FALSE,TRUE
HNSCC25_P3_E10_S154_comb,2.9385,0.41684,0,6.0952,0.70576,0.73118,0,Primary,Fibroblast,Fibroblast,25,TRUE,TRUE,FALSE,TRUE,TRUE,TRUE
HNSCC25_P22_D02_S326_comb,0,0,0,8.2492,0,0,0,Lymph node,Fibroblast,Fibroblast,25,FALSE,FALSE,FALSE,TRUE,FALSE,FALSE
HNSCC25_P3_G02_S170_comb,0,0,0,7.7505,0.35727,0,0,Primary,#NAME?,#NAME?,25,FALSE,FALSE,FALSE,TRUE,TRUE,FALSE
HNSCC25_P3_G12_S180_comb,3.4579,3.8707,2.4217,0,12.135,10.02,0,Primary,0,0,25,TRUE,TRUE,TRUE,FALSE,TRUE,TRUE
HNSCC25_P3_B04_S112_comb,5.5394,4.0561,0,10.12,0.34937,0,0,Primary,Fibroblast,Fibroblast,25,TRUE,TRUE,FALSE,TRUE,TRUE,FALSE
HNSCC25_P3_C02_S122_comb,0,0,0,9.404,0,0,0,Primary,Fibroblast,Fibroblast,25,FALSE,FALSE,FALSE,TRUE,FALSE,FALSE
HNSCC25_P3_G05_S173_comb,0,4.5681,0,9.2557,0,0,0,Primary,Fibroblast,Fibroblast,25,FALSE,TRUE,FALSE,TRUE,FALSE,FALSE
HNSCC25_P22_F10_S358_comb,0,0.63413,0.13488,8.0296,0,0,0,Lymph node,Fibroblast,Fibroblast,25,FALSE,TRUE,TRUE,TRUE,FALSE,FALSE
HNSCC25_P22_A08_S296_comb,5.2914,0,0.10299,6.3879,0,0,0,Lymph node,Fibroblast,Fibroblast,25,TRUE,FALSE,TRUE,TRUE,FALSE,FALSE
HNSCC25_P22_E08_S344_comb,3.516,4.4688,5.6735,7.6297,12.376,1.5165,1,Lymph node,0,Cancer cells,25,TRUE,TRUE,TRUE,TRUE,TRUE,TRUE
HNSCC25_P3_B07_S115_comb,3.8225,0,0,6.6422,11.165,5.2868,1,Primary,0,Cancer cells,25,TRUE,FALSE,FALSE,TRUE,TRUE,TRUE
HNSCC25_P22_C03_S315_comb,0,0,0.15186,6.2098,0,0,0,Lymph node,B cell,B cell,25,FALSE,FALSE,TRUE,TRUE,FALSE,FALSE
HNSCC25_P3_H10_S190_comb,0,0,0,0,9.1281,1.3846,0,Primary,0,0,25,FALSE,FALSE,FALSE,FALSE,TRUE,TRUE
HNSCC25_P22_C09_S321_comb,3.3489,5.6333,6.7716,6.1378,11.277,5.7339,1,Lymph node,0,Cancer cells,25,TRUE,TRUE,TRUE,TRUE,TRUE,TRUE
HNSCC25_P22_H07_S379_comb,0,0,0,7.2836,0,0,0,Lymph node,B cell,B cell,25,FALSE,FALSE,FALSE,TRUE,FALSE,FALSE
HNSCC25_P22_G10_S370_comb,0,0,0,5.5756,0.49978,0.28214,0,Lymph node,B cell,B cell,25,FALSE,FALSE,FALSE,TRUE,TRUE,TRUE
HNSCC25_P22_D04_S328_comb,1.5049,0,0,7.8468,0,0,0,Lymph node,Fibroblast,Fibroblast,25,TRUE,FALSE,FALSE,TRUE,FALSE,FALSE
HNSCC25_P3_G06_S174_comb,0,0,0,0.73379,0,0,0,Primary,myocyte,myocyte,25,FALSE,FALSE,FALSE,TRUE,FALSE,FALSE
HNSCC25_P3_E07_S151_comb,0,5.4143,2.5996,5.8834,11.63,8.5875,1,Primary,0,Cancer cells,25,FALSE,TRUE,TRUE,TRUE,TRUE,TRUE
HNSCC25_P3_C11_S131_comb,0,0,0,10.421,0,0,0,Primary,Dendritic,Dendritic,25,FALSE,FALSE,FALSE,TRUE,FALSE,FALSE
HNSCC25_P3_E05_S149_comb,5.1829,0,5.0446,7.6294,11.935,7.9348,1,Primary,0,Cancer cells,25,TRUE,FALSE,TRUE,TRUE,TRUE,TRUE
HNSCC25_P22_E10_S346_comb,0.49978,4.9699,0,9.7191,0.15834,0,0,Lymph node,Fibroblast,Fibroblast,25,TRUE,TRUE,FALSE,TRUE,TRUE,FALSE
HNSCC25_P3_C05_S125_comb,0,0,0,9.1778,0,0,0,Primary,Fibroblast,Fibroblast,25,FALSE,FALSE,FALSE,TRUE,FALSE,FALSE
HNSCC25_P3_F05_S161_comb,0,0,0,7.537,0,0,0,Primary,T cell,T cell,25,FALSE,FALSE,FALSE,TRUE,FALSE,FALSE
HNSCC25_P22_H03_S375_comb,0,0,0,8.0898,0,0,0,Lymph node,Fibroblast,Fibroblast,25,FALSE,FALSE,FALSE,TRUE,FALSE,FALSE
HNSCC25_P3_B01_S109_comb,3.8794,2.7011,2.189,4.2584,12.954,11.724,1,Primary,0,Cancer cells,25,TRUE,TRUE,TRUE,TRUE,TRUE,TRUE
HNSCC25_P3_A06_S102_comb,0,0,0,10.025,0,0,0,Primary,Mast,Mast,25,FALSE,FALSE,FALSE,TRUE,FALSE,FALSE
HNSCC25_P22_G02_S362_comb,4.6849,2.1057,5.0666,7.1229,12.292,9.0125,1,Lymph node,0,Cancer cells,25,TRUE,TRUE,TRUE,TRUE,TRUE,TRUE
HNSCC25_P3_A11_S107_comb,1.8379,6.133,0.48852,9.2153,0,0,0,Primary,Fibroblast,Fibroblast,25,TRUE,TRUE,TRUE,TRUE,FALSE,FALSE
HNSCC25_P3_A09_S105_comb,0,4.8681,0,3.2878,12.192,12.581,1,Primary,0,Cancer cells,25,FALSE,TRUE,FALSE,TRUE,TRUE,TRUE
HNSCC25_P3_F08_S164_comb,0.54794,0,4.4025,0,11.505,8.3502,1,Primary,0,Cancer cells,25,TRUE,FALSE,TRUE,FALSE,TRUE,TRUE
HNSCC25_P22_H09_S381_comb,0,0,0,9.1225,0,0,0,Lymph node,Fibroblast,Fibroblast,25,FALSE,FALSE,FALSE,TRUE,FALSE,FALSE
HNSCC25_P22_G04_S364_comb,3.1617,7.6526,7.7501,8.1613,13.063,10.594,1,Lymph node,0,Cancer cells,25,TRUE,TRUE,TRUE,TRUE,TRUE,TRUE
HNSCC25_P22_H06_S378_comb,0,0,0,10.092,0,0,0,Lymph node,Fibroblast,Fibroblast,25,FALSE,FALSE,FALSE,TRUE,FALSE,FALSE
HNSCC25_P3_D11_S143_comb,5.548,0,0.12565,9.2728,0,0,0,Primary,Fibroblast,Fibroblast,25,TRUE,FALSE,TRUE,TRUE,FALSE,FALSE
HNSCC25_P3_B06_S114_comb,0,0,0,8.9377,0,0,0,Primary,Fibroblast,Fibroblast,25,FALSE,FALSE,FALSE,TRUE,FALSE,FALSE
HNSCC25_P3_G10_S178_comb,5.8516,3.1905,0.46258,8.125,10.379,6.0019,1,Primary,0,Cancer cells,25,TRUE,TRUE,TRUE,TRUE,TRUE,TRUE
HNSCC25_P3_H07_S187_comb,0,5.0331,2.1979,7.1297,12.338,5.5456,1,Primary,0,Cancer cells,25,FALSE,TRUE,TRUE,TRUE,TRUE,TRUE
HNSCC25_P3_A07_S103_comb,3.3327,2.9946,0.90381,3.0825,11.412,6.5252,1,Primary,0,Cancer cells,25,TRUE,TRUE,TRUE,TRUE,TRUE,TRUE
HNSCC25_P3_E11_S155_comb,1.4746,4.4339,4.9798,4.8025,12.591,7.6805,1,Primary,0,Cancer cells,25,TRUE,TRUE,TRUE,TRUE,TRUE,TRUE
HNSCC25_P3_C08_S128_comb,0,5.7921,0.14012,8.1754,0,0,0,Primary,Fibroblast,Fibroblast,25,FALSE,TRUE,TRUE,TRUE,FALSE,FALSE
HNSCC25_P22_C04_S316_comb,5.0161,2.6839,4.417,1.9978,11.632,3.5747,1,Lymph node,0,Cancer cells,25,TRUE,TRUE,TRUE,TRUE,TRUE,TRUE
HNSCC25_P3_D02_S134_comb,7.2861,0,0,7.7144,0.77737,0,0,Primary,Fibroblast,Fibroblast,25,TRUE,FALSE,FALSE,TRUE,TRUE,FALSE
HNSCC25_P22_B06_S306_comb,0.64339,0,0,7.7861,0,0.22651,0,Lymph node,Fibroblast,Fibroblast,25,TRUE,FALSE,FALSE,TRUE,FALSE,TRUE
HNSCC25_P3_E06_S150_comb,0.49057,0,0.1137,8.2297,0,0.33342,0,Primary,Fibroblast,Fibroblast,25,TRUE,FALSE,TRUE,TRUE,FALSE,TRUE
HNSCC25_P3_H09_S189_comb,5.6191,1.3556,1.9859,6.7861,10.687,0,1,Primary,0,Cancer cells,25,TRUE,TRUE,TRUE,TRUE,TRUE,FALSE
HNSCC25_P22_F11_S359_comb,0,0,0,8.5572,0,0,0,Lymph node,Fibroblast,Fibroblast,25,FALSE,FALSE,FALSE,TRUE,FALSE,FALSE
HNSCC25_P22_E02_S338_comb,6.1364,0,0.0086303,8.3569,0.42008,0,0,Lymph node,Fibroblast,Fibroblast,25,TRUE,FALSE,TRUE,TRUE,TRUE,FALSE
HNSCC25_P3_B12_S120_comb,3.1938,0,0,0,0,0,0,Primary,myocyte,myocyte,25,TRUE,FALSE,FALSE,FALSE,FALSE,FALSE
HNSCC25_P3_B11_S119_comb,0.61542,0,0,8.8922,0,0,0,Primary,Fibroblast,Fibroblast,25,TRUE,FALSE,FALSE,TRUE,FALSE,FALSE
HNSCC25_P3_D09_S141_comb,0,0,0.18142,7.9086,0,0,0,Primary,Fibroblast,Fibroblast,25,FALSE,FALSE,TRUE,TRUE,FALSE,FALSE
HNSCC25_P3_A02_S98_comb,5.8738,1.0841,5.6304,5.8146,11.992,8.9751,1,Primary,0,Cancer cells,25,TRUE,TRUE,TRUE,TRUE,TRUE,TRUE
HNSCC25_P3_E01_S145_comb,2.3502,0,0,0,12.045,8.2633,1,Primary,0,Cancer cells,25,TRUE,FALSE,FALSE,FALSE,TRUE,TRUE
HNSCC25_P3_A01_S97_comb,3.7394,0,2.5457,0,12.849,5.7485,1,Primary,0,Cancer cells,25,TRUE,FALSE,TRUE,FALSE,TRUE,TRUE
HNSCC25_P3_C07_S127_comb,0,3.585,0,8.82,0,0,0,Primary,Fibroblast,Fibroblast,25,FALSE,TRUE,FALSE,TRUE,FALSE,FALSE
HNSCC25_P3_D10_S142_comb,5.4475,3.8642,0,8.6469,0,0,0,Primary,Fibroblast,Fibroblast,25,TRUE,TRUE,FALSE,TRUE,FALSE,FALSE
HNSCC25_P3_G09_S177_comb,3.4677,4.1972,0.419,4.6527,10.765,9.2958,1,Primary,0,Cancer cells,25,TRUE,TRUE,TRUE,TRUE,TRUE,TRUE
HNSCC25_P3_C09_S129_comb,0,0,0,10.224,0,0,0,Primary,Fibroblast,Fibroblast,25,FALSE,FALSE,FALSE,TRUE,FALSE,FALSE
HNSCC25_P3_B08_S116_comb,3.2672,3.7011,3.8878,7.1665,12.117,6.6333,1,Primary,0,Cancer cells,25,TRUE,TRUE,TRUE,TRUE,TRUE,TRUE
HNSCC25_P22_B02_S302_comb,0,0,0,9.3321,0,0,0,Lymph node,Fibroblast,Fibroblast,25,FALSE,FALSE,FALSE,TRUE,FALSE,FALSE
HNSCC25_P3_H05_S185_comb,4.7059,0,2.7532,8.9691,0.34369,0,0,Primary,Fibroblast,Fibroblast,25,TRUE,FALSE,TRUE,TRUE,TRUE,FALSE
HNSCC25_P22_D12_S336_comb,4.079,3.7649,3.6894,0,12.871,5.6259,1,Lymph node,0,Cancer cells,25,TRUE,TRUE,TRUE,FALSE,TRUE,TRUE
HNSCC25_P3_B09_S117_comb,4.6687,3.5748,4.8954,5.9118,10.673,9.8684,1,Primary,0,Cancer cells,25,TRUE,TRUE,TRUE,TRUE,TRUE,TRUE
HNSCC25_P3_E02_S146_comb,5.06,0.22897,0.11237,9.2099,0,0,0,Primary,Fibroblast,Fibroblast,25,TRUE,TRUE,TRUE,TRUE,FALSE,FALSE
HNSCC25_P3_F02_S158_comb,5.434,1.3471,0.44467,7.8265,11.46,6.1863,1,Primary,0,Cancer cells,25,TRUE,TRUE,TRUE,TRUE,TRUE,TRUE
HNSCC25_P3_G04_S172_comb,0,4.0932,1.2467,5.977,12.724,9.384,1,Primary,0,Cancer cells,25,FALSE,TRUE,TRUE,TRUE,TRUE,TRUE
HNSCC25_P22_E01_S337_comb,0,4.3021,6.289,8.0746,11.83,7.5597,1,Lymph node,0,Cancer cells,25,FALSE,TRUE,TRUE,TRUE,TRUE,TRUE
HNSCC25_P3_D06_S138_comb,2.1444,4.7887,3.8439,3.363,11.684,0.42546,1,Primary,0,Cancer cells,25,TRUE,TRUE,TRUE,TRUE,TRUE,TRUE
HNSCC25_P22_D11_S335_comb,0,0,0,9.54,0,0,0,Lymph node,Fibroblast,Fibroblast,25,FALSE,FALSE,FALSE,TRUE,FALSE,FALSE
HNSCC25_P3_E12_S156_comb,4.2815,4.0682,4.6964,7.1811,12.788,9.2581,1,Primary,0,Cancer cells,25,TRUE,TRUE,TRUE,TRUE,TRUE,TRUE
HNSCC25_P3_H02_S182_comb,2.4597,2.5046,4.0038,3.7339,12.238,5.9889,1,Primary,0,Cancer cells,25,TRUE,TRUE,TRUE,TRUE,TRUE,TRUE
HNSCC25_P3_E09_S153_comb,1.237,6.651,0,10.014,0,0,0,Primary,Fibroblast,Fibroblast,25,TRUE,TRUE,FALSE,TRUE,FALSE,FALSE
HNSCC25_P3_F04_S160_comb,0,0,0,0.22651,0.29983,0,0,Primary,myocyte,myocyte,25,FALSE,FALSE,FALSE,TRUE,TRUE,FALSE
HNSCC25_P22_B01_S301_comb,0,0,0.053806,7.6792,0,0,0,Lymph node,Fibroblast,Fibroblast,25,FALSE,FALSE,TRUE,TRUE,FALSE,FALSE
HNSCC25_P3_D01_S133_comb,0,5.4912,0,10.073,0.45733,0,0,Primary,Fibroblast,Fibroblast,25,FALSE,TRUE,FALSE,TRUE,TRUE,FALSE
HNSCC25_P22_G09_S369_comb,4.9433,0,0.053806,8.0506,0,0.68437,0,Lymph node,Fibroblast,Fibroblast,25,TRUE,FALSE,TRUE,TRUE,FALSE,TRUE
HNSCC25_P3_A03_S99_comb,5.1541,0,0,8.3164,0,0,0,Primary,Fibroblast,Fibroblast,25,TRUE,FALSE,FALSE,TRUE,FALSE,FALSE
HNSCC25_P3_A04_S100_comb,0,0,0,5.0515,0,0,0,Primary,myocyte,myocyte,25,FALSE,FALSE,FALSE,TRUE,FALSE,FALSE
HNSCC25_P3_F12_S168_comb,0,0,0,9.1765,0,0,0,Primary,Mast,Mast,25,FALSE,FALSE,FALSE,TRUE,FALSE,FALSE
HNSCC25_P22_B12_S312_comb,0,3.2502,0.15704,10.019,0.12168,0,0,Lymph node,Fibroblast,Fibroblast,25,FALSE,TRUE,TRUE,TRUE,TRUE,FALSE
HNSCC25_P3_F10_S166_comb,4.9542,0,4.3782,4.7285,11.907,0.23143,1,Primary,0,Cancer cells,25,TRUE,FALSE,TRUE,TRUE,TRUE,TRUE
HNSCC28_P2_A12_S12_comb,0,0,0,0.83835,0.23756,0,0,Primary,myocyte,myocyte,28,FALSE,FALSE,FALSE,TRUE,TRUE,FALSE
HNSCC28_P2_A09_S9_comb,3.1835,0,0,8.4043,0,0,0,Primary,Fibroblast,Fibroblast,28,TRUE,FALSE,FALSE,TRUE,FALSE,FALSE
HNSCC28_P12_G09_S273_comb,0,0.15316,0.073135,7.7368,0.5656,0.2228,0,Lymph node,Fibroblast,Fibroblast,28,FALSE,TRUE,TRUE,TRUE,TRUE,TRUE
HNSCC28_P12_H02_S278_comb,3.1595,0,4.2901,0,11.732,8.5662,1,Lymph node,0,Cancer cells,28,TRUE,FALSE,TRUE,FALSE,TRUE,TRUE
HNSCC28_P2_C06_S30_comb,0,0,0,9.3087,0,0,0,Primary,Fibroblast,Fibroblast,28,FALSE,FALSE,FALSE,TRUE,FALSE,FALSE
HNSCC28_P1_G09_S81_comb,0,0,0.18269,8.461,0,0,0,Primary,Fibroblast,Fibroblast,28,FALSE,FALSE,TRUE,TRUE,FALSE,FALSE
HNSCC28_P2_H06_S90_comb,6.0537,0,0,8.2527,0,0,0,Primary,Fibroblast,Fibroblast,28,TRUE,FALSE,FALSE,TRUE,FALSE,FALSE
HNSCC28_P1_E11_S59_comb,0,0,0,8.2339,1.984,0,0,Primary,Fibroblast,Fibroblast,28,FALSE,FALSE,FALSE,TRUE,TRUE,FALSE
HNSCC28_P13_C08_S224_comb,4.9156,1.7407,0,9.9334,0,0,0,Lymph node,Fibroblast,Fibroblast,28,TRUE,TRUE,FALSE,TRUE,FALSE,FALSE
HNSCC28_P1_D11_S47_comb,0,0,0,8.8509,2.0607,0,0,Primary,Fibroblast,Fibroblast,28,FALSE,FALSE,FALSE,TRUE,TRUE,FALSE
HNSCC28_P12_B07_S211_comb,0,7.0824,0,8.5995,0,0,0,Lymph node,Fibroblast,Fibroblast,28,FALSE,TRUE,FALSE,TRUE,FALSE,FALSE
HNSCC28_P1_F01_S61_comb,0,0,0,7.052,0,0.4678,0,Primary,Fibroblast,Fibroblast,28,FALSE,FALSE,FALSE,TRUE,FALSE,TRUE
HNSCC28_P1_G12_S84_comb,0.48336,0,0,10.01,0,0,0,Primary,Fibroblast,Fibroblast,28,TRUE,FALSE,FALSE,TRUE,FALSE,FALSE
HNSCC28_P2_E11_S59_comb,0,0,0,9.8467,0,0,0,Primary,Fibroblast,Fibroblast,28,FALSE,FALSE,FALSE,TRUE,FALSE,FALSE
HNSCC28_P1_D01_S37_comb,6.604,6.1743,0.27381,8.9208,0,0,0,Primary,Fibroblast,Fibroblast,28,TRUE,TRUE,TRUE,TRUE,FALSE,FALSE
HNSCC28_P13_H11_S287_comb,3.4217,0,0,0,12.084,9.0521,1,Lymph node,0,Cancer cells,28,TRUE,FALSE,FALSE,FALSE,TRUE,TRUE
HNSCC28_P2_H01_S85_comb,0,0,0,8.9886,0,0,0,Primary,Fibroblast,Fibroblast,28,FALSE,FALSE,FALSE,TRUE,FALSE,FALSE
HNSCC28_P12_G03_S267_comb,0,0,0,9.6527,0.46048,0.25942,0,Lymph node,Fibroblast,Fibroblast,28,FALSE,FALSE,FALSE,TRUE,TRUE,TRUE
HNSCC28_P1_B09_S21_comb,0,0,0,0,0,0,0,Primary,Fibroblast,Fibroblast,28,FALSE,FALSE,FALSE,FALSE,FALSE,FALSE
HNSCC28_P1_G05_S77_comb,2.6958,0,3.2024,0,11.723,10.602,1,Primary,0,Cancer cells,28,TRUE,FALSE,TRUE,FALSE,TRUE,TRUE
HNSCC28_P13_A05_S197_comb,0,0,0,9.2445,0,0,0,Lymph node,Fibroblast,Fibroblast,28,FALSE,FALSE,FALSE,TRUE,FALSE,FALSE
HNSCC28_P1_G10_S82_comb,3.4084,4.4035,0,9.1465,0,0,0,Primary,0,0,28,TRUE,TRUE,FALSE,TRUE,FALSE,FALSE
HNSCC28_P12_B06_S210_comb,0,0,5.1066,0,11.639,8.7883,0,Lymph node,0,0,28,FALSE,FALSE,TRUE,FALSE,TRUE,TRUE
HNSCC28_P1_B04_S16_comb,4.7167,0,0,9.048,0.40163,0,0,Primary,Fibroblast,Fibroblast,28,TRUE,FALSE,FALSE,TRUE,TRUE,FALSE
HNSCC28_P12_C02_S218_comb,1.937,2.1502,4.5473,0,11.477,6.3713,1,Lymph node,0,Cancer cells,28,TRUE,TRUE,TRUE,FALSE,TRUE,TRUE
HNSCC28_P12_E02_S242_comb,3.6608,0,0,0,12.502,8.9227,1,Lymph node,0,Cancer cells,28,TRUE,FALSE,FALSE,FALSE,TRUE,TRUE
HNSCC28_P13_H02_S278_comb,3.2585,0.090853,4.0413,0,11.345,10.534,1,Lymph node,0,Cancer cells,28,TRUE,TRUE,TRUE,FALSE,TRUE,TRUE
HNSCC28_P13_G05_S269_comb,4.4251,4.7959,4.5525,9.6694,0,0,0,Lymph node,Endothelial,Endothelial,28,TRUE,TRUE,TRUE,TRUE,FALSE,FALSE
HNSCC28_P12_H07_S283_comb,0,0,0.14143,7.1121,0,0,0,Lymph node,B cell,B cell,28,FALSE,FALSE,TRUE,TRUE,FALSE,FALSE
HNSCC28_P1_H04_S88_comb,2.6422,0,0,8.2104,0,0,0,Primary,Fibroblast,Fibroblast,28,TRUE,FALSE,FALSE,TRUE,FALSE,FALSE
HNSCC28_P12_E01_S241_comb,0,0,0.27501,8.2473,0.27977,0,0,Lymph node,Fibroblast,Fibroblast,28,FALSE,FALSE,TRUE,TRUE,TRUE,FALSE
HNSCC28_P1_F12_S72_comb,4.5118,0,0,7.617,0,0,0,Primary,Fibroblast,Fibroblast,28,TRUE,FALSE,FALSE,TRUE,FALSE,FALSE
HNSCC28_P1_E02_S50_comb,0,2.3331,0,6.9239,0,0,0,Primary,Fibroblast,Fibroblast,28,FALSE,TRUE,FALSE,TRUE,FALSE,FALSE
HNSCC28_P2_H05_S89_comb,4.743,5.6455,0.12035,7.9144,0,0,0,Primary,Fibroblast,Fibroblast,28,TRUE,TRUE,TRUE,TRUE,FALSE,FALSE
HNSCC28_P2_G10_S82_comb,4.5991,0,0,9.6762,0,0,0,Primary,Fibroblast,Fibroblast,28,TRUE,FALSE,FALSE,TRUE,FALSE,FALSE
HNSCC28_P13_H07_S283_comb,3.5619,0,6.2344,0,12.463,10.012,1,Lymph node,0,Cancer cells,28,TRUE,FALSE,TRUE,FALSE,TRUE,TRUE
HNSCC28_P2_A04_S4_comb,0,0,0.1003,9.8132,0,0,0,Primary,Fibroblast,Fibroblast,28,FALSE,FALSE,TRUE,TRUE,FALSE,FALSE
HNSCC28_P1_E05_S53_comb,0,0,0,7.8253,0,0,0,Primary,Fibroblast,Fibroblast,28,FALSE,FALSE,FALSE,TRUE,FALSE,FALSE
HNSCC28_P13_F08_S260_comb,5.4052,5.9536,0.048236,7.3687,0,0,0,Lymph node,Fibroblast,Fibroblast,28,TRUE,TRUE,TRUE,TRUE,FALSE,FALSE
HNSCC28_P13_C04_S220_comb,2.5388,0,2.7519,0,11.255,4.0473,1,Lymph node,0,Cancer cells,28,TRUE,FALSE,TRUE,FALSE,TRUE,TRUE
HNSCC28_P1_H11_S95_comb,0,0,6.6665,9.0077,0,0,0,Primary,Fibroblast,Fibroblast,28,FALSE,FALSE,TRUE,TRUE,FALSE,FALSE
HNSCC28_P2_E12_S60_comb,4.0201,0,4.0384,0,12.471,8.3623,1,Primary,0,Cancer cells,28,TRUE,FALSE,TRUE,FALSE,TRUE,TRUE
HNSCC28_P1_G03_S75_comb,0,0,0,7.9714,0.54003,0,0,Primary,Endothelial,Endothelial,28,FALSE,FALSE,FALSE,TRUE,TRUE,FALSE
HNSCC28_P12_A08_S200_comb,0,0,0.2302,9.5506,0,0,0,Lymph node,Fibroblast,Fibroblast,28,FALSE,FALSE,TRUE,TRUE,FALSE,FALSE
HNSCC28_P2_F09_S69_comb,3.7297,0.81885,6.1879,2.7398,11.758,9.5092,1,Primary,0,Cancer cells,28,TRUE,TRUE,TRUE,TRUE,TRUE,TRUE
HNSCC28_P12_G08_S272_comb,1.6973,0,0,8.6419,0.27143,0,0,Lymph node,Fibroblast,Fibroblast,28,TRUE,FALSE,FALSE,TRUE,TRUE,FALSE
HNSCC28_P2_F08_S68_comb,0,0,0,8.5092,0,0,0,Primary,Fibroblast,Fibroblast,28,FALSE,FALSE,FALSE,TRUE,FALSE,FALSE
HNSCC28_P1_A09_S9_comb,1.6731,1.6178,6.5824,0,12.425,11.93,1,Primary,0,Cancer cells,28,TRUE,TRUE,TRUE,FALSE,TRUE,TRUE
HNSCC28_P1_A08_S8_comb,4.217,6.0565,0.092207,8.7143,0.26664,0.27739,0,Primary,Endothelial,Endothelial,28,TRUE,TRUE,TRUE,TRUE,TRUE,TRUE
HNSCC28_P2_H02_S86_comb,0,0,0,10.644,0,0,0,Primary,Fibroblast,Fibroblast,28,FALSE,FALSE,FALSE,TRUE,FALSE,FALSE
HNSCC28_P1_B10_S22_comb,0,0,0,9.4528,0,0,0,Primary,Fibroblast,Fibroblast,28,FALSE,FALSE,FALSE,TRUE,FALSE,FALSE
HNSCC28_P12_B09_S213_comb,2.5673,0,2.0824,0,12.112,6.9336,1,Lymph node,0,Cancer cells,28,TRUE,FALSE,TRUE,FALSE,TRUE,TRUE
HNSCC28_P1_F02_S62_comb,0,0,0,1.5281,0,0.73379,0,Primary,Fibroblast,Fibroblast,28,FALSE,FALSE,FALSE,TRUE,FALSE,TRUE
HNSCC28_P13_F05_S257_comb,0.30334,4.8843,0,8.6373,0,0,0,Lymph node,Fibroblast,Fibroblast,28,TRUE,TRUE,FALSE,TRUE,FALSE,FALSE
HNSCC28_P2_E03_S51_comb,4.7975,1.6645,0,7.3344,0,0,0,Primary,Fibroblast,Fibroblast,28,TRUE,TRUE,FALSE,TRUE,FALSE,FALSE
HNSCC28_P1_H01_S85_comb,0,0,0,9.9411,0.2762,0,0,Primary,Fibroblast,Fibroblast,28,FALSE,FALSE,FALSE,TRUE,TRUE,FALSE
HNSCC28_P2_E02_S50_comb,0,0,0,9.2206,0,0,0,Primary,Fibroblast,Fibroblast,28,FALSE,FALSE,FALSE,TRUE,FALSE,FALSE
HNSCC28_P13_C02_S218_comb,4.7917,2.079,4.1441,0,11.445,9.4838,1,Lymph node,0,Cancer cells,28,TRUE,TRUE,TRUE,FALSE,TRUE,TRUE
HNSCC28_P13_F04_S256_comb,0,0,3.2259,8.7426,0.17632,0.18523,0,Lymph node,Fibroblast,Fibroblast,28,FALSE,FALSE,TRUE,TRUE,TRUE,TRUE
HNSCC28_P12_E07_S247_comb,2.4407,3.8945,5.7606,0,11.746,9.9598,1,Lymph node,0,Cancer cells,28,TRUE,TRUE,TRUE,FALSE,TRUE,TRUE
HNSCC28_P13_F02_S254_comb,4.7928,2.498,6.3989,0.18015,11.677,9.6682,1,Lymph node,0,Cancer cells,28,TRUE,TRUE,TRUE,TRUE,TRUE,TRUE
HNSCC28_P1_B01_S13_comb,6.5132,0,0,8.3214,0,0,0,Primary,Fibroblast,Fibroblast,28,TRUE,FALSE,FALSE,TRUE,FALSE,FALSE
HNSCC28_P1_C08_S32_comb,0,0,0.08134,8.5694,0,0,0,Primary,Fibroblast,Fibroblast,28,FALSE,FALSE,TRUE,TRUE,FALSE,FALSE
HNSCC28_P1_D05_S41_comb,0.85997,0,0,9.759,0.92524,0.30334,0,Primary,Fibroblast,Fibroblast,28,TRUE,FALSE,FALSE,TRUE,TRUE,TRUE
HNSCC28_P12_B05_S209_comb,0,0,0,8.9917,0,0,0,Lymph node,B cell,B cell,28,FALSE,FALSE,FALSE,TRUE,FALSE,FALSE
HNSCC28_P2_B12_S24_comb,3.4852,0,0,0,12.226,11.201,1,Primary,0,Cancer cells,28,TRUE,FALSE,FALSE,FALSE,TRUE,TRUE
HNSCC28_P2_G04_S76_comb,5.2938,0,0.16736,0,12.533,8.5145,0,Primary,0,0,28,TRUE,FALSE,TRUE,FALSE,TRUE,TRUE
HNSCC28_P13_G07_S271_comb,2.5492,0,4.5881,0,11.704,8.4889,1,Lymph node,0,Cancer cells,28,TRUE,FALSE,TRUE,FALSE,TRUE,TRUE
HNSCC28_P12_G04_S268_comb,4.5849,0,0,9.6862,0.24123,0,0,Lymph node,Fibroblast,Fibroblast,28,TRUE,FALSE,FALSE,TRUE,TRUE,FALSE
HNSCC28_P12_A02_S194_comb,3.3283,2.6998,3.7713,0.2762,11.874,7.813,1,Lymph node,0,Cancer cells,28,TRUE,TRUE,TRUE,TRUE,TRUE,TRUE
HNSCC28_P2_E08_S56_comb,0,0,0,8.8906,0,0,0,Primary,Fibroblast,Fibroblast,28,FALSE,FALSE,FALSE,TRUE,FALSE,FALSE
HNSCC28_P2_G09_S81_comb,0,0,0,9.6831,0,0,0,Primary,Fibroblast,Fibroblast,28,FALSE,FALSE,FALSE,TRUE,FALSE,FALSE
HNSCC28_P13_D06_S234_comb,0,0.071763,6.9819,0,12.123,11.16,1,Lymph node,0,Cancer cells,28,FALSE,TRUE,TRUE,FALSE,TRUE,TRUE
HNSCC28_P2_C11_S35_comb,5.6099,0,0.12035,9.3911,0,0,0,Primary,Fibroblast,Fibroblast,28,TRUE,FALSE,TRUE,TRUE,FALSE,FALSE
HNSCC28_P12_B12_S216_comb,0,0,0,7.2999,0,0,0,Lymph node,Fibroblast,Fibroblast,28,FALSE,FALSE,FALSE,TRUE,FALSE,FALSE
HNSCC28_P13_H12_S288_comb,0,0,0,8.9816,0,0,0,Lymph node,T cell,T cell,28,FALSE,FALSE,FALSE,TRUE,FALSE,FALSE
HNSCC28_P13_E01_S241_comb,6.0179,6.0938,0,7.1532,0,0,0,Lymph node,Fibroblast,Fibroblast,28,TRUE,TRUE,FALSE,TRUE,FALSE,FALSE
HNSCC28_P1_F03_S63_comb,5.8979,0,0,8.6682,0,0,0,Primary,Fibroblast,Fibroblast,28,TRUE,FALSE,FALSE,TRUE,FALSE,FALSE
HNSCC28_P1_C09_S33_comb,5.2622,0,0,8.6224,0,0,0,Primary,Fibroblast,Fibroblast,28,TRUE,FALSE,FALSE,TRUE,FALSE,FALSE
HNSCC28_P12_E08_S248_comb,0,0,3.6681,0,11.368,9.8031,1,Lymph node,0,Cancer cells,28,FALSE,FALSE,TRUE,FALSE,TRUE,TRUE
HNSCC28_P13_G09_S273_comb,2.6586,2.4785,4.2588,0,11.935,6.1505,1,Lymph node,0,Cancer cells,28,TRUE,TRUE,TRUE,FALSE,TRUE,TRUE
HNSCC28_P2_G06_S78_comb,0.65535,2.5079,0,10.708,0,0,0,Primary,Fibroblast,Fibroblast,28,TRUE,TRUE,FALSE,TRUE,FALSE,FALSE
HNSCC28_P13_F06_S258_comb,0,0,0,8.7718,1.334,0.60502,0,Lymph node,B cell,B cell,28,FALSE,FALSE,FALSE,TRUE,TRUE,TRUE
HNSCC28_P2_B06_S18_comb,0,0,0,7.9254,0,0,0,Primary,Fibroblast,Fibroblast,28,FALSE,FALSE,FALSE,TRUE,FALSE,FALSE
HNSCC28_P2_H09_S93_comb,4.0028,0,0,0,12.342,5.4885,1,Primary,0,Cancer cells,28,TRUE,FALSE,FALSE,FALSE,TRUE,TRUE
HNSCC28_P12_C10_S226_comb,0,0,0.12168,9.5677,0.34142,0,0,Lymph node,Endothelial,Endothelial,28,FALSE,FALSE,TRUE,TRUE,TRUE,FALSE
HNSCC28_P1_B12_S24_comb,0,0,0.18396,9.2381,0,0,0,Primary,Endothelial,Endothelial,28,FALSE,FALSE,TRUE,TRUE,FALSE,FALSE
HNSCC28_P12_C08_S224_comb,0,4.0404,7.6233,0,12.387,10.318,1,Lymph node,0,Cancer cells,28,FALSE,TRUE,TRUE,FALSE,TRUE,TRUE
HNSCC28_P13_G02_S266_comb,2.4701,0,6.5109,0,12.356,9.908,1,Lymph node,0,Cancer cells,28,TRUE,FALSE,TRUE,FALSE,TRUE,TRUE
HNSCC28_P12_B02_S206_comb,3.1693,0,4.0591,0,12.04,8.9149,1,Lymph node,0,Cancer cells,28,TRUE,FALSE,TRUE,FALSE,TRUE,TRUE
HNSCC28_P2_B10_S22_comb,5.4347,0,0,9.2015,0,0,0,Primary,Fibroblast,Fibroblast,28,TRUE,FALSE,FALSE,TRUE,FALSE,FALSE
HNSCC28_P13_B12_S216_comb,3.2428,1.5898,6.1433,0,11.584,9.5608,1,Lymph node,0,Cancer cells,28,TRUE,TRUE,TRUE,FALSE,TRUE,TRUE
HNSCC28_P13_D10_S238_comb,0,0,0,8.8356,0,0,0,Lymph node,B cell,B cell,28,FALSE,FALSE,FALSE,TRUE,FALSE,FALSE
HNSCC28_P12_B10_S214_comb,0,0,0,9.9483,0,0,0,Lymph node,Fibroblast,Fibroblast,28,FALSE,FALSE,FALSE,TRUE,FALSE,FALSE
HNSCC28_P12_E05_S245_comb,5.6292,0,0,9.3088,0.95308,0,0,Lymph node,Fibroblast,Fibroblast,28,TRUE,FALSE,FALSE,TRUE,TRUE,FALSE
HNSCC28_P12_C07_S223_comb,3.4603,2.8325,5.5418,1.9734,11.406,8.1441,1,Lymph node,0,Cancer cells,28,TRUE,TRUE,TRUE,TRUE,TRUE,TRUE
HNSCC28_P2_A01_S1_comb,0,0,0,10.015,0,0,0,Primary,Fibroblast,Fibroblast,28,FALSE,FALSE,FALSE,TRUE,FALSE,FALSE
HNSCC28_P13_D11_S239_comb,0,0,0,0,1.3403,0,0,Lymph node,B cell,B cell,28,FALSE,FALSE,FALSE,FALSE,TRUE,FALSE
HNSCC28_P13_G03_S267_comb,0,0,0,9.2451,0,0,0,Lymph node,Fibroblast,Fibroblast,28,FALSE,FALSE,FALSE,TRUE,FALSE,FALSE
HNSCC28_P1_A05_S5_comb,4.6359,2.8113,0,8.4128,0,0,0,Primary,Endothelial,Endothelial,28,TRUE,TRUE,FALSE,TRUE,FALSE,FALSE
HNSCC28_P13_A07_S199_comb,1.3039,0,6.3081,0,12.342,9.6631,1,Lymph node,0,Cancer cells,28,TRUE,FALSE,TRUE,FALSE,TRUE,TRUE
HNSCC28_P12_B08_S212_comb,4.7682,0,1.9467,0,11.5,6.1099,1,Lymph node,0,Cancer cells,28,TRUE,FALSE,TRUE,FALSE,TRUE,TRUE
HNSCC28_P13_D02_S230_comb,0,0,0,8.671,2.0339,0.85439,0,Lymph node,T cell,T cell,28,FALSE,FALSE,FALSE,TRUE,TRUE,TRUE
HNSCC28_P13_E08_S248_comb,4.2874,0,0,9.1848,0,0,0,Lymph node,Fibroblast,Fibroblast,28,TRUE,FALSE,FALSE,TRUE,FALSE,FALSE
HNSCC28_P13_E12_S252_comb,0,0.15575,0,9.192,1.9767,0.42868,0,Lymph node,Fibroblast,Fibroblast,28,FALSE,TRUE,FALSE,TRUE,TRUE,TRUE
HNSCC28_P12_H09_S285_comb,5.1288,0.69421,0,9.1775,0,0,0,Lymph node,Fibroblast,Fibroblast,28,TRUE,TRUE,FALSE,TRUE,FALSE,FALSE
HNSCC28_P13_H03_S279_comb,4.8808,0,0.075875,9.7432,0.22157,0,0,Lymph node,Fibroblast,Fibroblast,28,TRUE,FALSE,TRUE,TRUE,TRUE,FALSE
HNSCC28_P1_E10_S58_comb,0,0,0.11503,0,0,0,0,Primary,Fibroblast,Fibroblast,28,FALSE,FALSE,TRUE,FALSE,FALSE,FALSE
HNSCC28_P1_G02_S74_comb,0,0,0,8.0089,0,0,0,Primary,Fibroblast,Fibroblast,28,FALSE,FALSE,FALSE,TRUE,FALSE,FALSE
HNSCC28_P2_F06_S66_comb,0,0,0,8.7904,0.66539,0,0,Primary,Fibroblast,Fibroblast,28,FALSE,FALSE,FALSE,TRUE,TRUE,FALSE
HNSCC28_P12_H10_S286_comb,0,0,0,8.846,0.31846,0,0,Lymph node,Fibroblast,Fibroblast,28,FALSE,FALSE,FALSE,TRUE,TRUE,FALSE
HNSCC28_P1_D09_S45_comb,0.80735,0,0,8.4384,0.29866,0,0,Primary,Fibroblast,Fibroblast,28,TRUE,FALSE,FALSE,TRUE,TRUE,FALSE
HNSCC28_P12_B11_S215_comb,0,0,0,0,1.7828,0.7891,0,Lymph node,Fibroblast,Fibroblast,28,FALSE,FALSE,FALSE,FALSE,TRUE,TRUE
HNSCC28_P12_G07_S271_comb,0,0,0,6.3637,0,0,0,Lymph node,B cell,B cell,28,FALSE,FALSE,FALSE,TRUE,FALSE,FALSE
HNSCC28_P12_G02_S266_comb,5.5646,7.3773,0,10.518,1.6699,0,0,Lymph node,Fibroblast,Fibroblast,28,TRUE,TRUE,FALSE,TRUE,TRUE,FALSE
HNSCC28_P2_E07_S55_comb,4.2388,0,0,9.1972,0,0,0,Primary,Fibroblast,Fibroblast,28,TRUE,FALSE,FALSE,TRUE,FALSE,FALSE
HNSCC28_P13_E10_S250_comb,1.5084,0,1.4818,7.4842,8.1069,3.5554,0,Lymph node,0,0,28,TRUE,FALSE,TRUE,TRUE,TRUE,TRUE
HNSCC28_P13_F12_S264_comb,4.7871,0,0,10.22,0,0,0,Lymph node,Endothelial,Endothelial,28,TRUE,FALSE,FALSE,TRUE,FALSE,FALSE
HNSCC28_P13_D09_S237_comb,0,0,0,9.5442,0,0,0,Lymph node,Fibroblast,Fibroblast,28,FALSE,FALSE,FALSE,TRUE,FALSE,FALSE
HNSCC28_P13_D12_S240_comb,0,0,0,0.50792,0,0,0,Lymph node,B cell,B cell,28,FALSE,FALSE,FALSE,TRUE,FALSE,FALSE
HNSCC28_P12_A11_S203_comb,1.3561,2.224,7.913,0,11.308,11.276,1,Lymph node,0,Cancer cells,28,TRUE,TRUE,TRUE,FALSE,TRUE,TRUE
HNSCC28_P2_A02_S2_comb,2.461,0.37851,1.1789,0,12.566,5.8004,1,Primary,0,Cancer cells,28,TRUE,TRUE,TRUE,FALSE,TRUE,TRUE
HNSCC28_P2_G01_S73_comb,0,5.5152,0,10.397,0,0,0,Primary,Fibroblast,Fibroblast,28,FALSE,TRUE,FALSE,TRUE,FALSE,FALSE
HNSCC28_P12_D01_S229_comb,1.334,5.1585,0,10.07,0,0,0,Lymph node,Fibroblast,Fibroblast,28,TRUE,TRUE,FALSE,TRUE,FALSE,FALSE
HNSCC28_P1_D04_S40_comb,3.7639,0,0,0,12.239,9.3724,1,Primary,0,Cancer cells,28,TRUE,FALSE,FALSE,FALSE,TRUE,TRUE
HNSCC28_P2_G07_S79_comb,0,0,0,8.2731,0,0,0,Primary,myocyte,myocyte,28,FALSE,FALSE,FALSE,TRUE,FALSE,FALSE
HNSCC28_P2_F05_S65_comb,0,4.6848,0,8.6634,0,0,0,Primary,Fibroblast,Fibroblast,28,FALSE,TRUE,FALSE,TRUE,FALSE,FALSE
HNSCC28_P2_F03_S63_comb,0,0,0,10.47,0,0,0,Primary,Fibroblast,Fibroblast,28,FALSE,FALSE,FALSE,TRUE,FALSE,FALSE
HNSCC28_P12_A09_S201_comb,5.0898,0,0,9.0282,0.31499,0.32769,0,Lymph node,Fibroblast,Fibroblast,28,TRUE,FALSE,FALSE,TRUE,TRUE,TRUE
HNSCC28_P13_E03_S243_comb,2.5563,0,1.4885,0,12.471,7.6825,1,Lymph node,0,Cancer cells,28,TRUE,FALSE,TRUE,FALSE,TRUE,TRUE
HNSCC28_P13_E04_S244_comb,3.5669,0,2.5398,0,12.192,8.0861,1,Lymph node,0,Cancer cells,28,TRUE,FALSE,TRUE,FALSE,TRUE,TRUE
HNSCC28_P1_A01_S1_comb,6.3651,0,0,9.5867,0,0,0,Primary,Fibroblast,Fibroblast,28,TRUE,FALSE,FALSE,TRUE,FALSE,FALSE
HNSCC28_P13_A01_S193_comb,0,0,0,9.6456,0,0,0,Lymph node,Fibroblast,Fibroblast,28,FALSE,FALSE,FALSE,TRUE,FALSE,FALSE
HNSCC28_P1_H12_S96_comb,0,0,0,8.7131,0.30451,0,0,Primary,Fibroblast,Fibroblast,28,FALSE,FALSE,FALSE,TRUE,TRUE,FALSE
HNSCC28_P1_E08_S56_comb,0,0,0,8.7274,0,0,0,Primary,Fibroblast,Fibroblast,28,FALSE,FALSE,FALSE,TRUE,FALSE,FALSE
HNSCC28_P1_F07_S67_comb,1.782,0,0,10.239,0,0,0,Primary,Fibroblast,Fibroblast,28,TRUE,FALSE,FALSE,TRUE,FALSE,FALSE
HNSCC28_P13_F01_S253_comb,3.1779,0,0,0,11.901,6.3002,1,Lymph node,0,Cancer cells,28,TRUE,FALSE,FALSE,FALSE,TRUE,TRUE
HNSCC28_P13_E06_S246_comb,3.0188,0,5.6362,0.35952,11.932,9.7376,1,Lymph node,0,Cancer cells,28,TRUE,FALSE,TRUE,TRUE,TRUE,TRUE
HNSCC28_P1_F11_S71_comb,0,0,0,4.6771,0.4916,0,0,Primary,Fibroblast,Fibroblast,28,FALSE,FALSE,FALSE,TRUE,TRUE,FALSE
HNSCC28_P2_H03_S87_comb,0,0,0,9.2366,0,0,0,Primary,Fibroblast,Fibroblast,28,FALSE,FALSE,FALSE,TRUE,FALSE,FALSE
HNSCC28_P1_F10_S70_comb,0,0,0,7.3102,0.50284,0,0,Primary,Fibroblast,Fibroblast,28,FALSE,FALSE,FALSE,TRUE,TRUE,FALSE
HNSCC28_P12_C09_S225_comb,0,0,0.12565,8.0379,0,0,0,Lymph node,Fibroblast,Fibroblast,28,FALSE,FALSE,TRUE,TRUE,FALSE,FALSE
HNSCC28_P2_D12_S48_comb,0,0,0,7.564,0,0,0,Primary,Fibroblast,Fibroblast,28,FALSE,FALSE,FALSE,TRUE,FALSE,FALSE
HNSCC28_P12_D07_S235_comb,3.1928,2.6695,6.3202,0,12.019,10.928,1,Lymph node,0,Cancer cells,28,TRUE,TRUE,TRUE,FALSE,TRUE,TRUE
HNSCC28_P13_A12_S204_comb,0,0,0,9.2977,0,0,0,Lymph node,Fibroblast,Fibroblast,28,FALSE,FALSE,FALSE,TRUE,FALSE,FALSE
HNSCC28_P12_E03_S243_comb,2.5074,0,0,9.7616,0.25822,0,0,Lymph node,Fibroblast,Fibroblast,28,TRUE,FALSE,FALSE,TRUE,TRUE,FALSE
HNSCC28_P12_A10_S202_comb,3.1583,1.2443,4.7777,0,11.789,6.2699,1,Lymph node,0,Cancer cells,28,TRUE,TRUE,TRUE,FALSE,TRUE,TRUE
HNSCC28_P1_B05_S17_comb,5.4545,0,0,7.6917,0.34142,0,0,Primary,Fibroblast,Fibroblast,28,TRUE,FALSE,FALSE,TRUE,TRUE,FALSE
HNSCC28_P1_D03_S39_comb,6.5394,0,0,7.7222,0.38184,0,0,Primary,Fibroblast,Fibroblast,28,TRUE,FALSE,FALSE,TRUE,TRUE,FALSE
HNSCC28_P1_C05_S29_comb,0,0,0,7.6156,0,0,0,Primary,Fibroblast,Fibroblast,28,FALSE,FALSE,FALSE,TRUE,FALSE,FALSE
HNSCC28_P12_C04_S220_comb,3.1561,2.642,6.8855,0,11.705,9.4776,1,Lymph node,0,Cancer cells,28,TRUE,TRUE,TRUE,FALSE,TRUE,TRUE
HNSCC28_P1_H03_S87_comb,0,0,0,5.2244,0,0,0,Primary,Fibroblast,Fibroblast,28,FALSE,FALSE,FALSE,TRUE,FALSE,FALSE
HNSCC28_P13_F09_S261_comb,0,0,0,8.847,0,0,0,Lymph node,Fibroblast,Fibroblast,28,FALSE,FALSE,FALSE,TRUE,FALSE,FALSE
HNSCC28_P12_D11_S239_comb,0,0,0.39726,6.0781,0,0,0,Lymph node,B cell,B cell,28,FALSE,FALSE,TRUE,TRUE,FALSE,FALSE
HNSCC28_P2_E06_S54_comb,0,0.11237,0,8.9712,0.30685,0.31962,0,Primary,Fibroblast,Fibroblast,28,FALSE,TRUE,FALSE,TRUE,TRUE,TRUE
HNSCC28_P2_H04_S88_comb,0.96791,0,0,9.2609,0,0,0,Primary,Fibroblast,Fibroblast,28,TRUE,FALSE,FALSE,TRUE,FALSE,FALSE
HNSCC28_P13_G12_S276_comb,0,0,0,8.9661,0,0,0,Lymph node,Fibroblast,Fibroblast,28,FALSE,FALSE,FALSE,TRUE,FALSE,FALSE
HNSCC28_P2_D02_S38_comb,0,0,0,0,3.7112,2.8908,0,Primary,myocyte,myocyte,28,FALSE,FALSE,FALSE,FALSE,TRUE,TRUE
HNSCC28_P1_H09_S93_comb,6.376,0,0,9.2847,0.34142,0,0,Primary,Fibroblast,Fibroblast,28,TRUE,FALSE,FALSE,TRUE,TRUE,FALSE
HNSCC28_P2_A11_S11_comb,6.0184,2.577,0,9.2565,0.54201,0,0,Primary,Fibroblast,Fibroblast,28,TRUE,TRUE,FALSE,TRUE,TRUE,FALSE
HNSCC28_P2_E05_S53_comb,3.7751,0,0.20163,8.2337,0,0,0,Primary,Fibroblast,Fibroblast,28,TRUE,FALSE,TRUE,TRUE,FALSE,FALSE
HNSCC28_P1_E04_S52_comb,0,0,0.52507,6.855,0,0,0,Primary,Fibroblast,Fibroblast,28,FALSE,FALSE,TRUE,TRUE,FALSE,FALSE
HNSCC28_P12_C12_S228_comb,0,0,0,8.0141,0,0,0,Lymph node,Fibroblast,Fibroblast,28,FALSE,FALSE,FALSE,TRUE,FALSE,FALSE
HNSCC28_P2_A05_S5_comb,5.5281,0,3.6604,10.177,0,0,0,Primary,Fibroblast,Fibroblast,28,TRUE,FALSE,TRUE,TRUE,FALSE,FALSE
HNSCC28_P1_B03_S15_comb,2.4492,0,2.625,0.13225,11.856,9.4629,1,Primary,0,Cancer cells,28,TRUE,FALSE,TRUE,TRUE,TRUE,TRUE
HNSCC28_P13_B09_S213_comb,0,0,0,7.5523,0,0,0,Lymph node,B cell,B cell,28,FALSE,FALSE,FALSE,TRUE,FALSE,FALSE
HNSCC28_P13_G06_S270_comb,2.2687,0,3.6608,0,12.01,6.2685,1,Lymph node,0,Cancer cells,28,TRUE,FALSE,TRUE,FALSE,TRUE,TRUE
HNSCC28_P2_E09_S57_comb,4.0872,0,0,7.7283,0,0,0,Primary,Fibroblast,Fibroblast,28,TRUE,FALSE,FALSE,TRUE,FALSE,FALSE
HNSCC28_P12_G05_S269_comb,5.861,0,0,8.4364,0,0,0,Lymph node,Fibroblast,Fibroblast,28,TRUE,FALSE,FALSE,TRUE,FALSE,FALSE
HNSCC28_P13_C06_S222_comb,0,5.5799,0,9.242,0,0,0,Lymph node,Fibroblast,Fibroblast,28,FALSE,TRUE,FALSE,TRUE,FALSE,FALSE
HNSCC28_P13_C05_S221_comb,2.434,2.2287,5.0264,0,12.118,10.102,1,Lymph node,0,Cancer cells,28,TRUE,TRUE,TRUE,FALSE,TRUE,TRUE
HNSCC28_P2_D06_S42_comb,0,0,0,8.4714,0,0,0,Primary,Fibroblast,Fibroblast,28,FALSE,FALSE,FALSE,TRUE,FALSE,FALSE
HNSCC28_P2_E01_S49_comb,3.766,0,0,8.4136,0,0,0,Primary,Fibroblast,Fibroblast,28,TRUE,FALSE,FALSE,TRUE,FALSE,FALSE
HNSCC28_P13_C01_S217_comb,0,0,0,9.1631,0,0,0,Lymph node,Fibroblast,Fibroblast,28,FALSE,FALSE,FALSE,TRUE,FALSE,FALSE
HNSCC28_P2_B08_S20_comb,0.49978,0,0,10.262,0,0,0,Primary,Fibroblast,Fibroblast,28,TRUE,FALSE,FALSE,TRUE,FALSE,FALSE
HNSCC28_P12_C05_S221_comb,0,4.4042,5.989,0,12.052,7.805,1,Lymph node,0,Cancer cells,28,FALSE,TRUE,TRUE,FALSE,TRUE,TRUE
HNSCC28_P1_D08_S44_comb,0,0,0,7.8484,0,0.48646,0,Primary,Fibroblast,Fibroblast,28,FALSE,FALSE,FALSE,TRUE,FALSE,TRUE
HNSCC28_P12_D09_S237_comb,3.0151,0,7.7258,0.65901,12.027,12.265,1,Lymph node,0,Cancer cells,28,TRUE,FALSE,TRUE,TRUE,TRUE,TRUE
HNSCC28_P1_H05_S89_comb,0,0,0,8.5841,0,0,0,Primary,Fibroblast,Fibroblast,28,FALSE,FALSE,FALSE,TRUE,FALSE,FALSE
HNSCC28_P1_D07_S43_comb,0,0,0,8.345,0,0,0,Primary,Fibroblast,Fibroblast,28,FALSE,FALSE,FALSE,TRUE,FALSE,FALSE
HNSCC28_P12_E11_S251_comb,5.7049,0,0,9.0423,1.7904,0.59837,0,Lymph node,Fibroblast,Fibroblast,28,TRUE,FALSE,FALSE,TRUE,TRUE,TRUE
HNSCC28_P1_A12_S12_comb,3.3651,0,5.4612,0,12.195,9.9302,1,Primary,0,Cancer cells,28,TRUE,FALSE,TRUE,FALSE,TRUE,TRUE
HNSCC28_P12_H04_S280_comb,3.7909,3.244,6.4878,0,11.152,10.071,1,Lymph node,0,Cancer cells,28,TRUE,TRUE,TRUE,FALSE,TRUE,TRUE
HNSCC28_P12_H11_S287_comb,0,0,0.086784,10.079,0.64432,0.47612,0,Lymph node,Fibroblast,Fibroblast,28,FALSE,FALSE,TRUE,TRUE,TRUE,TRUE
HNSCC28_P13_F10_S262_comb,0,0,0,8.7416,0,0,0,Lymph node,B cell,B cell,28,FALSE,FALSE,FALSE,TRUE,FALSE,FALSE
HNSCC28_P2_B02_S14_comb,5.3083,3.2514,0,9.2435,0,0,0,Primary,Fibroblast,Fibroblast,28,TRUE,TRUE,FALSE,TRUE,FALSE,FALSE
HNSCC28_P1_A10_S10_comb,5.8219,0,0,6.9463,0,0,0,Primary,Fibroblast,Fibroblast,28,TRUE,FALSE,FALSE,TRUE,FALSE,FALSE
HNSCC28_P12_F01_S253_comb,3.8427,0,3.8596,0,11.733,8.041,1,Lymph node,0,Cancer cells,28,TRUE,FALSE,TRUE,FALSE,TRUE,TRUE
HNSCC28_P1_C01_S25_comb,0,0,0,8.0706,0,0,0,Primary,Fibroblast,Fibroblast,28,FALSE,FALSE,FALSE,TRUE,FALSE,FALSE
HNSCC28_P2_D08_S44_comb,4.8966,0,0,10.798,0.33113,0,0,Primary,Fibroblast,Fibroblast,28,TRUE,FALSE,FALSE,TRUE,TRUE,FALSE
HNSCC28_P2_B11_S23_comb,0,0,1.8172,10.001,0,0,0,Primary,Endothelial,Endothelial,28,FALSE,FALSE,TRUE,TRUE,FALSE,FALSE
HNSCC28_P13_E05_S245_comb,3.0047,0.88596,5.2222,0.22774,11.114,8.198,1,Lymph node,0,Cancer cells,28,TRUE,TRUE,TRUE,TRUE,TRUE,TRUE
HNSCC28_P13_H06_S282_comb,0,0,0,9.3053,0,0,0,Lymph node,Fibroblast,Fibroblast,28,FALSE,FALSE,FALSE,TRUE,FALSE,FALSE
HNSCC28_P12_D02_S230_comb,3.0095,2.7628,7.1745,0,11.747,10.173,1,Lymph node,0,Cancer cells,28,TRUE,TRUE,TRUE,FALSE,TRUE,TRUE
HNSCC28_P2_D11_S47_comb,2.467,0,2.2708,0.29983,12.373,9.6376,1,Primary,0,Cancer cells,28,TRUE,FALSE,TRUE,TRUE,TRUE,TRUE
HNSCC28_P13_E09_S249_comb,4.4234,4.9283,0,9.756,0,0,0,Lymph node,Fibroblast,Fibroblast,28,TRUE,TRUE,FALSE,TRUE,FALSE,FALSE
HNSCC28_P2_D05_S41_comb,0,0,0,8.9272,0,0,0,Primary,Fibroblast,Fibroblast,28,FALSE,FALSE,FALSE,TRUE,FALSE,FALSE
HNSCC28_P1_F04_S64_comb,5.6416,2.7318,0,10.721,0,0.34028,0,Primary,Fibroblast,Fibroblast,28,TRUE,TRUE,FALSE,TRUE,FALSE,TRUE
HNSCC28_P2_H11_S95_comb,0,0,0,8.5141,0,0,0,Primary,Fibroblast,Fibroblast,28,FALSE,FALSE,FALSE,TRUE,FALSE,FALSE
HNSCC28_P2_H07_S91_comb,0,0,0,8.6091,0,0,0,Primary,Fibroblast,Fibroblast,28,FALSE,FALSE,FALSE,TRUE,FALSE,FALSE
HNSCC28_P1_A03_S3_comb,0,0,0,9.7278,0.36625,0,0,Primary,Fibroblast,Fibroblast,28,FALSE,FALSE,FALSE,TRUE,TRUE,FALSE
HNSCC28_P1_C02_S26_comb,6.0014,0.40381,0,9.39,0,0,0,Primary,Fibroblast,Fibroblast,28,TRUE,TRUE,FALSE,TRUE,FALSE,FALSE
HNSCC28_P12_D04_S232_comb,3.4179,0,3.4714,0,11.824,6.157,1,Lymph node,0,Cancer cells,28,TRUE,FALSE,TRUE,FALSE,TRUE,TRUE
HNSCC28_P2_D09_S45_comb,4.6948,0,0,9.7626,0,0,0,Primary,Fibroblast,Fibroblast,28,TRUE,FALSE,FALSE,TRUE,FALSE,FALSE
HNSCC28_P12_F05_S257_comb,3.7926,0,0,0,12.721,7.3703,1,Lymph node,0,Cancer cells,28,TRUE,FALSE,FALSE,FALSE,TRUE,TRUE
HNSCC28_P1_E01_S49_comb,0,0,0,8.2608,0,0,0,Primary,Fibroblast,Fibroblast,28,FALSE,FALSE,FALSE,TRUE,FALSE,FALSE
HNSCC28_P12_E04_S244_comb,3.4088,0,3.5423,0.1177,12.19,0,1,Lymph node,0,Cancer cells,28,TRUE,FALSE,TRUE,TRUE,TRUE,FALSE
HNSCC28_P2_D03_S39_comb,0,0,0,9.342,0,0,0,Primary,Fibroblast,Fibroblast,28,FALSE,FALSE,FALSE,TRUE,FALSE,FALSE
HNSCC28_P2_C03_S27_comb,0,0,0,0,11.678,7.9391,0,Primary,0,0,28,FALSE,FALSE,FALSE,FALSE,TRUE,TRUE
HNSCC28_P12_C11_S227_comb,2.7723,0,3.5149,0,10.781,8.1979,1,Lymph node,0,Cancer cells,28,TRUE,FALSE,TRUE,FALSE,TRUE,TRUE
HNSCC28_P12_G10_S274_comb,2.1603,0,3.044,0,12.431,5.95,1,Lymph node,0,Cancer cells,28,TRUE,FALSE,TRUE,FALSE,TRUE,TRUE
HNSCC28_P2_A03_S3_comb,5.5794,0,0.26424,8.9018,0,0,0,Primary,Endothelial,Endothelial,28,TRUE,FALSE,TRUE,TRUE,FALSE,FALSE
HNSCC28_P12_B04_S208_comb,0,0,0,9.0774,0.50487,0,0,Lymph node,Fibroblast,Fibroblast,28,FALSE,FALSE,FALSE,TRUE,TRUE,FALSE
HNSCC28_P2_C01_S25_comb,0,0,0,9.9361,0,0,0,Primary,Fibroblast,Fibroblast,28,FALSE,FALSE,FALSE,TRUE,FALSE,FALSE
HNSCC28_P12_A04_S196_comb,0,0.21164,0,7.0012,0,0,0,Lymph node,T cell,T cell,28,FALSE,TRUE,FALSE,TRUE,FALSE,FALSE
HNSCC28_P2_D07_S43_comb,0,0,0,9.6525,0,0,0,Primary,Fibroblast,Fibroblast,28,FALSE,FALSE,FALSE,TRUE,FALSE,FALSE
HNSCC28_P2_G03_S75_comb,0,0,0,9.5323,0,0,0,Primary,Fibroblast,Fibroblast,28,FALSE,FALSE,FALSE,TRUE,FALSE,FALSE
HNSCC28_P2_B07_S19_comb,0,0,3.1661,0,12.048,7.3494,1,Primary,0,Cancer cells,28,FALSE,FALSE,TRUE,FALSE,TRUE,TRUE
HNSCC28_P2_D04_S40_comb,2.6647,0,0,7.1039,0,0,0,Primary,Fibroblast,Fibroblast,28,TRUE,FALSE,FALSE,TRUE,FALSE,FALSE
HNSCC28_P1_D12_S48_comb,0,0.16607,0,6.2628,0,0,0,Primary,Fibroblast,Fibroblast,28,FALSE,TRUE,FALSE,TRUE,FALSE,FALSE
HNSCC28_P12_E12_S252_comb,2.0659,0,0,1.2135,0,0,0,Lymph node,B cell,B cell,28,TRUE,FALSE,FALSE,TRUE,FALSE,FALSE
HNSCC28_P1_F08_S68_comb,0,0,0,5.8772,0,0,0,Primary,Fibroblast,Fibroblast,28,FALSE,FALSE,FALSE,TRUE,FALSE,FALSE
HNSCC28_P13_H10_S286_comb,0,0,0,4.0509,0,0,0,Lymph node,B cell,B cell,28,FALSE,FALSE,FALSE,TRUE,FALSE,FALSE
HNSCC28_P13_G11_S275_comb,0,0,0.090853,10.599,1.0915,0.17887,0,Lymph node,Fibroblast,Fibroblast,28,FALSE,FALSE,TRUE,TRUE,TRUE,TRUE
HNSCC28_P13_D07_S235_comb,3.0661,3.1271,5.8894,0,12.282,9.963,1,Lymph node,0,Cancer cells,28,TRUE,TRUE,TRUE,FALSE,TRUE,TRUE
HNSCC28_P1_F05_S65_comb,0,0,0,8.2518,0,0,0,Primary,Fibroblast,Fibroblast,28,FALSE,FALSE,FALSE,TRUE,FALSE,FALSE
HNSCC28_P12_F08_S260_comb,3.6894,0,4.4737,0,12.025,9.7092,1,Lymph node,0,Cancer cells,28,TRUE,FALSE,TRUE,FALSE,TRUE,TRUE
HNSCC28_P12_G11_S275_comb,3.2151,2.9995,5.3167,0.32998,12.171,8.2779,1,Lymph node,0,Cancer cells,28,TRUE,TRUE,TRUE,TRUE,TRUE,TRUE
HNSCC28_P1_E12_S60_comb,5.6684,0,0,8.9379,0,0,0,Primary,Fibroblast,Fibroblast,28,TRUE,FALSE,FALSE,TRUE,FALSE,FALSE
HNSCC28_P1_A11_S11_comb,0,0,0,7.491,0,0,0,Primary,Fibroblast,Fibroblast,28,FALSE,FALSE,FALSE,TRUE,FALSE,FALSE
HNSCC28_P2_F04_S64_comb,6.1411,0,0.09356,10.212,0,0.3471,0,Primary,Fibroblast,Fibroblast,28,TRUE,FALSE,TRUE,TRUE,FALSE,TRUE
HNSCC28_P2_B03_S15_comb,0,0,0,9.2216,0,0,0,Primary,Fibroblast,Fibroblast,28,FALSE,FALSE,FALSE,TRUE,FALSE,FALSE
HNSCC28_P1_B07_S19_comb,3.0362,0,3.1189,0,11.862,9.5638,1,Primary,0,Cancer cells,28,TRUE,FALSE,TRUE,FALSE,TRUE,TRUE
HNSCC28_P13_H05_S281_comb,0,4.8914,0.04684,9.1486,0.14535,0,0,Lymph node,Fibroblast,Fibroblast,28,FALSE,TRUE,TRUE,TRUE,TRUE,FALSE
HNSCC28_P12_B03_S207_comb,0,3.2802,6.2434,0,11.557,9.3939,1,Lymph node,0,Cancer cells,28,FALSE,TRUE,TRUE,FALSE,TRUE,TRUE
HNSCC28_P2_F07_S67_comb,0,0.30918,0,9.6018,1.254,0.56852,0,Primary,Fibroblast,Fibroblast,28,FALSE,TRUE,FALSE,TRUE,TRUE,TRUE
HNSCC28_P1_A02_S2_comb,0,1.1596,0,8.884,0,0,0,Primary,Fibroblast,Fibroblast,28,FALSE,TRUE,FALSE,TRUE,FALSE,FALSE
HNSCC28_P2_B04_S16_comb,0,0.1865,2.4618,0.13488,12.278,8.0348,1,Primary,0,Cancer cells,28,FALSE,TRUE,TRUE,TRUE,TRUE,TRUE
HNSCC28_P2_G05_S77_comb,0,0,0,9.8485,0,0,0,Primary,Fibroblast,Fibroblast,28,FALSE,FALSE,FALSE,TRUE,FALSE,FALSE
HNSCC28_P2_C12_S36_comb,0,0,0,4.4805,0,0,0,Primary,Fibroblast,Fibroblast,28,FALSE,FALSE,FALSE,TRUE,FALSE,FALSE
HNSCC28_P1_H08_S92_comb,0.82701,0,0,8.0836,0,0,0,Primary,Fibroblast,Fibroblast,28,TRUE,FALSE,FALSE,TRUE,FALSE,FALSE
HNSCC28_P2_C07_S31_comb,5.0909,3.7647,0,9.7039,0,0,0,Primary,Fibroblast,Fibroblast,28,TRUE,TRUE,FALSE,TRUE,FALSE,FALSE
HNSCC28_P1_H02_S86_comb,0,0,0,9.7912,0,0,0,Primary,Fibroblast,Fibroblast,28,FALSE,FALSE,FALSE,TRUE,FALSE,FALSE
HNSCC28_P1_E03_S51_comb,0,0,0,8.9803,0.60881,0,0,Primary,Fibroblast,Fibroblast,28,FALSE,FALSE,FALSE,TRUE,TRUE,FALSE
HNSCC28_P2_G08_S80_comb,0,0,0,9.0613,0,0,0,Primary,Fibroblast,Fibroblast,28,FALSE,FALSE,FALSE,TRUE,FALSE,FALSE
HNSCC28_P2_H08_S92_comb,0,0,0,8.2412,0.43296,0,0,Primary,Fibroblast,Fibroblast,28,FALSE,FALSE,FALSE,TRUE,TRUE,FALSE
HNSCC28_P2_G02_S74_comb,0.80488,2.6164,0,9.2394,0,0,0,Primary,Fibroblast,Fibroblast,28,TRUE,TRUE,FALSE,TRUE,FALSE,FALSE
HNSCC28_P13_E11_S251_comb,1.8078,0,4.0509,0.89685,11.304,6.6648,1,Lymph node,0,Cancer cells,28,TRUE,FALSE,TRUE,TRUE,TRUE,TRUE
HNSCC28_P13_H04_S280_comb,0,0,4.179,0,11.797,9.8369,1,Lymph node,0,Cancer cells,28,FALSE,FALSE,TRUE,FALSE,TRUE,TRUE
HNSCC28_P12_H12_S288_comb,4.5271,3.3294,0,10.042,0,0,0,Lymph node,Fibroblast,Fibroblast,28,TRUE,TRUE,FALSE,TRUE,FALSE,FALSE
HNSCC28_P13_E02_S242_comb,2.6572,0,2.4852,0.2302,12.105,6.8123,1,Lymph node,0,Cancer cells,28,TRUE,FALSE,TRUE,TRUE,TRUE,TRUE
HNSCC28_P12_F12_S264_comb,6.2875,0,0,6.1623,0,0,0,Lymph node,Fibroblast,Fibroblast,28,TRUE,FALSE,FALSE,TRUE,FALSE,FALSE
HNSCC28_P1_G04_S76_comb,3.2137,0,0.049631,0,12.838,9.3695,1,Primary,0,Cancer cells,28,TRUE,FALSE,TRUE,FALSE,TRUE,TRUE
HNSCC28_P2_G12_S84_comb,0,0,0.10434,7.7174,0,0,0,Primary,Fibroblast,Fibroblast,28,FALSE,FALSE,TRUE,TRUE,FALSE,FALSE
HNSCC28_P1_G11_S83_comb,0,0,0,8.461,0.46884,0,0,Primary,Fibroblast,Fibroblast,28,FALSE,FALSE,FALSE,TRUE,TRUE,FALSE
HNSCC28_P12_C03_S219_comb,0,3.4363,6.5838,0,11.948,6.6389,1,Lymph node,0,Cancer cells,28,FALSE,TRUE,TRUE,FALSE,TRUE,TRUE
HNSCC28_P2_A07_S7_comb,4.3102,3.5541,0,10.125,0,0,0,Primary,Endothelial,Endothelial,28,TRUE,TRUE,FALSE,TRUE,FALSE,FALSE
HNSCC28_P2_C10_S34_comb,0,0,0,9.7948,0,0,0,Primary,Fibroblast,Fibroblast,28,FALSE,FALSE,FALSE,TRUE,FALSE,FALSE
HNSCC28_P2_E10_S58_comb,5.5455,6.1644,0,8.5964,0,0,0,Primary,Endothelial,Endothelial,28,TRUE,TRUE,FALSE,TRUE,FALSE,FALSE
HNSCC28_P2_A08_S8_comb,2.5743,0,2.791,0,12.824,9.8058,1,Primary,0,Cancer cells,28,TRUE,FALSE,TRUE,FALSE,TRUE,TRUE
HNSCC28_P2_C02_S26_comb,6.0134,0,0.22651,9.9116,0,0,0,Primary,Fibroblast,Fibroblast,28,TRUE,FALSE,TRUE,TRUE,FALSE,FALSE
HNSCC26_P11_R_LN_C05_S317_comb,3.058,0,0.018634,0,0,5.8557,1,Lymph node,0,Cancer cells,26,TRUE,FALSE,TRUE,FALSE,FALSE,TRUE
HNSCC26_P1_pri_G10_S178_comb,0,0,0.073135,0,6.1468,0,1,Primary,0,Cancer cells,26,FALSE,FALSE,TRUE,FALSE,TRUE,FALSE
HNSCC26_P1_pri_F06_S162_comb,0,0,2.3208,0,7.3127,0,1,Primary,0,Cancer cells,26,FALSE,FALSE,TRUE,FALSE,TRUE,FALSE
HNSCC26_P11_R_LN_C03_S315_comb,5.1515,2.3465,2.2293,0,8.8159,7.4636,1,Lymph node,0,Cancer cells,26,TRUE,TRUE,TRUE,FALSE,TRUE,TRUE
HNSCC25_P19_LN_C10_S226_comb,0,6.2226,0,8.8756,0,0,0,Lymph node,Fibroblast,Fibroblast,25,FALSE,TRUE,FALSE,TRUE,FALSE,FALSE
HNSCC26_P1_pri_C12_S132_comb,7.5195,0,0,0,0,0,0,Primary,Fibroblast,Fibroblast,26,TRUE,FALSE,FALSE,FALSE,FALSE,FALSE
HNSCC26_P11_R_LN_D09_S333_comb,0,0,0.14405,0,8.7804,8.3494,1,Lymph node,0,Cancer cells,26,FALSE,FALSE,TRUE,FALSE,TRUE,TRUE
HNSCC26_P11_R_LN_C08_S320_comb,2.7242,0,0,0,0,4.124,1,Lymph node,0,Cancer cells,26,TRUE,FALSE,FALSE,FALSE,FALSE,TRUE
HNSCC26_P11_R_LN_E11_S347_comb,0,0,0,0,0,10.366,1,Lymph node,0,Cancer cells,26,FALSE,FALSE,FALSE,FALSE,FALSE,TRUE
HNSCC26_P11_R_LN_A04_S292_comb,5.1286,0,0.1375,0,0,0.26903,1,Lymph node,0,Cancer cells,26,TRUE,FALSE,TRUE,FALSE,FALSE,TRUE
HNSCC26_P11_R_LN_B04_S304_comb,0.55778,0,0.05797,0,0,6.1254,1,Lymph node,0,Cancer cells,26,TRUE,FALSE,TRUE,FALSE,FALSE,TRUE
HNSCC26_P1_pri_B06_S114_comb,0,7.3669,0,6.8782,0,0,0,Primary,Fibroblast,Fibroblast,26,FALSE,TRUE,FALSE,TRUE,FALSE,FALSE
HNSCC26_P1_pri_D11_S143_comb,5.7171,0,0.052416,7.2917,0,0,0,Primary,Fibroblast,Fibroblast,26,TRUE,FALSE,TRUE,TRUE,FALSE,FALSE
HNSCC26_P1_pri_G02_S170_comb,4.4162,0,0,0,9.8539,0,1,Primary,0,Cancer cells,26,TRUE,FALSE,FALSE,FALSE,TRUE,FALSE
HNSCC26_P1_pri_B02_S110_comb,0,0,0.098958,0,0,0,0,Primary,Fibroblast,Fibroblast,26,FALSE,FALSE,TRUE,FALSE,FALSE,FALSE
HNSCC25_P19_LN_D06_S234_comb,5.117,0,0,5.1095,0.123,0,0,Lymph node,B cell,B cell,25,TRUE,FALSE,FALSE,TRUE,TRUE,FALSE
HNSCC26_P1_pri_E03_S147_comb,0,0,0.05797,0,0,0,0,Primary,Dendritic,Dendritic,26,FALSE,FALSE,TRUE,FALSE,FALSE,FALSE
HNSCC26_P11_R_LN_G06_S366_comb,4.3098,0,8.9716,4.7692,8.2331,9.7114,1,Lymph node,0,Cancer cells,26,TRUE,FALSE,TRUE,TRUE,TRUE,TRUE
HNSCC26_P11_R_LN_F12_S360_comb,4.1704,0,4.2209,0,0,9.0315,1,Lymph node,0,Cancer cells,26,TRUE,FALSE,TRUE,FALSE,FALSE,TRUE
HNSCC26_P11_R_LN_A06_S294_comb,5.1128,0,0,0,0,4.5883,1,Lymph node,0,Cancer cells,26,TRUE,FALSE,FALSE,FALSE,FALSE,TRUE
HNSCC25_P19_LN_D03_S231_comb,5.4162,6.2571,6.6156,6.5424,11.311,5.8373,1,Lymph node,0,Cancer cells,25,TRUE,TRUE,TRUE,TRUE,TRUE,TRUE
HNSCC26_P11_R_LN_B09_S309_comb,4.9995,0,0.025738,0,0,10.491,1,Lymph node,0,Cancer cells,26,TRUE,FALSE,TRUE,FALSE,FALSE,TRUE
HNSCC25_P19_LN_C06_S222_comb,0,4.7139,6.3721,6.7939,13.169,0.70664,1,Lymph node,0,Cancer cells,25,FALSE,TRUE,TRUE,TRUE,TRUE,TRUE
HNSCC26_P1_pri_H09_S189_comb,0,0,3.5394,0,7.5694,9.3518,1,Primary,0,Cancer cells,26,FALSE,FALSE,TRUE,FALSE,TRUE,TRUE
HNSCC26_P11_R_LN_B07_S307_comb,0,0,4.8067,0,0,8.9698,1,Lymph node,0,Cancer cells,26,FALSE,FALSE,TRUE,FALSE,FALSE,TRUE
HNSCC25_P19_LN_G11_S275_comb,0,0,0,0,1.8754,0.27977,0,Lymph node,B cell,B cell,25,FALSE,FALSE,FALSE,FALSE,TRUE,TRUE
HNSCC25_P19_LN_H04_S280_comb,4.029,4.0742,4.8754,0.03984,10.775,1.6826,1,Lymph node,0,Cancer cells,25,TRUE,TRUE,TRUE,TRUE,TRUE,TRUE
HNSCC26_P11_R_LN_D04_S328_comb,0,0,0.031395,0,0.092207,4.5765,1,Lymph node,0,Cancer cells,26,FALSE,FALSE,TRUE,FALSE,TRUE,TRUE
HNSCC26_P1_pri_D01_S133_comb,0,3.6129,0,0,0,0,0,Primary,Fibroblast,Fibroblast,26,FALSE,TRUE,FALSE,FALSE,FALSE,FALSE
HNSCC26_P11_R_LN_B05_S305_comb,0,0,0,0.23143,0,0,0,Lymph node,0,0,26,FALSE,FALSE,FALSE,TRUE,FALSE,FALSE
HNSCC26_P1_pri_H03_S183_comb,5.0018,0,0.037031,0,6.7842,8.4188,1,Primary,0,Cancer cells,26,TRUE,FALSE,TRUE,FALSE,TRUE,TRUE
HNSCC25_P19_LN_H12_S288_comb,0,5.2507,0,7.6465,0.11103,0,0,Lymph node,Fibroblast,Fibroblast,25,FALSE,TRUE,FALSE,TRUE,TRUE,FALSE
HNSCC26_P11_R_LN_G09_S369_comb,7.3769,0,0.075875,0,0,0,0,Lymph node,Fibroblast,Fibroblast,26,TRUE,FALSE,TRUE,FALSE,FALSE,FALSE
HNSCC26_P1_pri_H11_S191_comb,0,0,0,6.3606,0,0,0,Primary,Fibroblast,Fibroblast,26,FALSE,FALSE,FALSE,TRUE,FALSE,FALSE
HNSCC26_P11_R_LN_A09_S297_comb,4.0497,0,1.1362,0,0,0.092207,1,Lymph node,0,Cancer cells,26,TRUE,FALSE,TRUE,FALSE,FALSE,TRUE
HNSCC26_P1_pri_E07_S151_comb,0,0,0,0,8.3552,8.4137,1,Primary,0,Cancer cells,26,FALSE,FALSE,FALSE,FALSE,TRUE,TRUE
HNSCC26_P1_pri_G01_S169_comb,7.6928,0,0.33685,0,7.7622,0,0,Primary,0,0,26,TRUE,FALSE,TRUE,FALSE,TRUE,FALSE
HNSCC25_P19_LN_D10_S238_comb,6.0015,1.5326,0,8.8188,0,0,0,Lymph node,Fibroblast,Fibroblast,25,TRUE,TRUE,FALSE,TRUE,FALSE,FALSE
HNSCC26_P1_pri_E09_S153_comb,0,0,0.14143,0,0,6.7941,1,Primary,0,Cancer cells,26,FALSE,FALSE,TRUE,FALSE,FALSE,TRUE
HNSCC26_P11_R_LN_A01_S289_comb,0,0,3.0339,0,0,7.3862,1,Lymph node,0,Cancer cells,26,FALSE,FALSE,TRUE,FALSE,FALSE,TRUE
HNSCC26_P1_pri_C01_S121_comb,5.1162,0,0.062122,0,5.3786,0,1,Primary,0,Cancer cells,26,TRUE,FALSE,TRUE,FALSE,TRUE,FALSE
HNSCC26_P1_pri_E06_S150_comb,0,0,0.077243,2.6055,0,4.2107,1,Primary,0,Cancer cells,26,FALSE,FALSE,TRUE,TRUE,FALSE,TRUE
HNSCC26_P11_R_LN_H06_S378_comb,4.1719,0,2.0208,0,5.507,5.8341,1,Lymph node,0,Cancer cells,26,TRUE,FALSE,TRUE,FALSE,TRUE,TRUE
HNSCC26_P11_R_LN_A11_S299_comb,0,0,0.032806,0,0,0,0,Lymph node,0,0,26,FALSE,FALSE,TRUE,FALSE,FALSE,FALSE
HNSCC26_P11_R_LN_D10_S334_comb,0,0,0.027154,4.3246,0,6.3344,1,Lymph node,0,Cancer cells,26,FALSE,FALSE,TRUE,TRUE,FALSE,TRUE
HNSCC26_P11_R_LN_C06_S318_comb,0,0,0,0,0,0,0,Lymph node,0,0,26,FALSE,FALSE,FALSE,FALSE,FALSE,FALSE
HNSCC26_P1_pri_D12_S144_comb,0,0,4.6246,0,1.0496,8.7106,1,Primary,0,Cancer cells,26,FALSE,FALSE,TRUE,FALSE,TRUE,TRUE
HNSCC26_P1_pri_F07_S163_comb,4.6345,0,0.041243,0.088142,0,5.3215,1,Primary,0,Cancer cells,26,TRUE,FALSE,TRUE,TRUE,FALSE,TRUE
HNSCC26_P1_pri_B09_S117_comb,5.4946,0,0,0,5.017,10.732,1,Primary,0,Cancer cells,26,TRUE,FALSE,FALSE,FALSE,TRUE,TRUE
HNSCC26_P11_R_LN_D02_S326_comb,5.7815,0,6.1784,0,0,9.6864,1,Lymph node,0,Cancer cells,26,TRUE,FALSE,TRUE,FALSE,FALSE,TRUE
HNSCC26_P11_R_LN_H03_S375_comb,0,0,0.038436,7.389,0,0,0,Lymph node,Fibroblast,Fibroblast,26,FALSE,FALSE,TRUE,TRUE,FALSE,FALSE
HNSCC25_P19_LN_B04_S208_comb,0,0,0,0,0,0,0,Lymph node,B cell,B cell,25,FALSE,FALSE,FALSE,FALSE,FALSE,FALSE
HNSCC26_P1_pri_H01_S181_comb,0,0,0,3.6974,0,0,0,Primary,Fibroblast,Fibroblast,26,FALSE,FALSE,FALSE,TRUE,FALSE,FALSE
HNSCC26_P11_R_LN_A02_S290_comb,0,0.82456,0.03984,0,9.7174,3.7951,1,Lymph node,0,Cancer cells,26,FALSE,TRUE,TRUE,FALSE,TRUE,TRUE
HNSCC26_P11_R_LN_G12_S372_comb,0,0,0.19912,0,0,8.8782,0,Lymph node,0,0,26,FALSE,FALSE,TRUE,FALSE,FALSE,TRUE
HNSCC25_P19_LN_G10_S274_comb,4.1616,1.0293,5.891,8.3863,10.724,9.3068,1,Lymph node,0,Cancer cells,25,TRUE,TRUE,TRUE,TRUE,TRUE,TRUE
HNSCC25_P19_LN_F05_S257_comb,0,0,7.152,0,12.471,8.7425,1,Lymph node,0,Cancer cells,25,FALSE,FALSE,TRUE,FALSE,TRUE,TRUE
HNSCC26_P1_pri_D04_S136_comb,0,0.12829,8.4438,7.2112,2.0552,10.655,1,Primary,0,Cancer cells,26,FALSE,TRUE,TRUE,TRUE,TRUE,TRUE
HNSCC26_P11_R_LN_H09_S381_comb,0,0,6.6614,0,7.96,0,1,Lymph node,0,Cancer cells,26,FALSE,FALSE,TRUE,FALSE,TRUE,FALSE
HNSCC26_P11_R_LN_F11_S359_comb,0,0,0,7.1333,0,0,0,Lymph node,Fibroblast,Fibroblast,26,FALSE,FALSE,FALSE,TRUE,FALSE,FALSE
HNSCC26_P11_R_LN_E08_S344_comb,4.6535,0,0.18142,0,0,6.1195,1,Lymph node,0,Cancer cells,26,TRUE,FALSE,TRUE,FALSE,FALSE,TRUE
HNSCC25_P19_LN_B09_S213_comb,1.538,0.98623,0,9.3084,0,3.2199,0,Lymph node,Fibroblast,Fibroblast,25,TRUE,TRUE,FALSE,TRUE,FALSE,TRUE
HNSCC25_P19_LN_E02_S242_comb,7.8883,3.8388,0,6.4422,2.2351,0.20038,0,Lymph node,Fibroblast,Fibroblast,25,TRUE,TRUE,FALSE,TRUE,TRUE,TRUE
HNSCC26_P1_pri_C06_S126_comb,0,0,5.6267,0,0,6.0821,1,Primary,0,Cancer cells,26,FALSE,FALSE,TRUE,FALSE,FALSE,TRUE
HNSCC26_P1_pri_H05_S185_comb,0,0,0.12433,0,0.47093,0,1,Primary,0,Cancer cells,26,FALSE,FALSE,TRUE,FALSE,TRUE,FALSE
HNSCC25_P19_LN_A02_S194_comb,0,0,0,0,11.5,13.491,1,Lymph node,0,Cancer cells,25,FALSE,FALSE,FALSE,FALSE,TRUE,TRUE
HNSCC26_P1_pri_F11_S167_comb,1.2247,0,0.044044,6.4923,0,0,0,Primary,Fibroblast,Fibroblast,26,TRUE,FALSE,TRUE,TRUE,FALSE,FALSE
HNSCC26_P1_pri_A01_S97_comb,0,0,0,0,6.9619,6.1516,1,Primary,0,Cancer cells,26,FALSE,FALSE,FALSE,FALSE,TRUE,TRUE
HNSCC26_P11_R_LN_D01_S325_comb,0,0.73725,5.5233,0,0.20539,10.511,1,Lymph node,0,Cancer cells,26,FALSE,TRUE,TRUE,FALSE,TRUE,TRUE
HNSCC25_P19_LN_E05_S245_comb,3.7649,4.6047,1.5945,6.7389,12.616,9.1496,1,Lymph node,0,Cancer cells,25,TRUE,TRUE,TRUE,TRUE,TRUE,TRUE
HNSCC26_P11_R_LN_H02_S374_comb,4.6778,0,0.001442,0.073135,0.27381,0,1,Lymph node,0,Cancer cells,26,TRUE,FALSE,TRUE,TRUE,TRUE,FALSE
HNSCC25_P19_LN_A10_S202_comb,0,0,0,5.3503,0,0,0,Lymph node,Fibroblast,Fibroblast,25,FALSE,FALSE,FALSE,TRUE,FALSE,FALSE
HNSCC25_P19_LN_C05_S221_comb,0,5.4776,3.8428,0,12.939,13.203,1,Lymph node,0,Cancer cells,25,FALSE,TRUE,TRUE,FALSE,TRUE,TRUE
HNSCC26_P1_pri_A05_S101_comb,5.0562,0,0.037031,0,7.1388,0,1,Primary,0,Cancer cells,26,TRUE,FALSE,TRUE,FALSE,TRUE,FALSE
HNSCC26_P11_R_LN_C07_S319_comb,0,0,0.41359,0,0,7.7951,0,Lymph node,0,0,26,FALSE,FALSE,TRUE,FALSE,FALSE,TRUE
HNSCC26_P11_R_LN_C09_S321_comb,0,0,0.48027,5.0953,0,7.2867,1,Lymph node,0,Cancer cells,26,FALSE,FALSE,TRUE,TRUE,FALSE,TRUE
HNSCC25_P19_LN_D05_S233_comb,0,0,0.082703,7.144,0.81229,0.15445,0,Lymph node,B cell,B cell,25,FALSE,FALSE,TRUE,TRUE,TRUE,TRUE
HNSCC25_P19_LN_H09_S285_comb,0,6.8718,4.301,5.0509,12.962,3.6869,1,Lymph node,0,Cancer cells,25,FALSE,TRUE,TRUE,TRUE,TRUE,TRUE
HNSCC25_P19_LN_E11_S251_comb,4.4179,5.2078,0.50487,6.2889,3.0981,0,0,Lymph node,#NAME?,#NAME?,25,TRUE,TRUE,TRUE,TRUE,TRUE,FALSE
HNSCC25_P19_LN_F09_S261_comb,5.4473,0,3.5444,6.6053,11.992,6.7819,1,Lymph node,0,Cancer cells,25,TRUE,FALSE,TRUE,TRUE,TRUE,TRUE
HNSCC25_P19_LN_C09_S225_comb,0,0,0.23879,6.5938,0.48852,0,0,Lymph node,B cell,B cell,25,FALSE,FALSE,TRUE,TRUE,TRUE,FALSE
HNSCC22_P4_A12_S12_comb,4.1506,0,7.6927,2.3926,12.776,10.583,1,Primary,0,Cancer cells,22,TRUE,FALSE,TRUE,TRUE,TRUE,TRUE
HNSCC25_P1_pri_C02_S26_comb,4.3534,6.5553,4.173,4.4014,11.354,0,1,Primary,0,Cancer cells,25,TRUE,TRUE,TRUE,TRUE,TRUE,FALSE
HNSCC24_P13_R_LN_D09_S141_comb,0,6.8475,0.041243,8.2608,0,0,0,Primary,Fibroblast,Fibroblast,24,FALSE,TRUE,TRUE,TRUE,FALSE,FALSE
HNSCC22_P4_C04_S28_comb,2.9826,7.7333,10.791,6.6384,10.407,10.638,1,Primary,0,Cancer cells,22,TRUE,TRUE,TRUE,TRUE,TRUE,TRUE
HNSCC24_P13_R_LN_F03_S159_comb,3.8898,0,0.066261,7.8579,0,0,0,Primary,Fibroblast,Fibroblast,24,TRUE,FALSE,TRUE,TRUE,FALSE,FALSE
HNSCC25_P1_pri_B09_S21_comb,7.2067,0,0,8.9112,0,0,0,Primary,Fibroblast,Fibroblast,25,TRUE,FALSE,FALSE,TRUE,FALSE,FALSE
HNSCC22_P4_B03_S15_comb,0,0,0,0,0.27739,0,0,Primary,Fibroblast,Fibroblast,22,FALSE,FALSE,FALSE,FALSE,TRUE,FALSE
HNSCC22_P2_pri_F01_S253_comb,0,3.0372,0,8.0589,0,0,0,Primary,Fibroblast,Fibroblast,22,FALSE,TRUE,FALSE,TRUE,FALSE,FALSE
HNSCC22_P4_H06_S90_comb,5.0131,0,0,5.9959,0,0,0,Primary,Fibroblast,Fibroblast,22,TRUE,FALSE,FALSE,TRUE,FALSE,FALSE
HNSCC22_P4_C05_S29_comb,0,0,0,0,9.9463,0,1,Primary,0,Cancer cells,22,FALSE,FALSE,FALSE,FALSE,TRUE,FALSE
HNSCC22_P4_H07_S91_comb,0.2558,0,5.0816,0,12.499,8.6399,1,Primary,0,Cancer cells,22,TRUE,FALSE,TRUE,FALSE,TRUE,TRUE
HNSCC24_P13_R_LN_B05_S113_comb,4.2918,6.876,4.1164,8.5725,0.18015,0,0,Primary,Fibroblast,Fibroblast,24,TRUE,TRUE,TRUE,TRUE,TRUE,FALSE
HNSCC22_P4_D03_S39_comb,1.771,0,0,0,0.25096,0,0,Primary,Fibroblast,Fibroblast,22,TRUE,FALSE,FALSE,FALSE,TRUE,FALSE
HNSCC22_P2_pri_G06_S270_comb,0,0,0.032806,4.6316,0,0,0,Primary,Fibroblast,Fibroblast,22,FALSE,FALSE,TRUE,TRUE,FALSE,FALSE
HNSCC25_P1_pri_C09_S33_comb,0,0,0.17377,6.6709,0.64247,0,0,Primary,Fibroblast,Fibroblast,25,FALSE,FALSE,TRUE,TRUE,TRUE,FALSE
HNSCC25_P1_pri_G11_S83_comb,0,0.32884,5.2863,5.9417,10.666,1.3004,0,Primary,0,0,25,FALSE,TRUE,TRUE,TRUE,TRUE,TRUE
HNSCC25_P1_pri_G01_S73_comb,0,4.2121,3.8801,0,10.785,6.6444,1,Primary,0,Cancer cells,25,FALSE,TRUE,TRUE,FALSE,TRUE,TRUE
HNSCC24_P13_R_LN_F12_S168_comb,6.5636,4.0978,0.16221,6.7769,0,0,0,Primary,Fibroblast,Fibroblast,24,TRUE,TRUE,TRUE,TRUE,FALSE,FALSE
HNSCC25_P1_pri_B05_S17_comb,4.3401,3.5595,6.1336,0,11.654,0.53107,1,Primary,0,Cancer cells,25,TRUE,TRUE,TRUE,FALSE,TRUE,TRUE
HNSCC22_P4_C11_S35_comb,0,0,0.18523,6.9809,0.53207,0,0,Primary,Mast,Mast,22,FALSE,FALSE,TRUE,TRUE,TRUE,FALSE
HNSCC24_P13_R_LN_A03_S99_comb,4.1206,3.0484,0.049631,5.6479,0,0,0,Primary,Fibroblast,Fibroblast,24,TRUE,TRUE,TRUE,TRUE,FALSE,FALSE
HNSCC22_P4_G10_S82_comb,0,4.2119,0,0,11.661,6.788,1,Primary,0,Cancer cells,22,FALSE,TRUE,FALSE,FALSE,TRUE,TRUE
HNSCC24_P13_R_LN_E12_S156_comb,4.3856,4.8816,0,9.043,0,0,0,Primary,Fibroblast,Fibroblast,24,TRUE,TRUE,FALSE,TRUE,FALSE,FALSE
HNSCC24_P25_L_LN_B12_S312_comb,0,0,0.077243,0,8.8243,0,0,Primary,0,0,24,FALSE,FALSE,TRUE,FALSE,TRUE,FALSE
HNSCC22_P4_E06_S54_comb,5.0328,0,3.3221,4.4005,11.146,7.5643,1,Primary,0,Cancer cells,22,TRUE,FALSE,TRUE,TRUE,TRUE,TRUE
HNSCC24_P13_R_LN_C09_S129_comb,0,8.1565,0.066261,7.5975,0,0,0,Primary,Fibroblast,Fibroblast,24,FALSE,TRUE,TRUE,TRUE,FALSE,FALSE
HNSCC22_P2_pri_F09_S261_comb,7.2511,0,0,0,0,0,0,Primary,Fibroblast,Fibroblast,22,TRUE,FALSE,FALSE,FALSE,FALSE,FALSE
HNSCC22_P4_H11_S95_comb,0,0,0,7.9184,1.7172,0,0,Primary,Fibroblast,Fibroblast,22,FALSE,FALSE,FALSE,TRUE,TRUE,FALSE
HNSCC22_P4_E07_S55_comb,3.296,0,3.367,0,12.63,10.593,1,Primary,0,Cancer cells,22,TRUE,FALSE,TRUE,FALSE,TRUE,TRUE
HNSCC22_P4_H10_S94_comb,3.9079,0.10568,8.5692,5.3931,11.622,8.7609,1,Primary,0,Cancer cells,22,TRUE,TRUE,TRUE,TRUE,TRUE,TRUE
HNSCC22_P2_pri_G08_S272_comb,0,6.4578,0.025738,7.8761,0,0,0,Primary,Fibroblast,Fibroblast,22,FALSE,TRUE,TRUE,TRUE,FALSE,FALSE
HNSCC25_P1_pri_H04_S88_comb,0,0,0,7.7309,0,0,0,Primary,Fibroblast,Fibroblast,25,FALSE,FALSE,FALSE,TRUE,FALSE,FALSE
HNSCC22_P2_pri_H04_S280_comb,0,1.105,0.044044,6.3511,0,0,0,Primary,Fibroblast,Fibroblast,22,FALSE,TRUE,TRUE,TRUE,FALSE,FALSE
HNSCC25_P1_pri_C07_S31_comb,5.0383,0,0,0,11.4,0.54003,0,Primary,0,0,25,TRUE,FALSE,FALSE,FALSE,TRUE,TRUE
HNSCC22_P4_F05_S65_comb,0,0,0,2.2348,0,0,0,Primary,Fibroblast,Fibroblast,22,FALSE,FALSE,FALSE,TRUE,FALSE,FALSE
HNSCC25_P1_pri_F01_S61_comb,0,0,0,3.7519,0,0,0,Primary,Dendritic,Dendritic,25,FALSE,FALSE,FALSE,TRUE,FALSE,FALSE
HNSCC24_P25_L_LN_H11_S383_comb,0,0,0,1.6772,0,0,0,Primary,Fibroblast,Fibroblast,24,FALSE,FALSE,FALSE,TRUE,FALSE,FALSE
HNSCC24_P13_R_LN_D11_S143_comb,6.2942,0,0,6.1551,0,0,0,Primary,Fibroblast,Fibroblast,24,TRUE,FALSE,FALSE,TRUE,FALSE,FALSE
HNSCC25_P1_pri_E10_S58_comb,5.2249,0,0,7.4151,0,0,0,Primary,Fibroblast,Fibroblast,25,TRUE,FALSE,FALSE,TRUE,FALSE,FALSE
HNSCC25_P1_pri_A06_S6_comb,0,0,3.6729,0,11.22,0.9381,1,Primary,0,Cancer cells,25,FALSE,FALSE,TRUE,FALSE,TRUE,TRUE
HNSCC22_P2_pri_B08_S212_comb,0,0,0.053806,6.283,0,0.073135,0,Primary,Mast,Mast,22,FALSE,FALSE,TRUE,TRUE,FALSE,TRUE
HNSCC25_P1_pri_C01_S25_comb,3.8412,0.3471,0.75958,4.9439,11.864,5.4788,1,Primary,0,Cancer cells,25,TRUE,TRUE,TRUE,TRUE,TRUE,TRUE
HNSCC24_P25_L_LN_D09_S333_comb,0,7.2017,0.02148,3.3821,0,0,0,Primary,Fibroblast,Fibroblast,24,FALSE,TRUE,TRUE,TRUE,FALSE,FALSE
HNSCC24_P13_R_LN_H06_S186_comb,5.1363,5.6474,0,5.8585,0,0,0,Primary,Fibroblast,Fibroblast,24,TRUE,TRUE,FALSE,TRUE,FALSE,FALSE
HNSCC24_P13_R_LN_C03_S123_comb,5.1117,5.7488,0.059355,6.5695,0,0,0,Primary,Fibroblast,Fibroblast,24,TRUE,TRUE,TRUE,TRUE,FALSE,FALSE
HNSCC24_P13_R_LN_G01_S169_comb,0,5.8323,0,7.735,0,0,0,Primary,Fibroblast,Fibroblast,24,FALSE,TRUE,FALSE,TRUE,FALSE,FALSE
HNSCC22_P4_G07_S79_comb,6.5559,0,0,7.5012,0,0,0,Primary,Fibroblast,Fibroblast,22,TRUE,FALSE,FALSE,TRUE,FALSE,FALSE
HNSCC22_P2_pri_H12_S288_comb,0,0,0.037031,0,0,0,0,Primary,Mast,Mast,22,FALSE,FALSE,TRUE,FALSE,FALSE,FALSE
HNSCC22_P4_G03_S75_comb,3.5736,0,0,0,11.15,7.8722,1,Primary,0,Cancer cells,22,TRUE,FALSE,FALSE,FALSE,TRUE,TRUE
HNSCC25_P1_pri_E04_S52_comb,5.747,4.404,4.0509,4.5704,10.49,5.3996,1,Primary,0,Cancer cells,25,TRUE,TRUE,TRUE,TRUE,TRUE,TRUE
HNSCC25_P1_pri_H05_S89_comb,4.584,0,0.28451,6.3552,12.563,7.7464,1,Primary,0,Cancer cells,25,TRUE,FALSE,TRUE,TRUE,TRUE,TRUE
HNSCC25_P1_pri_F12_S72_comb,0,0,0,0,12.543,0.70044,1,Primary,0,Cancer cells,25,FALSE,FALSE,FALSE,FALSE,TRUE,TRUE
HNSCC25_P1_pri_A09_S9_comb,0,0,0,0,10.038,0,0,Primary,0,0,25,FALSE,FALSE,FALSE,FALSE,TRUE,FALSE
HNSCC24_P13_R_LN_A04_S100_comb,0,5.7482,0,9.155,0,0,0,Primary,Fibroblast,Fibroblast,24,FALSE,TRUE,FALSE,TRUE,FALSE,FALSE
HNSCC22_P4_G01_S73_comb,0,0,0,6.9626,0,0,0,Primary,Fibroblast,Fibroblast,22,FALSE,FALSE,FALSE,TRUE,FALSE,FALSE
HNSCC24_P13_R_LN_E03_S147_comb,0,6.9288,0.085425,6.6073,0,0,0,Primary,Fibroblast,Fibroblast,24,FALSE,TRUE,TRUE,TRUE,FALSE,FALSE
HNSCC22_P4_B02_S14_comb,0,0,0,5.8752,1.0293,0,0,Primary,Mast,Mast,22,FALSE,FALSE,FALSE,TRUE,TRUE,FALSE
HNSCC24_P13_R_LN_C02_S122_comb,0,5.4694,0,7.6025,0.19912,0,0,Primary,Fibroblast,Fibroblast,24,FALSE,TRUE,FALSE,TRUE,TRUE,FALSE
HNSCC22_P4_D10_S46_comb,3.506,4.0026,0.52105,0,12.43,6.6864,1,Primary,0,Cancer cells,22,TRUE,TRUE,TRUE,FALSE,TRUE,TRUE
HNSCC24_P13_R_LN_G06_S174_comb,0,4.7906,0,6.8214,0,0,0,Primary,Fibroblast,Fibroblast,24,FALSE,TRUE,FALSE,TRUE,FALSE,FALSE
HNSCC25_P1_pri_E03_S51_comb,4.7503,0.13881,0,6.0847,12.164,0.47197,1,Primary,0,Cancer cells,25,TRUE,TRUE,FALSE,TRUE,TRUE,TRUE
HNSCC24_P25_L_LN_G12_S372_comb,0,0,0,9.5899,0,0,0,Primary,Mast,Mast,24,FALSE,FALSE,FALSE,TRUE,FALSE,FALSE
HNSCC22_P2_pri_D09_S237_comb,1.0573,0,0,4.0663,0,0,0,Primary,Mast,Mast,22,TRUE,FALSE,FALSE,TRUE,FALSE,FALSE
HNSCC24_P13_R_LN_B02_S110_comb,0,8.3886,0,8.8496,0,0,0,Primary,Fibroblast,Fibroblast,24,FALSE,TRUE,FALSE,TRUE,FALSE,FALSE
HNSCC24_P13_R_LN_G02_S170_comb,6.4192,1.8879,0.025738,0.13619,0,0,0,Primary,Fibroblast,Fibroblast,24,TRUE,TRUE,TRUE,TRUE,FALSE,FALSE
HNSCC24_P13_R_LN_F06_S162_comb,5.9555,5.0942,0,7.4036,0,0,0,Primary,Fibroblast,Fibroblast,24,TRUE,TRUE,FALSE,TRUE,FALSE,FALSE
HNSCC24_P13_R_LN_D01_S133_comb,0,1.6036,0,7.4665,0,0,0,Primary,Fibroblast,Fibroblast,24,FALSE,TRUE,FALSE,TRUE,FALSE,FALSE
HNSCC24_P13_R_LN_A05_S101_comb,3.786,0,0,7.5227,0.43403,0,0,Primary,Fibroblast,Fibroblast,24,TRUE,FALSE,FALSE,TRUE,TRUE,FALSE
HNSCC22_P4_H09_S93_comb,3.4355,3.7168,5.9451,0.51299,10.961,8.2545,1,Primary,0,Cancer cells,22,TRUE,TRUE,TRUE,TRUE,TRUE,TRUE
HNSCC25_P1_pri_A05_S5_comb,0,0,0,7.2567,0,0,0,Primary,Fibroblast,Fibroblast,25,FALSE,FALSE,FALSE,TRUE,FALSE,FALSE
HNSCC24_P25_L_LN_G05_S365_comb,0.51702,0,6.0757,0,11.983,9.254,1,Primary,0,Cancer cells,24,TRUE,FALSE,TRUE,FALSE,TRUE,TRUE
HNSCC24_P13_R_LN_F08_S164_comb,5.1162,3.5294,0,8.0067,0,0,0,Primary,Fibroblast,Fibroblast,24,TRUE,TRUE,FALSE,TRUE,FALSE,FALSE
HNSCC24_P13_R_LN_A06_S102_comb,0,7.8702,0.1903,8.0777,0,0,0,Primary,Fibroblast,Fibroblast,24,FALSE,TRUE,TRUE,TRUE,FALSE,FALSE
HNSCC24_P13_R_LN_H02_S182_comb,0,5.6856,0,2.2636,0,0,0,Primary,Fibroblast,Fibroblast,24,FALSE,TRUE,FALSE,TRUE,FALSE,FALSE
HNSCC24_P13_R_LN_C12_S132_comb,6.4052,4.5637,0,6.15,0,0,0,Primary,Fibroblast,Fibroblast,24,TRUE,TRUE,FALSE,TRUE,FALSE,FALSE
HNSCC22_P4_C06_S30_comb,8.3905,0,0.059355,5.3379,0,0,0,Primary,Fibroblast,Fibroblast,22,TRUE,FALSE,TRUE,TRUE,FALSE,FALSE
HNSCC24_P25_L_LN_E06_S342_comb,0,0,0.031395,0.19535,0,0,0,Primary,Mast,Mast,24,FALSE,FALSE,TRUE,TRUE,FALSE,FALSE
HNSCC22_P4_D01_S37_comb,0,0,3.2891,0,12.605,8.5362,1,Primary,0,Cancer cells,22,FALSE,FALSE,TRUE,FALSE,TRUE,TRUE
HNSCC22_P2_pri_A03_S195_comb,0,0,0,3.2351,0,0,0,Primary,Fibroblast,Fibroblast,22,FALSE,FALSE,FALSE,TRUE,FALSE,FALSE
HNSCC25_P1_pri_B04_S16_comb,0,5.4169,5.1329,0.10165,11.258,9.8281,1,Primary,0,Cancer cells,25,FALSE,TRUE,TRUE,TRUE,TRUE,TRUE
HNSCC25_P1_pri_G06_S78_comb,5.2313,4.9395,3.0126,2.4481,0,0,0,Primary,Fibroblast,Fibroblast,25,TRUE,TRUE,TRUE,TRUE,FALSE,FALSE
HNSCC25_P1_pri_B12_S24_comb,5.4144,4.3291,6.1591,6.3085,11.941,5.9289,1,Primary,0,Cancer cells,25,TRUE,TRUE,TRUE,TRUE,TRUE,TRUE
HNSCC25_P1_pri_E05_S53_comb,5.7115,2.7064,7.1648,5.7282,12.245,8.1997,1,Primary,0,Cancer cells,25,TRUE,TRUE,TRUE,TRUE,TRUE,TRUE
HNSCC24_P13_R_LN_D12_S144_comb,5.5006,5.5383,0,7.3616,0,0,0,Primary,Fibroblast,Fibroblast,24,TRUE,TRUE,FALSE,TRUE,FALSE,FALSE
HNSCC22_P4_C12_S36_comb,0,0,0.20163,7.7581,0,0,0,Primary,Mast,Mast,22,FALSE,FALSE,TRUE,TRUE,FALSE,FALSE
HNSCC25_P1_pri_H12_S96_comb,0,5.9937,4.6345,6.2171,10.261,1.6875,1,Primary,0,Cancer cells,25,FALSE,TRUE,TRUE,TRUE,TRUE,TRUE
HNSCC22_P4_G11_S83_comb,3.6527,5.6004,10.263,2.9857,11.855,9.9003,1,Primary,0,Cancer cells,22,TRUE,TRUE,TRUE,TRUE,TRUE,TRUE
HNSCC22_P2_pri_E02_S242_comb,4.0656,6.5462,0.22774,6.6997,3.0885,0.83431,0,Primary,Fibroblast,Fibroblast,22,TRUE,TRUE,TRUE,TRUE,TRUE,TRUE
HNSCC24_P13_R_LN_C07_S127_comb,4.7693,0,0.042644,7.1419,0,0,0,Primary,Fibroblast,Fibroblast,24,TRUE,FALSE,TRUE,TRUE,FALSE,FALSE
HNSCC22_P4_B11_S23_comb,3.5389,0.052416,3.5369,0,12.414,7.9332,1,Primary,0,Cancer cells,22,TRUE,TRUE,TRUE,FALSE,TRUE,TRUE
HNSCC22_P4_B05_S17_comb,2.0025,0,0.81721,0,12.453,9.2248,1,Primary,0,Cancer cells,22,TRUE,FALSE,TRUE,FALSE,TRUE,TRUE
HNSCC22_P2_pri_D01_S229_comb,1.987,0,0.038436,6.7062,0,0,0,Primary,Mast,Mast,22,TRUE,FALSE,TRUE,TRUE,FALSE,FALSE
HNSCC25_P1_pri_D12_S48_comb,6.338,0.085425,1.2786,8.1288,0,0,0,Primary,Fibroblast,Fibroblast,25,TRUE,TRUE,TRUE,TRUE,FALSE,FALSE
HNSCC24_P13_R_LN_F11_S167_comb,0.60975,9.3301,0,7.5605,0,0,0,Primary,Fibroblast,Fibroblast,24,TRUE,TRUE,FALSE,TRUE,FALSE,FALSE
HNSCC24_P13_R_LN_E02_S146_comb,3.8975,4.4821,0,7.9033,0,0,0,Primary,Fibroblast,Fibroblast,24,TRUE,TRUE,FALSE,TRUE,FALSE,FALSE
HNSCC25_P1_pri_A10_S10_comb,7.8345,0,0,7.3596,0,0,0,Primary,Fibroblast,Fibroblast,25,TRUE,FALSE,FALSE,TRUE,FALSE,FALSE
HNSCC22_P2_pri_B12_S216_comb,3.3273,3.3464,5.2961,0,6.6998,1.0711,1,Primary,0,Cancer cells,22,TRUE,TRUE,TRUE,FALSE,TRUE,TRUE
HNSCC24_P13_R_LN_E04_S148_comb,4.2718,4.4965,3.3434,7.3217,0,0,0,Primary,Fibroblast,Fibroblast,24,TRUE,TRUE,TRUE,TRUE,FALSE,FALSE
HNSCC24_P13_R_LN_E10_S154_comb,6.4486,3.8124,0,6.53,0,0,0,Primary,Fibroblast,Fibroblast,24,TRUE,TRUE,FALSE,TRUE,FALSE,FALSE
HNSCC22_P4_H02_S86_comb,2.7166,0,3.5461,0,12.296,8.8208,1,Primary,0,Cancer cells,22,TRUE,FALSE,TRUE,FALSE,TRUE,TRUE
HNSCC25_P1_pri_F06_S66_comb,5.2035,6.8836,0,7.358,0.1776,0,0,Primary,Fibroblast,Fibroblast,25,TRUE,TRUE,FALSE,TRUE,TRUE,FALSE
HNSCC24_P25_L_LN_H06_S378_comb,0,0,0,0,0,0,0,Primary,Mast,Mast,24,FALSE,FALSE,FALSE,FALSE,FALSE,FALSE
HNSCC22_P4_B07_S19_comb,3.5126,0,3.0407,0,11.445,8.4242,1,Primary,0,Cancer cells,22,TRUE,FALSE,TRUE,FALSE,TRUE,TRUE
HNSCC22_P4_E12_S60_comb,0,0.090853,0,4.4593,0,0,0,Primary,Fibroblast,Fibroblast,22,FALSE,TRUE,FALSE,TRUE,FALSE,FALSE
HNSCC22_P2_pri_H05_S281_comb,0,0,0.051024,6.6775,0.27381,0,0,Primary,Dendritic,Dendritic,22,FALSE,FALSE,TRUE,TRUE,TRUE,FALSE
HNSCC24_P13_R_LN_H08_S188_comb,3.6991,5.3279,0,7.9058,0,0,0,Primary,Fibroblast,Fibroblast,24,TRUE,TRUE,FALSE,TRUE,FALSE,FALSE
HNSCC22_P2_pri_C09_S225_comb,3.3667,4.9505,0,6.4132,0.094912,0,0,Primary,Endothelial,Endothelial,22,TRUE,TRUE,FALSE,TRUE,TRUE,FALSE
HNSCC24_P13_R_LN_A02_S98_comb,5.3216,6.1785,0,5.687,0,0,0,Primary,Fibroblast,Fibroblast,24,TRUE,TRUE,FALSE,TRUE,FALSE,FALSE
HNSCC25_P1_pri_G10_S82_comb,5.1481,0,0,8.3267,0,0,0,Primary,Fibroblast,Fibroblast,25,TRUE,FALSE,FALSE,TRUE,FALSE,FALSE
HNSCC22_P4_A07_S7_comb,4.1584,0,0.20539,0,12.165,8.3861,1,Primary,0,Cancer cells,22,TRUE,FALSE,TRUE,FALSE,TRUE,TRUE
HNSCC25_P1_pri_F04_S64_comb,3.7891,0,1.7411,4.7718,11.918,1.7874,1,Primary,0,Cancer cells,25,TRUE,FALSE,TRUE,TRUE,TRUE,TRUE
HNSCC24_P13_R_LN_A08_S104_comb,0,5.749,0,7.8913,0,0,0,Primary,Fibroblast,Fibroblast,24,FALSE,TRUE,FALSE,TRUE,FALSE,FALSE
HNSCC22_P2_pri_C07_S223_comb,0,0,0.02432,7.8121,0,0,0,Primary,Mast,Mast,22,FALSE,FALSE,TRUE,TRUE,FALSE,FALSE
HNSCC24_P13_R_LN_H07_S187_comb,0,0,0,7.6542,0.17632,0,0,Primary,Fibroblast,Fibroblast,24,FALSE,FALSE,FALSE,TRUE,TRUE,FALSE
HNSCC24_P13_R_LN_G09_S177_comb,5.3594,6.9902,0.10969,7.9549,0,0.16607,0,Primary,Fibroblast,Fibroblast,24,TRUE,TRUE,TRUE,TRUE,FALSE,TRUE
HNSCC22_P2_pri_B03_S207_comb,1.9434,6.5512,0.071763,0.15316,0,0,0,Primary,Fibroblast,Fibroblast,22,TRUE,TRUE,TRUE,TRUE,FALSE,FALSE
HNSCC22_P4_A09_S9_comb,6.0172,0,3.4149,0,11.481,7.9798,1,Primary,0,Cancer cells,22,TRUE,FALSE,TRUE,FALSE,TRUE,TRUE
HNSCC24_P13_R_LN_E07_S151_comb,6.0519,5.6043,0.044044,5.2477,0.24245,0,0,Primary,Fibroblast,Fibroblast,24,TRUE,TRUE,TRUE,TRUE,TRUE,FALSE
HNSCC24_P13_R_LN_E01_S145_comb,0,7.9396,0,7.0156,0,0,0,Primary,Fibroblast,Fibroblast,24,FALSE,TRUE,FALSE,TRUE,FALSE,FALSE
HNSCC24_P13_R_LN_G10_S178_comb,0,5.9467,0,7.3836,0,0,0,Primary,Fibroblast,Fibroblast,24,FALSE,TRUE,FALSE,TRUE,FALSE,FALSE
HNSCC24_P13_R_LN_A07_S103_comb,0,6.7983,0,4.5041,0,0,0,Primary,Fibroblast,Fibroblast,24,FALSE,TRUE,FALSE,TRUE,FALSE,FALSE
HNSCC22_P4_B09_S21_comb,0,1.3225,3.1848,4.8634,11.376,8.1022,1,Primary,0,Cancer cells,22,FALSE,TRUE,TRUE,TRUE,TRUE,TRUE
HNSCC22_P2_pri_E07_S247_comb,8.3857,0,0.090853,1.0108,0.90149,0.13881,0,Primary,Fibroblast,Fibroblast,22,TRUE,FALSE,TRUE,TRUE,TRUE,TRUE
HNSCC24_P13_R_LN_C01_S121_comb,3.1339,5.7455,0,7.4012,0,0.19912,0,Primary,Fibroblast,Fibroblast,24,TRUE,TRUE,FALSE,TRUE,FALSE,TRUE
HNSCC22_P2_pri_D04_S232_comb,0,0,0,7.9381,0,0,0,Primary,Fibroblast,Fibroblast,22,FALSE,FALSE,FALSE,TRUE,FALSE,FALSE
HNSCC22_P2_pri_F03_S255_comb,0,0.092207,0,7.0261,0,0,0,Primary,Mast,Mast,22,FALSE,TRUE,FALSE,TRUE,FALSE,FALSE
HNSCC22_P4_F11_S71_comb,3.765,5.6926,9.4629,5.4306,11.208,9.1685,1,Primary,0,Cancer cells,22,TRUE,TRUE,TRUE,TRUE,TRUE,TRUE
HNSCC22_P4_A04_S4_comb,0,0,0,0.53506,0,0,0,Primary,Fibroblast,Fibroblast,22,FALSE,FALSE,FALSE,TRUE,FALSE,FALSE
HNSCC22_P4_C08_S32_comb,3.9808,0,3.7088,0,12.494,9.0941,1,Primary,0,Cancer cells,22,TRUE,FALSE,TRUE,FALSE,TRUE,TRUE
HNSCC25_P1_pri_B07_S19_comb,0,0,0,0,11.886,6.5999,1,Primary,0,Cancer cells,25,FALSE,FALSE,FALSE,FALSE,TRUE,TRUE
HNSCC22_P4_D04_S40_comb,1.308,0,5.6302,0,11.492,7.0012,1,Primary,0,Cancer cells,22,TRUE,FALSE,TRUE,FALSE,TRUE,TRUE
HNSCC24_P13_R_LN_D05_S137_comb,4.133,5.3852,0,8.4553,0.73985,0.23266,0,Primary,Fibroblast,Fibroblast,24,TRUE,TRUE,FALSE,TRUE,TRUE,TRUE
HNSCC22_P2_pri_E10_S250_comb,5.3777,0,0,7.9784,0.35163,0,0,Primary,Fibroblast,Fibroblast,22,TRUE,FALSE,FALSE,TRUE,TRUE,FALSE
HNSCC22_P4_E08_S56_comb,3.4881,0,5.8965,0,12.088,8.2614,1,Primary,0,Cancer cells,22,TRUE,FALSE,TRUE,FALSE,TRUE,TRUE
HNSCC22_P4_F03_S63_comb,4.3256,2.7596,5.4531,0.096262,12.272,8.1982,1,Primary,0,Cancer cells,22,TRUE,TRUE,TRUE,TRUE,TRUE,TRUE
HNSCC22_P4_H12_S96_comb,5.4157,0,3.585,0,11.637,6.8017,1,Primary,0,Cancer cells,22,TRUE,FALSE,TRUE,FALSE,TRUE,TRUE
HNSCC22_P4_D05_S41_comb,0,0,0,0,0.29514,0,0,Primary,Fibroblast,Fibroblast,22,FALSE,FALSE,FALSE,FALSE,TRUE,FALSE
HNSCC22_P4_E03_S51_comb,0,2.6627,0,0.1137,12.102,8.8647,1,Primary,0,Cancer cells,22,FALSE,TRUE,FALSE,TRUE,TRUE,TRUE
HNSCC24_P13_R_LN_B11_S119_comb,0,6.8022,0,7.7147,0,0,0,Primary,Fibroblast,Fibroblast,24,FALSE,TRUE,FALSE,TRUE,FALSE,FALSE
HNSCC22_P4_D02_S38_comb,0,0,0,7.6877,1.1871,0,0,Primary,Fibroblast,Fibroblast,22,FALSE,FALSE,FALSE,TRUE,TRUE,FALSE
HNSCC22_P4_E10_S58_comb,5.3133,4.1426,5.487,3.9835,11.284,8.6478,1,Primary,0,Cancer cells,22,TRUE,TRUE,TRUE,TRUE,TRUE,TRUE
HNSCC25_P1_pri_H07_S91_comb,0,4.3416,0,5.0504,12.715,8.2507,1,Primary,0,Cancer cells,25,FALSE,TRUE,FALSE,TRUE,TRUE,TRUE
HNSCC22_P4_F07_S67_comb,4.1274,3.3656,3.7792,0,12.417,8.0648,1,Primary,0,Cancer cells,22,TRUE,TRUE,TRUE,FALSE,TRUE,TRUE
HNSCC22_P4_D12_S48_comb,0,0,0,7.8567,0.45101,0,0,Primary,Fibroblast,Fibroblast,22,FALSE,FALSE,FALSE,TRUE,TRUE,FALSE
HNSCC25_P1_pri_H09_S93_comb,0,3.5187,0,8.8376,0,0,0,Primary,Fibroblast,Fibroblast,25,FALSE,TRUE,FALSE,TRUE,FALSE,FALSE
HNSCC24_P13_R_LN_D07_S139_comb,5.7164,0,0,5.7495,0,0,0,Primary,Fibroblast,Fibroblast,24,TRUE,FALSE,FALSE,TRUE,FALSE,FALSE
HNSCC24_P13_R_LN_F05_S161_comb,0,0,0,7.347,0.51702,0,0,Primary,Fibroblast,Fibroblast,24,FALSE,FALSE,FALSE,TRUE,TRUE,FALSE
HNSCC22_P2_pri_E04_S244_comb,0,0,0,7.472,0,0,0,Primary,Fibroblast,Fibroblast,22,FALSE,FALSE,FALSE,TRUE,FALSE,FALSE
HNSCC25_P1_pri_F08_S68_comb,0,0,3.2063,0,11.044,0.98477,0,Primary,0,0,25,FALSE,FALSE,TRUE,FALSE,TRUE,TRUE
HNSCC22_P4_B06_S18_comb,0,0,0,6.3935,0,0,0,Primary,Fibroblast,Fibroblast,22,FALSE,FALSE,FALSE,TRUE,FALSE,FALSE
HNSCC25_P1_pri_F11_S71_comb,3.9067,3.6919,2.6814,5.1675,11.572,4.4209,1,Primary,0,Cancer cells,25,TRUE,TRUE,TRUE,TRUE,TRUE,TRUE
HNSCC22_P2_pri_G04_S268_comb,0,0,0,8.5119,0,0,0,Primary,Mast,Mast,22,FALSE,FALSE,FALSE,TRUE,FALSE,FALSE
HNSCC22_P4_G02_S74_comb,3.7872,4.3184,8.4841,4.5738,11.924,10.406,1,Primary,0,Cancer cells,22,TRUE,TRUE,TRUE,TRUE,TRUE,TRUE
HNSCC22_P2_pri_B09_S213_comb,0,0,0.02148,0,0,9.3993,1,Primary,0,Cancer cells,22,FALSE,FALSE,TRUE,FALSE,FALSE,TRUE
HNSCC24_P13_R_LN_A09_S105_comb,0.60786,5.5055,0,5.3539,0.21661,0,0,Primary,Fibroblast,Fibroblast,24,TRUE,TRUE,FALSE,TRUE,TRUE,FALSE
HNSCC24_P13_R_LN_B09_S117_comb,4.5765,4.6959,0,6.387,0,0,0,Primary,Fibroblast,Fibroblast,24,TRUE,TRUE,FALSE,TRUE,FALSE,FALSE
HNSCC25_P1_pri_G08_S80_comb,8.2657,1.4141,0,0,13.363,9.549,0,Primary,0,0,25,TRUE,TRUE,FALSE,FALSE,TRUE,TRUE
HNSCC22_P4_C10_S34_comb,0,0,0.048236,8.5802,0,0,0,Primary,Fibroblast,Fibroblast,22,FALSE,FALSE,TRUE,TRUE,FALSE,FALSE
HNSCC22_P2_pri_G05_S269_comb,0,0,0,5.5598,0.10702,0,0,Primary,Mast,Mast,22,FALSE,FALSE,FALSE,TRUE,TRUE,FALSE
HNSCC24_P13_R_LN_D10_S142_comb,5.1538,2.771,0.05797,6.4986,0,0,0,Primary,Fibroblast,Fibroblast,24,TRUE,TRUE,TRUE,TRUE,FALSE,FALSE
HNSCC22_P4_H08_S92_comb,0.83188,0,0,0,12.181,8.504,1,Primary,0,Cancer cells,22,TRUE,FALSE,FALSE,FALSE,TRUE,TRUE
HNSCC24_P13_R_LN_F01_S157_comb,5.97,0,0,8.4652,0.21412,0,0,Primary,Fibroblast,Fibroblast,24,TRUE,FALSE,FALSE,TRUE,TRUE,FALSE
HNSCC22_P4_E11_S59_comb,2.512,0,0.68975,0,12.404,9.3995,1,Primary,0,Cancer cells,22,TRUE,FALSE,TRUE,FALSE,TRUE,TRUE
HNSCC25_P1_pri_A11_S11_comb,6.2301,4.992,0.1903,7.4789,0.26784,0,0,Primary,Fibroblast,Fibroblast,25,TRUE,TRUE,TRUE,TRUE,TRUE,FALSE
HNSCC22_P2_pri_A05_S197_comb,5.8545,7.1731,0,0.24245,0,0,0,Primary,Fibroblast,Fibroblast,22,TRUE,TRUE,FALSE,TRUE,FALSE,FALSE
HNSCC22_P4_C03_S27_comb,3.4245,0,1.2147,0,11.755,8.8051,1,Primary,0,Cancer cells,22,TRUE,FALSE,TRUE,FALSE,TRUE,TRUE
HNSCC24_P13_R_LN_B03_S111_comb,5.763,5.979,0,6.6948,0,0,0,Primary,Fibroblast,Fibroblast,24,TRUE,TRUE,FALSE,TRUE,FALSE,FALSE
HNSCC25_P1_pri_H11_S95_comb,2.5746,5.0336,4.3207,6.575,11.7,6.9923,1,Primary,0,Cancer cells,25,TRUE,TRUE,TRUE,TRUE,TRUE,TRUE
HNSCC22_P4_F09_S69_comb,1.6498,3.4948,5.3026,0,12.423,9.9145,1,Primary,0,Cancer cells,22,TRUE,TRUE,TRUE,FALSE,TRUE,TRUE
HNSCC25_P1_pri_E11_S59_comb,4.5561,4.3139,5.8195,5.622,11.222,0.65444,1,Primary,0,Cancer cells,25,TRUE,TRUE,TRUE,TRUE,TRUE,TRUE
HNSCC22_P2_pri_B06_S210_comb,0,0,0,6.5762,0,0,0,Primary,Mast,Mast,22,FALSE,FALSE,FALSE,TRUE,FALSE,FALSE
HNSCC22_P4_A06_S6_comb,0,0,0,8.3415,0,0,0,Primary,Mast,Mast,22,FALSE,FALSE,FALSE,TRUE,FALSE,FALSE
HNSCC24_P13_R_LN_H09_S189_comb,0,0,0,0.084064,0,0,0,Primary,Fibroblast,Fibroblast,24,FALSE,FALSE,FALSE,TRUE,FALSE,FALSE
HNSCC22_P4_A08_S8_comb,5.7626,0,0,0.19156,0.24975,0,0,Primary,Fibroblast,Fibroblast,22,TRUE,FALSE,FALSE,TRUE,TRUE,FALSE
HNSCC22_P2_pri_D11_S239_comb,3.5552,3.9769,4.2903,0.24975,11.638,9.464,0,Primary,0,0,22,TRUE,TRUE,TRUE,TRUE,TRUE,TRUE
HNSCC22_P4_B08_S20_comb,0,0,0,6.6279,0.43189,0,0,Primary,Mast,Mast,22,FALSE,FALSE,FALSE,TRUE,TRUE,FALSE
HNSCC22_P4_F08_S68_comb,0,0,0.079975,7.8429,0.50487,0,0,Primary,Fibroblast,Fibroblast,22,FALSE,FALSE,TRUE,TRUE,TRUE,FALSE
HNSCC25_P1_pri_F02_S62_comb,6.6086,0,0,6.4566,0.88284,0,0,Primary,Fibroblast,Fibroblast,25,TRUE,FALSE,FALSE,TRUE,TRUE,FALSE
HNSCC22_P4_F06_S66_comb,5.6084,2.8047,4.1718,0,12.25,9.2046,1,Primary,0,Cancer cells,22,TRUE,TRUE,TRUE,FALSE,TRUE,TRUE
HNSCC25_P1_pri_G12_S84_comb,0,5.3879,0.57628,5.2831,11.448,4.7431,1,Primary,0,Cancer cells,25,FALSE,TRUE,TRUE,TRUE,TRUE,TRUE
HNSCC22_P4_G09_S81_comb,2.57,0,0.11103,0,0,0,0,Primary,Fibroblast,Fibroblast,22,TRUE,FALSE,TRUE,FALSE,FALSE,FALSE
HNSCC24_P13_R_LN_C11_S131_comb,2.4854,0,0,7.6596,3.842,0,0,Primary,Fibroblast,Fibroblast,24,TRUE,FALSE,FALSE,TRUE,TRUE,FALSE
HNSCC22_P4_E09_S57_comb,1.0697,0.35276,7.7866,0,11.948,8.3228,1,Primary,0,Cancer cells,22,TRUE,TRUE,TRUE,FALSE,TRUE,TRUE
HNSCC24_P13_R_LN_D06_S138_comb,0,7.8968,0,7.8222,0,0,0,Primary,Fibroblast,Fibroblast,24,FALSE,TRUE,FALSE,TRUE,FALSE,FALSE
HNSCC25_P1_pri_F03_S63_comb,6.0998,3.8179,4.4664,3.8558,12.474,10.66,1,Primary,0,Cancer cells,25,TRUE,TRUE,TRUE,TRUE,TRUE,TRUE
HNSCC24_P13_R_LN_B12_S120_comb,0,0,0,6.4091,0,0,0,Primary,Fibroblast,Fibroblast,24,FALSE,FALSE,FALSE,TRUE,FALSE,FALSE
HNSCC24_P13_R_LN_H01_S181_comb,4.877,7.6501,0,5.9991,0,0,0,Primary,Fibroblast,Fibroblast,24,TRUE,TRUE,FALSE,TRUE,FALSE,FALSE
HNSCC24_P13_R_LN_A12_S108_comb,1.856,5.43,0,4.2048,0,0,0,Primary,Fibroblast,Fibroblast,24,TRUE,TRUE,FALSE,TRUE,FALSE,FALSE
HNSCC22_P4_D09_S45_comb,4.1553,4.0623,0.44148,0,12.041,8.4119,1,Primary,0,Cancer cells,22,TRUE,TRUE,TRUE,FALSE,TRUE,TRUE
HNSCC22_P4_B12_S24_comb,2.8526,2.6406,7.9085,3.199,11.632,7.6872,1,Primary,0,Cancer cells,22,TRUE,TRUE,TRUE,TRUE,TRUE,TRUE
HNSCC22_P4_F04_S64_comb,0,0,0.063503,7.0894,0.22404,0,0,Primary,Fibroblast,Fibroblast,22,FALSE,FALSE,TRUE,TRUE,TRUE,FALSE
HNSCC22_P4_A11_S11_comb,3.8973,0,4.9892,0,12.174,9.6616,1,Primary,0,Cancer cells,22,TRUE,FALSE,TRUE,FALSE,TRUE,TRUE
HNSCC25_P1_pri_F10_S70_comb,0,0,5.0566,0,0,0,0,Primary,0,0,25,FALSE,FALSE,TRUE,FALSE,FALSE,FALSE
HNSCC24_P13_R_LN_G07_S175_comb,3.7521,6.0238,0,8.1893,0,0,0,Primary,Fibroblast,Fibroblast,24,TRUE,TRUE,FALSE,TRUE,FALSE,FALSE
HNSCC22_P4_D08_S44_comb,4.564,3.1192,5.2984,0,12.642,8.6393,1,Primary,0,Cancer cells,22,TRUE,TRUE,TRUE,FALSE,TRUE,TRUE
HNSCC22_P2_pri_C01_S217_comb,0,0,0,1.7515,0,0,0,Primary,Fibroblast,Fibroblast,22,FALSE,FALSE,FALSE,TRUE,FALSE,FALSE
HNSCC22_P2_pri_H07_S283_comb,0,0,0,7.5255,0,0,0,Primary,Fibroblast,Fibroblast,22,FALSE,FALSE,FALSE,TRUE,FALSE,FALSE
HNSCC24_P13_R_LN_E08_S152_comb,0,3.9606,0.05797,8.2065,0,0,0,Primary,Fibroblast,Fibroblast,24,FALSE,TRUE,TRUE,TRUE,FALSE,FALSE
HNSCC22_P4_E02_S50_comb,4.0162,0,7.0126,0,13.012,9.8761,1,Primary,0,Cancer cells,22,TRUE,FALSE,TRUE,FALSE,TRUE,TRUE
HNSCC24_P13_R_LN_B06_S114_comb,3.9008,5.5004,0,7.8852,0,0,0,Primary,Fibroblast,Fibroblast,24,TRUE,TRUE,FALSE,TRUE,FALSE,FALSE
HNSCC24_P13_R_LN_E11_S155_comb,0,0,0,7.8315,0,0,0,Primary,Mast,Mast,24,FALSE,FALSE,FALSE,TRUE,FALSE,FALSE
HNSCC24_P13_R_LN_B04_S112_comb,5.3025,6.0765,0.066261,6.2637,0.1903,0,0,Primary,Fibroblast,Fibroblast,24,TRUE,TRUE,TRUE,TRUE,TRUE,FALSE
HNSCC22_P4_D07_S43_comb,7.2073,0,0.075875,3.6818,0,0,0,Primary,Fibroblast,Fibroblast,22,TRUE,FALSE,TRUE,TRUE,FALSE,FALSE
HNSCC24_P13_R_LN_C08_S128_comb,5.9904,0,0.10299,7.4035,0,0,0,Primary,Fibroblast,Fibroblast,24,TRUE,FALSE,TRUE,TRUE,FALSE,FALSE
HNSCC25_P1_pri_G07_S79_comb,0,0.24367,3.3307,4.2495,12.774,6.8288,1,Primary,0,Cancer cells,25,FALSE,TRUE,TRUE,TRUE,TRUE,TRUE
HNSCC22_P2_pri_C12_S228_comb,5.9364,0,0.22404,0,11.712,9.6581,0,Primary,0,0,22,TRUE,FALSE,TRUE,FALSE,TRUE,TRUE
HNSCC25_P1_pri_G03_S75_comb,4.4102,2.45,1.3896,3.6873,12.069,1.451,1,Primary,0,Cancer cells,25,TRUE,TRUE,TRUE,TRUE,TRUE,TRUE
HNSCC24_P13_R_LN_B07_S115_comb,0.80735,6.7169,0.08134,8.5028,0.33228,0,0,Primary,Fibroblast,Fibroblast,24,TRUE,TRUE,TRUE,TRUE,TRUE,FALSE
HNSCC24_P25_L_LN_G11_S371_comb,4.2532,0,4.0486,5.0959,10.62,6.6304,0,Primary,0,0,24,TRUE,FALSE,TRUE,TRUE,TRUE,TRUE
HNSCC22_P2_pri_F11_S263_comb,0,6.2974,0,2.5794,7.1356,0,0,Primary,Fibroblast,Fibroblast,22,FALSE,TRUE,FALSE,TRUE,TRUE,FALSE
HNSCC22_P2_pri_C08_S224_comb,0,1.2738,0,6.8199,0,0,0,Primary,Mast,Mast,22,FALSE,TRUE,FALSE,TRUE,FALSE,FALSE
HNSCC22_P4_F01_S61_comb,5.129,0,4.4928,0,12.059,7.569,1,Primary,0,Cancer cells,22,TRUE,FALSE,TRUE,FALSE,TRUE,TRUE
HNSCC22_P2_pri_E09_S249_comb,3.5695,2.4727,0.056584,0,9.8592,5.8873,0,Primary,0,0,22,TRUE,TRUE,TRUE,FALSE,TRUE,TRUE
HNSCC22_P2_pri_B05_S209_comb,0,0,0,5.813,0,0,0,Primary,Mast,Mast,22,FALSE,FALSE,FALSE,TRUE,FALSE,FALSE
HNSCC22_P4_D11_S47_comb,4.1024,0,1.8992,0.12697,12.272,9.8078,1,Primary,0,Cancer cells,22,TRUE,FALSE,TRUE,TRUE,TRUE,TRUE
HNSCC22_P2_pri_D07_S235_comb,0,0,0,7.6112,0,0,0,Primary,Mast,Mast,22,FALSE,FALSE,FALSE,TRUE,FALSE,FALSE
HNSCC22_P4_C09_S33_comb,2.786,0,3.5592,0,12.895,7.5608,1,Primary,0,Cancer cells,22,TRUE,FALSE,TRUE,FALSE,TRUE,TRUE
HNSCC25_P1_pri_G05_S77_comb,5.5155,4.0721,4.1085,3.7204,11.239,9.7539,1,Primary,0,Cancer cells,25,TRUE,TRUE,TRUE,TRUE,TRUE,TRUE
HNSCC22_P4_C07_S31_comb,0,3.0147,4.4555,0,10.892,6.4154,1,Primary,0,Cancer cells,22,FALSE,TRUE,TRUE,FALSE,TRUE,TRUE
HNSCC25_P1_pri_C03_S27_comb,4.5561,5.7776,5.1915,5.345,10.86,8.9747,1,Primary,0,Cancer cells,25,TRUE,TRUE,TRUE,TRUE,TRUE,TRUE
HNSCC25_P1_pri_F05_S65_comb,0,0,0,3.0876,0.20163,0,0,Primary,Dendritic,Dendritic,25,FALSE,FALSE,FALSE,TRUE,TRUE,FALSE
HNSCC22_P4_H04_S88_comb,4.9064,0,4.6461,0,12.409,8.3095,1,Primary,0,Cancer cells,22,TRUE,FALSE,TRUE,FALSE,TRUE,TRUE
HNSCC22_P4_G05_S77_comb,4.5063,4.5198,1.8246,0,11.891,8.3623,1,Primary,0,Cancer cells,22,TRUE,TRUE,TRUE,FALSE,TRUE,TRUE
HNSCC22_P4_B04_S16_comb,0,0,0,9.7375,0,0,0,Primary,Mast,Mast,22,FALSE,FALSE,FALSE,TRUE,FALSE,FALSE
HNSCC24_P13_R_LN_A10_S106_comb,2.8468,5.5916,0,8.3549,0,0,0,Primary,Fibroblast,Fibroblast,24,TRUE,TRUE,FALSE,TRUE,FALSE,FALSE
HNSCC25_P1_pri_C10_S34_comb,4.8879,5.4731,0,7.4929,0,0,0,Primary,Fibroblast,Fibroblast,25,TRUE,TRUE,FALSE,TRUE,FALSE,FALSE
HNSCC22_P4_E04_S52_comb,6.9699,0,0,5.9866,0,0,0,Primary,Fibroblast,Fibroblast,22,TRUE,FALSE,FALSE,TRUE,FALSE,FALSE
HNSCC22_P4_A03_S3_comb,3.8503,0,6.3781,0.098958,12.488,9.3324,1,Primary,0,Cancer cells,22,TRUE,FALSE,TRUE,TRUE,TRUE,TRUE
HNSCC24_P13_R_LN_H04_S184_comb,0,6.1003,0.060739,7.823,0.17505,0,0,Primary,Fibroblast,Fibroblast,24,FALSE,TRUE,TRUE,TRUE,TRUE,FALSE
HNSCC22_P4_F02_S62_comb,0.33113,0,4.3402,0,11.993,8.2105,1,Primary,0,Cancer cells,22,TRUE,FALSE,TRUE,FALSE,TRUE,TRUE
HNSCC22_P4_F10_S70_comb,5.4917,0,7.0714,0,12.616,11.69,1,Primary,0,Cancer cells,22,TRUE,FALSE,TRUE,FALSE,TRUE,TRUE
HNSCC24_P13_R_LN_F02_S158_comb,0,0,0,7.4606,0,0,0,Primary,Fibroblast,Fibroblast,24,FALSE,FALSE,FALSE,TRUE,FALSE,FALSE
HNSCC24_P13_R_LN_E05_S149_comb,5.2954,5.467,5.323,7.348,0.82293,0,0,Primary,Fibroblast,Fibroblast,24,TRUE,TRUE,TRUE,TRUE,TRUE,FALSE
HNSCC24_P13_R_LN_E09_S153_comb,5.723,4.7657,0.029983,6.89,0,0,0,Primary,Fibroblast,Fibroblast,24,TRUE,TRUE,TRUE,TRUE,FALSE,FALSE
HNSCC22_P2_pri_C03_S219_comb,5.0751,3.8558,0,4.3771,0.13619,0,0,Primary,Fibroblast,Fibroblast,22,TRUE,TRUE,FALSE,TRUE,TRUE,FALSE
HNSCC24_P25_L_LN_E10_S346_comb,4.476,0.8472,3.3333,6.5439,10.861,5.3713,0,Primary,0,0,24,TRUE,TRUE,TRUE,TRUE,TRUE,TRUE
HNSCC25_P1_pri_H01_S85_comb,5.5491,4.2179,1.7407,3.4735,11.916,6.2173,1,Primary,0,Cancer cells,25,TRUE,TRUE,TRUE,TRUE,TRUE,TRUE
HNSCC22_P2_pri_F08_S260_comb,0,0,0,0.08134,0,0,0,Primary,Mast,Mast,22,FALSE,FALSE,FALSE,TRUE,FALSE,FALSE
HNSCC22_P4_B01_S13_comb,0,3.7009,3.5414,0,12.787,8.2119,1,Primary,0,Cancer cells,22,FALSE,TRUE,TRUE,FALSE,TRUE,TRUE
HNSCC25_P1_pri_E02_S50_comb,0,0,0.19912,4.9986,11.37,3.8909,1,Primary,0,Cancer cells,25,FALSE,FALSE,TRUE,TRUE,TRUE,TRUE
HNSCC22_P4_B10_S22_comb,5.817,0,0.052416,6.0218,0,0,0,Primary,Mast,Mast,22,TRUE,FALSE,TRUE,TRUE,FALSE,FALSE
HNSCC25_P1_pri_D03_S39_comb,4.6765,6.0255,3.9474,5.1005,11.346,1.4404,1,Primary,0,Cancer cells,25,TRUE,TRUE,TRUE,TRUE,TRUE,TRUE
HNSCC22_P2_pri_E11_S251_comb,4.9932,0,0.20789,7.374,5.2012,2.2144,0,Primary,Fibroblast,Fibroblast,22,TRUE,FALSE,TRUE,TRUE,TRUE,TRUE
HNSCC24_P13_R_LN_G03_S171_comb,1.2869,5.4779,0,7.166,0,0,0,Primary,Fibroblast,Fibroblast,24,TRUE,TRUE,FALSE,TRUE,FALSE,FALSE
HNSCC20_P15_LN_B04_S208_comb,0,0,0.049631,0,0.14274,11.258,1,Lymph node,0,Cancer cells,20,FALSE,FALSE,TRUE,FALSE,TRUE,TRUE
HNSCC20_P15_LN_C10_S226_comb,4.4248,0.04684,0,0,8.6706,11.205,1,Lymph node,0,Cancer cells,20,TRUE,TRUE,FALSE,FALSE,TRUE,TRUE
HNSCC20_P15_LN_G05_S269_comb,5.3344,0,0,0,6.4323,10.887,1,Lymph node,0,Cancer cells,20,TRUE,FALSE,FALSE,FALSE,TRUE,TRUE
HNSCC20_P15_LN_E01_S241_comb,4.0709,0,4.531,0,8.5687,10.853,1,Lymph node,0,Cancer cells,20,TRUE,FALSE,TRUE,FALSE,TRUE,TRUE
HNSCC20_P15_LN_F01_S253_comb,0,0,0,0,9.5007,11.957,1,Lymph node,0,Cancer cells,20,FALSE,FALSE,FALSE,FALSE,TRUE,TRUE
HNSCC20_P15_LN_C03_S219_comb,1.272,2.8102,0.052416,0,0,7.2397,1,Lymph node,0,Cancer cells,20,TRUE,TRUE,TRUE,FALSE,FALSE,TRUE
HNSCC20_P15_LN_F04_S256_comb,3.9583,0,2.7732,0,9.8503,10.659,1,Lymph node,0,Cancer cells,20,TRUE,FALSE,TRUE,FALSE,TRUE,TRUE
HNSCC20_P15_LN_G03_S267_comb,0,0,4.8927,0,9.1166,11.358,1,Lymph node,0,Cancer cells,20,FALSE,FALSE,TRUE,FALSE,TRUE,TRUE
HNSCC20_P15_LN_D04_S232_comb,3.6911,0,0,0,7.9999,10.284,1,Lymph node,0,Cancer cells,20,TRUE,FALSE,FALSE,FALSE,TRUE,TRUE
HNSCC20_P15_LN_A10_S202_comb,0,0,4.6972,0,10.117,12.788,1,Lymph node,0,Cancer cells,20,FALSE,FALSE,TRUE,FALSE,TRUE,TRUE
HNSCC20_P15_LN_H04_S280_comb,4.2584,0,0,0,8.3765,9.0625,1,Lymph node,0,Cancer cells,20,TRUE,FALSE,FALSE,FALSE,TRUE,TRUE
HNSCC20_P5_pri_F10_S70_comb,5.4138,5.5002,0,6.8573,0,0,0,Primary,Fibroblast,Fibroblast,20,TRUE,TRUE,FALSE,TRUE,FALSE,FALSE
HNSCC20_P5_pri_F02_S62_comb,4.151,0.082703,4.4021,0,9.352,12.34,1,Primary,0,Cancer cells,20,TRUE,TRUE,TRUE,FALSE,TRUE,TRUE
HNSCC20_P15_LN_A02_S194_comb,0,0,0.12433,0,6.9191,10.658,1,Lymph node,0,Cancer cells,20,FALSE,FALSE,TRUE,FALSE,TRUE,TRUE
HNSCC20_P5_pri_E04_S52_comb,4.0277,0.78409,0,0,7.5149,12.138,1,Primary,0,Cancer cells,20,TRUE,TRUE,FALSE,FALSE,TRUE,TRUE
HNSCC20_P15_LN_E10_S250_comb,0.57918,0,6.8482,0.68077,9.2911,9.2742,1,Lymph node,0,Cancer cells,20,TRUE,FALSE,TRUE,TRUE,TRUE,TRUE
HNSCC20_P5_pri_H07_S91_comb,3.4068,2.9564,2.5013,0,7.8812,12.681,1,Primary,0,Cancer cells,20,TRUE,TRUE,TRUE,FALSE,TRUE,TRUE
HNSCC20_P15_LN_G02_S266_comb,5.5875,5.2759,0,0,7.9286,8.9676,1,Lymph node,0,Cancer cells,20,TRUE,TRUE,FALSE,FALSE,TRUE,TRUE
HNSCC20_P15_LN_E07_S247_comb,5.1042,0,0,0,6.0132,10.359,1,Lymph node,0,Cancer cells,20,TRUE,FALSE,FALSE,FALSE,TRUE,TRUE
HNSCC20_P5_pri_D03_S39_comb,0.54102,2.8051,0,0,6.2945,10.649,1,Primary,0,Cancer cells,20,TRUE,TRUE,FALSE,FALSE,TRUE,TRUE
HNSCC20_P5_pri_G09_S81_comb,2.826,0,4.8957,0,11.995,10.642,1,Primary,0,Cancer cells,20,TRUE,FALSE,TRUE,FALSE,TRUE,TRUE
HNSCC20_P5_pri_H03_S87_comb,2.7275,0,0,0,8.0858,11.918,1,Primary,0,Cancer cells,20,TRUE,FALSE,FALSE,FALSE,TRUE,TRUE
HNSCC20_P15_LN_D03_S231_comb,0,5.0055,0.08134,0.25096,5.0323,11.376,1,Lymph node,0,Cancer cells,20,FALSE,TRUE,TRUE,TRUE,TRUE,TRUE
HNSCC20_P5_pri_B09_S21_comb,4.3428,1.7753,4.3746,0,9.9704,10.702,1,Primary,0,Cancer cells,20,TRUE,TRUE,TRUE,FALSE,TRUE,TRUE
HNSCC20_P5_pri_G05_S77_comb,0,0,0,0,8.2916,10.856,1,Primary,0,Cancer cells,20,FALSE,FALSE,FALSE,FALSE,TRUE,TRUE
HNSCC20_P5_pri_D05_S41_comb,4.1961,1.3426,6.3519,0,8.9661,11.512,1,Primary,0,Cancer cells,20,TRUE,TRUE,TRUE,FALSE,TRUE,TRUE
HNSCC20_P5_pri_C12_S36_comb,0,0,7.5739,0,10.756,12.274,1,Primary,0,Cancer cells,20,FALSE,FALSE,TRUE,FALSE,TRUE,TRUE
HNSCC20_P15_LN_D01_S229_comb,4.9795,0,0.10969,0,4.441,11.968,1,Lymph node,0,Cancer cells,20,TRUE,FALSE,TRUE,FALSE,TRUE,TRUE
HNSCC20_P15_LN_D08_S236_comb,0,0,6.058,0,0,10.049,1,Lymph node,0,Cancer cells,20,FALSE,FALSE,TRUE,FALSE,FALSE,TRUE
HNSCC20_P5_pri_D08_S44_comb,0,0,0,0,0,10.479,1,Primary,0,Cancer cells,20,FALSE,FALSE,FALSE,FALSE,FALSE,TRUE
HNSCC20_P5_pri_G02_S74_comb,0,0,0,0,0.31499,12.093,1,Primary,0,Cancer cells,20,FALSE,FALSE,FALSE,FALSE,TRUE,TRUE
HNSCC20_P5_pri_B02_S14_comb,0,5.707,11.055,0,9.2048,9.9483,1,Primary,0,Cancer cells,20,FALSE,TRUE,TRUE,FALSE,TRUE,TRUE
HNSCC20_P5_pri_C03_S27_comb,6.3878,0,0,7.0023,0.28214,0,0,Primary,Fibroblast,Fibroblast,20,TRUE,FALSE,FALSE,TRUE,TRUE,FALSE
HNSCC20_P15_LN_E09_S249_comb,3.8097,0,0,0,6.649,10.59,1,Lymph node,0,Cancer cells,20,TRUE,FALSE,FALSE,FALSE,TRUE,TRUE
HNSCC20_P15_LN_B12_S216_comb,4.3159,0,0,0,8.5409,9.6713,1,Lymph node,0,Cancer cells,20,TRUE,FALSE,FALSE,FALSE,TRUE,TRUE
HNSCC20_P5_pri_A09_S9_comb,0,0,0.048236,0,9.0329,10.763,1,Primary,0,Cancer cells,20,FALSE,FALSE,TRUE,FALSE,TRUE,TRUE
HNSCC20_P15_LN_B10_S214_comb,2.5624,0,4.8392,0,9.3977,8.811,1,Lymph node,0,Cancer cells,20,TRUE,FALSE,TRUE,FALSE,TRUE,TRUE
HNSCC20_P5_pri_A07_S7_comb,0,0,0,0,4.9503,9.3341,1,Primary,0,Cancer cells,20,FALSE,FALSE,FALSE,FALSE,TRUE,TRUE
HNSCC20_P15_LN_G12_S276_comb,0,0,0,0,6.7759,10.423,1,Lymph node,0,Cancer cells,20,FALSE,FALSE,FALSE,FALSE,TRUE,TRUE
HNSCC20_P5_pri_A08_S8_comb,0,3.2892,8.6468,0,9.7121,11.611,1,Primary,0,Cancer cells,20,FALSE,TRUE,TRUE,FALSE,TRUE,TRUE
HNSCC20_P15_LN_H01_S277_comb,0.48336,0,1.2234,0,7.9818,10.241,1,Lymph node,0,Cancer cells,20,TRUE,FALSE,TRUE,FALSE,TRUE,TRUE
HNSCC20_P5_pri_G04_S76_comb,2.2382,0,0.14926,0,9.9744,10.59,1,Primary,0,Cancer cells,20,TRUE,FALSE,TRUE,FALSE,TRUE,TRUE
HNSCC20_P5_pri_C02_S26_comb,5.1562,0,0,0,8.8661,10.477,1,Primary,0,Cancer cells,20,TRUE,FALSE,FALSE,FALSE,TRUE,TRUE
HNSCC20_P5_pri_C06_S30_comb,0,0,0.37962,0,8.3046,13.496,1,Primary,0,Cancer cells,20,FALSE,FALSE,TRUE,FALSE,TRUE,TRUE
HNSCC20_P5_pri_D04_S40_comb,4.3425,0,3.9356,0,9.5847,10.967,1,Primary,0,Cancer cells,20,TRUE,FALSE,TRUE,FALSE,TRUE,TRUE
HNSCC20_P5_pri_D12_S48_comb,0,0,0,0,0.33571,11.724,1,Primary,0,Cancer cells,20,FALSE,FALSE,FALSE,FALSE,TRUE,TRUE
HNSCC20_P15_LN_D07_S235_comb,0,0,3.4344,0,9.2621,9.78,1,Lymph node,0,Cancer cells,20,FALSE,FALSE,TRUE,FALSE,TRUE,TRUE
HNSCC20_P15_LN_E05_S245_comb,0,3.5092,3.4284,3.3367,0,9.7405,1,Lymph node,0,Cancer cells,20,FALSE,TRUE,TRUE,TRUE,FALSE,TRUE
HNSCC20_P5_pri_F01_S61_comb,0,0,0,0,7.1148,11.751,1,Primary,0,Cancer cells,20,FALSE,FALSE,FALSE,FALSE,TRUE,TRUE
HNSCC20_P15_LN_A12_S204_comb,0.67265,0,0,0,8.3479,9.3618,1,Lymph node,0,Cancer cells,20,TRUE,FALSE,FALSE,FALSE,TRUE,TRUE
HNSCC20_P5_pri_F05_S65_comb,0,0,0,0,0,0,0,Primary,0,0,20,FALSE,FALSE,FALSE,FALSE,FALSE,FALSE
HNSCC20_P5_pri_B04_S16_comb,0,0,0,0,8.4084,8.4091,0,Primary,0,0,20,FALSE,FALSE,FALSE,FALSE,TRUE,TRUE
HNSCC20_P15_LN_F05_S257_comb,0,0,0.22157,0,8.3962,10.586,1,Lymph node,0,Cancer cells,20,FALSE,FALSE,TRUE,FALSE,TRUE,TRUE
HNSCC20_P15_LN_F07_S259_comb,0,0,0,0,0.12433,11.623,1,Lymph node,0,Cancer cells,20,FALSE,FALSE,FALSE,FALSE,TRUE,TRUE
HNSCC20_P5_pri_B07_S19_comb,0,1.2351,3.5238,0,9.0728,11.906,1,Primary,0,Cancer cells,20,FALSE,TRUE,TRUE,FALSE,TRUE,TRUE
HNSCC20_P15_LN_H11_S287_comb,3.8752,0,0,0,6.836,12.206,1,Lymph node,0,Cancer cells,20,TRUE,FALSE,FALSE,FALSE,TRUE,TRUE
HNSCC20_P15_LN_F08_S260_comb,0,0,0,0,7.4616,8.4568,1,Lymph node,0,Cancer cells,20,FALSE,FALSE,FALSE,FALSE,TRUE,TRUE
HNSCC20_P5_pri_F11_S71_comb,5.2889,5.3045,0,5.8986,0.70044,1.3045,0,Primary,Fibroblast,Fibroblast,20,TRUE,TRUE,FALSE,TRUE,TRUE,TRUE
HNSCC20_P15_LN_A03_S195_comb,4.3652,0,0,0,10.405,11.325,1,Lymph node,0,Cancer cells,20,TRUE,FALSE,FALSE,FALSE,TRUE,TRUE
HNSCC20_P15_LN_H02_S278_comb,4.4277,0,0,0,0,10.573,1,Lymph node,0,Cancer cells,20,TRUE,FALSE,FALSE,FALSE,FALSE,TRUE
HNSCC20_P15_LN_B06_S210_comb,0,0,0,0,0.74071,1.2636,0,Lymph node,0,0,20,FALSE,FALSE,FALSE,FALSE,TRUE,TRUE
HNSCC20_P15_LN_A06_S198_comb,3.5992,0,0,0,7.8244,10.845,1,Lymph node,0,Cancer cells,20,TRUE,FALSE,FALSE,FALSE,TRUE,TRUE
HNSCC20_P15_LN_H10_S286_comb,0,0,4.586,0,0,10.269,1,Lymph node,0,Cancer cells,20,FALSE,FALSE,TRUE,FALSE,FALSE,TRUE
HNSCC20_P5_pri_B11_S23_comb,2.9738,0,0.85679,0,0.35163,12.878,1,Primary,0,Cancer cells,20,TRUE,FALSE,TRUE,FALSE,TRUE,TRUE
HNSCC20_P5_pri_G06_S78_comb,4.0063,0,0.042644,0,7.0234,11.257,1,Primary,0,Cancer cells,20,TRUE,FALSE,TRUE,FALSE,TRUE,TRUE
HNSCC20_P15_LN_C09_S225_comb,0,5.3842,0,0.35727,7.7445,8.6682,1,Lymph node,0,Cancer cells,20,FALSE,TRUE,FALSE,TRUE,TRUE,TRUE
HNSCC20_P5_pri_B03_S15_comb,6.0898,0,0,7.7042,0,0.18396,0,Primary,Fibroblast,Fibroblast,20,TRUE,FALSE,FALSE,TRUE,FALSE,TRUE
HNSCC20_P15_LN_H03_S279_comb,3.7421,0,0.042644,0,6.9459,10.517,1,Lymph node,0,Cancer cells,20,TRUE,FALSE,TRUE,FALSE,TRUE,TRUE
HNSCC20_P5_pri_F07_S67_comb,0,0,0,0,7.9009,10.614,1,Primary,0,Cancer cells,20,FALSE,FALSE,FALSE,FALSE,TRUE,TRUE
HNSCC20_P5_pri_D02_S38_comb,2.9379,0,0.44996,0,8.0497,9.3978,1,Primary,0,Cancer cells,20,TRUE,FALSE,TRUE,FALSE,TRUE,TRUE
HNSCC20_P15_LN_G08_S272_comb,0,0,0,0,10.097,9.7263,1,Lymph node,0,Cancer cells,20,FALSE,FALSE,FALSE,FALSE,TRUE,TRUE
HNSCC20_P15_LN_D12_S240_comb,4.6807,0,0.34937,0,0,11.095,1,Lymph node,0,Cancer cells,20,TRUE,FALSE,TRUE,FALSE,FALSE,TRUE
HNSCC20_P5_pri_C01_S25_comb,0.45101,0,0,0,0,12.078,1,Primary,0,Cancer cells,20,TRUE,FALSE,FALSE,FALSE,FALSE,TRUE
HNSCC20_P15_LN_A07_S199_comb,4.1307,0,4.6295,3.6015,8.863,10.359,1,Lymph node,0,Cancer cells,20,TRUE,FALSE,TRUE,TRUE,TRUE,TRUE
HNSCC20_P15_LN_F03_S255_comb,0,0,0.25217,0,9.0908,10.777,1,Lymph node,0,Cancer cells,20,FALSE,FALSE,TRUE,FALSE,TRUE,TRUE
HNSCC20_P15_LN_H05_S281_comb,4.1059,0,0,0,8.8242,7.3397,1,Lymph node,0,Cancer cells,20,TRUE,FALSE,FALSE,FALSE,TRUE,TRUE
HNSCC20_P15_LN_A04_S196_comb,4.613,4.7888,4.0503,0,6.7523,9.8338,1,Lymph node,0,Cancer cells,20,TRUE,TRUE,TRUE,FALSE,TRUE,TRUE
HNSCC20_P15_LN_D10_S238_comb,5.5307,3.8435,0.11902,0,4.7007,12.683,1,Lymph node,0,Cancer cells,20,TRUE,TRUE,TRUE,FALSE,TRUE,TRUE
HNSCC20_P5_pri_D10_S46_comb,0,0,0,0,6.5466,11.894,1,Primary,0,Cancer cells,20,FALSE,FALSE,FALSE,FALSE,TRUE,TRUE
HNSCC20_P15_LN_B11_S215_comb,4.91,0,2.5082,0,1.877,9.3728,1,Lymph node,0,Cancer cells,20,TRUE,FALSE,TRUE,FALSE,TRUE,TRUE
HNSCC20_P5_pri_E08_S56_comb,0,0,6.9129,0,10.83,11.023,1,Primary,0,Cancer cells,20,FALSE,FALSE,TRUE,FALSE,TRUE,TRUE
HNSCC20_P15_LN_A01_S193_comb,5.5055,0,0,0,6.8847,11.021,1,Lymph node,0,Cancer cells,20,TRUE,FALSE,FALSE,FALSE,TRUE,TRUE
HNSCC20_P5_pri_C04_S28_comb,5.1188,6.7057,0,6.7994,0,0.16479,0,Primary,Fibroblast,Fibroblast,20,TRUE,TRUE,FALSE,TRUE,FALSE,TRUE
HNSCC20_P15_LN_C04_S220_comb,5.6643,0,0,0,8.4275,10.485,1,Lymph node,0,Cancer cells,20,TRUE,FALSE,FALSE,FALSE,TRUE,TRUE
HNSCC20_P15_LN_E06_S246_comb,0,0,0,0,2.2786,9.523,1,Lymph node,0,Cancer cells,20,FALSE,FALSE,FALSE,FALSE,TRUE,TRUE
HNSCC20_P15_LN_C01_S217_comb,4.8263,0,2.1712,0,8.5389,11.432,1,Lymph node,0,Cancer cells,20,TRUE,FALSE,TRUE,FALSE,TRUE,TRUE
HNSCC20_P5_pri_D06_S42_comb,4.0909,0,0,0,7.5745,12.428,1,Primary,0,Cancer cells,20,TRUE,FALSE,FALSE,FALSE,TRUE,TRUE
HNSCC20_P5_pri_G11_S83_comb,3.3702,0,0,0,8.2667,11.06,1,Primary,0,Cancer cells,20,TRUE,FALSE,FALSE,FALSE,TRUE,TRUE
HNSCC20_P15_LN_E08_S248_comb,4.8191,0,4.5447,0,7.956,8.3241,1,Lymph node,0,Cancer cells,20,TRUE,FALSE,TRUE,FALSE,TRUE,TRUE
HNSCC20_P15_LN_G01_S265_comb,4.06,0.10434,3.5663,0,8.515,10.273,1,Lymph node,0,Cancer cells,20,TRUE,TRUE,TRUE,FALSE,TRUE,TRUE
HNSCC20_P15_LN_F12_S264_comb,4.2812,1.1884,3.6566,0,9.3451,10.843,1,Lymph node,0,Cancer cells,20,TRUE,TRUE,TRUE,FALSE,TRUE,TRUE
HNSCC20_P15_LN_D06_S234_comb,0.55876,0.38957,0.045443,0,5.8911,10.007,1,Lymph node,0,Cancer cells,20,TRUE,TRUE,TRUE,FALSE,TRUE,TRUE
HNSCC20_P15_LN_E12_S252_comb,4.2816,0,0,0,0.16736,11.599,1,Lymph node,0,Cancer cells,20,TRUE,FALSE,FALSE,FALSE,TRUE,TRUE
HNSCC20_P5_pri_H05_S89_comb,0,0,0,0,0,12.025,1,Primary,0,Cancer cells,20,FALSE,FALSE,FALSE,FALSE,FALSE,TRUE
HNSCC20_P15_LN_A05_S197_comb,2.7502,0,1.0058,0,8.281,10.023,1,Lymph node,0,Cancer cells,20,TRUE,FALSE,TRUE,FALSE,TRUE,TRUE
HNSCC20_P5_pri_G08_S80_comb,0,0,0,0,0.39835,0,0,Primary,Fibroblast,Fibroblast,20,FALSE,FALSE,FALSE,FALSE,TRUE,FALSE
HNSCC20_P5_pri_E03_S51_comb,4.8428,0,0.085425,0,9.312,12.233,1,Primary,0,Cancer cells,20,TRUE,FALSE,TRUE,FALSE,TRUE,TRUE
HNSCC20_P15_LN_C11_S227_comb,0,0,0,0,8.4153,9.9766,1,Lymph node,0,Cancer cells,20,FALSE,FALSE,FALSE,FALSE,TRUE,TRUE
HNSCC20_P5_pri_E02_S50_comb,0.64708,0,0,0,8.1138,9.6344,0,Primary,0,0,20,TRUE,FALSE,FALSE,FALSE,TRUE,TRUE
HNSCC20_P5_pri_H09_S93_comb,0,0,0,0,0.34142,12.264,1,Primary,0,Cancer cells,20,FALSE,FALSE,FALSE,FALSE,TRUE,TRUE
HNSCC20_P5_pri_F08_S68_comb,5.2894,0,6.0076,0,9.7036,11.25,1,Primary,0,Cancer cells,20,TRUE,FALSE,TRUE,FALSE,TRUE,TRUE
HNSCC20_P15_LN_C06_S222_comb,0,0,4.5269,0,4.8957,8.8646,1,Lymph node,0,Cancer cells,20,FALSE,FALSE,TRUE,FALSE,TRUE,TRUE
HNSCC20_P5_pri_E06_S54_comb,4.2037,0,0.50284,0,8.2609,11.303,1,Primary,0,Cancer cells,20,TRUE,FALSE,TRUE,FALSE,TRUE,TRUE
HNSCC20_P15_LN_D09_S237_comb,4.1056,0,0,0,5.9785,10.772,1,Lymph node,0,Cancer cells,20,TRUE,FALSE,FALSE,FALSE,TRUE,TRUE
HNSCC20_P5_pri_D07_S43_comb,0,0,0.079975,0,0.19409,11.208,1,Primary,0,Cancer cells,20,FALSE,FALSE,TRUE,FALSE,TRUE,TRUE
HNSCC20_P5_pri_A12_S12_comb,4.5024,6.7894,0,7.1083,0,0,0,Primary,Fibroblast,Fibroblast,20,TRUE,TRUE,FALSE,TRUE,FALSE,FALSE
HNSCC20_P5_pri_C10_S34_comb,0,0,0,0,0.19661,12.034,1,Primary,0,Cancer cells,20,FALSE,FALSE,FALSE,FALSE,TRUE,TRUE
HNSCC20_P15_LN_C12_S228_comb,0,0,4.7646,0,8.6351,8.2953,1,Lymph node,0,Cancer cells,20,FALSE,FALSE,TRUE,FALSE,TRUE,TRUE
HNSCC20_P15_LN_C08_S224_comb,3.8741,0,0,0,0,10.834,1,Lymph node,0,Cancer cells,20,TRUE,FALSE,FALSE,FALSE,FALSE,TRUE
HNSCC20_P15_LN_F10_S262_comb,3.4112,0,0.67446,0,0.30334,12.563,1,Lymph node,0,Cancer cells,20,TRUE,FALSE,TRUE,FALSE,TRUE,TRUE
HNSCC20_P15_LN_D02_S230_comb,0,0,0,0,8.6994,11.219,1,Lymph node,0,Cancer cells,20,FALSE,FALSE,FALSE,FALSE,TRUE,TRUE
HNSCC20_P15_LN_G04_S268_comb,1.9895,0,0,0,4.1555,11.278,1,Lymph node,0,Cancer cells,20,TRUE,FALSE,FALSE,FALSE,TRUE,TRUE
HNSCC20_P15_LN_H08_S284_comb,4.6021,0,0,0,5.7293,10.5,1,Lymph node,0,Cancer cells,20,TRUE,FALSE,FALSE,FALSE,TRUE,TRUE
HNSCC20_P5_pri_E07_S55_comb,2.3937,0,0,6.2844,0,0.20914,0,Primary,Fibroblast,Fibroblast,20,TRUE,FALSE,FALSE,TRUE,FALSE,TRUE
HNSCC20_P5_pri_A01_S1_comb,1.3791,0,0.059355,0,8.5043,12.95,1,Primary,0,Cancer cells,20,TRUE,FALSE,TRUE,FALSE,TRUE,TRUE
HNSCC20_P15_LN_C05_S221_comb,0,0,0,0,0,11.215,1,Lymph node,0,Cancer cells,20,FALSE,FALSE,FALSE,FALSE,FALSE,TRUE
HNSCC20_P5_pri_A04_S4_comb,0,0,0,0,10.058,11.412,0,Primary,0,0,20,FALSE,FALSE,FALSE,FALSE,TRUE,TRUE
HNSCC20_P15_LN_E03_S243_comb,0,0,0,0,8.7204,9.7745,1,Lymph node,0,Cancer cells,20,FALSE,FALSE,FALSE,FALSE,TRUE,TRUE
HNSCC20_P5_pri_A03_S3_comb,0,0,5.3291,0,8.5459,11.222,1,Primary,0,Cancer cells,20,FALSE,FALSE,TRUE,FALSE,TRUE,TRUE
HNSCC20_P15_LN_B05_S209_comb,0,0,0,0,6.8666,11.093,1,Lymph node,0,Cancer cells,20,FALSE,FALSE,FALSE,FALSE,TRUE,TRUE
HNSCC20_P15_LN_G11_S275_comb,0,0,0.055196,0,6.2861,9.3081,1,Lymph node,0,Cancer cells,20,FALSE,FALSE,TRUE,FALSE,TRUE,TRUE
HNSCC20_P15_LN_B07_S211_comb,3.7524,0,0,0,7.8834,9.664,1,Lymph node,0,Cancer cells,20,TRUE,FALSE,FALSE,FALSE,TRUE,TRUE
HNSCC20_P15_LN_A08_S200_comb,0,4.4362,0.05797,0,0.16864,11.423,1,Lymph node,0,Cancer cells,20,FALSE,TRUE,TRUE,FALSE,TRUE,TRUE
HNSCC20_P15_LN_G06_S270_comb,0,0,0,0,0,3.4197,1,Lymph node,0,Cancer cells,20,FALSE,FALSE,FALSE,FALSE,FALSE,TRUE
HNSCC20_P15_LN_F06_S258_comb,0,0,0,0,7.9496,8.0036,1,Lymph node,0,Cancer cells,20,FALSE,FALSE,FALSE,FALSE,TRUE,TRUE
HNSCC20_P5_pri_G10_S82_comb,5.4998,6.0702,0,7.4836,0.16864,0,0,Primary,0,0,20,TRUE,TRUE,FALSE,TRUE,TRUE,FALSE
HNSCC20_P15_LN_G07_S271_comb,4.8254,0,3.6616,0,9.3859,11.021,1,Lymph node,0,Cancer cells,20,TRUE,FALSE,TRUE,FALSE,TRUE,TRUE
HNSCC20_P15_LN_B01_S205_comb,3.1892,0,0,0,6.8668,11.076,1,Lymph node,0,Cancer cells,20,TRUE,FALSE,FALSE,FALSE,TRUE,TRUE
HNSCC20_P15_LN_E02_S242_comb,6.7076,0.14796,0.13881,0,0.37851,10.367,1,Lymph node,0,Cancer cells,20,TRUE,TRUE,TRUE,FALSE,TRUE,TRUE
HNSCC20_P5_pri_F06_S66_comb,4.2038,0,0,0,10.399,11.487,1,Primary,0,Cancer cells,20,TRUE,FALSE,FALSE,FALSE,TRUE,TRUE
HNSCC20_P5_pri_H11_S95_comb,2.4356,0,0.43082,0,7.7933,11.868,1,Primary,0,Cancer cells,20,TRUE,FALSE,TRUE,FALSE,TRUE,TRUE
HNSCC20_P5_pri_H04_S88_comb,5.4646,0,3.0706,0,9.5546,10.894,1,Primary,0,Cancer cells,20,TRUE,FALSE,TRUE,FALSE,TRUE,TRUE
HNSCC20_P5_pri_C07_S31_comb,3.8325,0,6.1521,0,9.688,10.729,1,Primary,0,Cancer cells,20,TRUE,FALSE,TRUE,FALSE,TRUE,TRUE
HNSCC20_P15_LN_B08_S212_comb,5.3719,0,4.9941,0,8.415,10.855,1,Lymph node,0,Cancer cells,20,TRUE,FALSE,TRUE,FALSE,TRUE,TRUE
HNSCC20_P5_pri_F04_S64_comb,3.9144,3.5853,6.568,0,9.2116,11.763,1,Primary,0,Cancer cells,20,TRUE,TRUE,TRUE,FALSE,TRUE,TRUE
HNSCC20_P5_pri_H01_S85_comb,5.7777,0,0,5.8616,0,0,0,Primary,Fibroblast,Fibroblast,20,TRUE,FALSE,FALSE,TRUE,FALSE,FALSE
HNSCC20_P15_LN_E11_S251_comb,0,2.5303,3.4501,0,2.2916,10.281,1,Lymph node,0,Cancer cells,20,FALSE,TRUE,TRUE,FALSE,TRUE,TRUE
HNSCC20_P5_pri_H12_S96_comb,0,0,2.1593,0,9.0517,11.515,1,Primary,0,Cancer cells,20,FALSE,FALSE,TRUE,FALSE,TRUE,TRUE
HNSCC20_P5_pri_G07_S79_comb,3.4856,7.3573,3.9393,6.8096,0,0,0,Primary,Endothelial,Endothelial,20,TRUE,TRUE,TRUE,TRUE,FALSE,FALSE
HNSCC20_P5_pri_B08_S20_comb,5.4937,2.9633,0,6.0081,0,0,0,Primary,Fibroblast,Fibroblast,20,TRUE,TRUE,FALSE,TRUE,FALSE,FALSE
HNSCC20_P5_pri_B12_S24_comb,4.3475,0,0,0,7.5519,11.34,1,Primary,0,Cancer cells,20,TRUE,FALSE,FALSE,FALSE,TRUE,TRUE
HNSCC20_P5_pri_D09_S45_comb,3.647,0,0.029983,0,8.4207,10.821,1,Primary,0,Cancer cells,20,TRUE,FALSE,TRUE,FALSE,TRUE,TRUE
HNSCC20_P15_LN_G09_S273_comb,0,0,0,0,7.9912,9.3047,1,Lymph node,0,Cancer cells,20,FALSE,FALSE,FALSE,FALSE,TRUE,TRUE
HNSCC20_P15_LN_F11_S263_comb,4.4288,0,0.16993,0,6.68,10.588,1,Lymph node,0,Cancer cells,20,TRUE,FALSE,TRUE,FALSE,TRUE,TRUE
HNSCC20_P15_LN_C02_S218_comb,3.6861,0.56657,3.9279,0,7.1206,12.74,1,Lymph node,0,Cancer cells,20,TRUE,TRUE,TRUE,FALSE,TRUE,TRUE
HNSCC20_P15_LN_C07_S223_comb,0,0,0.75788,0,7.7405,10.552,1,Lymph node,0,Cancer cells,20,FALSE,FALSE,TRUE,FALSE,TRUE,TRUE
HNSCC20_P15_LN_H09_S285_comb,0,0,0,0,6.2533,7.8323,1,Lymph node,0,Cancer cells,20,FALSE,FALSE,FALSE,FALSE,TRUE,TRUE
HNSCC20_P5_pri_D01_S37_comb,0,0,0,0,0,10.147,1,Primary,0,Cancer cells,20,FALSE,FALSE,FALSE,FALSE,FALSE,TRUE
HNSCC20_P15_LN_H06_S282_comb,0,0,0,0,5.6224,10.466,1,Lymph node,0,Cancer cells,20,FALSE,FALSE,FALSE,FALSE,TRUE,TRUE
HNSCC20_P5_pri_E09_S57_comb,4.7657,0,0,0,0,0.38405,0,Primary,0,0,20,TRUE,FALSE,FALSE,FALSE,FALSE,TRUE
HNSCC20_P15_LN_G10_S274_comb,0,0,0,0,4.5509,11.171,1,Lymph node,0,Cancer cells,20,FALSE,FALSE,FALSE,FALSE,TRUE,TRUE
HNSCC20_P15_LN_H07_S283_comb,0,0,4.6297,0,0.17249,12.27,1,Lymph node,0,Cancer cells,20,FALSE,FALSE,TRUE,FALSE,TRUE,TRUE
HNSCC20_P5_pri_A06_S6_comb,0,0,2.9021,0,10.714,11.728,1,Primary,0,Cancer cells,20,FALSE,FALSE,TRUE,FALSE,TRUE,TRUE
HNSCC20_P15_LN_B02_S206_comb,1.4265,0,0,2.1606,9.2509,10.183,1,Lymph node,0,Cancer cells,20,TRUE,FALSE,FALSE,TRUE,TRUE,TRUE
HNSCC20_P5_pri_B05_S17_comb,3.6903,0,3.0931,0,9.7614,11.977,1,Primary,0,Cancer cells,20,TRUE,FALSE,TRUE,FALSE,TRUE,TRUE
HNSCC20_P15_LN_A11_S203_comb,3.6312,0,0,0,0,10.216,1,Lymph node,0,Cancer cells,20,TRUE,FALSE,FALSE,FALSE,FALSE,TRUE
HNSCC20_P5_pri_D11_S47_comb,0,0,0,0,7.3748,12.487,1,Primary,0,Cancer cells,20,FALSE,FALSE,FALSE,FALSE,TRUE,TRUE
HNSCC20_P15_LN_D05_S233_comb,0,0,0,0,7.4996,10.995,1,Lymph node,0,Cancer cells,20,FALSE,FALSE,FALSE,FALSE,TRUE,TRUE
HNSCC20_P15_LN_H12_S288_comb,0,0,0,0,8.2766,9.8801,1,Lymph node,0,Cancer cells,20,FALSE,FALSE,FALSE,FALSE,TRUE,TRUE
HNSCC20_P5_pri_E05_S53_comb,1.6754,0,3.4713,0,7.019,10.699,1,Primary,0,Cancer cells,20,TRUE,FALSE,TRUE,FALSE,TRUE,TRUE
HNSCC20_P5_pri_E12_S60_comb,0,0.19409,3.0726,0,8.9114,12.097,1,Primary,0,Cancer cells,20,FALSE,TRUE,TRUE,FALSE,TRUE,TRUE
HNSCC20_P5_pri_G03_S75_comb,0.64893,0,0.15963,0,5.7562,9.8126,1,Primary,0,Cancer cells,20,TRUE,FALSE,TRUE,FALSE,TRUE,TRUE
HNSCC20_P5_pri_B01_S13_comb,2.5288,0,0,5.7145,0,0,0,Primary,Fibroblast,Fibroblast,20,TRUE,FALSE,FALSE,TRUE,FALSE,FALSE
HNSCC20_P5_pri_A11_S11_comb,4.2192,0,0,0,7.1978,10.005,1,Primary,0,Cancer cells,20,TRUE,FALSE,FALSE,FALSE,TRUE,TRUE
HNSCC20_P15_LN_E04_S244_comb,6.2098,0,0,0,6.974,9.9395,1,Lymph node,0,Cancer cells,20,TRUE,FALSE,FALSE,FALSE,TRUE,TRUE
HNSCC20_P15_LN_D11_S239_comb,4.6837,0,0,0,9.4243,10.016,1,Lymph node,0,Cancer cells,20,TRUE,FALSE,FALSE,FALSE,TRUE,TRUE
HNSCC20_P12_E06_S342_comb,0,0,2.9107,0,6.737,9.5276,1,Lymph node,0,Cancer cells,20,FALSE,FALSE,TRUE,FALSE,TRUE,TRUE
HNSCC20_P12_A03_S291_comb,1.6731,0,0.097611,0,0,11.857,0,Lymph node,0,0,20,TRUE,FALSE,TRUE,FALSE,FALSE,TRUE
HNSCC20_P1_A01_S1_comb,0,0,0,0,10.376,9.9755,1,Primary,0,Cancer cells,20,FALSE,FALSE,FALSE,FALSE,TRUE,TRUE
HNSCC20_P1_H08_S92_comb,3.4687,2.7491,3.327,0,9.6187,10.128,1,Primary,0,Cancer cells,20,TRUE,TRUE,TRUE,FALSE,TRUE,TRUE
HNSCC20_P1_C12_S36_comb,3.1172,0,0,0,9.491,10.824,1,Primary,0,Cancer cells,20,TRUE,FALSE,FALSE,FALSE,TRUE,TRUE
HNSCC20_P2_G02_S170_comb,0,0,0.78073,0,9.1279,11.302,1,Primary,0,Cancer cells,20,FALSE,FALSE,TRUE,FALSE,TRUE,TRUE
HNSCC20_P2_G12_S180_comb,0,0,0,0,9.0804,10.778,1,Primary,0,Cancer cells,20,FALSE,FALSE,FALSE,FALSE,TRUE,TRUE
HNSCC20_P11_E10_S250_comb,0,0,0.75617,5.3781,5.6937,8.4707,1,Lymph node,0,Cancer cells,20,FALSE,FALSE,TRUE,TRUE,TRUE,TRUE
HNSCC20_P2_G07_S175_comb,3.6573,0,2.0885,0,9.7045,10.999,1,Primary,0,Cancer cells,20,TRUE,FALSE,TRUE,FALSE,TRUE,TRUE
HNSCC20_P11_C05_S221_comb,4.1002,0,0.14143,0,6.1197,10.85,1,Lymph node,0,Cancer cells,20,TRUE,FALSE,TRUE,FALSE,TRUE,TRUE
HNSCC20_P11_D07_S235_comb,3.7885,3.3526,0,0,8.7306,10.154,1,Lymph node,0,Cancer cells,20,TRUE,TRUE,FALSE,FALSE,TRUE,TRUE
HNSCC20_P11_F10_S262_comb,4.8839,0,0,0,9.4206,10.505,1,Lymph node,0,Cancer cells,20,TRUE,FALSE,FALSE,FALSE,TRUE,TRUE
HNSCC20_P2_H02_S182_comb,2.2138,0,2.456,0,8.6701,12.578,1,Primary,0,Cancer cells,20,TRUE,FALSE,TRUE,FALSE,TRUE,TRUE
HNSCC20_P11_D09_S237_comb,6.2191,1.2594,4.359,0,0,11.044,1,Lymph node,0,Cancer cells,20,TRUE,TRUE,TRUE,FALSE,FALSE,TRUE
HNSCC20_P11_D10_S238_comb,3.0699,0,2.0973,0,7.5745,9.2118,1,Lymph node,0,Cancer cells,20,TRUE,FALSE,TRUE,FALSE,TRUE,TRUE
HNSCC20_P1_C10_S34_comb,3.4457,0,0.14666,0,7.1363,11.785,1,Primary,0,Cancer cells,20,TRUE,FALSE,TRUE,FALSE,TRUE,TRUE
HNSCC20_P1_H04_S88_comb,2.2732,0,3.8246,0,9.608,11.986,1,Primary,0,Cancer cells,20,TRUE,FALSE,TRUE,FALSE,TRUE,TRUE
HNSCC20_P11_B03_S207_comb,0,0,0,0,5.6398,8.1993,1,Lymph node,0,Cancer cells,20,FALSE,FALSE,FALSE,FALSE,TRUE,TRUE
HNSCC20_P1_C09_S33_comb,2.7146,2.739,4.8217,0,8.4813,12.541,1,Primary,0,Cancer cells,20,TRUE,TRUE,TRUE,FALSE,TRUE,TRUE
HNSCC20_P1_F02_S62_comb,2.8536,0,0.10969,0,8.6707,12.024,1,Primary,0,Cancer cells,20,TRUE,FALSE,TRUE,FALSE,TRUE,TRUE
HNSCC20_P2_H05_S185_comb,0,0,2.1395,0,6.3663,11.464,1,Primary,0,Cancer cells,20,FALSE,FALSE,TRUE,FALSE,TRUE,TRUE
HNSCC20_P2_F07_S163_comb,4.6858,0,0.059355,0,6.6618,12.566,1,Primary,0,Cancer cells,20,TRUE,FALSE,TRUE,FALSE,TRUE,TRUE
HNSCC20_P12_G11_S371_comb,0,0,0,0,6.0257,9.492,1,Lymph node,0,Cancer cells,20,FALSE,FALSE,FALSE,FALSE,TRUE,TRUE
HNSCC20_P11_A12_S204_comb,4.765,0,0,0,6.0429,7.1171,1,Lymph node,0,Cancer cells,20,TRUE,FALSE,FALSE,FALSE,TRUE,TRUE
HNSCC20_P1_B11_S23_comb,1.9753,0,4.295,0,8.221,11.79,1,Primary,0,Cancer cells,20,TRUE,FALSE,TRUE,FALSE,TRUE,TRUE
HNSCC20_P1_E02_S50_comb,0,0,5.3575,0,9.846,11.422,1,Primary,0,Cancer cells,20,FALSE,FALSE,TRUE,FALSE,TRUE,TRUE
HNSCC20_P12_B04_S304_comb,0,0,0,0,8.4251,10.557,1,Lymph node,0,Cancer cells,20,FALSE,FALSE,FALSE,FALSE,TRUE,TRUE
HNSCC20_P11_A09_S201_comb,0.79992,0,0,0,0,9.4965,1,Lymph node,0,Cancer cells,20,TRUE,FALSE,FALSE,FALSE,FALSE,TRUE
HNSCC20_P1_C04_S28_comb,0,0,0,0,4.5951,10.963,1,Primary,0,Cancer cells,20,FALSE,FALSE,FALSE,FALSE,TRUE,TRUE
HNSCC20_P2_D12_S144_comb,2.8375,0,1.6471,0,7.866,11.399,1,Primary,0,Cancer cells,20,TRUE,FALSE,TRUE,FALSE,TRUE,TRUE
HNSCC20_P1_F08_S68_comb,4.5418,0,3.1698,0,0,10.654,1,Primary,0,Cancer cells,20,TRUE,FALSE,TRUE,FALSE,FALSE,TRUE
HNSCC20_P12_G10_S370_comb,0,0,3.6471,0,0,11.555,1,Lymph node,0,Cancer cells,20,FALSE,FALSE,TRUE,FALSE,FALSE,TRUE
HNSCC20_P1_B08_S20_comb,0,0,0.088142,0,5.9882,12.365,1,Primary,0,Cancer cells,20,FALSE,FALSE,TRUE,FALSE,TRUE,TRUE
HNSCC20_P11_H12_S288_comb,4.5357,0,5.3083,0,8.8792,6.1219,1,Lymph node,0,Cancer cells,20,TRUE,FALSE,TRUE,FALSE,TRUE,TRUE
HNSCC20_P11_D12_S240_comb,5.2587,0,0,0,7.0863,10.938,1,Lymph node,0,Cancer cells,20,TRUE,FALSE,FALSE,FALSE,TRUE,TRUE
HNSCC20_P2_F10_S166_comb,0,0,0.14926,0,10.866,12.854,1,Primary,0,Cancer cells,20,FALSE,FALSE,TRUE,FALSE,TRUE,TRUE
HNSCC20_P1_F05_S65_comb,0,0,4.7353,0,5.6231,8.0256,0,Primary,0,0,20,FALSE,FALSE,TRUE,FALSE,TRUE,TRUE
HNSCC20_P1_F12_S72_comb,4.5243,0,0,0,7.2755,11.961,1,Primary,0,Cancer cells,20,TRUE,FALSE,FALSE,FALSE,TRUE,TRUE
HNSCC20_P12_C06_S318_comb,4.7096,0,0.073135,0,3.8063,9.9596,1,Lymph node,0,Cancer cells,20,TRUE,FALSE,TRUE,FALSE,TRUE,TRUE
HNSCC20_P11_H08_S284_comb,0,0,0,0,2.0398,8.6107,1,Lymph node,0,Cancer cells,20,FALSE,FALSE,FALSE,FALSE,TRUE,TRUE
HNSCC20_P2_F02_S158_comb,3.6988,0,0.053806,0,9.2563,12.132,1,Primary,0,Cancer cells,20,TRUE,FALSE,TRUE,FALSE,TRUE,TRUE
HNSCC20_P11_H07_S283_comb,5.7786,0,0,0,5.2631,10.859,1,Lymph node,0,Cancer cells,20,TRUE,FALSE,FALSE,FALSE,TRUE,TRUE
HNSCC20_P12_A01_S289_comb,4.8174,0,1.5316,0,10.075,10.264,1,Lymph node,0,Cancer cells,20,TRUE,FALSE,TRUE,FALSE,TRUE,TRUE
HNSCC20_P11_G03_S267_comb,0,0,0,0,7.1044,10.893,1,Lymph node,0,Cancer cells,20,FALSE,FALSE,FALSE,FALSE,TRUE,TRUE
HNSCC20_P11_F01_S253_comb,0,0,1.7879,0,0.17505,9.0283,1,Lymph node,0,Cancer cells,20,FALSE,FALSE,TRUE,FALSE,TRUE,TRUE
HNSCC20_P12_D03_S327_comb,2.8337,0,0,0,7.1588,11.156,1,Lymph node,0,Cancer cells,20,TRUE,FALSE,FALSE,FALSE,TRUE,TRUE
HNSCC20_P11_C09_S225_comb,2.0356,2.8548,0,0,0,9.456,1,Lymph node,0,Cancer cells,20,TRUE,TRUE,FALSE,FALSE,FALSE,TRUE
HNSCC20_P12_B03_S303_comb,3.9996,4.1355,0,0,4.0698,10.806,1,Lymph node,0,Cancer cells,20,TRUE,TRUE,FALSE,FALSE,TRUE,TRUE
HNSCC20_P1_G10_S82_comb,0,3.1208,3.0764,0,10.423,10.354,1,Primary,0,Cancer cells,20,FALSE,TRUE,TRUE,FALSE,TRUE,TRUE
HNSCC20_P2_B08_S116_comb,0,3.464,3.4931,0,8.7527,11.701,1,Primary,0,Cancer cells,20,FALSE,TRUE,TRUE,FALSE,TRUE,TRUE
HNSCC20_P1_G11_S83_comb,3.9213,0,6.5699,0,11.529,11.275,1,Primary,0,Cancer cells,20,TRUE,FALSE,TRUE,FALSE,TRUE,TRUE
HNSCC20_P11_B11_S215_comb,0,0,0,0,3.9956,8.7651,1,Lymph node,0,Cancer cells,20,FALSE,FALSE,FALSE,FALSE,TRUE,TRUE
HNSCC20_P12_D05_S329_comb,0,0,0,0,0.23634,11.77,1,Lymph node,0,Cancer cells,20,FALSE,FALSE,FALSE,FALSE,TRUE,TRUE
HNSCC20_P12_D01_S325_comb,0,0,0.15575,0,3.3951,9.0347,1,Lymph node,0,Cancer cells,20,FALSE,FALSE,TRUE,FALSE,TRUE,TRUE
HNSCC20_P11_C11_S227_comb,4.883,0,4.1713,0,0,8.4337,1,Lymph node,0,Cancer cells,20,TRUE,FALSE,TRUE,FALSE,FALSE,TRUE
HNSCC20_P2_D11_S143_comb,1.844,0,0,0,4.6683,12.917,1,Primary,0,Cancer cells,20,TRUE,FALSE,FALSE,FALSE,TRUE,TRUE
HNSCC20_P2_E08_S152_comb,3.6107,2.7532,9.0289,0,9.9844,11.671,1,Primary,0,Cancer cells,20,TRUE,TRUE,TRUE,FALSE,TRUE,TRUE
HNSCC20_P2_E06_S150_comb,0,0,0,0,0.17887,11.466,1,Primary,0,Cancer cells,20,FALSE,FALSE,FALSE,FALSE,TRUE,TRUE
HNSCC20_P2_F08_S164_comb,1.8319,1.8448,0.5568,0,7.3742,10.213,1,Primary,0,Cancer cells,20,TRUE,TRUE,TRUE,FALSE,TRUE,TRUE
HNSCC20_P1_D07_S43_comb,3.625,3.1462,3.6669,0,7.5159,9.9048,1,Primary,0,Cancer cells,20,TRUE,TRUE,TRUE,FALSE,TRUE,TRUE
HNSCC20_P2_A04_S100_comb,0,0,0,0,8.6616,11.273,1,Primary,0,Cancer cells,20,FALSE,FALSE,FALSE,FALSE,TRUE,TRUE
HNSCC20_P1_H07_S91_comb,0,0,0,0,0,11.948,1,Primary,0,Cancer cells,20,FALSE,FALSE,FALSE,FALSE,FALSE,TRUE
HNSCC20_P12_B01_S301_comb,0,0,0.10702,0,6.8588,11.265,1,Lymph node,0,Cancer cells,20,FALSE,FALSE,TRUE,FALSE,TRUE,TRUE
HNSCC20_P1_D02_S38_comb,3.7501,0,0.12565,0,8.9542,10.924,1,Primary,0,Cancer cells,20,TRUE,FALSE,TRUE,FALSE,TRUE,TRUE
HNSCC20_P11_H11_S287_comb,0,0,0,0,7.5106,9.9699,1,Lymph node,0,Cancer cells,20,FALSE,FALSE,FALSE,FALSE,TRUE,TRUE
HNSCC20_P11_B06_S210_comb,3.4149,0.1903,0,0,9.146,9.6601,1,Lymph node,0,Cancer cells,20,TRUE,TRUE,FALSE,FALSE,TRUE,TRUE
HNSCC20_P2_B05_S113_comb,2.5617,0,0,0,4.4759,11.837,1,Primary,0,Cancer cells,20,TRUE,FALSE,FALSE,FALSE,TRUE,TRUE
HNSCC20_P11_H05_S281_comb,0,0,0,0,0,9.9932,1,Lymph node,0,Cancer cells,20,FALSE,FALSE,FALSE,FALSE,FALSE,TRUE
HNSCC20_P11_A02_S194_comb,4.9549,0,0,0,5.0434,7.3882,1,Lymph node,0,Cancer cells,20,TRUE,FALSE,FALSE,FALSE,TRUE,TRUE
HNSCC20_P12_F02_S350_comb,0,0,0,0,0,9.935,1,Lymph node,0,Cancer cells,20,FALSE,FALSE,FALSE,FALSE,FALSE,TRUE
HNSCC20_P2_C01_S121_comb,4.5469,0,3.0888,0,7.1958,12.06,1,Primary,0,Cancer cells,20,TRUE,FALSE,TRUE,FALSE,TRUE,TRUE
HNSCC20_P2_G05_S173_comb,3.2479,0,1.3248,0,8.1076,11.264,1,Primary,0,Cancer cells,20,TRUE,FALSE,TRUE,FALSE,TRUE,TRUE
HNSCC20_P1_G05_S77_comb,4.5517,0,2.6524,0,9.261,10.242,1,Primary,0,Cancer cells,20,TRUE,FALSE,TRUE,FALSE,TRUE,TRUE
HNSCC20_P2_H12_S192_comb,0,0,0,0,0.33342,7.5509,1,Primary,0,Cancer cells,20,FALSE,FALSE,FALSE,FALSE,TRUE,TRUE
HNSCC20_P11_F02_S254_comb,2.6053,0,0.084064,0,8.5474,10.682,1,Lymph node,0,Cancer cells,20,TRUE,FALSE,TRUE,FALSE,TRUE,TRUE
HNSCC20_P11_G04_S268_comb,0,0.99711,0.24732,0,8.4138,9.2664,1,Lymph node,0,Cancer cells,20,FALSE,TRUE,TRUE,FALSE,TRUE,TRUE
HNSCC20_P12_F11_S359_comb,0,0,5.1332,0,0,11.4,1,Lymph node,0,Cancer cells,20,FALSE,FALSE,TRUE,FALSE,FALSE,TRUE
HNSCC20_P2_C02_S122_comb,0,0,0,0,8.4165,12.568,1,Primary,0,Cancer cells,20,FALSE,FALSE,FALSE,FALSE,TRUE,TRUE
HNSCC20_P2_H07_S187_comb,5.4512,3.1622,1.1043,0,8.1515,11.514,1,Primary,0,Cancer cells,20,TRUE,TRUE,TRUE,FALSE,TRUE,TRUE
HNSCC20_P1_D05_S41_comb,4.3745,0,0.05797,0,9.1821,11.185,1,Primary,0,Cancer cells,20,TRUE,FALSE,TRUE,FALSE,TRUE,TRUE
HNSCC20_P1_E11_S59_comb,0,0,0,0,11.122,10.069,1,Primary,0,Cancer cells,20,FALSE,FALSE,FALSE,FALSE,TRUE,TRUE
HNSCC20_P2_G06_S174_comb,2.9186,0,0.067639,0,0,8.6996,1,Primary,0,Cancer cells,20,TRUE,FALSE,TRUE,FALSE,FALSE,TRUE
HNSCC20_P2_G03_S171_comb,0,0,0,0,0,12.545,1,Primary,0,Cancer cells,20,FALSE,FALSE,FALSE,FALSE,FALSE,TRUE
HNSCC20_P2_C10_S130_comb,3.559,0,3.2805,0,4.7525,11.208,1,Primary,0,Cancer cells,20,TRUE,FALSE,TRUE,FALSE,TRUE,TRUE
HNSCC20_P12_D08_S332_comb,3.1261,0,0.15704,0,5.4049,10.489,1,Lymph node,0,Cancer cells,20,TRUE,FALSE,TRUE,FALSE,TRUE,TRUE
HNSCC20_P2_E03_S147_comb,2.1247,2.4779,2.6819,0,9.8847,10.972,1,Primary,0,Cancer cells,20,TRUE,TRUE,TRUE,FALSE,TRUE,TRUE
HNSCC20_P12_E02_S338_comb,2.3071,0,2.8918,0,7.9419,11.25,1,Lymph node,0,Cancer cells,20,TRUE,FALSE,TRUE,FALSE,TRUE,TRUE
HNSCC20_P2_F11_S167_comb,2.9411,2.5516,0,0,9.0699,11.306,1,Primary,0,Cancer cells,20,TRUE,TRUE,FALSE,FALSE,TRUE,TRUE
HNSCC20_P1_A10_S10_comb,0,0,2.9212,0,3.9919,10.553,1,Primary,0,Cancer cells,20,FALSE,FALSE,TRUE,FALSE,TRUE,TRUE
HNSCC20_P1_A09_S9_comb,4.8351,0,0,0,7.3201,12.369,1,Primary,0,Cancer cells,20,TRUE,FALSE,FALSE,FALSE,TRUE,TRUE
HNSCC20_P2_B03_S111_comb,4.8301,0,0.91915,0,9.1764,12.325,1,Primary,0,Cancer cells,20,TRUE,FALSE,TRUE,FALSE,TRUE,TRUE
HNSCC20_P2_D09_S141_comb,2.3391,0,2.7082,0,9.3801,9.7288,1,Primary,0,Cancer cells,20,TRUE,FALSE,TRUE,FALSE,TRUE,TRUE
HNSCC20_P2_G10_S178_comb,4.4971,0,0.064883,4.4668,0,0,0,Primary,0,0,20,TRUE,FALSE,TRUE,TRUE,FALSE,FALSE
HNSCC20_P12_A10_S298_comb,0,0,0.059355,0,5.9058,11.013,1,Lymph node,0,Cancer cells,20,FALSE,FALSE,TRUE,FALSE,TRUE,TRUE
HNSCC20_P11_B05_S209_comb,4.1714,0,0,0,0.26903,10.27,1,Lymph node,0,Cancer cells,20,TRUE,FALSE,FALSE,FALSE,TRUE,TRUE
HNSCC20_P2_E07_S151_comb,3.957,0,0,0,9.7215,11.858,1,Primary,0,Cancer cells,20,TRUE,FALSE,FALSE,FALSE,TRUE,TRUE
HNSCC20_P11_E02_S242_comb,4.678,0,0.24975,0,8.3726,10.038,1,Lymph node,0,Cancer cells,20,TRUE,FALSE,TRUE,FALSE,TRUE,TRUE
HNSCC20_P2_D04_S136_comb,0,2.5465,3.5267,0,9.0821,11.391,1,Primary,0,Cancer cells,20,FALSE,TRUE,TRUE,FALSE,TRUE,TRUE
HNSCC20_P1_D03_S39_comb,4.5878,0,4.9813,0,8.987,9.9077,1,Primary,0,Cancer cells,20,TRUE,FALSE,TRUE,FALSE,TRUE,TRUE
HNSCC20_P2_F03_S159_comb,0,0,0.63041,0,4.3259,11.045,1,Primary,0,Cancer cells,20,FALSE,FALSE,TRUE,FALSE,TRUE,TRUE
HNSCC20_P12_D12_S336_comb,2.8572,2.9144,3.9539,0,9.476,10.218,1,Lymph node,0,Cancer cells,20,TRUE,TRUE,TRUE,FALSE,TRUE,TRUE
HNSCC20_P12_A05_S293_comb,4.8783,0,3.3212,0,6.7628,11.102,1,Lymph node,0,Cancer cells,20,TRUE,FALSE,TRUE,FALSE,TRUE,TRUE
HNSCC20_P11_H04_S280_comb,4.2625,0,0.11503,6.4473,0,3.4366,0,Lymph node,Fibroblast,Fibroblast,20,TRUE,FALSE,TRUE,TRUE,FALSE,TRUE
HNSCC20_P2_B06_S114_comb,4.4521,0,0.069015,0,8.3612,12.179,1,Primary,0,Cancer cells,20,TRUE,FALSE,TRUE,FALSE,TRUE,TRUE
HNSCC20_P2_H03_S183_comb,3.0149,0,0.22774,0,6.0498,12.12,1,Primary,0,Cancer cells,20,TRUE,FALSE,TRUE,FALSE,TRUE,TRUE
HNSCC20_P11_A03_S195_comb,4.713,2.6413,0,0,8.8831,11.845,1,Lymph node,0,Cancer cells,20,TRUE,TRUE,FALSE,FALSE,TRUE,TRUE
HNSCC20_P1_C05_S29_comb,3.8245,0,0,0,5.838,10.951,1,Primary,0,Cancer cells,20,TRUE,FALSE,FALSE,FALSE,TRUE,TRUE
HNSCC20_P12_D11_S335_comb,2.8041,1.9679,0,0,8.3184,11.89,1,Lymph node,0,Cancer cells,20,TRUE,TRUE,FALSE,FALSE,TRUE,TRUE
HNSCC20_P11_A04_S196_comb,0,0,0.29983,0.59932,0.75702,9.9194,1,Lymph node,0,Cancer cells,20,FALSE,FALSE,TRUE,TRUE,TRUE,TRUE
HNSCC20_P2_D10_S142_comb,2.9048,2.3757,0,0,0,12.397,1,Primary,0,Cancer cells,20,TRUE,TRUE,FALSE,FALSE,FALSE,TRUE
HNSCC20_P2_D01_S133_comb,4.9629,2.4805,6.3534,0,10.763,10.391,1,Primary,0,Cancer cells,20,TRUE,TRUE,TRUE,FALSE,TRUE,TRUE
HNSCC20_P1_D12_S48_comb,2.7587,0,0,0,3.8881,11.836,1,Primary,0,Cancer cells,20,TRUE,FALSE,FALSE,FALSE,TRUE,TRUE
HNSCC20_P2_C06_S126_comb,0,0,0,0,9.133,11.604,1,Primary,0,Cancer cells,20,FALSE,FALSE,FALSE,FALSE,TRUE,TRUE
HNSCC20_P1_E10_S58_comb,3.1566,3.0836,9.4813,0,9.7059,10.505,1,Primary,0,Cancer cells,20,TRUE,TRUE,TRUE,FALSE,TRUE,TRUE
HNSCC20_P11_G11_S275_comb,3.5004,0,3.8514,0,6.6641,10.045,1,Lymph node,0,Cancer cells,20,TRUE,FALSE,TRUE,FALSE,TRUE,TRUE
HNSCC20_P11_G12_S276_comb,0,0,3.9524,0,6.2072,9.7202,1,Lymph node,0,Cancer cells,20,FALSE,FALSE,TRUE,FALSE,TRUE,TRUE
HNSCC20_P12_E10_S346_comb,0,0,0,0,7.0621,10.262,1,Lymph node,0,Cancer cells,20,FALSE,FALSE,FALSE,FALSE,TRUE,TRUE
HNSCC20_P2_E02_S146_comb,2.9356,0.14535,3.1467,0,5.4518,12.271,1,Primary,0,Cancer cells,20,TRUE,TRUE,TRUE,FALSE,TRUE,TRUE
HNSCC20_P2_C08_S128_comb,0,3.163,0.85997,0,6.2836,11.384,1,Primary,0,Cancer cells,20,FALSE,TRUE,TRUE,FALSE,TRUE,TRUE
HNSCC20_P12_B10_S310_comb,4.1625,3.5985,2.9019,0,7.6059,11.407,1,Lymph node,0,Cancer cells,20,TRUE,TRUE,TRUE,FALSE,TRUE,TRUE
HNSCC20_P11_H10_S286_comb,0,0,0.067639,0,0,10.88,1,Lymph node,0,Cancer cells,20,FALSE,FALSE,TRUE,FALSE,FALSE,TRUE
HNSCC20_P1_F04_S64_comb,0,0,0.074505,0,9.1634,11.617,1,Primary,0,Cancer cells,20,FALSE,FALSE,TRUE,FALSE,TRUE,TRUE
HNSCC20_P12_E05_S341_comb,0,0,1.0058,0,2.6135,11.412,1,Lymph node,0,Cancer cells,20,FALSE,FALSE,TRUE,FALSE,TRUE,TRUE
HNSCC20_P12_H11_S383_comb,3.545,2.5435,0.27977,0,9.2824,12.043,1,Lymph node,0,Cancer cells,20,TRUE,TRUE,TRUE,FALSE,TRUE,TRUE
HNSCC20_P1_A03_S3_comb,0,0,0,0,8.8772,6.9974,1,Primary,0,Cancer cells,20,FALSE,FALSE,FALSE,FALSE,TRUE,TRUE
HNSCC20_P12_D09_S333_comb,0,0,2.8246,0,5.9806,10.827,1,Lymph node,0,Cancer cells,20,FALSE,FALSE,TRUE,FALSE,TRUE,TRUE
HNSCC20_P11_C02_S218_comb,0,0,0.60975,0,7.359,9.1583,1,Lymph node,0,Cancer cells,20,FALSE,FALSE,TRUE,FALSE,TRUE,TRUE
HNSCC20_P12_E04_S340_comb,0.75189,0,0,0,6.6788,11.363,1,Lymph node,0,Cancer cells,20,TRUE,FALSE,FALSE,FALSE,TRUE,TRUE
HNSCC20_P11_G09_S273_comb,0,0,4.1143,0,0,10.326,1,Lymph node,0,Cancer cells,20,FALSE,FALSE,TRUE,FALSE,FALSE,TRUE
HNSCC20_P2_E10_S154_comb,2.763,0,3.1122,0,0,11.866,1,Primary,0,Cancer cells,20,TRUE,FALSE,TRUE,FALSE,FALSE,TRUE
HNSCC20_P2_C04_S124_comb,3.9873,0,4.7158,0,9.8166,9.4713,1,Primary,0,Cancer cells,20,TRUE,FALSE,TRUE,FALSE,TRUE,TRUE
HNSCC20_P12_E11_S347_comb,1.1941,3.0861,2.9668,0,9.4207,10.899,1,Lymph node,0,Cancer cells,20,TRUE,TRUE,TRUE,FALSE,TRUE,TRUE
HNSCC20_P12_H05_S377_comb,3.2102,1.06,2.7216,0,6.6251,10.792,1,Lymph node,0,Cancer cells,20,TRUE,TRUE,TRUE,FALSE,TRUE,TRUE
HNSCC20_P12_E03_S339_comb,1.3115,3.8532,3.806,0,7.4429,10.679,1,Lymph node,0,Cancer cells,20,TRUE,TRUE,TRUE,FALSE,TRUE,TRUE
HNSCC20_P1_D06_S42_comb,5.3267,0,4.96,0,7.231,10.593,1,Primary,0,Cancer cells,20,TRUE,FALSE,TRUE,FALSE,TRUE,TRUE
HNSCC20_P2_F06_S162_comb,2.5688,0,2.5145,0,9.9947,11.594,1,Primary,0,Cancer cells,20,TRUE,FALSE,TRUE,FALSE,TRUE,TRUE
HNSCC20_P12_H09_S381_comb,0,0,4.0581,0,6.7926,11.553,1,Lymph node,0,Cancer cells,20,FALSE,FALSE,TRUE,FALSE,TRUE,TRUE
HNSCC20_P11_C03_S219_comb,0,0,3.9803,0,8.1755,9.944,1,Lymph node,0,Cancer cells,20,FALSE,FALSE,TRUE,FALSE,TRUE,TRUE
HNSCC20_P12_F04_S352_comb,4.0919,0,0.27143,0,8.4852,9.494,1,Lymph node,0,Cancer cells,20,TRUE,FALSE,TRUE,FALSE,TRUE,TRUE
HNSCC20_P11_E09_S249_comb,2.3477,0,2.6443,0,0.36849,10.402,1,Lymph node,0,Cancer cells,20,TRUE,FALSE,TRUE,FALSE,TRUE,TRUE
HNSCC20_P1_H03_S87_comb,2.7459,0,0,0,6.1777,11.97,1,Primary,0,Cancer cells,20,TRUE,FALSE,FALSE,FALSE,TRUE,TRUE
HNSCC20_P12_D04_S328_comb,3.3313,1.9434,0,0.3173,7.9849,10.399,1,Lymph node,0,Cancer cells,20,TRUE,TRUE,FALSE,TRUE,TRUE,TRUE
HNSCC20_P2_A03_S99_comb,0,0,4.7727,0,8.2314,6.2846,1,Primary,0,Cancer cells,20,FALSE,FALSE,TRUE,FALSE,TRUE,TRUE
HNSCC20_P1_B10_S22_comb,2.988,0,3.0158,0,9.3437,10.534,1,Primary,0,Cancer cells,20,TRUE,FALSE,TRUE,FALSE,TRUE,TRUE
HNSCC20_P2_F01_S157_comb,0,0,2.7706,0,9.8714,11.925,1,Primary,0,Cancer cells,20,FALSE,FALSE,TRUE,FALSE,TRUE,TRUE
HNSCC20_P1_H02_S86_comb,0,0,0,0,7.9216,9.1859,1,Primary,0,Cancer cells,20,FALSE,FALSE,FALSE,FALSE,TRUE,TRUE
HNSCC20_P1_A12_S12_comb,0,0,0,0,0,0,0,Primary,Fibroblast,Fibroblast,20,FALSE,FALSE,FALSE,FALSE,FALSE,FALSE
HNSCC20_P1_A06_S6_comb,4.3155,0,0.063503,0,7.3238,11.941,1,Primary,0,Cancer cells,20,TRUE,FALSE,TRUE,FALSE,TRUE,TRUE
HNSCC20_P1_F10_S70_comb,0,0,5.9243,0,7.5553,10.974,1,Primary,0,Cancer cells,20,FALSE,FALSE,TRUE,FALSE,TRUE,TRUE
HNSCC20_P2_A08_S104_comb,3.3049,3.0817,4.1032,0,10.702,10.172,1,Primary,0,Cancer cells,20,TRUE,TRUE,TRUE,FALSE,TRUE,TRUE
HNSCC20_P1_G09_S81_comb,2.0022,0,5.0884,0,9.9773,10.734,1,Primary,0,Cancer cells,20,TRUE,FALSE,TRUE,FALSE,TRUE,TRUE
HNSCC20_P11_H06_S282_comb,4.2091,0,0,0,0,8.4118,1,Lymph node,0,Cancer cells,20,TRUE,FALSE,FALSE,FALSE,FALSE,TRUE
HNSCC20_P11_G10_S274_comb,0,0,0,0,7.6851,9.7492,1,Lymph node,0,Cancer cells,20,FALSE,FALSE,FALSE,FALSE,TRUE,TRUE
HNSCC20_P11_A01_S193_comb,0,0,0,0,6.4821,10.411,1,Lymph node,0,Cancer cells,20,FALSE,FALSE,FALSE,FALSE,TRUE,TRUE
HNSCC20_P1_B02_S14_comb,2.5256,0,0.1635,0,0.42868,10.821,1,Primary,0,Cancer cells,20,TRUE,FALSE,TRUE,FALSE,TRUE,TRUE
HNSCC20_P11_D06_S234_comb,0,3.0858,0,0,8.3401,10.436,1,Lymph node,0,Cancer cells,20,FALSE,TRUE,FALSE,FALSE,TRUE,TRUE
HNSCC20_P1_D01_S37_comb,0,0,0,0,9.3269,10.853,1,Primary,0,Cancer cells,20,FALSE,FALSE,FALSE,FALSE,TRUE,TRUE
HNSCC20_P2_B02_S110_comb,0.92296,0.26784,4.5772,0,7.9398,11.405,1,Primary,0,Cancer cells,20,TRUE,TRUE,TRUE,FALSE,TRUE,TRUE
HNSCC20_P11_B09_S213_comb,0,0,0,0,6.6741,10.531,1,Lymph node,0,Cancer cells,20,FALSE,FALSE,FALSE,FALSE,TRUE,TRUE
HNSCC20_P1_H11_S95_comb,2.0759,0,2.4074,0,7.5413,10.204,1,Primary,0,Cancer cells,20,TRUE,FALSE,TRUE,FALSE,TRUE,TRUE
HNSCC20_P1_G07_S79_comb,0,0,0,0,8.4808,10.818,1,Primary,0,Cancer cells,20,FALSE,FALSE,FALSE,FALSE,TRUE,TRUE
HNSCC20_P12_E08_S344_comb,2.6304,0.14143,2.1444,0,8.3206,11.313,1,Lymph node,0,Cancer cells,20,TRUE,TRUE,TRUE,FALSE,TRUE,TRUE
HNSCC20_P2_A05_S101_comb,2.7956,0,0,0,0,11.941,1,Primary,0,Cancer cells,20,TRUE,FALSE,FALSE,FALSE,FALSE,TRUE
HNSCC20_P2_A07_S103_comb,3.5313,0,3.171,0,10.469,10.67,1,Primary,0,Cancer cells,20,TRUE,FALSE,TRUE,FALSE,TRUE,TRUE
HNSCC20_P2_B11_S119_comb,2.9419,2.1747,3.9757,0,9.3526,11.68,1,Primary,0,Cancer cells,20,TRUE,TRUE,TRUE,FALSE,TRUE,TRUE
HNSCC20_P11_C07_S223_comb,0,0,6.3775,0,0.21537,7.173,1,Lymph node,0,Cancer cells,20,FALSE,FALSE,TRUE,FALSE,TRUE,TRUE
HNSCC20_P12_F08_S356_comb,6.152,0,0,0,8.9892,9.2253,1,Lymph node,0,Cancer cells,20,TRUE,FALSE,FALSE,FALSE,TRUE,TRUE
HNSCC20_P11_G08_S272_comb,0.61259,0,3.1774,0,7.4724,9.1297,1,Lymph node,0,Cancer cells,20,TRUE,FALSE,TRUE,FALSE,TRUE,TRUE
HNSCC20_P11_F09_S261_comb,0,0,0,0,7.8236,10.012,1,Lymph node,0,Cancer cells,20,FALSE,FALSE,FALSE,FALSE,TRUE,TRUE
HNSCC20_P2_C03_S123_comb,4.8418,0.28806,2.544,0,9.0138,11.04,1,Primary,0,Cancer cells,20,TRUE,TRUE,TRUE,FALSE,TRUE,TRUE
HNSCC20_P2_D07_S139_comb,0,0,4.6105,0,7.7677,11.996,1,Primary,0,Cancer cells,20,FALSE,FALSE,TRUE,FALSE,TRUE,TRUE
HNSCC20_P12_B07_S307_comb,0,0,2.9694,0,7.8768,10.924,1,Lymph node,0,Cancer cells,20,FALSE,FALSE,TRUE,FALSE,TRUE,TRUE
HNSCC20_P1_G02_S74_comb,3.0671,2.2998,0,0,7.9031,11.214,1,Primary,0,Cancer cells,20,TRUE,TRUE,FALSE,FALSE,TRUE,TRUE
HNSCC20_P12_G02_S362_comb,0,0,0,0,0,8.0155,0,Lymph node,0,0,20,FALSE,FALSE,FALSE,FALSE,FALSE,TRUE
HNSCC20_P12_G07_S367_comb,3.5826,0,0.1003,0,6.843,9.4978,1,Lymph node,0,Cancer cells,20,TRUE,FALSE,TRUE,FALSE,TRUE,TRUE
HNSCC20_P12_H01_S373_comb,3.1955,0,1.1609,0,7.9957,9.8208,1,Lymph node,0,Cancer cells,20,TRUE,FALSE,TRUE,FALSE,TRUE,TRUE
HNSCC20_P1_C08_S32_comb,0,0,3.1651,0,10.542,12.052,1,Primary,0,Cancer cells,20,FALSE,FALSE,TRUE,FALSE,TRUE,TRUE
HNSCC20_P2_C09_S129_comb,3.3343,0,0.071763,0,10.37,9.2346,1,Primary,0,Cancer cells,20,TRUE,FALSE,TRUE,FALSE,TRUE,TRUE
HNSCC20_P12_H02_S374_comb,4.1741,0,3.5434,0,5.106,11.196,1,Lymph node,0,Cancer cells,20,TRUE,FALSE,TRUE,FALSE,TRUE,TRUE
HNSCC20_P1_E05_S53_comb,0,0,4.8171,0,8.6149,11.205,1,Primary,0,Cancer cells,20,FALSE,FALSE,TRUE,FALSE,TRUE,TRUE
HNSCC20_P1_B09_S21_comb,2.7604,0,0,0,6.5902,11.292,1,Primary,0,Cancer cells,20,TRUE,FALSE,FALSE,FALSE,TRUE,TRUE
HNSCC20_P11_B08_S212_comb,0,0,0,0,0,11.249,1,Lymph node,0,Cancer cells,20,FALSE,FALSE,FALSE,FALSE,FALSE,TRUE
HNSCC20_P12_F05_S353_comb,7.0165,0,0,0,0,10.087,1,Lymph node,0,Cancer cells,20,TRUE,FALSE,FALSE,FALSE,FALSE,TRUE
HNSCC20_P11_G05_S269_comb,0,0,0,0,0,10.2,1,Lymph node,0,Cancer cells,20,FALSE,FALSE,FALSE,FALSE,FALSE,TRUE
HNSCC20_P1_G12_S84_comb,0,0,0.097611,0,8.2703,10.72,1,Primary,0,Cancer cells,20,FALSE,FALSE,TRUE,FALSE,TRUE,TRUE
HNSCC20_P1_B01_S13_comb,3.7015,0,4.2028,0,10.328,11.466,1,Primary,0,Cancer cells,20,TRUE,FALSE,TRUE,FALSE,TRUE,TRUE
HNSCC20_P1_D08_S44_comb,0,0,0,0,3.8406,10.688,1,Primary,0,Cancer cells,20,FALSE,FALSE,FALSE,FALSE,TRUE,TRUE
HNSCC20_P11_E03_S243_comb,4.2434,0,0,0,4.1418,11.425,1,Lymph node,0,Cancer cells,20,TRUE,FALSE,FALSE,FALSE,TRUE,TRUE
HNSCC20_P1_A05_S5_comb,0,0,0,0,5.2156,11.414,1,Primary,0,Cancer cells,20,FALSE,FALSE,FALSE,FALSE,TRUE,TRUE
HNSCC20_P12_H10_S382_comb,0,0,0.073135,0,8.7872,9.7532,1,Lymph node,0,Cancer cells,20,FALSE,FALSE,TRUE,FALSE,TRUE,TRUE
HNSCC20_P11_E07_S247_comb,4.3389,0,2.8624,0,6.6649,9.8078,1,Lymph node,0,Cancer cells,20,TRUE,FALSE,TRUE,FALSE,TRUE,TRUE
HNSCC20_P12_E12_S348_comb,2.4383,0.12433,0,0,4.7875,11.441,1,Lymph node,0,Cancer cells,20,TRUE,TRUE,FALSE,FALSE,TRUE,TRUE
HNSCC20_P1_H06_S90_comb,0,0,0,0,6.0465,12.347,1,Primary,0,Cancer cells,20,FALSE,FALSE,FALSE,FALSE,TRUE,TRUE
HNSCC20_P1_B06_S18_comb,5.439,0,0,0,7.1149,10.612,1,Primary,0,Cancer cells,20,TRUE,FALSE,FALSE,FALSE,TRUE,TRUE
HNSCC20_P12_G01_S361_comb,0,0,2.514,0,5.1252,10.405,1,Lymph node,0,Cancer cells,20,FALSE,FALSE,TRUE,FALSE,TRUE,TRUE
HNSCC20_P11_B01_S205_comb,2.9422,0,2.5729,0,7.2259,9.1253,1,Lymph node,0,Cancer cells,20,TRUE,FALSE,TRUE,FALSE,TRUE,TRUE
HNSCC20_P1_E08_S56_comb,2.8683,0,0.082703,0,0,12.081,1,Primary,0,Cancer cells,20,TRUE,FALSE,TRUE,FALSE,FALSE,TRUE
HNSCC20_P12_B09_S309_comb,4.2233,4.4963,3.3421,3.0362,0,11.576,1,Lymph node,0,Cancer cells,20,TRUE,TRUE,TRUE,TRUE,FALSE,TRUE
HNSCC20_P11_D08_S236_comb,0,0,0.27023,0,0,8.4761,1,Lymph node,0,Cancer cells,20,FALSE,FALSE,TRUE,FALSE,FALSE,TRUE
HNSCC20_P11_A06_S198_comb,4.3294,0,3.147,0,8.3169,10.537,1,Lymph node,0,Cancer cells,20,TRUE,FALSE,TRUE,FALSE,TRUE,TRUE
HNSCC20_P2_A02_S98_comb,2.3331,0,2.2654,0,8.6159,11.073,1,Primary,0,Cancer cells,20,TRUE,FALSE,TRUE,FALSE,TRUE,TRUE
HNSCC20_P2_B01_S109_comb,3.8026,0,0,0,8.7366,11.184,1,Primary,0,Cancer cells,20,TRUE,FALSE,FALSE,FALSE,TRUE,TRUE
HNSCC20_P1_B04_S16_comb,0.99059,0,0,0,0,11.089,1,Primary,0,Cancer cells,20,TRUE,FALSE,FALSE,FALSE,FALSE,TRUE
HNSCC20_P1_C11_S35_comb,1.0949,0,0.089498,0,9.9914,11.537,1,Primary,0,Cancer cells,20,TRUE,FALSE,TRUE,FALSE,TRUE,TRUE
HNSCC20_P11_D02_S230_comb,4.6567,1.3835,0,0,8.2211,9.6688,1,Lymph node,0,Cancer cells,20,TRUE,TRUE,FALSE,FALSE,TRUE,TRUE
HNSCC20_P12_C12_S324_comb,3.3028,0,3.7783,3.7516,8.3745,10.64,1,Lymph node,0,Cancer cells,20,TRUE,FALSE,TRUE,TRUE,TRUE,TRUE
HNSCC20_P11_E04_S244_comb,0,0,6.0394,0,0.91609,2.2339,1,Lymph node,0,Cancer cells,20,FALSE,FALSE,TRUE,FALSE,TRUE,TRUE
HNSCC20_P1_H10_S94_comb,4.5888,0,5.3162,0,10.321,10.33,1,Primary,0,Cancer cells,20,TRUE,FALSE,TRUE,FALSE,TRUE,TRUE
HNSCC20_P12_G12_S372_comb,0,0,0,0,8.5757,9.9721,1,Lymph node,0,Cancer cells,20,FALSE,FALSE,FALSE,FALSE,TRUE,TRUE
HNSCC20_P2_C05_S125_comb,5.034,2.9948,3.0988,0,6.2278,9.5908,1,Primary,0,Cancer cells,20,TRUE,TRUE,TRUE,FALSE,TRUE,TRUE
HNSCC20_P11_C06_S222_comb,0,1.4378,0.069015,0,9.0391,9.4015,1,Lymph node,0,Cancer cells,20,FALSE,TRUE,TRUE,FALSE,TRUE,TRUE
HNSCC20_P11_D11_S239_comb,0.55876,0,0.26424,0,7.9921,9.6176,1,Lymph node,0,Cancer cells,20,TRUE,FALSE,TRUE,FALSE,TRUE,TRUE
HNSCC20_P2_H10_S190_comb,1.3033,0,0.064883,0,7.9129,8.6837,1,Primary,0,Cancer cells,20,TRUE,FALSE,TRUE,FALSE,TRUE,TRUE
HNSCC20_P1_G01_S73_comb,0,0,0.09356,0,0,11.012,1,Primary,0,Cancer cells,20,FALSE,FALSE,TRUE,FALSE,FALSE,TRUE
HNSCC20_P12_D06_S330_comb,2.8514,3.0976,0,0,6.1744,11.78,1,Lymph node,0,Cancer cells,20,TRUE,TRUE,FALSE,FALSE,TRUE,TRUE
HNSCC20_P12_A11_S299_comb,0,0,0,0,0,9.7074,1,Lymph node,0,Cancer cells,20,FALSE,FALSE,FALSE,FALSE,FALSE,TRUE
HNSCC20_P1_H01_S85_comb,0,0,3.6698,0,7.3155,10.552,1,Primary,0,Cancer cells,20,FALSE,FALSE,TRUE,FALSE,TRUE,TRUE
HNSCC20_P1_A04_S4_comb,0,0,0.26544,0,7.8372,10.896,1,Primary,0,Cancer cells,20,FALSE,FALSE,TRUE,FALSE,TRUE,TRUE
HNSCC20_P11_F05_S257_comb,5.5902,0,0.13619,0,0,11.439,1,Lymph node,0,Cancer cells,20,TRUE,FALSE,TRUE,FALSE,FALSE,TRUE
HNSCC20_P2_B07_S115_comb,3.1787,0,0.13619,0,4.5659,11.572,1,Primary,0,Cancer cells,20,TRUE,FALSE,TRUE,FALSE,TRUE,TRUE
HNSCC20_P11_H02_S278_comb,4.8469,0.19787,3.7757,0,7.9787,5.6774,1,Lymph node,0,Cancer cells,20,TRUE,TRUE,TRUE,FALSE,TRUE,TRUE
HNSCC20_P1_A11_S11_comb,3.8458,0,0,0,6.8155,11.405,1,Primary,0,Cancer cells,20,TRUE,FALSE,FALSE,FALSE,TRUE,TRUE
HNSCC20_P12_A12_S300_comb,2.1322,0,0.20789,0,0,9.3794,1,Lymph node,0,Cancer cells,20,TRUE,FALSE,TRUE,FALSE,FALSE,TRUE
HNSCC20_P11_E11_S251_comb,4.4676,0,3.987,0,6.422,11.108,1,Lymph node,0,Cancer cells,20,TRUE,FALSE,TRUE,FALSE,TRUE,TRUE
HNSCC20_P1_D09_S45_comb,0,0,2.6699,0,7.1423,10.312,1,Primary,0,Cancer cells,20,FALSE,FALSE,TRUE,FALSE,TRUE,TRUE
HNSCC20_P1_B05_S17_comb,0,0,0,0,8.896,12.172,1,Primary,0,Cancer cells,20,FALSE,FALSE,FALSE,FALSE,TRUE,TRUE
HNSCC20_P11_E01_S241_comb,3.5455,0,2.94,0,7.7782,10.298,1,Lymph node,0,Cancer cells,20,TRUE,FALSE,TRUE,FALSE,TRUE,TRUE
HNSCC20_P1_D10_S46_comb,0.60881,0,2.9775,0,10.276,8.7577,1,Primary,0,Cancer cells,20,TRUE,FALSE,TRUE,FALSE,TRUE,TRUE
HNSCC20_P1_G08_S80_comb,2.7816,0,2.3471,0,9.6519,11.401,1,Primary,0,Cancer cells,20,TRUE,FALSE,TRUE,FALSE,TRUE,TRUE
HNSCC20_P1_C03_S27_comb,0,0,0,0,7.7318,11.416,1,Primary,0,Cancer cells,20,FALSE,FALSE,FALSE,FALSE,TRUE,TRUE
HNSCC20_P2_C07_S127_comb,3.0154,0,1.6613,0,9.4948,10.283,1,Primary,0,Cancer cells,20,TRUE,FALSE,TRUE,FALSE,TRUE,TRUE
HNSCC20_P2_G01_S169_comb,4.959,0,0,0,8.5745,10.576,1,Primary,0,Cancer cells,20,TRUE,FALSE,FALSE,FALSE,TRUE,TRUE
HNSCC20_P11_E06_S246_comb,1.1322,0,4.8339,0,10.213,9.67,1,Lymph node,0,Cancer cells,20,TRUE,FALSE,TRUE,FALSE,TRUE,TRUE
HNSCC20_P12_C05_S317_comb,2.4818,3.2073,0,0,8.9366,10.131,1,Lymph node,0,Cancer cells,20,TRUE,TRUE,FALSE,FALSE,TRUE,TRUE
HNSCC20_P1_E04_S52_comb,0.57918,0,0,0,9.1811,11.903,1,Primary,0,Cancer cells,20,TRUE,FALSE,FALSE,FALSE,TRUE,TRUE
HNSCC20_P2_H09_S189_comb,0,0,0,0,9.6623,12.125,1,Primary,0,Cancer cells,20,FALSE,FALSE,FALSE,FALSE,TRUE,TRUE
HNSCC20_P1_F09_S69_comb,0,0,0,0,8.9766,10.267,1,Primary,0,Cancer cells,20,FALSE,FALSE,FALSE,FALSE,TRUE,TRUE
HNSCC20_P1_D11_S47_comb,2.4035,2.9336,7.2214,0,9.793,9.5849,1,Primary,0,Cancer cells,20,TRUE,TRUE,TRUE,FALSE,TRUE,TRUE
HNSCC20_P2_H08_S188_comb,3.0414,2.7931,7.6522,0,8.6829,11.436,1,Primary,0,Cancer cells,20,TRUE,TRUE,TRUE,FALSE,TRUE,TRUE
HNSCC20_P12_A08_S296_comb,0,0,1.8111,0,7.7516,10.256,1,Lymph node,0,Cancer cells,20,FALSE,FALSE,TRUE,FALSE,TRUE,TRUE
HNSCC20_P2_G04_S172_comb,2.3406,0,1.5965,0,9.7128,9.6258,1,Primary,0,Cancer cells,20,TRUE,FALSE,TRUE,FALSE,TRUE,TRUE
HNSCC20_P11_F08_S260_comb,0.77653,0,3.7638,0,7.5718,9.0058,1,Lymph node,0,Cancer cells,20,TRUE,FALSE,TRUE,FALSE,TRUE,TRUE
HNSCC20_P12_F10_S358_comb,3.431,2.6991,0,1.8651,9.5498,9.4979,1,Lymph node,0,Cancer cells,20,TRUE,TRUE,FALSE,TRUE,TRUE,TRUE
HNSCC20_P2_F04_S160_comb,3.3387,0,3.7486,0,9.3889,10.152,1,Primary,0,Cancer cells,20,TRUE,FALSE,TRUE,FALSE,TRUE,TRUE
HNSCC20_P11_F06_S258_comb,4.6686,0,2.3838,0,8.526,11.225,1,Lymph node,0,Cancer cells,20,TRUE,FALSE,TRUE,FALSE,TRUE,TRUE
HNSCC20_P2_C12_S132_comb,2.8242,0,0,2.4319,8.0991,10.694,1,Primary,0,Cancer cells,20,TRUE,FALSE,FALSE,TRUE,TRUE,TRUE
HNSCC20_P1_G06_S78_comb,2.3793,0,0,0,8.2776,12.08,1,Primary,0,Cancer cells,20,TRUE,FALSE,FALSE,FALSE,TRUE,TRUE
HNSCC20_P12_B06_S306_comb,4.3403,0,0,0,7.7429,10.536,1,Lymph node,0,Cancer cells,20,TRUE,FALSE,FALSE,FALSE,TRUE,TRUE
HNSCC20_P12_H07_S379_comb,3.408,0,0,0,7.3563,10.763,1,Lymph node,0,Cancer cells,20,TRUE,FALSE,FALSE,FALSE,TRUE,TRUE
HNSCC20_P2_A10_S106_comb,4.0801,0,8.5061,0,9.8737,8.178,1,Primary,0,Cancer cells,20,TRUE,FALSE,TRUE,FALSE,TRUE,TRUE
HNSCC20_P12_H03_S375_comb,0,0,0,0,6.7748,10.141,1,Lymph node,0,Cancer cells,20,FALSE,FALSE,FALSE,FALSE,TRUE,TRUE
HNSCC20_P2_F05_S161_comb,4.0352,0,3.2732,0,3.7809,12.22,1,Primary,0,Cancer cells,20,TRUE,FALSE,TRUE,FALSE,TRUE,TRUE
HNSCC20_P2_E05_S149_comb,3.3044,2.6067,2.5003,0,9.5535,9.9058,1,Primary,0,Cancer cells,20,TRUE,TRUE,TRUE,FALSE,TRUE,TRUE
HNSCC20_P11_F04_S256_comb,0,0,0,0,8.9305,10.455,1,Lymph node,0,Cancer cells,20,FALSE,FALSE,FALSE,FALSE,TRUE,TRUE
HNSCC20_P2_E12_S156_comb,3.3981,2.962,0,0,6.2223,12.835,1,Primary,0,Cancer cells,20,TRUE,TRUE,FALSE,FALSE,TRUE,TRUE
HNSCC20_P12_B02_S302_comb,3.1362,0,2.6036,0,5.5957,11.172,1,Lymph node,0,Cancer cells,20,TRUE,FALSE,TRUE,FALSE,TRUE,TRUE
HNSCC20_P12_A04_S292_comb,4.9237,0,3.8924,0,8.0597,9.725,1,Lymph node,0,Cancer cells,20,TRUE,FALSE,TRUE,FALSE,TRUE,TRUE
HNSCC20_P12_A09_S297_comb,4.2156,0,0,0,7.5243,10.031,1,Lymph node,0,Cancer cells,20,TRUE,FALSE,FALSE,FALSE,TRUE,TRUE
HNSCC20_P11_A10_S202_comb,0,0,0.18015,0,7.0438,9.4678,1,Lymph node,0,Cancer cells,20,FALSE,FALSE,TRUE,FALSE,TRUE,TRUE
HNSCC20_P11_B04_S208_comb,4.0799,0,4.3459,0,8.1501,9.739,1,Lymph node,0,Cancer cells,20,TRUE,FALSE,TRUE,FALSE,TRUE,TRUE
HNSCC20_P12_G04_S364_comb,4.3049,0,0,0,6.4761,11.076,1,Lymph node,0,Cancer cells,20,TRUE,FALSE,FALSE,FALSE,TRUE,TRUE
HNSCC20_P2_B10_S118_comb,3.0482,0,4.9245,0,10.069,11.146,1,Primary,0,Cancer cells,20,TRUE,FALSE,TRUE,FALSE,TRUE,TRUE
HNSCC20_P2_H06_S186_comb,0,0,0.10836,0,8.1672,6.464,0,Primary,0,0,20,FALSE,FALSE,TRUE,FALSE,TRUE,TRUE
HNSCC20_P12_H04_S376_comb,0.31499,0,3.3504,0,9.1019,11.904,1,Lymph node,0,Cancer cells,20,TRUE,FALSE,TRUE,FALSE,TRUE,TRUE
HNSCC20_P12_B08_S308_comb,0,0,2.306,0,4.7825,10.675,1,Lymph node,0,Cancer cells,20,FALSE,FALSE,TRUE,FALSE,TRUE,TRUE
HNSCC20_P1_C02_S26_comb,5.4704,0,3.3922,0,10.299,8.6995,1,Primary,0,Cancer cells,20,TRUE,FALSE,TRUE,FALSE,TRUE,TRUE
HNSCC20_P1_E12_S60_comb,4.5458,0,2.7579,0,8.4831,11.572,1,Primary,0,Cancer cells,20,TRUE,FALSE,TRUE,FALSE,TRUE,TRUE
HNSCC20_P11_F07_S259_comb,0,0,0,0,8.012,10.786,1,Lymph node,0,Cancer cells,20,FALSE,FALSE,FALSE,FALSE,TRUE,TRUE
HNSCC20_P11_F11_S263_comb,0,0,0.16092,0,7.3563,10.233,1,Lymph node,0,Cancer cells,20,FALSE,FALSE,TRUE,FALSE,TRUE,TRUE
HNSCC20_P11_B12_S216_comb,0,0,0,0,5.9322,10.341,1,Lymph node,0,Cancer cells,20,FALSE,FALSE,FALSE,FALSE,TRUE,TRUE
HNSCC20_P11_A11_S203_comb,0,3.8189,0.086784,0,0.45838,11.501,1,Lymph node,0,Cancer cells,20,FALSE,TRUE,TRUE,FALSE,TRUE,TRUE
HNSCC20_P2_F09_S165_comb,4.4622,0.11636,1.1941,0,10.244,11.913,1,Primary,0,Cancer cells,20,TRUE,TRUE,TRUE,FALSE,TRUE,TRUE
HNSCC20_P1_B12_S24_comb,0,0,0,0,0,8.7645,1,Primary,0,Cancer cells,20,FALSE,FALSE,FALSE,FALSE,FALSE,TRUE
HNSCC20_P2_A01_S97_comb,2.6413,0,2.6248,0,0,11.736,1,Primary,0,Cancer cells,20,TRUE,FALSE,TRUE,FALSE,FALSE,TRUE
HNSCC20_P12_C10_S322_comb,3.4011,2.7424,0,0,8.431,10.708,1,Lymph node,0,Cancer cells,20,TRUE,TRUE,FALSE,FALSE,TRUE,TRUE
HNSCC20_P1_C07_S31_comb,0,0,0,0,8.136,11.831,1,Primary,0,Cancer cells,20,FALSE,FALSE,FALSE,FALSE,TRUE,TRUE
HNSCC20_P2_B12_S120_comb,3.8808,2,2.6036,0,10.251,11.527,1,Primary,0,Cancer cells,20,TRUE,TRUE,TRUE,FALSE,TRUE,TRUE
HNSCC20_P11_B10_S214_comb,2.7433,2.518,0,0,5.9084,10.335,1,Lymph node,0,Cancer cells,20,TRUE,TRUE,FALSE,FALSE,TRUE,TRUE
HNSCC20_P1_E03_S51_comb,4.2577,0,3.3564,0,6.828,10.658,1,Primary,0,Cancer cells,20,TRUE,FALSE,TRUE,FALSE,TRUE,TRUE
HNSCC20_P2_D03_S135_comb,3.6636,0,4.1811,0,8.3625,10.539,1,Primary,0,Cancer cells,20,TRUE,FALSE,TRUE,FALSE,TRUE,TRUE
HNSCC20_P11_G06_S270_comb,2.948,0,0,0,7.8216,10.698,1,Lymph node,0,Cancer cells,20,TRUE,FALSE,FALSE,FALSE,TRUE,TRUE
HNSCC20_P12_A07_S295_comb,4.796,0,0,0,0,11.895,1,Lymph node,0,Cancer cells,20,TRUE,FALSE,FALSE,FALSE,FALSE,TRUE
HNSCC20_P2_G11_S179_comb,3.3361,0,2.3679,0,9.3435,11.803,1,Primary,0,Cancer cells,20,TRUE,FALSE,TRUE,FALSE,TRUE,TRUE
HNSCC20_P12_E09_S345_comb,2.3671,0,3.2409,0,10.081,10.845,1,Lymph node,0,Cancer cells,20,TRUE,FALSE,TRUE,FALSE,TRUE,TRUE
HNSCC20_P1_A07_S7_comb,4.6831,0,0,0,5.741,11.141,1,Primary,0,Cancer cells,20,TRUE,FALSE,FALSE,FALSE,TRUE,TRUE
HNSCC20_P1_F03_S63_comb,0,0,4.1089,0,10.768,11.141,1,Primary,0,Cancer cells,20,FALSE,FALSE,TRUE,FALSE,TRUE,TRUE
HNSCC20_P12_A06_S294_comb,0,0.42975,0.077243,0,6.3602,10.25,1,Lymph node,0,Cancer cells,20,FALSE,TRUE,TRUE,FALSE,TRUE,TRUE
HNSCC20_P11_C08_S224_comb,0,0,0,0,6.3452,9.4964,1,Lymph node,0,Cancer cells,20,FALSE,FALSE,FALSE,FALSE,TRUE,TRUE
HNSCC20_P11_A08_S200_comb,0,0,0.067639,0,5.4904,9.9109,1,Lymph node,0,Cancer cells,20,FALSE,FALSE,TRUE,FALSE,TRUE,TRUE
HNSCC20_P12_C04_S316_comb,3.1258,0,4.7565,0,10.631,10.562,1,Lymph node,0,Cancer cells,20,TRUE,FALSE,TRUE,FALSE,TRUE,TRUE
HNSCC20_P12_E01_S337_comb,3.5516,0,0,0,6.9735,11.992,1,Lymph node,0,Cancer cells,20,TRUE,FALSE,FALSE,FALSE,TRUE,TRUE
HNSCC20_P2_B04_S112_comb,3.8433,0,0,0,6.5177,11.959,1,Primary,0,Cancer cells,20,TRUE,FALSE,FALSE,FALSE,TRUE,TRUE
HNSCC20_P1_E09_S57_comb,5.5668,0,0,0,5.7047,11.919,1,Primary,0,Cancer cells,20,TRUE,FALSE,FALSE,FALSE,TRUE,TRUE
HNSCC20_P2_B09_S117_comb,0,0,3.9078,0,9.8514,11.537,1,Primary,0,Cancer cells,20,FALSE,FALSE,TRUE,FALSE,TRUE,TRUE
HNSCC20_P1_A08_S8_comb,0,0,0.61353,0,5.8288,10.458,1,Primary,0,Cancer cells,20,FALSE,FALSE,TRUE,FALSE,TRUE,TRUE
HNSCC20_P2_D02_S134_comb,2.4457,0,0.1003,0,8.3497,11.217,1,Primary,0,Cancer cells,20,TRUE,FALSE,TRUE,FALSE,TRUE,TRUE
HNSCC20_P11_F03_S255_comb,0,0,0.19912,0,0,10.861,1,Lymph node,0,Cancer cells,20,FALSE,FALSE,TRUE,FALSE,FALSE,TRUE
HNSCC20_P11_C10_S226_comb,4.1154,1.442,0.077243,0,8.0497,10.407,1,Lymph node,0,Cancer cells,20,TRUE,TRUE,TRUE,FALSE,TRUE,TRUE
HNSCC20_P12_A02_S290_comb,0,0,0,0,3.067,12.186,1,Lymph node,0,Cancer cells,20,FALSE,FALSE,FALSE,FALSE,TRUE,TRUE
HNSCC20_P1_E06_S54_comb,0,0,0.15704,0,8.2077,10.593,1,Primary,0,Cancer cells,20,FALSE,FALSE,TRUE,FALSE,TRUE,TRUE
HNSCC20_P12_C02_S314_comb,1.2522,0,0.26063,0,9.0632,12.916,1,Lymph node,0,Cancer cells,20,TRUE,FALSE,TRUE,FALSE,TRUE,TRUE
HNSCC20_P11_E05_S245_comb,4.5222,0,0.14274,0,2.1686,11.347,1,Lymph node,0,Cancer cells,20,TRUE,FALSE,TRUE,FALSE,TRUE,TRUE
HNSCC20_P12_F09_S357_comb,0,0,0.092207,0,8.7201,11.377,1,Lymph node,0,Cancer cells,20,FALSE,FALSE,TRUE,FALSE,TRUE,TRUE
HNSCC20_P12_B11_S311_comb,4.0985,0,0.09356,0,9.1323,12.054,1,Lymph node,0,Cancer cells,20,TRUE,FALSE,TRUE,FALSE,TRUE,TRUE
HNSCC20_P12_B12_S312_comb,3.0423,0,4.6699,0,0,11.405,1,Lymph node,0,Cancer cells,20,TRUE,FALSE,TRUE,FALSE,FALSE,TRUE
HNSCC20_P11_E08_S248_comb,0,0,0,0,6.2108,8.9821,1,Lymph node,0,Cancer cells,20,FALSE,FALSE,FALSE,FALSE,TRUE,TRUE
HNSCC20_P11_H03_S279_comb,4.6298,0,0,0,5.1844,9.9312,1,Lymph node,0,Cancer cells,20,TRUE,FALSE,FALSE,FALSE,TRUE,TRUE
HNSCC20_P12_G09_S369_comb,0,0,4.6739,0,7.8674,9.8994,1,Lymph node,0,Cancer cells,20,FALSE,FALSE,TRUE,FALSE,TRUE,TRUE
HNSCC20_P2_F12_S168_comb,2.5228,0.10702,3.1115,0,8.8019,12.222,1,Primary,0,Cancer cells,20,TRUE,TRUE,TRUE,FALSE,TRUE,TRUE
HNSCC20_P11_C12_S228_comb,2.2966,0,0,0,7.1655,10.375,1,Lymph node,0,Cancer cells,20,TRUE,FALSE,FALSE,FALSE,TRUE,TRUE
HNSCC20_P11_H09_S285_comb,3.9818,0,0,0,7.1538,9.8703,1,Lymph node,0,Cancer cells,20,TRUE,FALSE,FALSE,FALSE,TRUE,TRUE
HNSCC20_P12_G03_S363_comb,2.2016,0,2.3604,0,7.5599,10.763,1,Lymph node,0,Cancer cells,20,TRUE,FALSE,TRUE,FALSE,TRUE,TRUE
HNSCC20_P12_F03_S351_comb,0,0,3.2626,0,7.723,9.1216,1,Lymph node,0,Cancer cells,20,FALSE,FALSE,TRUE,FALSE,TRUE,TRUE
HNSCC20_P2_D05_S137_comb,0.32654,0,3.0317,0,6.5104,11.709,1,Primary,0,Cancer cells,20,TRUE,FALSE,TRUE,FALSE,TRUE,TRUE
HNSCC20_P2_E11_S155_comb,0.7966,0,0,0,8.1149,13.152,1,Primary,0,Cancer cells,20,TRUE,FALSE,FALSE,FALSE,TRUE,TRUE
HNSCC20_P1_F11_S71_comb,2.2403,0,3.4414,0,0,11.064,1,Primary,0,Cancer cells,20,TRUE,FALSE,TRUE,FALSE,FALSE,TRUE
HNSCC20_P12_F12_S360_comb,0,0,0.22527,0,5.3669,10.91,1,Lymph node,0,Cancer cells,20,FALSE,FALSE,TRUE,FALSE,TRUE,TRUE
HNSCC20_P11_G07_S271_comb,0,3.9623,7.0766,0,7.8012,10.689,1,Lymph node,0,Cancer cells,20,FALSE,TRUE,TRUE,FALSE,TRUE,TRUE
HNSCC20_P1_B03_S15_comb,4.1747,0,3.792,0,0,9.0627,1,Primary,0,Cancer cells,20,TRUE,FALSE,TRUE,FALSE,FALSE,TRUE
HNSCC20_P1_A02_S2_comb,0,0.42008,0,0,0,11.672,1,Primary,0,Cancer cells,20,FALSE,TRUE,FALSE,FALSE,FALSE,TRUE
HNSCC20_P2_H01_S181_comb,2.4396,2.7976,0,0,8.4403,11.178,1,Primary,0,Cancer cells,20,TRUE,TRUE,FALSE,FALSE,TRUE,TRUE
HNSCC20_P2_D08_S140_comb,2.6362,0,0,0,0,12.15,1,Primary,0,Cancer cells,20,TRUE,FALSE,FALSE,FALSE,FALSE,TRUE
HNSCC20_P12_C11_S323_comb,0,0,0.23143,0,4.4054,12.157,1,Lymph node,0,Cancer cells,20,FALSE,FALSE,TRUE,FALSE,TRUE,TRUE
HNSCC20_P1_B07_S19_comb,1.4404,0,3.137,0,7.5383,10.183,1,Primary,0,Cancer cells,20,TRUE,FALSE,TRUE,FALSE,TRUE,TRUE
HNSCC20_P1_H09_S93_comb,0,0,9.0945,3.054,9.8181,9.5014,1,Primary,0,Cancer cells,20,FALSE,FALSE,TRUE,TRUE,TRUE,TRUE
HNSCC20_P11_H01_S277_comb,0,0,0,0,7.3223,5.8407,1,Lymph node,0,Cancer cells,20,FALSE,FALSE,FALSE,FALSE,TRUE,TRUE
HNSCC20_P2_C11_S131_comb,2.7349,0,0,0,3.5869,12.76,1,Primary,0,Cancer cells,20,TRUE,FALSE,FALSE,FALSE,TRUE,TRUE
HNSCC20_P11_E12_S252_comb,0,0,0.21537,0,5.5719,10.245,1,Lymph node,0,Cancer cells,20,FALSE,FALSE,TRUE,FALSE,TRUE,TRUE
HNSCC20_P12_G08_S368_comb,4.0826,0,0,0,5.7378,10.937,1,Lymph node,0,Cancer cells,20,TRUE,FALSE,FALSE,FALSE,TRUE,TRUE
HNSCC20_P12_D02_S326_comb,3.1528,0,2.9725,0,7.1883,10.874,1,Lymph node,0,Cancer cells,20,TRUE,FALSE,TRUE,FALSE,TRUE,TRUE
HNSCC20_P12_C03_S315_comb,2.3959,0,0,0,8.5438,10.023,1,Lymph node,0,Cancer cells,20,TRUE,FALSE,FALSE,FALSE,TRUE,TRUE
HNSCC20_P11_B02_S206_comb,4.2922,0,0,0,7.5333,10.239,1,Lymph node,0,Cancer cells,20,TRUE,FALSE,FALSE,FALSE,TRUE,TRUE
HNSCC20_P11_A07_S199_comb,4.4783,0,0,0,0,9.7061,1,Lymph node,0,Cancer cells,20,TRUE,FALSE,FALSE,FALSE,FALSE,TRUE
HNSCC20_P12_H06_S378_comb,0,2.9553,0,0,4.1309,9.0305,1,Lymph node,0,Cancer cells,20,FALSE,TRUE,FALSE,FALSE,TRUE,TRUE
HNSCC20_P1_E07_S55_comb,4.0182,3.12,0.071763,0,4.7907,11.782,1,Primary,0,Cancer cells,20,TRUE,TRUE,TRUE,FALSE,TRUE,TRUE
HNSCC20_P2_E04_S148_comb,3.5836,0,0.070389,0,4.4077,12.448,1,Primary,0,Cancer cells,20,TRUE,FALSE,TRUE,FALSE,TRUE,TRUE
HNSCC20_P2_D06_S138_comb,3.6419,0,1.2951,0,7.3114,10.034,1,Primary,0,Cancer cells,20,TRUE,FALSE,TRUE,FALSE,TRUE,TRUE
HNSCC20_P12_C09_S321_comb,0,0,0,0,7.7719,10.77,1,Lymph node,0,Cancer cells,20,FALSE,FALSE,FALSE,FALSE,TRUE,TRUE
HNSCC20_P11_G02_S266_comb,4.7538,0,0,0,0,10.814,1,Lymph node,0,Cancer cells,20,TRUE,FALSE,FALSE,FALSE,FALSE,TRUE
HNSCC20_P1_G04_S76_comb,3.2526,0,2.1047,0,9.2393,10.083,1,Primary,0,Cancer cells,20,TRUE,FALSE,TRUE,FALSE,TRUE,TRUE
HNSCC20_P12_H12_S384_comb,0,0,0.090853,0,7.1528,11.165,1,Lymph node,0,Cancer cells,20,FALSE,FALSE,TRUE,FALSE,TRUE,TRUE
HNSCC20_P12_C07_S319_comb,0,0,0.055196,0,4.2763,11.213,1,Lymph node,0,Cancer cells,20,FALSE,FALSE,TRUE,FALSE,TRUE,TRUE
HNSCC20_P11_G01_S265_comb,3.8311,0,2.5794,0,8.5735,9.246,1,Lymph node,0,Cancer cells,20,TRUE,FALSE,TRUE,FALSE,TRUE,TRUE
HNSCC20_P12_D07_S331_comb,0,0,3.4943,0,7.2536,10.453,1,Lymph node,0,Cancer cells,20,FALSE,FALSE,TRUE,FALSE,TRUE,TRUE
HNSCC20_P12_D10_S334_comb,0,0.30451,0,0,7.8522,12.679,1,Lymph node,0,Cancer cells,20,FALSE,TRUE,FALSE,FALSE,TRUE,TRUE
HNSCC20_P1_H12_S96_comb,3.455,0.8504,7.8296,0,9.7229,9.6827,1,Primary,0,Cancer cells,20,TRUE,TRUE,TRUE,FALSE,TRUE,TRUE
HNSCC20_P2_A06_S102_comb,3.7915,0,0.069015,0,5.4213,11.982,1,Primary,0,Cancer cells,20,TRUE,FALSE,TRUE,FALSE,TRUE,TRUE
HNSCC20_P1_C01_S25_comb,0,0,0,0,9.1203,9.7703,1,Primary,0,Cancer cells,20,FALSE,FALSE,FALSE,FALSE,TRUE,TRUE
HNSCC20_P12_F07_S355_comb,0,0,0.069015,0,7.5909,11.634,1,Lymph node,0,Cancer cells,20,FALSE,FALSE,TRUE,FALSE,TRUE,TRUE
HNSCC20_P12_H08_S380_comb,3.7358,0,2.61,0,7.5066,10.887,1,Lymph node,0,Cancer cells,20,TRUE,FALSE,TRUE,FALSE,TRUE,TRUE
HNSCC20_P1_C06_S30_comb,0,0.16092,0,0,9.6124,9.4184,1,Primary,0,Cancer cells,20,FALSE,TRUE,FALSE,FALSE,TRUE,TRUE
HNSCC18_P2_A04_S100_comb,3.8427,4.2275,7.716,2.8809,11.715,13.163,1,Primary,0,Cancer cells,18,TRUE,TRUE,TRUE,TRUE,TRUE,TRUE
HNSCC17_P7_A02_S98_comb,0,1.3127,0,7.6922,0,0,0,Primary,Fibroblast,Fibroblast,17,FALSE,TRUE,FALSE,TRUE,FALSE,FALSE
HNSCC18_P7_H05_S185_comb,4.2241,5.3201,8.0648,2.926,11.162,13.586,1,Primary,0,Cancer cells,18,TRUE,TRUE,TRUE,TRUE,TRUE,TRUE
HNSCC18_P3_D04_S328_comb,2.8424,5.1016,7.1687,3.56,11.451,11.832,1,Primary,0,Cancer cells,18,TRUE,TRUE,TRUE,TRUE,TRUE,TRUE
HNSCC18_P16_A08_S200_comb,0,0,0,0,0,0,0,Primary,T cell,T cell,18,FALSE,FALSE,FALSE,FALSE,FALSE,FALSE
HNSCC18_P3_D05_S329_comb,0,2.614,4.4853,0,11.509,11.474,1,Primary,0,Cancer cells,18,FALSE,TRUE,TRUE,FALSE,TRUE,TRUE
HNSCC_17_P10_G09_S273_comb,0,0,0,4.8877,0,0,0,Primary,T cell,T cell,NA,FALSE,FALSE,FALSE,TRUE,FALSE,FALSE
HNSCC18_P3_E11_S347_comb,0.20789,3.6966,6.3247,0,12.102,12.255,1,Primary,0,Cancer cells,18,TRUE,TRUE,TRUE,FALSE,TRUE,TRUE
HNSCC16_P2_B04_S16_comb,4.1836,4.9667,5.3995,7.2324,0,0,0,Primary,Endothelial,Endothelial,16,TRUE,TRUE,TRUE,TRUE,FALSE,FALSE
HNSCC17_P13_G02_S362_comb,0,0,0,0.42008,0,0,0,Primary,T cell,T cell,17,FALSE,FALSE,FALSE,TRUE,FALSE,FALSE
HNSCC18_P2_A11_S107_comb,4.7398,4.1716,5.5206,0,11.035,11.427,1,Primary,0,Cancer cells,18,TRUE,TRUE,TRUE,FALSE,TRUE,TRUE
HNSCC17_P13_C05_S317_comb,0,0,0,0.33571,0,0,0,Primary,T cell,T cell,17,FALSE,FALSE,FALSE,TRUE,FALSE,FALSE
HNSCC18_P16_B11_S215_comb,0,0,0.09356,8.1018,0,0,0,Primary,T cell,T cell,18,FALSE,FALSE,TRUE,TRUE,FALSE,FALSE
HNSCC18_P3_B10_S310_comb,0,0.97966,3.8212,0,0.12697,9.1018,1,Primary,0,Cancer cells,18,FALSE,TRUE,TRUE,FALSE,TRUE,TRUE
HNSCC17_P3_D01_S229_comb,2.7951,3.9328,6.9969,0,12.886,13.682,1,Primary,0,Cancer cells,17,TRUE,TRUE,TRUE,FALSE,TRUE,TRUE
HNSCC17_P13_A09_S297_comb,0,0,0,3.9874,0.098958,0,0,Primary,Macrophage,Macrophage,17,FALSE,FALSE,FALSE,TRUE,TRUE,FALSE
HNSCC17_P2_C01_S25_comb,2.4455,0,7.1047,3.152,12.903,10.531,1,Primary,0,Cancer cells,17,TRUE,FALSE,TRUE,TRUE,TRUE,TRUE
HNSCC16_P9_F09_S261_comb,0,0,0,7.0532,0,0,0,Primary,T cell,T cell,16,FALSE,FALSE,FALSE,TRUE,FALSE,FALSE
HNSCC16_P9_D05_S233_comb,0,0,0,6.5821,0,0,0,Primary,T cell,T cell,16,FALSE,FALSE,FALSE,TRUE,FALSE,FALSE
HNSCC18_P15_C09_S33_comb,0,0,0,0,0,0,0,Primary,T cell,T cell,18,FALSE,FALSE,FALSE,FALSE,FALSE,FALSE
HNSCC18_P16_F10_S262_comb,0,7.5045,0,0.1903,0.24732,0,0,Primary,T cell,T cell,18,FALSE,TRUE,FALSE,TRUE,TRUE,FALSE
HNSCC17_P3_D04_S232_comb,2.4634,3.9289,6.4519,0,12.51,11.48,1,Primary,0,Cancer cells,17,TRUE,TRUE,TRUE,FALSE,TRUE,TRUE
HNSCC18_P7_E03_S147_comb,3.4053,6.0177,3.1819,4.774,0,0,0,Primary,Fibroblast,Fibroblast,18,TRUE,TRUE,TRUE,TRUE,FALSE,FALSE
HNSCC_17_P9_E08_S56_comb,0,0,0,6.7804,0,0,0,Primary,T cell,T cell,NA,FALSE,FALSE,FALSE,TRUE,FALSE,FALSE
HNSCC16_P2_A12_S12_comb,0.80571,0,0,5.9806,0,0,0,Primary,Fibroblast,Fibroblast,16,TRUE,FALSE,FALSE,TRUE,FALSE,FALSE
HNSCC16_P2_H07_S91_comb,6.233,0,0,7.5807,0.37962,0,0,Primary,Fibroblast,Fibroblast,16,TRUE,FALSE,FALSE,TRUE,TRUE,FALSE
HNSCC16_P9_G01_S265_comb,0,0,0,0,0,0,0,Primary,T cell,T cell,16,FALSE,FALSE,FALSE,FALSE,FALSE,FALSE
HNSCC18_P13_C10_S322_comb,0,0,0.14926,0,0,0,0,Primary,T cell,T cell,18,FALSE,FALSE,TRUE,FALSE,FALSE,FALSE
HNSCC17_P3_E03_S243_comb,0,3.7114,8.0331,0,12.596,12.974,1,Primary,0,Cancer cells,17,FALSE,TRUE,TRUE,FALSE,TRUE,TRUE
HNSCC18_P7_A03_S99_comb,3.1063,8.0067,0.052416,7.6735,0,0,0,Primary,Endothelial,Endothelial,18,TRUE,TRUE,TRUE,TRUE,FALSE,FALSE
HNSCC16_P9_C09_S225_comb,0,0,0,5.126,0,0,0,Primary,T cell,T cell,16,FALSE,FALSE,FALSE,TRUE,FALSE,FALSE
HNSCC16_P2_D10_S46_comb,0,0,0,10.306,0,0,0,Primary,Fibroblast,Fibroblast,16,FALSE,FALSE,FALSE,TRUE,FALSE,FALSE
HNSCC18_P15_A10_S10_comb,0,0,0,0,0,0,0,Primary,T cell,T cell,18,FALSE,FALSE,FALSE,FALSE,FALSE,FALSE
HNSCC18_P15_H09_S93_comb,0,0,0,0,0.26424,0.87892,0,Primary,T cell,T cell,18,FALSE,FALSE,FALSE,FALSE,TRUE,TRUE
HNSCC_17_P10_F06_S258_comb,0,0,0.059355,0,0,0,0,Primary,T cell,T cell,NA,FALSE,FALSE,TRUE,FALSE,FALSE,FALSE
HNSCC_17_P9_H08_S92_comb,0,0,0,0,0,0,0,Primary,T cell,T cell,NA,FALSE,FALSE,FALSE,FALSE,FALSE,FALSE
HNSCC17_P3_B08_S212_comb,2.8606,0,6.023,0,12.536,11.982,1,Primary,0,Cancer cells,17,TRUE,FALSE,TRUE,FALSE,TRUE,TRUE
HNSCC16_P2_D08_S44_comb,4.4988,4.1686,0,6.7142,0,0,0,Primary,Fibroblast,Fibroblast,16,TRUE,TRUE,FALSE,TRUE,FALSE,FALSE
HNSCC18_P3_H08_S380_comb,0.24123,4.8143,6.222,0,10.72,12.231,1,Primary,0,Cancer cells,18,TRUE,TRUE,TRUE,FALSE,TRUE,TRUE
HNSCC18_P13_F05_S353_comb,0,0,0,5.8444,0,0,0,Primary,T cell,T cell,18,FALSE,FALSE,FALSE,TRUE,FALSE,FALSE
HNSCC16_P9_G12_S276_comb,0,0,0,0,0,0,0,Primary,T cell,T cell,16,FALSE,FALSE,FALSE,FALSE,FALSE,FALSE
HNSCC18_P15_C05_S29_comb,0,0,0,0,0,0,0,Primary,T cell,T cell,18,FALSE,FALSE,FALSE,FALSE,FALSE,FALSE
HNSCC18_P16_E11_S251_comb,0,0.32884,0,7.2464,0,0,0,Primary,T cell,T cell,18,FALSE,TRUE,FALSE,TRUE,FALSE,FALSE
HNSCC_17_P9_F12_S72_comb,0,4.5554,0,8.4769,0,0,0,Primary,T cell,T cell,NA,FALSE,TRUE,FALSE,TRUE,FALSE,FALSE
HNSCC18_P2_G12_S180_comb,0,0,7.2908,0,8.7863,10.119,1,Primary,0,Cancer cells,18,FALSE,FALSE,TRUE,FALSE,TRUE,TRUE
HNSCC_17_P10_E02_S242_comb,0,0,0,7.1456,0,0,0,Primary,T cell,T cell,NA,FALSE,FALSE,FALSE,TRUE,FALSE,FALSE
HNSCC16_P2_D03_S39_comb,0,5.3541,0,7.2033,0.73985,5.6334,0,Primary,Endothelial,Endothelial,16,FALSE,TRUE,FALSE,TRUE,TRUE,TRUE
HNSCC18_P3_F11_S359_comb,0,0,0.1903,0,10.705,11.485,0,Primary,0,0,18,FALSE,FALSE,TRUE,FALSE,TRUE,TRUE
HNSCC_17_P9_F04_S64_comb,0,0,0,6.3663,0,0,0,Primary,T cell,T cell,NA,FALSE,FALSE,FALSE,TRUE,FALSE,FALSE
HNSCC17_P7_B09_S117_comb,0,0,0,7.4234,0,0,0,Primary,Endothelial,Endothelial,17,FALSE,FALSE,FALSE,TRUE,FALSE,FALSE
HNSCC_17_P10_D05_S233_comb,0,0,0,0,0,0,0,Primary,T cell,T cell,NA,FALSE,FALSE,FALSE,FALSE,FALSE,FALSE
HNSCC18_P7_E11_S155_comb,5.2632,7.4729,5.4481,0,7.7218,13.44,1,Primary,0,Cancer cells,18,TRUE,TRUE,TRUE,FALSE,TRUE,TRUE
HNSCC16_P9_B09_S213_comb,0,0,0,7.3277,0,0,0,Primary,T cell,T cell,16,FALSE,FALSE,FALSE,TRUE,FALSE,FALSE
HNSCC18_P2_E11_S155_comb,0,5.5964,8.1968,4.7115,10.508,11.915,1,Primary,0,Cancer cells,18,FALSE,TRUE,TRUE,TRUE,TRUE,TRUE
HNSCC18_P3_A08_S296_comb,4.2892,4.4352,4.6493,0,12.736,12.48,1,Primary,0,Cancer cells,18,TRUE,TRUE,TRUE,FALSE,TRUE,TRUE
HNSCC16_P2_F01_S61_comb,5.3112,4.3049,0,5.8205,0,0,0,Primary,Fibroblast,Fibroblast,16,TRUE,TRUE,FALSE,TRUE,FALSE,FALSE
HNSCC18_P16_G09_S273_comb,0,0,0,0,6.4799,0,0,Primary,T cell,T cell,18,FALSE,FALSE,FALSE,FALSE,TRUE,FALSE
HNSCC17_P13_F10_S358_comb,0,0,0.1177,0,0,0,0,Primary,Mast,Mast,17,FALSE,FALSE,TRUE,FALSE,FALSE,FALSE
HNSCC17_P2_D01_S37_comb,3.4624,5.5573,6.6484,0,12.988,12.341,1,Primary,0,Cancer cells,17,TRUE,TRUE,TRUE,FALSE,TRUE,TRUE
HNSCC18_P2_F04_S160_comb,0,0.35727,0,0,0,0,0,Primary,0,0,18,FALSE,TRUE,FALSE,FALSE,FALSE,FALSE
HNSCC17_P2_A05_S5_comb,0,0,6.8844,0,13.428,11.17,1,Primary,0,Cancer cells,17,FALSE,FALSE,TRUE,FALSE,TRUE,TRUE
HNSCC18_P7_H11_S191_comb,5.0678,4.5777,5.6796,3.8461,11.384,12.366,1,Primary,0,Cancer cells,18,TRUE,TRUE,TRUE,TRUE,TRUE,TRUE
HNSCC18_P3_D01_S325_comb,0,1.7424,4.8452,0,8.1673,12.01,1,Primary,0,Cancer cells,18,FALSE,TRUE,TRUE,FALSE,TRUE,TRUE
HNSCC18_P13_C01_S313_comb,0.34255,0,0,3.4656,4.1292,4.3981,0,Primary,B cell,B cell,18,TRUE,FALSE,FALSE,TRUE,TRUE,TRUE
HNSCC17_P2_G07_S79_comb,1.5049,3.4212,8.5181,0,12.548,10.639,1,Primary,0,Cancer cells,17,TRUE,TRUE,TRUE,FALSE,TRUE,TRUE
HNSCC18_P3_E03_S339_comb,0,0,0,0,9.579,11.067,0,Primary,0,0,18,FALSE,FALSE,FALSE,FALSE,TRUE,TRUE
HNSCC_17_P10_G01_S265_comb,0,1.5558,0,5.7353,0,0,0,Primary,T cell,T cell,NA,FALSE,TRUE,FALSE,TRUE,FALSE,FALSE
HNSCC17_P7_D04_S136_comb,0,0,0,1.517,0,0.26063,0,Primary,Fibroblast,Fibroblast,17,FALSE,FALSE,FALSE,TRUE,FALSE,TRUE
HNSCC18_P2_A01_S97_comb,3.0467,0,0,0,0,0.18015,0,Primary,0,0,18,TRUE,FALSE,FALSE,FALSE,FALSE,TRUE
HNSCC18_P16_A04_S196_comb,0,0,0.034216,6.8755,0.92067,4.2133,0,Primary,T cell,T cell,18,FALSE,FALSE,TRUE,TRUE,TRUE,TRUE
HNSCC_17_P9_A07_S7_comb,0,0,0.12035,6.0228,0,0,0,Primary,T cell,T cell,NA,FALSE,FALSE,TRUE,TRUE,FALSE,FALSE
HNSCC18_P13_E08_S344_comb,0,0,0,8.0991,0,0,0,Primary,Mast,Mast,18,FALSE,FALSE,FALSE,TRUE,FALSE,FALSE
HNSCC16_P2_G01_S73_comb,4.624,6.7805,6.4178,7.9924,0,0,0,Primary,Endothelial,Endothelial,16,TRUE,TRUE,TRUE,TRUE,FALSE,FALSE
HNSCC17_P13_D03_S327_comb,0,0,0.049631,1.1979,0,0,0,Primary,Macrophage,Macrophage,17,FALSE,FALSE,TRUE,TRUE,FALSE,FALSE
HNSCC17_P7_F02_S158_comb,4.5037,0,0,0,0,0,0,Primary,Fibroblast,Fibroblast,17,TRUE,FALSE,FALSE,FALSE,FALSE,FALSE
HNSCC17_P2_F08_S68_comb,4.8747,4.8121,4.3916,0,12.42,8.4746,1,Primary,0,Cancer cells,17,TRUE,TRUE,TRUE,FALSE,TRUE,TRUE
HNSCC17_P2_E03_S51_comb,4.5198,4.7861,6.8514,0,12.149,11.335,1,Primary,0,Cancer cells,17,TRUE,TRUE,TRUE,FALSE,TRUE,TRUE
HNSCC17_P2_C06_S30_comb,0,0,5.2569,0,12.22,10.974,1,Primary,0,Cancer cells,17,FALSE,FALSE,TRUE,FALSE,TRUE,TRUE
HNSCC17_P2_C09_S33_comb,3.6901,4.6955,8.6335,0,11.839,12.129,1,Primary,0,Cancer cells,17,TRUE,TRUE,TRUE,FALSE,TRUE,TRUE
HNSCC18_P3_H12_S384_comb,1.0854,4.1855,5.4831,0,7.4246,10.701,1,Primary,0,Cancer cells,18,TRUE,TRUE,TRUE,FALSE,TRUE,TRUE
HNSCC18_P3_G01_S361_comb,0,0,0,0,8.1927,0.33228,0,Primary,0,0,18,FALSE,FALSE,FALSE,FALSE,TRUE,TRUE
HNSCC16_P2_C09_S33_comb,4.5977,0,0,5.7234,0,0,0,Primary,Fibroblast,Fibroblast,16,TRUE,FALSE,FALSE,TRUE,FALSE,FALSE
HNSCC16_P2_F10_S70_comb,4.9369,5.0605,0.074505,8.0847,0,0,0,Primary,Endothelial,Endothelial,16,TRUE,TRUE,TRUE,TRUE,FALSE,FALSE
HNSCC16_P2_G08_S80_comb,5.5409,4.7178,0.71545,6.6595,0,0,0,Primary,Endothelial,Endothelial,16,TRUE,TRUE,TRUE,TRUE,FALSE,FALSE
HNSCC18_P3_G05_S365_comb,1.6178,0,0,0,10.184,9.4501,0,Primary,0,0,18,TRUE,FALSE,FALSE,FALSE,TRUE,TRUE
HNSCC18_P13_E12_S348_comb,0,0,0.13619,0.28096,0,1.7596,0,Primary,T cell,T cell,18,FALSE,FALSE,TRUE,TRUE,FALSE,TRUE
HNSCC18_P3_G12_S372_comb,0,0,0,0,0.33457,1.7874,0,Primary,Fibroblast,Fibroblast,18,FALSE,FALSE,FALSE,FALSE,TRUE,TRUE
HNSCC17_P3_A12_S204_comb,2.0687,6.0913,7.5113,0,11.447,12.571,1,Primary,0,Cancer cells,17,TRUE,TRUE,TRUE,FALSE,TRUE,TRUE
HNSCC18_P3_D09_S333_comb,0,0,0,0,0,0,0,Primary,0,0,18,FALSE,FALSE,FALSE,FALSE,FALSE,FALSE
HNSCC17_P2_A04_S4_comb,2.2013,4.0359,6.4022,0,12.693,11.316,1,Primary,0,Cancer cells,17,TRUE,TRUE,TRUE,FALSE,TRUE,TRUE
HNSCC18_P3_D03_S327_comb,2.389,5.539,7.3555,5.1663,9.9378,11.262,1,Primary,0,Cancer cells,18,TRUE,TRUE,TRUE,TRUE,TRUE,TRUE
HNSCC17_P2_C07_S31_comb,3.0293,2.9321,8.8871,3.4367,12.158,12.066,1,Primary,0,Cancer cells,17,TRUE,TRUE,TRUE,TRUE,TRUE,TRUE
HNSCC_17_P10_E05_S245_comb,0,0,0,0,0,0,0,Primary,T cell,T cell,NA,FALSE,FALSE,FALSE,FALSE,FALSE,FALSE
HNSCC17_P3_C04_S220_comb,4.4193,3.2073,5.5576,0,13.107,12.458,1,Primary,0,Cancer cells,17,TRUE,TRUE,TRUE,FALSE,TRUE,TRUE
HNSCC16_P2_B06_S18_comb,5.1094,6.3579,0,6.6927,0,0,0,Primary,Endothelial,Endothelial,16,TRUE,TRUE,FALSE,TRUE,FALSE,FALSE
HNSCC18_P13_F03_S351_comb,0,0,0,3.1177,0,0,0,Primary,T cell,T cell,18,FALSE,FALSE,FALSE,TRUE,FALSE,FALSE
HNSCC17_P3_B07_S211_comb,0,1.2998,5.3986,0,12.241,13.035,1,Primary,0,Cancer cells,17,FALSE,TRUE,TRUE,FALSE,TRUE,TRUE
HNSCC18_P3_A02_S290_comb,0,0,0,7.0311,0.24732,0.25701,0,Primary,Mast,Mast,18,FALSE,FALSE,FALSE,TRUE,TRUE,TRUE
HNSCC_17_P9_D09_S45_comb,0,0,0.082703,6.6511,0,0,0,Primary,T cell,T cell,NA,FALSE,FALSE,TRUE,TRUE,FALSE,FALSE
HNSCC18_P7_E09_S153_comb,4.5032,6.4118,0.094912,6.1287,0,4.5518,0,Primary,Fibroblast,Fibroblast,18,TRUE,TRUE,TRUE,TRUE,FALSE,TRUE
HNSCC18_P3_F06_S354_comb,0,0,0,0,0,0,0,Primary,0,0,18,FALSE,FALSE,FALSE,FALSE,FALSE,FALSE
HNSCC_17_P9_F06_S66_comb,0,0,0,0,0,0,0,Primary,T cell,T cell,NA,FALSE,FALSE,FALSE,FALSE,FALSE,FALSE
HNSCC18_P13_B02_S302_comb,0,0,0,7.6716,0,0,0,Primary,T cell,T cell,18,FALSE,FALSE,FALSE,TRUE,FALSE,FALSE
HNSCC16_P2_A06_S6_comb,5.0482,3.8787,0,6.1002,0,0,0,Primary,Fibroblast,Fibroblast,16,TRUE,TRUE,FALSE,TRUE,FALSE,FALSE
HNSCC17_P13_H10_S382_comb,0,0,0,0.14666,0,0,0,Primary,T cell,T cell,17,FALSE,FALSE,FALSE,TRUE,FALSE,FALSE
HNSCC17_P3_D03_S231_comb,3.4687,4.51,6.5013,0,12.516,12.764,1,Primary,0,Cancer cells,17,TRUE,TRUE,TRUE,FALSE,TRUE,TRUE
HNSCC17_P3_C01_S217_comb,3.0808,2.6316,6.1321,0,12.323,12.648,1,Primary,0,Cancer cells,17,TRUE,TRUE,TRUE,FALSE,TRUE,TRUE
HNSCC16_P9_H06_S282_comb,0,0,0.1375,0.14666,0,0,0,Primary,Fibroblast,Fibroblast,16,FALSE,FALSE,TRUE,TRUE,FALSE,FALSE
HNSCC18_P2_A03_S99_comb,3.2356,5.0454,7.4753,0,9.0882,11.321,1,Primary,0,Cancer cells,18,TRUE,TRUE,TRUE,FALSE,TRUE,TRUE
HNSCC17_P7_C12_S132_comb,5.5398,4.6693,0,7.1233,0,0.22651,0,Primary,Fibroblast,Fibroblast,17,TRUE,TRUE,FALSE,TRUE,FALSE,TRUE
HNSCC18_P2_C09_S129_comb,0,0,0.15704,0,0.21288,0.22157,0,Primary,0,0,18,FALSE,FALSE,TRUE,FALSE,TRUE,TRUE
HNSCC_17_P10_D09_S237_comb,0,0,0,0,0,0,0,Primary,T cell,T cell,NA,FALSE,FALSE,FALSE,FALSE,FALSE,FALSE
HNSCC17_P7_D05_S137_comb,6.5728,0,0,6.4141,0.25701,0.26664,0,Primary,Fibroblast,Fibroblast,17,TRUE,FALSE,FALSE,TRUE,TRUE,TRUE
HNSCC_17_P10_A05_S197_comb,0,0,0.037031,0,0,0,0,Primary,T cell,T cell,NA,FALSE,FALSE,TRUE,FALSE,FALSE,FALSE
HNSCC17_P2_B03_S15_comb,3.557,3.4226,5.1616,0,11.875,12.644,1,Primary,0,Cancer cells,17,TRUE,TRUE,TRUE,FALSE,TRUE,TRUE
HNSCC17_P3_C11_S227_comb,3.433,4.378,8.081,0,12.779,12.415,1,Primary,0,Cancer cells,17,TRUE,TRUE,TRUE,FALSE,TRUE,TRUE
HNSCC18_P13_F09_S357_comb,0,0,0.18015,0,0,0,0,Primary,T cell,T cell,18,FALSE,FALSE,TRUE,FALSE,FALSE,FALSE
HNSCC17_P7_G03_S171_comb,0,0.071763,0.1865,6.6868,0,0,0,Primary,Fibroblast,Fibroblast,17,FALSE,TRUE,TRUE,TRUE,FALSE,FALSE
HNSCC16_P9_H10_S286_comb,0,5.6087,0.079975,6.6322,0,0,0,Primary,Endothelial,Endothelial,16,FALSE,TRUE,TRUE,TRUE,FALSE,FALSE
HNSCC16_P9_B11_S215_comb,0,0,0.098958,0,0,0,0,Primary,T cell,T cell,16,FALSE,FALSE,TRUE,FALSE,FALSE,FALSE
HNSCC_17_P10_C06_S222_comb,0,0,0,6.8873,0,0.48749,0,Primary,T cell,T cell,NA,FALSE,FALSE,FALSE,TRUE,FALSE,TRUE
HNSCC_17_P10_B02_S206_comb,0,0,0.55385,0,0,0,0,Primary,T cell,T cell,NA,FALSE,FALSE,TRUE,FALSE,FALSE,FALSE
HNSCC_17_P9_F07_S67_comb,0,0,0,0,0,0,0,Primary,T cell,T cell,NA,FALSE,FALSE,FALSE,FALSE,FALSE,FALSE
HNSCC17_P7_H01_S181_comb,0,0,5.3562,0.088142,12.082,8.9054,1,Primary,0,Cancer cells,17,FALSE,FALSE,TRUE,TRUE,TRUE,TRUE
HNSCC_17_P10_D10_S238_comb,0,0,0,6.2745,0,0,0,Primary,T cell,T cell,NA,FALSE,FALSE,FALSE,TRUE,FALSE,FALSE
HNSCC17_P3_E12_S252_comb,0,0.092207,6.2623,0,12.653,10.877,1,Primary,0,Cancer cells,17,FALSE,TRUE,TRUE,FALSE,TRUE,TRUE
HNSCC17_P2_C11_S35_comb,0,4.8135,7.1253,3.4854,12.16,11.064,1,Primary,0,Cancer cells,17,FALSE,TRUE,TRUE,TRUE,TRUE,TRUE
HNSCC_17_P10_B04_S208_comb,0,0,0,0,0,0,0,Primary,T cell,T cell,NA,FALSE,FALSE,FALSE,FALSE,FALSE,FALSE
HNSCC18_P13_H08_S380_comb,0,0,0,7.2712,0,0,0,Primary,T cell,T cell,18,FALSE,FALSE,FALSE,TRUE,FALSE,FALSE
HNSCC16_P2_G07_S79_comb,5.5185,0,0,5.7316,0,0,0,Primary,Fibroblast,Fibroblast,16,TRUE,FALSE,FALSE,TRUE,FALSE,FALSE
HNSCC16_P2_C12_S36_comb,5.7598,2.2098,0,7.7903,0,0,0,Primary,Fibroblast,Fibroblast,16,TRUE,TRUE,FALSE,TRUE,FALSE,FALSE
HNSCC17_P3_B10_S214_comb,0.7433,3.4122,7.8421,0,12.149,12.177,1,Primary,0,Cancer cells,17,TRUE,TRUE,TRUE,FALSE,TRUE,TRUE
HNSCC_17_P10_C04_S220_comb,0,0,0,0,0,0,0,Primary,T cell,T cell,NA,FALSE,FALSE,FALSE,FALSE,FALSE,FALSE
HNSCC16_P9_E06_S246_comb,0,0,0,7.7594,1.4372,0.21661,0,Primary,T cell,T cell,16,FALSE,FALSE,FALSE,TRUE,TRUE,TRUE
HNSCC17_P2_C03_S27_comb,2.8791,5.331,7.2129,0,12.181,12.13,1,Primary,0,Cancer cells,17,TRUE,TRUE,TRUE,FALSE,TRUE,TRUE
HNSCC16_P9_H12_S288_comb,4.3695,7.1459,0.051024,6.5322,0.09356,0,0,Primary,0,0,16,TRUE,TRUE,TRUE,TRUE,TRUE,FALSE
HNSCC_17_P9_C03_S27_comb,0,0,0,0.71809,0,0,0,Primary,T cell,T cell,NA,FALSE,FALSE,FALSE,TRUE,FALSE,FALSE
HNSCC18_P16_D07_S235_comb,0,0,0,3.3231,0,0,0,Primary,T cell,T cell,18,FALSE,FALSE,FALSE,TRUE,FALSE,FALSE
HNSCC_17_P9_B04_S16_comb,0,0,0,0,0.22033,0,0,Primary,T cell,T cell,NA,FALSE,FALSE,FALSE,FALSE,TRUE,FALSE
HNSCC_17_P10_B11_S215_comb,0,0,0,7.4563,0,0,0,Primary,T cell,T cell,NA,FALSE,FALSE,FALSE,TRUE,FALSE,FALSE
HNSCC18_P13_G04_S364_comb,3.67,5.9826,7.3862,2.7442,11.043,12.802,1,Primary,0,Cancer cells,18,TRUE,TRUE,TRUE,TRUE,TRUE,TRUE
HNSCC16_P2_C02_S26_comb,0,6.0749,0,7.0451,0,0,0,Primary,Endothelial,Endothelial,16,FALSE,TRUE,FALSE,TRUE,FALSE,FALSE
HNSCC_17_P9_H05_S89_comb,0,0,0,0,0,0.26183,0,Primary,T cell,T cell,NA,FALSE,FALSE,FALSE,FALSE,FALSE,TRUE
HNSCC17_P2_H07_S91_comb,3.2973,4.3953,6.3257,0,12.791,13.11,1,Primary,0,Cancer cells,17,TRUE,TRUE,TRUE,FALSE,TRUE,TRUE
HNSCC_17_P9_D10_S46_comb,0,0,0.02148,7.7469,0,0,0,Primary,T cell,T cell,NA,FALSE,FALSE,TRUE,TRUE,FALSE,FALSE
HNSCC18_P15_E06_S54_comb,0,0,0,6.8447,0,0,0,Primary,T cell,T cell,18,FALSE,FALSE,FALSE,TRUE,FALSE,FALSE
HNSCC17_P3_H02_S278_comb,3.4906,4.0122,7.8731,3.1247,11.777,11.434,1,Primary,0,Cancer cells,17,TRUE,TRUE,TRUE,TRUE,TRUE,TRUE
HNSCC18_P7_C10_S130_comb,0,0,0,0,0,0,0,Primary,0,0,18,FALSE,FALSE,FALSE,FALSE,FALSE,FALSE
HNSCC18_P7_G04_S172_comb,4.9581,0,0,4.7881,0,0,0,Primary,Fibroblast,Fibroblast,18,TRUE,FALSE,FALSE,TRUE,FALSE,FALSE
HNSCC18_P13_G08_S368_comb,0,0,0,5.8713,0,0,0,Primary,B cell,B cell,18,FALSE,FALSE,FALSE,TRUE,FALSE,FALSE
HNSCC_17_P9_C06_S30_comb,0,0,0,6.976,0,0,0,Primary,T cell,T cell,NA,FALSE,FALSE,FALSE,TRUE,FALSE,FALSE
HNSCC17_P2_F11_S71_comb,3.4308,4.7664,5.6094,0,11.916,12.599,1,Primary,0,Cancer cells,17,TRUE,TRUE,TRUE,FALSE,TRUE,TRUE
HNSCC_17_P10_G12_S276_comb,0,0,0,6.5767,0,0,0,Primary,T cell,T cell,NA,FALSE,FALSE,FALSE,TRUE,FALSE,FALSE
HNSCC18_P16_E09_S249_comb,0,0,0,0,0,0,0,Primary,T cell,T cell,18,FALSE,FALSE,FALSE,FALSE,FALSE,FALSE
HNSCC_17_P10_F11_S263_comb,0,0,0.22527,0,0,0,0,Primary,T cell,T cell,NA,FALSE,FALSE,TRUE,FALSE,FALSE,FALSE
HNSCC17_P3_H10_S286_comb,0,4.1637,5.1374,0,12.057,12.055,1,Primary,0,Cancer cells,17,FALSE,TRUE,TRUE,FALSE,TRUE,TRUE
HNSCC16_P2_A08_S8_comb,3.9811,5.1185,2.7251,5.1896,0,0,0,Primary,Fibroblast,Fibroblast,16,TRUE,TRUE,TRUE,TRUE,FALSE,FALSE
HNSCC18_P7_G09_S177_comb,3.9585,0,0,1.2606,0,0,0,Primary,Mast,Mast,18,TRUE,FALSE,FALSE,TRUE,FALSE,FALSE
HNSCC16_P9_A04_S196_comb,0,0,0,0,0,0,0,Primary,T cell,T cell,16,FALSE,FALSE,FALSE,FALSE,FALSE,FALSE
HNSCC17_P7_E02_S146_comb,0,0,0,7.207,0,0,0,Primary,Endothelial,Endothelial,17,FALSE,FALSE,FALSE,TRUE,FALSE,FALSE
HNSCC16_P9_F07_S259_comb,0,0,0,0.30568,0.39177,0,0,Primary,T cell,T cell,16,FALSE,FALSE,FALSE,TRUE,TRUE,FALSE
HNSCC18_P7_C11_S131_comb,2.4412,5.9301,0,4.8619,0,0,0,Primary,Fibroblast,Fibroblast,18,TRUE,TRUE,FALSE,TRUE,FALSE,FALSE
HNSCC17_P2_B05_S17_comb,2.8879,0,6.1694,0,12.891,12.757,1,Primary,0,Cancer cells,17,TRUE,FALSE,TRUE,FALSE,TRUE,TRUE
HNSCC17_P7_A05_S101_comb,0,0,0,4.402,1.0614,0.64708,0,Primary,Endothelial,Endothelial,17,FALSE,FALSE,FALSE,TRUE,TRUE,TRUE
HNSCC18_P15_D01_S37_comb,0,0,0,0,0,0,0,Primary,T cell,T cell,18,FALSE,FALSE,FALSE,FALSE,FALSE,FALSE
HNSCC18_P13_F10_S358_comb,0,4.5309,0,1.4834,7.5257,4.7527,0,Primary,0,0,18,FALSE,TRUE,FALSE,TRUE,TRUE,TRUE
HNSCC17_P7_A10_S106_comb,0,3.3252,0.092207,4.6,0,0,0,Primary,Fibroblast,Fibroblast,17,FALSE,TRUE,TRUE,TRUE,FALSE,FALSE
HNSCC17_P3_A04_S196_comb,2.8604,0,0,0,12.656,10.095,0,Primary,0,0,17,TRUE,FALSE,FALSE,FALSE,TRUE,TRUE
HNSCC18_P13_D11_S335_comb,0,0,0,0,0,0,0,Primary,T cell,T cell,18,FALSE,FALSE,FALSE,FALSE,FALSE,FALSE
HNSCC16_P2_A03_S3_comb,5.4962,3.546,0,8.2118,0.27381,0,0,Primary,Fibroblast,Fibroblast,16,TRUE,TRUE,FALSE,TRUE,TRUE,FALSE
HNSCC18_P15_B10_S22_comb,0,0,0.419,0,0,0,0,Primary,T cell,T cell,18,FALSE,FALSE,TRUE,FALSE,FALSE,FALSE
HNSCC18_P15_A05_S5_comb,0,0,0.24975,0,0,0,0,Primary,T cell,T cell,18,FALSE,FALSE,TRUE,FALSE,FALSE,FALSE
HNSCC18_P13_H01_S373_comb,0,6.9239,0,5.1027,0,0,0,Primary,T cell,T cell,18,FALSE,TRUE,FALSE,TRUE,FALSE,FALSE
HNSCC17_P2_E05_S53_comb,2.2585,6.0983,6.4714,0,12.157,12.905,1,Primary,0,Cancer cells,17,TRUE,TRUE,TRUE,FALSE,TRUE,TRUE
HNSCC18_P13_A02_S290_comb,0,0,0,5.9181,0,0,0,Primary,T cell,T cell,18,FALSE,FALSE,FALSE,TRUE,FALSE,FALSE
HNSCC18_P16_D10_S238_comb,0,0,0,0,0,0,0,Primary,T cell,T cell,18,FALSE,FALSE,FALSE,FALSE,FALSE,FALSE
HNSCC18_P3_A10_S298_comb,4.3725,0,4.9521,0.12565,10.139,8.9246,0,Primary,0,0,18,TRUE,FALSE,TRUE,TRUE,TRUE,TRUE
HNSCC16_P2_F05_S65_comb,0,3.3172,0,8.2469,0,0,0,Primary,Endothelial,Endothelial,16,FALSE,TRUE,FALSE,TRUE,FALSE,FALSE
HNSCC17_P3_B09_S213_comb,1.8801,2.1849,5.7948,0,12.944,12.379,1,Primary,0,Cancer cells,17,TRUE,TRUE,TRUE,FALSE,TRUE,TRUE
HNSCC17_P3_D02_S230_comb,4.676,3.5822,6.0803,0,12.187,10.435,1,Primary,0,Cancer cells,17,TRUE,TRUE,TRUE,FALSE,TRUE,TRUE
HNSCC18_P7_C07_S127_comb,0,0,0,6.5516,0,0,0,Primary,Fibroblast,Fibroblast,18,FALSE,FALSE,FALSE,TRUE,FALSE,FALSE
HNSCC17_P7_A03_S99_comb,0,0,2.3654,0,10.77,8.5702,1,Primary,0,Cancer cells,17,FALSE,FALSE,TRUE,FALSE,TRUE,TRUE
HNSCC18_P16_A10_S202_comb,0,0,0,0,0,0,0,Primary,T cell,T cell,18,FALSE,FALSE,FALSE,FALSE,FALSE,FALSE
HNSCC_17_P10_D12_S240_comb,0,0,0,0,0,0,0,Primary,T cell,T cell,NA,FALSE,FALSE,FALSE,FALSE,FALSE,FALSE
HNSCC17_P7_F12_S168_comb,5.9743,3.8097,0,4.898,0,0,0,Primary,Fibroblast,Fibroblast,17,TRUE,TRUE,FALSE,TRUE,FALSE,FALSE
HNSCC17_P13_E04_S340_comb,0.3584,0,0.084064,0,0.2302,0,0,Primary,B cell,B cell,17,TRUE,FALSE,TRUE,FALSE,TRUE,FALSE
HNSCC_17_P9_B07_S19_comb,0,0,0,6.8403,0,0,0,Primary,T cell,T cell,NA,FALSE,FALSE,FALSE,TRUE,FALSE,FALSE
HNSCC16_P2_D04_S40_comb,0,4.305,0,8.0025,0,0,0,Primary,Endothelial,Endothelial,16,FALSE,TRUE,FALSE,TRUE,FALSE,FALSE
HNSCC_17_P9_D03_S39_comb,0,6.4165,0,6.6229,0,0,0,Primary,T cell,T cell,NA,FALSE,TRUE,FALSE,TRUE,FALSE,FALSE
HNSCC17_P3_G03_S267_comb,1.9123,0.037031,2.9793,0,12.517,12.474,1,Primary,0,Cancer cells,17,TRUE,TRUE,TRUE,FALSE,TRUE,TRUE
HNSCC18_P7_H03_S183_comb,4.2225,0,0,0,0,0.12829,0,Primary,0,0,18,TRUE,FALSE,FALSE,FALSE,FALSE,TRUE
HNSCC17_P7_C05_S125_comb,4.2559,0.053806,3.6523,0,11.921,11.413,1,Primary,0,Cancer cells,17,TRUE,TRUE,TRUE,FALSE,TRUE,TRUE
HNSCC_17_P9_E02_S50_comb,5.7304,0,0,0,0,0,0,Primary,T cell,T cell,NA,TRUE,FALSE,FALSE,FALSE,FALSE,FALSE
HNSCC18_P15_D05_S41_comb,0,0,0,7.0632,0,0,0,Primary,T cell,T cell,18,FALSE,FALSE,FALSE,TRUE,FALSE,FALSE
HNSCC18_P15_H07_S91_comb,0,0,0,7.8415,0,0,0,Primary,T cell,T cell,18,FALSE,FALSE,FALSE,TRUE,FALSE,FALSE
HNSCC16_P9_A06_S198_comb,0,0,0.094912,0,0,0,0,Primary,Mast,Mast,16,FALSE,FALSE,TRUE,FALSE,FALSE,FALSE
HNSCC17_P7_G06_S174_comb,5.961,0,0.088142,7.589,0,0,0,Primary,Fibroblast,Fibroblast,17,TRUE,FALSE,TRUE,TRUE,FALSE,FALSE
HNSCC17_P2_B07_S19_comb,0,0,4.2096,0,12.012,10.625,1,Primary,0,Cancer cells,17,FALSE,FALSE,TRUE,FALSE,TRUE,TRUE
HNSCC17_P7_B01_S109_comb,0,0,0,6.6966,0,0,0,Primary,Fibroblast,Fibroblast,17,FALSE,FALSE,FALSE,TRUE,FALSE,FALSE
HNSCC18_P15_B11_S23_comb,0,0,0,7.8039,0,0,0,Primary,T cell,T cell,18,FALSE,FALSE,FALSE,TRUE,FALSE,FALSE
HNSCC18_P15_D03_S39_comb,0,0,0,7.3285,7.0622,0,0,Primary,T cell,T cell,18,FALSE,FALSE,FALSE,TRUE,TRUE,FALSE
HNSCC16_P9_H07_S283_comb,0,5.9927,0,6.649,0.14535,0,0,Primary,Endothelial,Endothelial,16,FALSE,TRUE,FALSE,TRUE,TRUE,FALSE
HNSCC18_P15_D12_S48_comb,0,0,0,7.645,0,0,0,Primary,T cell,T cell,18,FALSE,FALSE,FALSE,TRUE,FALSE,FALSE
HNSCC18_P7_F01_S157_comb,4.4203,6.9614,0,7.6129,0,0.31499,0,Primary,Endothelial,Endothelial,18,TRUE,TRUE,FALSE,TRUE,FALSE,TRUE
HNSCC18_P2_D03_S135_comb,3.6906,0,0,0,0.10165,0,0,Primary,0,0,18,TRUE,FALSE,FALSE,FALSE,TRUE,FALSE
HNSCC17_P3_F02_S254_comb,4.7239,0,0.08134,8.129,1.3718,0.96051,0,Primary,Mast,Mast,17,TRUE,FALSE,TRUE,TRUE,TRUE,TRUE
HNSCC16_P2_C05_S29_comb,4.2783,4.5426,0,7.388,0.24123,0.25096,0,Primary,Fibroblast,Fibroblast,16,TRUE,TRUE,FALSE,TRUE,TRUE,TRUE
HNSCC18_P3_H01_S373_comb,4.2942,3.3951,5.9937,0.5724,11.179,10.729,1,Primary,0,Cancer cells,18,TRUE,TRUE,TRUE,TRUE,TRUE,TRUE
HNSCC_17_P9_C07_S31_comb,0,0,0.05797,0,0,0,0,Primary,T cell,T cell,NA,FALSE,FALSE,TRUE,FALSE,FALSE,FALSE
HNSCC17_P7_A08_S104_comb,0,0,4.862,0,10.566,10.395,1,Primary,0,Cancer cells,17,FALSE,FALSE,TRUE,FALSE,TRUE,TRUE
HNSCC16_P9_F01_S253_comb,0,0,0,0,0,0,0,Primary,T cell,T cell,16,FALSE,FALSE,FALSE,FALSE,FALSE,FALSE
HNSCC16_P2_C11_S35_comb,4.7695,5.4007,0.19787,6.5844,0.30334,0.57337,0,Primary,Fibroblast,Fibroblast,16,TRUE,TRUE,TRUE,TRUE,TRUE,TRUE
HNSCC18_P15_H08_S92_comb,0,0,0,0,0,0,0,Primary,T cell,T cell,18,FALSE,FALSE,FALSE,FALSE,FALSE,FALSE
HNSCC_17_P10_G08_S272_comb,0,0,0,7.6657,0.26303,0,0,Primary,T cell,T cell,NA,FALSE,FALSE,FALSE,TRUE,TRUE,FALSE
HNSCC16_P9_B04_S208_comb,0,0,0,0,0,0,0,Primary,T cell,T cell,16,FALSE,FALSE,FALSE,FALSE,FALSE,FALSE
HNSCC18_P13_G03_S363_comb,0,0,0.18269,0,0,0,0,Primary,T cell,T cell,18,FALSE,FALSE,TRUE,FALSE,FALSE,FALSE
HNSCC18_P7_C02_S122_comb,4.758,0,2.8351,0,11.409,10.648,1,Primary,0,Cancer cells,18,TRUE,FALSE,TRUE,FALSE,TRUE,TRUE
HNSCC18_P13_H04_S376_comb,6.4196,0,0,0.23756,0,0,0,Primary,B cell,B cell,18,TRUE,FALSE,FALSE,TRUE,FALSE,FALSE
HNSCC18_P2_C10_S130_comb,0.53903,0,2.3374,5.5751,0.12829,0.13356,0,Primary,0,0,18,TRUE,FALSE,TRUE,TRUE,TRUE,TRUE
HNSCC18_P13_B12_S312_comb,0,0,0.10969,6.478,0,0,0,Primary,T cell,T cell,18,FALSE,FALSE,TRUE,TRUE,FALSE,FALSE
HNSCC_17_P10_E06_S246_comb,0,0,0,0,0,0,0,Primary,T cell,T cell,NA,FALSE,FALSE,FALSE,FALSE,FALSE,FALSE
HNSCC18_P7_B06_S114_comb,0,4.6151,0,7.4193,0,0,0,Primary,Fibroblast,Fibroblast,18,FALSE,TRUE,FALSE,TRUE,FALSE,FALSE
HNSCC17_P3_H08_S284_comb,4.4695,3.5801,6.2853,0,12.085,12.025,1,Primary,0,Cancer cells,17,TRUE,TRUE,TRUE,FALSE,TRUE,TRUE
HNSCC18_P7_B05_S113_comb,2.6241,5.3465,0,7.9235,4.9285,0,0,Primary,Fibroblast,Fibroblast,18,TRUE,TRUE,FALSE,TRUE,TRUE,FALSE
HNSCC18_P7_G02_S170_comb,0,0,0,5.8574,0,0,0,Primary,Endothelial,Endothelial,18,FALSE,FALSE,FALSE,TRUE,FALSE,FALSE
HNSCC18_P3_G06_S366_comb,5.6214,0,0,0,3.908,0,0,Primary,0,0,18,TRUE,FALSE,FALSE,FALSE,TRUE,FALSE
HNSCC17_P7_F03_S159_comb,4.894,0,0.15056,7.8836,0,0,0,Primary,Endothelial,Endothelial,17,TRUE,FALSE,TRUE,TRUE,FALSE,FALSE
HNSCC_17_P10_H02_S278_comb,0,0,0,7.2009,0,0,0,Primary,T cell,T cell,NA,FALSE,FALSE,FALSE,TRUE,FALSE,FALSE
HNSCC18_P16_E08_S248_comb,0,6.8212,0.090853,1.0949,0,0,0,Primary,T cell,T cell,18,FALSE,TRUE,TRUE,TRUE,FALSE,FALSE
HNSCC16_P2_C03_S27_comb,5.175,5.8593,0.11636,2.5729,0,0,0,Primary,Fibroblast,Fibroblast,16,TRUE,TRUE,TRUE,TRUE,FALSE,FALSE
HNSCC18_P7_F04_S160_comb,2.2678,6.7257,6.7198,4.2334,10.535,11.789,1,Primary,0,Cancer cells,18,TRUE,TRUE,TRUE,TRUE,TRUE,TRUE
HNSCC18_P15_A12_S12_comb,0,0,0,6.063,0,0,0,Primary,T cell,T cell,18,FALSE,FALSE,FALSE,TRUE,FALSE,FALSE
HNSCC_17_P10_A12_S204_comb,0,0,0.38405,0.18142,0,0,0,Primary,T cell,T cell,NA,FALSE,FALSE,TRUE,TRUE,FALSE,FALSE
HNSCC18_P2_D04_S136_comb,0,4.2285,0.063503,0,10.538,13.15,1,Primary,0,Cancer cells,18,FALSE,TRUE,TRUE,FALSE,TRUE,TRUE
HNSCC_17_P10_H01_S277_comb,0,0,0,0,0,0,0,Primary,T cell,T cell,NA,FALSE,FALSE,FALSE,FALSE,FALSE,FALSE
HNSCC16_P2_B01_S13_comb,0,0,0,7.2934,0,0,0,Primary,Fibroblast,Fibroblast,16,FALSE,FALSE,FALSE,TRUE,FALSE,FALSE
HNSCC16_P2_G09_S81_comb,5.071,0,0,6.8764,0,0,0,Primary,Fibroblast,Fibroblast,16,TRUE,FALSE,FALSE,TRUE,FALSE,FALSE
HNSCC18_P15_F12_S72_comb,0,0,0,4.0593,0,0,0,Primary,T cell,T cell,18,FALSE,FALSE,FALSE,TRUE,FALSE,FALSE
HNSCC_17_P9_G06_S78_comb,0,4.4684,0,6.1353,0,0,0,Primary,T cell,T cell,NA,FALSE,TRUE,FALSE,TRUE,FALSE,FALSE
HNSCC_17_P10_F08_S260_comb,0,0,0,0,0,0,0,Primary,T cell,T cell,NA,FALSE,FALSE,FALSE,FALSE,FALSE,FALSE
HNSCC16_P9_C07_S223_comb,0,0,0.060739,5.3389,0,0,0,Primary,Macrophage,Macrophage,16,FALSE,FALSE,TRUE,TRUE,FALSE,FALSE
HNSCC_17_P10_E08_S248_comb,0,0,0,5.8944,0,0,0,Primary,T cell,T cell,NA,FALSE,FALSE,FALSE,TRUE,FALSE,FALSE
HNSCC16_P2_D11_S47_comb,5.3929,0,0.097611,6.2538,0,0,0,Primary,Fibroblast,Fibroblast,16,TRUE,FALSE,TRUE,TRUE,FALSE,FALSE
HNSCC16_P2_G03_S75_comb,4.795,7.6809,0,8.1607,0.45838,0.25701,0,Primary,Endothelial,Endothelial,16,TRUE,TRUE,FALSE,TRUE,TRUE,TRUE
HNSCC16_P2_F08_S68_comb,4.821,0,0,1.8992,0,0.68077,0,Primary,Fibroblast,Fibroblast,16,TRUE,FALSE,FALSE,TRUE,FALSE,TRUE
HNSCC18_P2_H10_S190_comb,0,4.9572,1.2702,2.9877,11.573,12.414,1,Primary,0,Cancer cells,18,FALSE,TRUE,TRUE,TRUE,TRUE,TRUE
HNSCC18_P13_H09_S381_comb,0,0,0,0,0,0,0,Primary,T cell,T cell,18,FALSE,FALSE,FALSE,FALSE,FALSE,FALSE
HNSCC18_P3_E07_S343_comb,0,0,0,7.6255,0.66357,0.543,0,Primary,Fibroblast,Fibroblast,18,FALSE,FALSE,FALSE,TRUE,TRUE,TRUE
HNSCC18_P16_B10_S214_comb,0,0,0.031395,5.0428,0,0,0,Primary,Macrophage,Macrophage,18,FALSE,FALSE,TRUE,TRUE,FALSE,FALSE
HNSCC17_P2_B06_S18_comb,3.2663,3.2376,6.2089,0,12.224,12.315,1,Primary,0,Cancer cells,17,TRUE,TRUE,TRUE,FALSE,TRUE,TRUE
HNSCC17_P2_D07_S43_comb,0,0,5.0162,0,11.773,11.713,1,Primary,0,Cancer cells,17,FALSE,FALSE,TRUE,FALSE,TRUE,TRUE
HNSCC_17_P9_D02_S38_comb,0,0,0,1.7523,0,0,0,Primary,T cell,T cell,NA,FALSE,FALSE,FALSE,TRUE,FALSE,FALSE
HNSCC_17_P9_H11_S95_comb,0,0,0.077243,5.6022,0,0,0,Primary,T cell,T cell,NA,FALSE,FALSE,TRUE,TRUE,FALSE,FALSE
HNSCC18_P16_F06_S258_comb,0,0,0,0,0,0,0,Primary,T cell,T cell,18,FALSE,FALSE,FALSE,FALSE,FALSE,FALSE
HNSCC18_P15_B07_S19_comb,0,0,0,0,0,0,0,Primary,T cell,T cell,18,FALSE,FALSE,FALSE,FALSE,FALSE,FALSE
HNSCC17_P3_D06_S234_comb,0.85679,4.5115,7.1741,0,12.484,12.682,1,Primary,0,Cancer cells,17,TRUE,TRUE,TRUE,FALSE,TRUE,TRUE
HNSCC_17_P9_F08_S68_comb,0,0,0,0,0,0,0,Primary,T cell,T cell,NA,FALSE,FALSE,FALSE,FALSE,FALSE,FALSE
HNSCC17_P7_C10_S130_comb,4.6263,0,0,3.9107,0,0,0,Primary,Fibroblast,Fibroblast,17,TRUE,FALSE,FALSE,TRUE,FALSE,FALSE
HNSCC17_P13_G10_S370_comb,0,0,0.27262,0,0,0,0,Primary,T cell,T cell,17,FALSE,FALSE,TRUE,FALSE,FALSE,FALSE
HNSCC17_P3_B01_S205_comb,4.3182,5.5781,4.9936,0,12.551,12.228,1,Primary,0,Cancer cells,17,TRUE,TRUE,TRUE,FALSE,TRUE,TRUE
HNSCC17_P7_C02_S122_comb,7.2272,3.5912,0,0.60312,0,0,0,Primary,Fibroblast,Fibroblast,17,TRUE,TRUE,FALSE,TRUE,FALSE,FALSE
HNSCC_17_P10_A02_S194_comb,0,5.7667,0.13225,6.3603,0,0,0,Primary,T cell,T cell,NA,FALSE,TRUE,TRUE,TRUE,FALSE,FALSE
HNSCC18_P2_C06_S126_comb,2.3978,3.7746,4.8152,0,0,10.32,1,Primary,0,Cancer cells,18,TRUE,TRUE,TRUE,FALSE,FALSE,TRUE
HNSCC16_P2_B09_S21_comb,5.4749,0,0.090853,8.1641,0,0,0,Primary,Endothelial,Endothelial,16,TRUE,FALSE,TRUE,TRUE,FALSE,FALSE
HNSCC18_P2_F05_S161_comb,0,0,0.066261,0.39616,0.36065,0.67265,0,Primary,0,0,18,FALSE,FALSE,TRUE,TRUE,TRUE,TRUE
HNSCC18_P16_A01_S193_comb,0,0,0.082703,0,0,0,0,Primary,T cell,T cell,18,FALSE,FALSE,TRUE,FALSE,FALSE,FALSE
HNSCC18_P7_B07_S115_comb,0,0,0,5.9778,0,0,0,Primary,Fibroblast,Fibroblast,18,FALSE,FALSE,FALSE,TRUE,FALSE,FALSE
HNSCC_17_P10_B10_S214_comb,0,0,0.10299,0,0,0,0,Primary,T cell,T cell,NA,FALSE,FALSE,TRUE,FALSE,FALSE,FALSE
HNSCC_17_P9_C11_S35_comb,0,0,0,0,0,0,0,Primary,T cell,T cell,NA,FALSE,FALSE,FALSE,FALSE,FALSE,FALSE
HNSCC18_P15_G10_S82_comb,0,0,0,0,0,0,0,Primary,T cell,T cell,18,FALSE,FALSE,FALSE,FALSE,FALSE,FALSE
HNSCC16_P9_C10_S226_comb,0,0,0,6.6466,0,0,0,Primary,T cell,T cell,16,FALSE,FALSE,FALSE,TRUE,FALSE,FALSE
HNSCC18_P15_H05_S89_comb,0,0,0.042644,3.3472,0,0,0,Primary,T cell,T cell,18,FALSE,FALSE,TRUE,TRUE,FALSE,FALSE
HNSCC17_P7_D07_S139_comb,0,0,0,8.2033,0,0,0,Primary,Fibroblast,Fibroblast,17,FALSE,FALSE,FALSE,TRUE,FALSE,FALSE
HNSCC18_P13_H07_S379_comb,0,0,7.0766,0,7.7407,9.3357,0,Primary,T cell,T cell,18,FALSE,FALSE,TRUE,FALSE,TRUE,TRUE
HNSCC18_P13_F11_S359_comb,0,3.8727,0,5.6175,0,0,0,Primary,Macrophage,Macrophage,18,FALSE,TRUE,FALSE,TRUE,FALSE,FALSE
HNSCC17_P7_C11_S131_comb,0,0,0,7.7421,0.75531,0,0,Primary,Endothelial,Endothelial,17,FALSE,FALSE,FALSE,TRUE,TRUE,FALSE
HNSCC17_P2_G11_S83_comb,0,3.3159,6.863,0,12.742,12.776,1,Primary,0,Cancer cells,17,FALSE,TRUE,TRUE,FALSE,TRUE,TRUE
HNSCC17_P3_F09_S261_comb,4.2527,2.2573,7.322,4.7809,12.601,12.641,1,Primary,0,Cancer cells,17,TRUE,TRUE,TRUE,TRUE,TRUE,TRUE
HNSCC18_P3_C12_S324_comb,2.6604,5.5054,8.7897,5.7882,10.678,11.106,1,Primary,0,Cancer cells,18,TRUE,TRUE,TRUE,TRUE,TRUE,TRUE
HNSCC16_P2_C01_S25_comb,6.1832,4.74,0,5.4633,0,0.54597,0,Primary,Fibroblast,Fibroblast,16,TRUE,TRUE,FALSE,TRUE,FALSE,TRUE
HNSCC_17_P9_A06_S6_comb,0,0,0.035624,6.3596,0,0,0,Primary,T cell,T cell,NA,FALSE,FALSE,TRUE,TRUE,FALSE,FALSE
HNSCC16_P9_C08_S224_comb,0,0,0,6.399,0,0,0,Primary,T cell,T cell,16,FALSE,FALSE,FALSE,TRUE,FALSE,FALSE
HNSCC18_P2_D02_S134_comb,0,0,0,0,0,0.66175,0,Primary,0,0,18,FALSE,FALSE,FALSE,FALSE,FALSE,TRUE
HNSCC17_P3_F03_S255_comb,3.3757,5.4003,6.6731,0,12.612,11.605,1,Primary,0,Cancer cells,17,TRUE,TRUE,TRUE,FALSE,TRUE,TRUE
HNSCC17_P3_F06_S258_comb,3.7979,3.0854,6.9364,0,12.166,11.543,1,Primary,0,Cancer cells,17,TRUE,TRUE,TRUE,FALSE,TRUE,TRUE
HNSCC17_P2_G03_S75_comb,3.9735,0.57821,5.9288,0,12.686,11.572,1,Primary,0,Cancer cells,17,TRUE,TRUE,TRUE,FALSE,TRUE,TRUE
HNSCC17_P7_B05_S113_comb,5.9322,0,0.19787,6.6251,0,0,0,Primary,Fibroblast,Fibroblast,17,TRUE,FALSE,TRUE,TRUE,FALSE,FALSE
HNSCC18_P15_C07_S31_comb,0,0,0,0,0,0,0,Primary,T cell,T cell,18,FALSE,FALSE,FALSE,FALSE,FALSE,FALSE
HNSCC18_P7_F07_S163_comb,0,6.7378,0,5.0678,0,0,0,Primary,Endothelial,Endothelial,18,FALSE,TRUE,FALSE,TRUE,FALSE,FALSE
HNSCC_17_P9_G12_S84_comb,0,0,0,0,0,0,0,Primary,T cell,T cell,NA,FALSE,FALSE,FALSE,FALSE,FALSE,FALSE
HNSCC18_P3_A03_S291_comb,0,0,0,0,0,0,0,Primary,0,0,18,FALSE,FALSE,FALSE,FALSE,FALSE,FALSE
HNSCC18_P13_E09_S345_comb,0,0,0,9.0397,0,0,0,Primary,B cell,B cell,18,FALSE,FALSE,FALSE,TRUE,FALSE,FALSE
HNSCC16_P2_D09_S45_comb,5.2218,3.2333,0,6.1102,0,0,0,Primary,Fibroblast,Fibroblast,16,TRUE,TRUE,FALSE,TRUE,FALSE,FALSE
HNSCC_17_P10_F02_S254_comb,0,0,0,0.15704,0,0,0,Primary,T cell,T cell,NA,FALSE,FALSE,FALSE,TRUE,FALSE,FALSE
HNSCC17_P3_E11_S251_comb,5.177,0,6.1238,0,13.141,10.735,1,Primary,0,Cancer cells,17,TRUE,FALSE,TRUE,FALSE,TRUE,TRUE
HNSCC18_P3_D06_S330_comb,0,8.7223,0.85758,0,11.279,11.731,0,Primary,0,0,18,FALSE,TRUE,TRUE,FALSE,TRUE,TRUE
HNSCC_17_P9_F01_S61_comb,0,0,0,1.0129,0,0.23511,0,Primary,T cell,T cell,NA,FALSE,FALSE,FALSE,TRUE,FALSE,TRUE
HNSCC18_P3_B06_S306_comb,0,0,5.6246,0,8.0505,10.282,1,Primary,0,Cancer cells,18,FALSE,FALSE,TRUE,FALSE,TRUE,TRUE
HNSCC18_P16_C04_S220_comb,0,0,0,5.1205,0,0,0,Primary,T cell,T cell,18,FALSE,FALSE,FALSE,TRUE,FALSE,FALSE
HNSCC17_P7_B03_S111_comb,2.05,0,0,7.1423,0,0,0,Primary,Fibroblast,Fibroblast,17,TRUE,FALSE,FALSE,TRUE,FALSE,FALSE
HNSCC17_P3_G08_S272_comb,0,3.0273,7.3371,0,12.959,12.652,1,Primary,0,Cancer cells,17,FALSE,TRUE,TRUE,FALSE,TRUE,TRUE
HNSCC17_P7_H11_S191_comb,4.4952,3.6206,6.9339,0,11.498,11.198,1,Primary,0,Cancer cells,17,TRUE,TRUE,TRUE,FALSE,TRUE,TRUE
HNSCC_17_P10_F12_S264_comb,0,0,0.11237,0,0,0,0,Primary,T cell,T cell,NA,FALSE,FALSE,TRUE,FALSE,FALSE,FALSE
HNSCC17_P7_C06_S126_comb,0,0,0,7.1763,0,0,0,Primary,Fibroblast,Fibroblast,17,FALSE,FALSE,FALSE,TRUE,FALSE,FALSE
HNSCC18_P3_F03_S351_comb,0,0,2.5023,0,4.1787,0.1375,0,Primary,0,0,18,FALSE,FALSE,TRUE,FALSE,TRUE,TRUE
HNSCC17_P7_F05_S161_comb,0,0,0,7.1022,0,0.4782,0,Primary,Fibroblast,Fibroblast,17,FALSE,FALSE,FALSE,TRUE,FALSE,TRUE
HNSCC_17_P9_E05_S53_comb,0,0,0,6.3915,0,0,0,Primary,T cell,T cell,NA,FALSE,FALSE,FALSE,TRUE,FALSE,FALSE
HNSCC_17_P9_D06_S42_comb,0,0,0.59168,6.1185,0,0,0,Primary,T cell,T cell,NA,FALSE,FALSE,TRUE,TRUE,FALSE,FALSE
HNSCC16_P9_E11_S251_comb,0,0,0.53007,0,3.5678,3.9242,0,Primary,T cell,T cell,16,FALSE,FALSE,TRUE,FALSE,TRUE,TRUE
HNSCC18_P3_B12_S312_comb,4.0379,0,5.0371,0,0,7.756,0,Primary,0,0,18,TRUE,FALSE,TRUE,FALSE,FALSE,TRUE
HNSCC17_P2_B10_S22_comb,3.2813,2.8266,5.2574,0,12.61,12.803,1,Primary,0,Cancer cells,17,TRUE,TRUE,TRUE,FALSE,TRUE,TRUE
HNSCC_17_P9_E12_S60_comb,0,0,0,0,0,0,0,Primary,T cell,T cell,NA,FALSE,FALSE,FALSE,FALSE,FALSE,FALSE
HNSCC18_P13_D04_S328_comb,0,0,0,0,0,0,0,Primary,T cell,T cell,18,FALSE,FALSE,FALSE,FALSE,FALSE,FALSE
HNSCC_17_P9_G08_S80_comb,0,0,0,0,0,0,0,Primary,T cell,T cell,NA,FALSE,FALSE,FALSE,FALSE,FALSE,FALSE
HNSCC17_P7_H10_S190_comb,7.9003,0,0,6.9727,0.21164,1.3115,0,Primary,Fibroblast,Fibroblast,17,TRUE,FALSE,FALSE,TRUE,TRUE,TRUE
HNSCC16_P2_B05_S17_comb,5.2714,3.2208,0.062122,8.4007,0.16993,0,0,Primary,0,0,16,TRUE,TRUE,TRUE,TRUE,TRUE,FALSE
HNSCC16_P9_C11_S227_comb,0,0,0.053806,6.3531,0,0,0,Primary,T cell,T cell,16,FALSE,FALSE,TRUE,TRUE,FALSE,FALSE
HNSCC16_P2_E05_S53_comb,5.8163,6.1335,0,7.9277,0,0,0,Primary,Endothelial,Endothelial,16,TRUE,TRUE,FALSE,TRUE,FALSE,FALSE
HNSCC16_P9_E09_S249_comb,0,0,0.61259,0.21909,0,0,0,Primary,T cell,T cell,16,FALSE,FALSE,TRUE,TRUE,FALSE,FALSE
HNSCC_17_P9_D01_S37_comb,0,0,0,7.623,0,0,0,Primary,T cell,T cell,NA,FALSE,FALSE,FALSE,TRUE,FALSE,FALSE
HNSCC17_P3_H11_S287_comb,4.3265,3.7703,4.926,0,11.271,12.349,1,Primary,0,Cancer cells,17,TRUE,TRUE,TRUE,FALSE,TRUE,TRUE
HNSCC18_P16_E02_S242_comb,0,0,0,0,0,0,0,Primary,T cell,T cell,18,FALSE,FALSE,FALSE,FALSE,FALSE,FALSE
HNSCC_17_P10_D03_S231_comb,0,0,0.074505,6.764,3.2331,0.21661,0,Primary,T cell,T cell,NA,FALSE,FALSE,TRUE,TRUE,TRUE,TRUE
HNSCC_17_P10_C07_S223_comb,0,0,0,0,0,0,0,Primary,T cell,T cell,NA,FALSE,FALSE,FALSE,FALSE,FALSE,FALSE
HNSCC18_P7_G12_S180_comb,0,5.6462,0,1.4447,0,0,0,Primary,Fibroblast,Fibroblast,18,FALSE,TRUE,FALSE,TRUE,FALSE,FALSE
HNSCC_17_P9_C10_S34_comb,0,0,0,0,0,0,0,Primary,T cell,T cell,NA,FALSE,FALSE,FALSE,FALSE,FALSE,FALSE
HNSCC18_P3_D12_S336_comb,3.05,0,0,0,0,0,0,Primary,0,0,18,TRUE,FALSE,FALSE,FALSE,FALSE,FALSE
HNSCC17_P7_C08_S128_comb,6.2379,0,0,5.3743,0,0,0,Primary,Fibroblast,Fibroblast,17,TRUE,FALSE,FALSE,TRUE,FALSE,FALSE
HNSCC17_P2_H12_S96_comb,3.7653,4.4916,3.9917,0,12.011,11.885,1,Primary,0,Cancer cells,17,TRUE,TRUE,TRUE,FALSE,TRUE,TRUE
HNSCC17_P7_D12_S144_comb,0,0,0,6.6588,0,0,0,Primary,Fibroblast,Fibroblast,17,FALSE,FALSE,FALSE,TRUE,FALSE,FALSE
HNSCC18_P15_D02_S38_comb,0,0,0,0,0,0,0,Primary,T cell,T cell,18,FALSE,FALSE,FALSE,FALSE,FALSE,FALSE
HNSCC18_P7_A01_S97_comb,5.7667,0,0,0,0,0,0,Primary,Fibroblast,Fibroblast,18,TRUE,FALSE,FALSE,FALSE,FALSE,FALSE
HNSCC17_P3_B11_S215_comb,2.2995,0,5.9975,0,12.39,11.768,1,Primary,0,Cancer cells,17,TRUE,FALSE,TRUE,FALSE,TRUE,TRUE
HNSCC18_P13_F12_S360_comb,0,0,0,6.3913,0,0,0,Primary,T cell,T cell,18,FALSE,FALSE,FALSE,TRUE,FALSE,FALSE
HNSCC18_P7_G11_S179_comb,0,0,0,0,0,0,0,Primary,0,0,18,FALSE,FALSE,FALSE,FALSE,FALSE,FALSE
HNSCC17_P3_G07_S271_comb,2.4836,1.5256,5.4228,0,11.769,12.23,1,Primary,0,Cancer cells,17,TRUE,TRUE,TRUE,FALSE,TRUE,TRUE
HNSCC18_P3_B01_S301_comb,0,3.257,4.0447,0,9.5667,10.992,1,Primary,0,Cancer cells,18,FALSE,TRUE,TRUE,FALSE,TRUE,TRUE
HNSCC17_P3_B04_S208_comb,3.4586,4.0927,7.2564,0,12.241,12.905,1,Primary,0,Cancer cells,17,TRUE,TRUE,TRUE,FALSE,TRUE,TRUE
HNSCC_17_P10_A08_S200_comb,0,0,0.13488,0,0,0,0,Primary,T cell,T cell,NA,FALSE,FALSE,TRUE,FALSE,FALSE,FALSE
HNSCC16_P2_F07_S67_comb,7.1619,1.7472,0.11103,5.9264,0,0,0,Primary,Fibroblast,Fibroblast,16,TRUE,TRUE,TRUE,TRUE,FALSE,FALSE
HNSCC18_P2_H11_S191_comb,2.9789,0,0,6.5751,0.37295,0.20664,0,Primary,Fibroblast,Fibroblast,18,TRUE,FALSE,FALSE,TRUE,TRUE,TRUE
HNSCC18_P16_A09_S201_comb,0,0,0,1.934,0,0,0,Primary,T cell,T cell,18,FALSE,FALSE,FALSE,TRUE,FALSE,FALSE
HNSCC18_P15_F03_S63_comb,0,0.063503,0.048236,4.8809,0,0.32423,0,Primary,T cell,T cell,18,FALSE,TRUE,TRUE,TRUE,FALSE,TRUE
HNSCC18_P7_A08_S104_comb,0.59837,0,0,0,0,0,0,Primary,0,0,18,TRUE,FALSE,FALSE,FALSE,FALSE,FALSE
HNSCC_17_P9_H10_S94_comb,0,0,0.12697,0,0,0,0,Primary,T cell,T cell,NA,FALSE,FALSE,TRUE,FALSE,FALSE,FALSE
HNSCC18_P3_H02_S374_comb,0.27381,4.2178,6.6843,0,11.721,11.388,1,Primary,0,Cancer cells,18,TRUE,TRUE,TRUE,FALSE,TRUE,TRUE
HNSCC17_P2_F05_S65_comb,3.2412,3.2373,6.0406,0,12.08,12.515,1,Primary,0,Cancer cells,17,TRUE,TRUE,TRUE,FALSE,TRUE,TRUE
HNSCC16_P9_B06_S210_comb,0,0,0,6.3293,0,0.14143,0,Primary,Mast,Mast,16,FALSE,FALSE,FALSE,TRUE,FALSE,TRUE
HNSCC16_P9_F04_S256_comb,0,6.7779,0,3.4245,0,0,0,Primary,T cell,T cell,16,FALSE,TRUE,FALSE,TRUE,FALSE,FALSE
HNSCC17_P2_H10_S94_comb,7.6908,0,1.0909,0,11.012,9.5382,1,Primary,0,Cancer cells,17,TRUE,FALSE,TRUE,FALSE,TRUE,TRUE
HNSCC17_P13_F11_S359_comb,1.2792,0,0,6.4172,0,0,0,Primary,B cell,B cell,17,TRUE,FALSE,FALSE,TRUE,FALSE,FALSE
HNSCC18_P2_H04_S184_comb,6.5345,0,0.069015,6.4836,0.53306,0,0,Primary,Fibroblast,Fibroblast,18,TRUE,FALSE,TRUE,TRUE,TRUE,FALSE
HNSCC16_P9_G08_S272_comb,0,0,0,5.8419,0,0.12961,0,Primary,Macrophage,Macrophage,16,FALSE,FALSE,FALSE,TRUE,FALSE,TRUE
HNSCC18_P2_C11_S131_comb,2.7811,3.9519,6.1124,5.3754,8.8078,11.388,1,Primary,0,Cancer cells,18,TRUE,TRUE,TRUE,TRUE,TRUE,TRUE
HNSCC18_P3_H03_S375_comb,5.7945,5.4853,0,6.2951,0,0,0,Primary,Fibroblast,Fibroblast,18,TRUE,TRUE,FALSE,TRUE,FALSE,FALSE
HNSCC_17_P10_B09_S213_comb,0,0,0.075875,0,0,0,0,Primary,T cell,T cell,NA,FALSE,FALSE,TRUE,FALSE,FALSE,FALSE
HNSCC18_P3_A07_S295_comb,0,0,0.04684,0,0.13488,0.14143,0,Primary,0,0,18,FALSE,FALSE,TRUE,FALSE,TRUE,TRUE
HNSCC17_P3_E07_S247_comb,2.5341,4.7373,6.9922,0,12.551,12.608,1,Primary,0,Cancer cells,17,TRUE,TRUE,TRUE,FALSE,TRUE,TRUE
HNSCC17_P7_B08_S116_comb,6.2533,0,0,2.7868,0,0.23511,0,Primary,Fibroblast,Fibroblast,17,TRUE,FALSE,FALSE,TRUE,FALSE,TRUE
HNSCC16_P9_F03_S255_comb,0,0.11237,0,1.1124,0,0,0,Primary,T cell,T cell,16,FALSE,TRUE,FALSE,TRUE,FALSE,FALSE
HNSCC18_P13_E02_S338_comb,0,0,0.20664,0,0,0.20914,0,Primary,T cell,T cell,18,FALSE,FALSE,TRUE,FALSE,FALSE,TRUE
HNSCC17_P7_H08_S188_comb,1.6704,0,6.9468,0,11.222,10.349,1,Primary,0,Cancer cells,17,TRUE,FALSE,TRUE,FALSE,TRUE,TRUE
HNSCC18_P7_C12_S132_comb,6.6086,9.0365,0,5.6936,0,0,0,Primary,Fibroblast,Fibroblast,18,TRUE,TRUE,FALSE,TRUE,FALSE,FALSE
HNSCC_17_P9_B06_S18_comb,0,0,0.10165,5.7487,0,0,0,Primary,T cell,T cell,NA,FALSE,FALSE,TRUE,TRUE,FALSE,FALSE
HNSCC_17_P10_F03_S255_comb,0,0,0,8.5674,0,0.24853,0,Primary,T cell,T cell,NA,FALSE,FALSE,FALSE,TRUE,FALSE,TRUE
HNSCC18_P16_B04_S208_comb,0,0,0.28806,7.64,0,0,0,Primary,T cell,T cell,18,FALSE,FALSE,TRUE,TRUE,FALSE,FALSE
HNSCC17_P3_D05_S233_comb,0,1.2351,6.1776,0,12.534,12.21,1,Primary,0,Cancer cells,17,FALSE,TRUE,TRUE,FALSE,TRUE,TRUE
HNSCC16_P9_E04_S244_comb,0,0,0,7.8929,0,0,0,Primary,T cell,T cell,16,FALSE,FALSE,FALSE,TRUE,FALSE,FALSE
HNSCC18_P7_A02_S98_comb,0,6.696,0,6.4812,0,0,0,Primary,Endothelial,Endothelial,18,FALSE,TRUE,FALSE,TRUE,FALSE,FALSE
HNSCC17_P7_C01_S121_comb,0,0,0,0,0.24732,0,0,Primary,Endothelial,Endothelial,17,FALSE,FALSE,FALSE,FALSE,TRUE,FALSE
HNSCC16_P2_A04_S4_comb,4.2165,0,0,4.9959,0,0,0,Primary,Fibroblast,Fibroblast,16,TRUE,FALSE,FALSE,TRUE,FALSE,FALSE
HNSCC16_P9_G03_S267_comb,0,0,0,5.8558,0,0,0,Primary,T cell,T cell,16,FALSE,FALSE,FALSE,TRUE,FALSE,FALSE
HNSCC17_P2_E08_S56_comb,0,0,0,6.6091,1.1808,1.2154,0,Primary,Fibroblast,Fibroblast,17,FALSE,FALSE,FALSE,TRUE,TRUE,TRUE
HNSCC_17_P10_D02_S230_comb,0,0,0,0,0,0,0,Primary,T cell,T cell,NA,FALSE,FALSE,FALSE,FALSE,FALSE,FALSE
HNSCC18_P15_E01_S49_comb,0,0,0.2461,0,0,0,0,Primary,T cell,T cell,18,FALSE,FALSE,TRUE,FALSE,FALSE,FALSE
HNSCC_17_P9_A11_S11_comb,0,0,0,0,0,0,0,Primary,T cell,T cell,NA,FALSE,FALSE,FALSE,FALSE,FALSE,FALSE
HNSCC18_P2_E12_S156_comb,0,5.282,0.49672,0,11.929,10.127,0,Primary,0,0,18,FALSE,TRUE,TRUE,FALSE,TRUE,TRUE
HNSCC17_P7_G07_S175_comb,1.7251,0.12565,0,3.7725,0,0,0,Primary,Endothelial,Endothelial,17,TRUE,TRUE,FALSE,TRUE,FALSE,FALSE
HNSCC18_P7_H10_S190_comb,3.6045,5.1835,0,0,11.453,14.302,1,Primary,0,Cancer cells,18,TRUE,TRUE,FALSE,FALSE,TRUE,TRUE
HNSCC17_P2_F02_S62_comb,0,4.0375,7.0395,0,12.2,12.264,1,Primary,0,Cancer cells,17,FALSE,TRUE,TRUE,FALSE,TRUE,TRUE
HNSCC16_P9_H08_S284_comb,5.0933,0.22033,2.8693,5.9708,0,0,0,Primary,Fibroblast,Fibroblast,16,TRUE,TRUE,TRUE,TRUE,FALSE,FALSE
HNSCC16_P9_G09_S273_comb,0,0,0.12168,0,0,0,0,Primary,T cell,T cell,16,FALSE,FALSE,TRUE,FALSE,FALSE,FALSE
HNSCC16_P9_D09_S237_comb,0,0,0,0,0,0,0,Primary,T cell,T cell,16,FALSE,FALSE,FALSE,FALSE,FALSE,FALSE
HNSCC17_P13_B01_S301_comb,0,0,0,6.5331,0,0,0,Primary,B cell,B cell,17,FALSE,FALSE,FALSE,TRUE,FALSE,FALSE
HNSCC17_P3_A11_S203_comb,0,3.4431,7.9993,2.3127,11.817,11.587,1,Primary,0,Cancer cells,17,FALSE,TRUE,TRUE,TRUE,TRUE,TRUE
HNSCC_17_P9_D11_S47_comb,0,0,0,6.3558,0,0.12961,0,Primary,T cell,T cell,NA,FALSE,FALSE,FALSE,TRUE,FALSE,TRUE
HNSCC18_P13_B10_S310_comb,0,5.0625,0,6.0062,0,0,0,Primary,0,0,18,FALSE,TRUE,FALSE,TRUE,FALSE,FALSE
HNSCC18_P2_G05_S173_comb,0,0,6.1342,0,7.7008,10.844,1,Primary,0,Cancer cells,18,FALSE,FALSE,TRUE,FALSE,TRUE,TRUE
HNSCC18_P15_A07_S7_comb,0,0,0.11902,6.29,0,0,0,Primary,T cell,T cell,18,FALSE,FALSE,TRUE,TRUE,FALSE,FALSE
HNSCC_17_P10_A04_S196_comb,0,0,0,0,0,0,0,Primary,T cell,T cell,NA,FALSE,FALSE,FALSE,FALSE,FALSE,FALSE
HNSCC16_P2_G04_S76_comb,6.3268,0,0,7.8303,0.31383,0,0,Primary,Endothelial,Endothelial,16,TRUE,FALSE,FALSE,TRUE,TRUE,FALSE
HNSCC17_P2_H03_S87_comb,0.1903,3.1762,5.9446,0,13.085,12.809,1,Primary,0,Cancer cells,17,TRUE,TRUE,TRUE,FALSE,TRUE,TRUE
HNSCC18_P13_A04_S292_comb,0,5.1266,0.055196,8.6241,0,0,0,Primary,Macrophage,Macrophage,18,FALSE,TRUE,TRUE,TRUE,FALSE,FALSE
HNSCC18_P3_B05_S305_comb,0,0,0,0,1.5955,1.3791,0,Primary,0,0,18,FALSE,FALSE,FALSE,FALSE,TRUE,TRUE
HNSCC16_P9_H01_S277_comb,0,0,0,7.462,0,0,0,Primary,Fibroblast,Fibroblast,16,FALSE,FALSE,FALSE,TRUE,FALSE,FALSE
HNSCC18_P16_G01_S265_comb,0,0,0,0,0,0,0,Primary,T cell,T cell,18,FALSE,FALSE,FALSE,FALSE,FALSE,FALSE
HNSCC18_P3_D10_S334_comb,5.2763,3.1835,0,4.7091,11.57,10.275,1,Primary,0,Cancer cells,18,TRUE,TRUE,FALSE,TRUE,TRUE,TRUE
HNSCC_17_P9_G07_S79_comb,0,0,0,6.8181,0.30568,0,0,Primary,T cell,T cell,NA,FALSE,FALSE,FALSE,TRUE,TRUE,FALSE
HNSCC18_P7_A07_S103_comb,6.2854,5.4335,0,0,0,0,0,Primary,Fibroblast,Fibroblast,18,TRUE,TRUE,FALSE,FALSE,FALSE,FALSE
HNSCC_17_P9_F10_S70_comb,0,0,0,0,0,0,0,Primary,T cell,T cell,NA,FALSE,FALSE,FALSE,FALSE,FALSE,FALSE
HNSCC16_P2_E12_S60_comb,4.08,3.4396,0,6.8525,0,0,0,Primary,Endothelial,Endothelial,16,TRUE,TRUE,FALSE,TRUE,FALSE,FALSE
HNSCC16_P9_G07_S271_comb,0,0,0,0,0,0,0,Primary,T cell,T cell,16,FALSE,FALSE,FALSE,FALSE,FALSE,FALSE
HNSCC17_P3_C05_S221_comb,5.086,2.5246,5.1303,0,12.051,13.375,1,Primary,0,Cancer cells,17,TRUE,TRUE,TRUE,FALSE,TRUE,TRUE
HNSCC17_P7_G10_S178_comb,6.2711,0,0,7.3061,0.19156,0.20038,0,Primary,Fibroblast,Fibroblast,17,TRUE,FALSE,FALSE,TRUE,TRUE,TRUE
HNSCC18_P15_E11_S59_comb,0,0,0,6.7031,0,0,0,Primary,T cell,T cell,18,FALSE,FALSE,FALSE,TRUE,FALSE,FALSE
HNSCC17_P2_H05_S89_comb,3.4688,0,5.1809,0,12.668,12.834,1,Primary,0,Cancer cells,17,TRUE,FALSE,TRUE,FALSE,TRUE,TRUE
HNSCC17_P3_D07_S235_comb,2.5775,4.113,7.4904,0,12.75,12.175,1,Primary,0,Cancer cells,17,TRUE,TRUE,TRUE,FALSE,TRUE,TRUE
HNSCC17_P7_E09_S153_comb,3.7572,0,5.6321,0.082703,11.664,10.07,0,Primary,0,0,17,TRUE,FALSE,TRUE,TRUE,TRUE,TRUE
HNSCC16_P9_F12_S264_comb,0,0,0.12433,5.9398,0,0,0,Primary,T cell,T cell,16,FALSE,FALSE,TRUE,TRUE,FALSE,FALSE
HNSCC17_P7_G01_S169_comb,5.4424,5.1573,0,5.86,0,0.21537,0,Primary,Endothelial,Endothelial,17,TRUE,TRUE,FALSE,TRUE,FALSE,TRUE
HNSCC18_P2_H05_S185_comb,0,3.9778,1.7437,0,9.8866,10.649,0,Primary,0,0,18,FALSE,TRUE,TRUE,FALSE,TRUE,TRUE
HNSCC17_P3_G09_S273_comb,3.9684,0,2.8671,0,11.521,8.1315,0,Primary,0,0,17,TRUE,FALSE,TRUE,FALSE,TRUE,TRUE
HNSCC16_P9_A10_S202_comb,0,0,0,0,0,0,0,Primary,T cell,T cell,16,FALSE,FALSE,FALSE,FALSE,FALSE,FALSE
HNSCC17_P2_E02_S50_comb,0,3.354,6.7966,4.2723,11.88,10.893,1,Primary,0,Cancer cells,17,FALSE,TRUE,TRUE,TRUE,TRUE,TRUE
HNSCC17_P7_C09_S129_comb,4.0996,0,5.2838,0,10.711,9.1694,1,Primary,0,Cancer cells,17,TRUE,FALSE,TRUE,FALSE,TRUE,TRUE
HNSCC17_P3_F08_S260_comb,3.8666,3.8876,6.2932,0.11237,13.198,11.926,1,Primary,0,Cancer cells,17,TRUE,TRUE,TRUE,TRUE,TRUE,TRUE
HNSCC16_P9_F05_S257_comb,0,0,0,5.9684,0,0,0,Primary,T cell,T cell,16,FALSE,FALSE,FALSE,TRUE,FALSE,FALSE
HNSCC_17_P10_C02_S218_comb,0,0,0,6.3789,0,0,0,Primary,T cell,T cell,NA,FALSE,FALSE,FALSE,TRUE,FALSE,FALSE
HNSCC_17_P9_H02_S86_comb,0,0,0,6.4234,0,0,0,Primary,T cell,T cell,NA,FALSE,FALSE,FALSE,TRUE,FALSE,FALSE
HNSCC17_P3_E04_S244_comb,0,6.1974,8.2747,0,12.635,12.004,1,Primary,0,Cancer cells,17,FALSE,TRUE,TRUE,FALSE,TRUE,TRUE
HNSCC17_P7_A01_S97_comb,0,0,0.1177,7.2751,0,0,0,Primary,Fibroblast,Fibroblast,17,FALSE,FALSE,TRUE,TRUE,FALSE,FALSE
HNSCC18_P13_F06_S354_comb,0,0,0,0,0,0,0,Primary,T cell,T cell,18,FALSE,FALSE,FALSE,FALSE,FALSE,FALSE
HNSCC_17_P9_F05_S65_comb,0,0,0,0,0,0,0,Primary,T cell,T cell,NA,FALSE,FALSE,FALSE,FALSE,FALSE,FALSE
HNSCC17_P3_E06_S246_comb,0.45628,0.10434,7.2154,0,13.043,12.2,1,Primary,0,Cancer cells,17,TRUE,TRUE,TRUE,FALSE,TRUE,TRUE
HNSCC18_P15_C04_S28_comb,0,0,0.064883,8.4192,0,0,0,Primary,T cell,T cell,18,FALSE,FALSE,TRUE,TRUE,FALSE,FALSE
HNSCC16_P9_G11_S275_comb,0,0,0,7.7338,0,0,0,Primary,Mast,Mast,16,FALSE,FALSE,FALSE,TRUE,FALSE,FALSE
HNSCC_17_P10_G03_S267_comb,0,0,0,3.6226,0,0,0,Primary,T cell,T cell,NA,FALSE,FALSE,FALSE,TRUE,FALSE,FALSE
HNSCC17_P7_F07_S163_comb,5.4165,2.8922,0,8.1051,0,0,0,Primary,Endothelial,Endothelial,17,TRUE,TRUE,FALSE,TRUE,FALSE,FALSE
HNSCC18_P2_G07_S175_comb,4.1104,1.0496,3.1079,0,11.779,11.193,1,Primary,0,Cancer cells,18,TRUE,TRUE,TRUE,FALSE,TRUE,TRUE
HNSCC16_P2_B10_S22_comb,4.931,3.8239,0.097611,7.0715,0,0,0,Primary,Fibroblast,Fibroblast,16,TRUE,TRUE,TRUE,TRUE,FALSE,FALSE
HNSCC17_P2_E06_S54_comb,2.6891,4.3031,6.1151,0,12.576,12.695,1,Primary,0,Cancer cells,17,TRUE,TRUE,TRUE,FALSE,TRUE,TRUE
HNSCC18_P3_F02_S350_comb,0,0,0.092207,0,0,0,0,Primary,0,0,18,FALSE,FALSE,TRUE,FALSE,FALSE,FALSE
HNSCC18_P2_G09_S177_comb,0,0,0,4.946,0,0,0,Primary,Fibroblast,Fibroblast,18,FALSE,FALSE,FALSE,TRUE,FALSE,FALSE
HNSCC18_P3_F08_S356_comb,3.3313,0,0,0,7.5923,12.504,1,Primary,0,Cancer cells,18,TRUE,FALSE,FALSE,FALSE,TRUE,TRUE
HNSCC17_P7_H12_S192_comb,6.0558,0,0,6.0141,0.23879,0.24853,0,Primary,Endothelial,Endothelial,17,TRUE,FALSE,FALSE,TRUE,TRUE,TRUE
HNSCC17_P7_H03_S183_comb,0,0,0,0,0,0.37407,0,Primary,Fibroblast,Fibroblast,17,FALSE,FALSE,FALSE,FALSE,FALSE,TRUE
HNSCC_17_P9_E09_S57_comb,0,0,0,0,0,0,0,Primary,T cell,T cell,NA,FALSE,FALSE,FALSE,FALSE,FALSE,FALSE
HNSCC_17_P10_C01_S217_comb,0,0,0,6.7418,0,0,0,Primary,T cell,T cell,NA,FALSE,FALSE,FALSE,TRUE,FALSE,FALSE
HNSCC_17_P10_G05_S269_comb,0,0,0.084064,0,0,0,0,Primary,T cell,T cell,NA,FALSE,FALSE,TRUE,FALSE,FALSE,FALSE
HNSCC18_P7_E06_S150_comb,0,0,0.21785,0,6.6473,10.928,1,Primary,0,Cancer cells,18,FALSE,FALSE,TRUE,FALSE,TRUE,TRUE
HNSCC18_P16_H08_S284_comb,0,0.44255,0,7.2931,0,0,0,Primary,T cell,T cell,18,FALSE,TRUE,FALSE,TRUE,FALSE,FALSE
HNSCC16_P2_H09_S93_comb,5.3486,0,0.073135,6.5298,0,0,0,Primary,Fibroblast,Fibroblast,16,TRUE,FALSE,TRUE,TRUE,FALSE,FALSE
HNSCC18_P13_B06_S306_comb,0,0,0,0,0,0,0,Primary,T cell,T cell,18,FALSE,FALSE,FALSE,FALSE,FALSE,FALSE
HNSCC17_P2_E07_S55_comb,0,0,0,6.5641,0.36289,0.3774,0,Primary,Fibroblast,Fibroblast,17,FALSE,FALSE,FALSE,TRUE,TRUE,TRUE
HNSCC18_P2_C05_S125_comb,0,0,2.5726,0,9.3664,10.033,1,Primary,0,Cancer cells,18,FALSE,FALSE,TRUE,FALSE,TRUE,TRUE
HNSCC_17_P9_B05_S17_comb,0,0,0.094912,0,0,0,0,Primary,T cell,T cell,NA,FALSE,FALSE,TRUE,FALSE,FALSE,FALSE
HNSCC18_P7_D01_S133_comb,0,2.7525,0,5.8869,0,0,0,Primary,Fibroblast,Fibroblast,18,FALSE,TRUE,FALSE,TRUE,FALSE,FALSE
HNSCC18_P2_E04_S148_comb,0,0,0.020058,0,0.1137,0,0,Primary,0,0,18,FALSE,FALSE,TRUE,FALSE,TRUE,FALSE
HNSCC17_P2_G09_S81_comb,4.9507,3.7081,7.4127,0,13.251,12.014,1,Primary,0,Cancer cells,17,TRUE,TRUE,TRUE,FALSE,TRUE,TRUE
HNSCC16_P9_H02_S278_comb,0.8883,0,0,0,1.9115,0,0,Primary,Fibroblast,Fibroblast,16,TRUE,FALSE,FALSE,FALSE,TRUE,FALSE
HNSCC_17_P10_G10_S274_comb,0,0,0.077243,0,0,0,0,Primary,T cell,T cell,NA,FALSE,FALSE,TRUE,FALSE,FALSE,FALSE
HNSCC_17_P9_D12_S48_comb,0,6.7718,0,0,0,0.36289,0,Primary,T cell,T cell,NA,FALSE,TRUE,FALSE,FALSE,FALSE,TRUE
HNSCC18_P7_D02_S134_comb,0,0,0,0,3.3026,0,0,Primary,0,0,18,FALSE,FALSE,FALSE,FALSE,TRUE,FALSE
HNSCC18_P7_A10_S106_comb,4.5168,5.2972,0.056584,7.2228,0,0,0,Primary,Endothelial,Endothelial,18,TRUE,TRUE,TRUE,TRUE,FALSE,FALSE
HNSCC17_P3_A03_S195_comb,0,0,5.128,0,12.388,11.456,0,Primary,0,0,17,FALSE,FALSE,TRUE,FALSE,TRUE,TRUE
HNSCC18_P2_E08_S152_comb,0,0,0,0,9.5055,8.7634,0,Primary,0,0,18,FALSE,FALSE,FALSE,FALSE,TRUE,TRUE
HNSCC17_P2_G10_S82_comb,3.164,0,5.6932,0,13.304,11.245,1,Primary,0,Cancer cells,17,TRUE,FALSE,TRUE,FALSE,TRUE,TRUE
HNSCC16_P2_C10_S34_comb,5.24,5.7523,0,7.165,0,0,0,Primary,Endothelial,Endothelial,16,TRUE,TRUE,FALSE,TRUE,FALSE,FALSE
HNSCC17_P3_B03_S207_comb,2.8924,3.3481,7.9644,5.4702,11.815,11.451,1,Primary,0,Cancer cells,17,TRUE,TRUE,TRUE,TRUE,TRUE,TRUE
HNSCC17_P3_C06_S222_comb,0,0,0.079975,0,12.312,10.652,0,Primary,0,0,17,FALSE,FALSE,TRUE,FALSE,TRUE,TRUE
HNSCC18_P16_B06_S210_comb,0,0,0.11103,0,0,6.5249,0,Primary,T cell,T cell,18,FALSE,FALSE,TRUE,FALSE,FALSE,TRUE
HNSCC18_P7_A05_S101_comb,4.192,6.3581,9.1301,5.4166,11.435,11.924,1,Primary,0,Cancer cells,18,TRUE,TRUE,TRUE,TRUE,TRUE,TRUE
HNSCC17_P2_E11_S59_comb,0,2.9379,4.342,0,12.045,12.715,1,Primary,0,Cancer cells,17,FALSE,TRUE,TRUE,FALSE,TRUE,TRUE
HNSCC_17_P9_H12_S96_comb,0,0,0,8.1515,0,0,0,Primary,T cell,T cell,NA,FALSE,FALSE,FALSE,TRUE,FALSE,FALSE
HNSCC18_P7_H04_S184_comb,0,0,3.7659,0,9.1652,0.1375,0,Primary,0,0,18,FALSE,FALSE,TRUE,FALSE,TRUE,TRUE
HNSCC_17_P9_C05_S29_comb,0,0,0.064883,7.3332,0,0,0,Primary,T cell,T cell,NA,FALSE,FALSE,TRUE,TRUE,FALSE,FALSE
HNSCC18_P13_F04_S352_comb,0,0,0.069015,6.5707,0,0,0,Primary,T cell,T cell,18,FALSE,FALSE,TRUE,TRUE,FALSE,FALSE
HNSCC16_P2_E06_S54_comb,5.0799,3.0548,3.3836,4.9147,11.813,10.701,1,Primary,0,Cancer cells,16,TRUE,TRUE,TRUE,TRUE,TRUE,TRUE
HNSCC18_P16_B07_S211_comb,0,5.9932,0,0,0,0,0,Primary,T cell,T cell,18,FALSE,TRUE,FALSE,FALSE,FALSE,FALSE
HNSCC18_P7_G07_S175_comb,7.7248,4.5759,0,6.9578,0,0,0,Primary,Endothelial,Endothelial,18,TRUE,TRUE,FALSE,TRUE,FALSE,FALSE
HNSCC_17_P10_C09_S225_comb,0,0,0.066261,0,0,0,0,Primary,T cell,T cell,NA,FALSE,FALSE,TRUE,FALSE,FALSE,FALSE
HNSCC18_P15_G12_S84_comb,0,0,0,5.9952,0,0,0,Primary,T cell,T cell,18,FALSE,FALSE,FALSE,TRUE,FALSE,FALSE
HNSCC18_P13_G02_S362_comb,0,0,0.10568,7.3049,0,0,0,Primary,T cell,T cell,18,FALSE,FALSE,TRUE,TRUE,FALSE,FALSE
HNSCC17_P3_A10_S202_comb,4.1851,0,7.5413,0,13.071,11.374,1,Primary,0,Cancer cells,17,TRUE,FALSE,TRUE,FALSE,TRUE,TRUE
HNSCC17_P3_A05_S197_comb,3.3863,1.5748,4.4429,0,11.722,12.437,1,Primary,0,Cancer cells,17,TRUE,TRUE,TRUE,FALSE,TRUE,TRUE
HNSCC_17_P10_C03_S219_comb,0,0,0,0,0,0,0,Primary,T cell,T cell,NA,FALSE,FALSE,FALSE,FALSE,FALSE,FALSE
HNSCC_17_P10_D11_S239_comb,0,5.9668,0.097611,0,0,0,0,Primary,T cell,T cell,NA,FALSE,TRUE,TRUE,FALSE,FALSE,FALSE
HNSCC_17_P10_H04_S280_comb,0,0,0,6.6783,0,0,0,Primary,T cell,T cell,NA,FALSE,FALSE,FALSE,TRUE,FALSE,FALSE
HNSCC18_P2_G10_S178_comb,5.9925,0,2.6337,0,7.2293,10.719,0,Primary,0,0,18,TRUE,FALSE,TRUE,FALSE,TRUE,TRUE
HNSCC18_P13_G06_S366_comb,0,0,0,6.7004,9.1509,9.4363,0,Primary,T cell,T cell,18,FALSE,FALSE,FALSE,TRUE,TRUE,TRUE
HNSCC_17_P10_E07_S247_comb,0,0,0.24245,5.8532,0,0,0,Primary,T cell,T cell,NA,FALSE,FALSE,TRUE,TRUE,FALSE,FALSE
HNSCC16_P9_F10_S262_comb,0,0,0,0,0,0,0,Primary,T cell,T cell,16,FALSE,FALSE,FALSE,FALSE,FALSE,FALSE
HNSCC18_P15_A08_S8_comb,0,0,0.025738,7.2119,3.716,5.5758,0,Primary,0,0,18,FALSE,FALSE,TRUE,TRUE,TRUE,TRUE
HNSCC17_P7_D09_S141_comb,6.8842,0,0.16092,0.16864,0,0,0,Primary,Fibroblast,Fibroblast,17,TRUE,FALSE,TRUE,TRUE,FALSE,FALSE
HNSCC17_P3_F07_S259_comb,3.5004,0,5.9878,0,13.029,11.959,1,Primary,0,Cancer cells,17,TRUE,FALSE,TRUE,FALSE,TRUE,TRUE
HNSCC17_P2_G06_S78_comb,0.24489,0,5.6035,0,12.278,12.009,1,Primary,0,Cancer cells,17,TRUE,FALSE,TRUE,FALSE,TRUE,TRUE
HNSCC18_P7_E02_S146_comb,2.296,0,0,0,0,0,0,Primary,0,0,18,TRUE,FALSE,FALSE,FALSE,FALSE,FALSE
HNSCC16_P2_H12_S96_comb,5.9004,0,0.11902,8.541,0,0.59646,0,Primary,Fibroblast,Fibroblast,16,TRUE,FALSE,TRUE,TRUE,FALSE,TRUE
HNSCC18_P15_A03_S3_comb,0,0,0.094912,6.4122,0,0,0,Primary,T cell,T cell,18,FALSE,FALSE,TRUE,TRUE,FALSE,FALSE
HNSCC17_P7_E05_S149_comb,7.1572,3.7249,0.12961,3.9695,0.34483,0.35727,0,Primary,Endothelial,Endothelial,17,TRUE,TRUE,TRUE,TRUE,TRUE,TRUE
HNSCC18_P13_A09_S297_comb,2.4367,4.0019,0,6.8506,0,0,0,Primary,Macrophage,Macrophage,18,TRUE,TRUE,FALSE,TRUE,FALSE,FALSE
HNSCC_17_P9_H01_S85_comb,0,0,0.084064,0,0.23389,0,0,Primary,T cell,T cell,NA,FALSE,FALSE,TRUE,FALSE,TRUE,FALSE
HNSCC18_P15_D04_S40_comb,0,0,0.08134,0,0,0,0,Primary,T cell,T cell,18,FALSE,FALSE,TRUE,FALSE,FALSE,FALSE
HNSCC18_P3_D02_S326_comb,0,0,0.060739,0,0,0,0,Primary,0,0,18,FALSE,FALSE,TRUE,FALSE,FALSE,FALSE
HNSCC17_P2_A06_S6_comb,3.9829,2.5457,6.6379,0,12.284,12.334,1,Primary,0,Cancer cells,17,TRUE,TRUE,TRUE,FALSE,TRUE,TRUE
HNSCC18_P7_E12_S156_comb,0,3.6492,5.8062,3.8593,10.099,12.957,1,Primary,0,Cancer cells,18,FALSE,TRUE,TRUE,TRUE,TRUE,TRUE
HNSCC17_P3_E08_S248_comb,0,2.4571,6.3596,0,12.242,12.06,1,Primary,0,Cancer cells,17,FALSE,TRUE,TRUE,FALSE,TRUE,TRUE
HNSCC18_P2_E01_S145_comb,1.4704,3.1172,4.757,4.195,9.7232,12.638,1,Primary,0,Cancer cells,18,TRUE,TRUE,TRUE,TRUE,TRUE,TRUE
HNSCC16_P2_C04_S28_comb,0,0,0,9.4235,0,0,0,Primary,Endothelial,Endothelial,16,FALSE,FALSE,FALSE,TRUE,FALSE,FALSE
HNSCC18_P15_C03_S27_comb,0,0,0.22033,0,0,0,0,Primary,T cell,T cell,18,FALSE,FALSE,TRUE,FALSE,FALSE,FALSE
HNSCC16_P9_A05_S197_comb,0,0,0,0,0,0,0,Primary,Macrophage,Macrophage,16,FALSE,FALSE,FALSE,FALSE,FALSE,FALSE
HNSCC17_P7_E08_S152_comb,0,3.662,0,8.3946,0,0,0,Primary,Endothelial,Endothelial,17,FALSE,TRUE,FALSE,TRUE,FALSE,FALSE
HNSCC17_P2_A11_S11_comb,3.3445,3.9674,6.7855,0,12.08,13.176,1,Primary,0,Cancer cells,17,TRUE,TRUE,TRUE,FALSE,TRUE,TRUE
HNSCC16_P9_H05_S281_comb,4.9577,5.2322,0,6.5034,0,0,0,Primary,Fibroblast,Fibroblast,16,TRUE,TRUE,FALSE,TRUE,FALSE,FALSE
HNSCC18_P13_E07_S343_comb,0,0,0.09356,0,0,0.48954,0,Primary,T cell,T cell,18,FALSE,FALSE,TRUE,FALSE,FALSE,TRUE
HNSCC17_P3_E10_S250_comb,2.6107,3.5799,4.6209,0,12.403,12.598,1,Primary,0,Cancer cells,17,TRUE,TRUE,TRUE,FALSE,TRUE,TRUE
HNSCC16_P2_D05_S41_comb,4.9511,5.5169,0,8.0897,0,0,0,Primary,Endothelial,Endothelial,16,TRUE,TRUE,FALSE,TRUE,FALSE,FALSE
HNSCC16_P9_E07_S247_comb,0,0,0,9.3878,0,0,0,Primary,T cell,T cell,16,FALSE,FALSE,FALSE,TRUE,FALSE,FALSE
HNSCC_17_P10_H06_S282_comb,0,0,0.2228,0,0,0,0,Primary,T cell,T cell,NA,FALSE,FALSE,TRUE,FALSE,FALSE,FALSE
HNSCC_17_P10_E03_S243_comb,0,0,0,6.2492,0,0,0,Primary,T cell,T cell,NA,FALSE,FALSE,FALSE,TRUE,FALSE,FALSE
HNSCC18_P13_E05_S341_comb,0,0,0,0.338,0,0,0,Primary,T cell,T cell,18,FALSE,FALSE,FALSE,TRUE,FALSE,FALSE
HNSCC18_P2_E05_S149_comb,3.2317,6.0662,3.3192,4.0072,11.098,11.863,1,Primary,0,Cancer cells,18,TRUE,TRUE,TRUE,TRUE,TRUE,TRUE
HNSCC18_P7_F11_S167_comb,4.502,5.4979,0,5.9804,0,0,0,Primary,Fibroblast,Fibroblast,18,TRUE,TRUE,FALSE,TRUE,FALSE,FALSE
HNSCC_17_P10_G02_S266_comb,0,0,0,0,0,0,0,Primary,T cell,T cell,NA,FALSE,FALSE,FALSE,FALSE,FALSE,FALSE
HNSCC_17_P10_A03_S195_comb,0,0,0,0,0,0,0,Primary,T cell,T cell,NA,FALSE,FALSE,FALSE,FALSE,FALSE,FALSE
HNSCC17_P7_B12_S120_comb,0.57918,3.326,5.8029,0,11.093,9.6323,1,Primary,0,Cancer cells,17,TRUE,TRUE,TRUE,FALSE,TRUE,TRUE
HNSCC18_P7_H06_S186_comb,0,5.976,0.088142,7.2558,6.2428,5.4645,0,Primary,Endothelial,Endothelial,18,FALSE,TRUE,TRUE,TRUE,TRUE,TRUE
HNSCC18_P13_C09_S321_comb,0,0,0,0.21164,0,0,0,Primary,T cell,T cell,18,FALSE,FALSE,FALSE,TRUE,FALSE,FALSE
HNSCC17_P7_E06_S150_comb,7.3096,0,0,0,0,0,0,Primary,Fibroblast,Fibroblast,17,TRUE,FALSE,FALSE,FALSE,FALSE,FALSE
HNSCC18_P7_F12_S168_comb,3.846,5.7453,0.22651,8.5402,0,0,0,Primary,Endothelial,Endothelial,18,TRUE,TRUE,TRUE,TRUE,FALSE,FALSE
HNSCC17_P3_E01_S241_comb,4.0774,5.2727,6.516,0,13.03,12.642,1,Primary,0,Cancer cells,17,TRUE,TRUE,TRUE,FALSE,TRUE,TRUE
HNSCC_17_P10_H08_S284_comb,0,4.6221,0,7.6329,0,0,0,Primary,T cell,T cell,NA,FALSE,TRUE,FALSE,TRUE,FALSE,FALSE
HNSCC_17_P10_B06_S210_comb,0,0,0,6.983,0,0,0,Primary,T cell,T cell,NA,FALSE,FALSE,FALSE,TRUE,FALSE,FALSE
HNSCC_17_P9_D05_S41_comb,0,0,0,4.6658,0.17632,0,0,Primary,T cell,T cell,NA,FALSE,FALSE,FALSE,TRUE,TRUE,FALSE
HNSCC_17_P9_C12_S36_comb,0,0,0,0,0,0,0,Primary,T cell,T cell,NA,FALSE,FALSE,FALSE,FALSE,FALSE,FALSE
HNSCC18_P2_G03_S171_comb,3.8085,4.7349,0,0,0.17121,0,0,Primary,Fibroblast,Fibroblast,18,TRUE,TRUE,FALSE,FALSE,TRUE,FALSE
HNSCC17_P13_H06_S378_comb,0,0,0.038436,0.29748,0,0,0,Primary,B cell,B cell,17,FALSE,FALSE,TRUE,TRUE,FALSE,FALSE
HNSCC17_P7_A09_S105_comb,0,0,0,8.9768,0,0,0,Primary,Fibroblast,Fibroblast,17,FALSE,FALSE,FALSE,TRUE,FALSE,FALSE
HNSCC18_P13_G01_S361_comb,0,0,0,0,0,0,0,Primary,T cell,T cell,18,FALSE,FALSE,FALSE,FALSE,FALSE,FALSE
HNSCC18_P13_F01_S349_comb,0,0,0,0,0,0,0,Primary,T cell,T cell,18,FALSE,FALSE,FALSE,FALSE,FALSE,FALSE
HNSCC17_P3_C09_S225_comb,2.0837,4.6904,5.9089,0,13.122,13.504,1,Primary,0,Cancer cells,17,TRUE,TRUE,TRUE,FALSE,TRUE,TRUE
HNSCC18_P3_C01_S313_comb,0,0.61824,2.6281,0,6.7477,11.616,0,Primary,0,0,18,FALSE,TRUE,TRUE,FALSE,TRUE,TRUE
HNSCC17_P3_C08_S224_comb,3.8544,5.7637,8.0231,0,12.301,12.742,1,Primary,0,Cancer cells,17,TRUE,TRUE,TRUE,FALSE,TRUE,TRUE
HNSCC18_P15_E03_S51_comb,0,0,0,4.1258,0,0,0,Primary,T cell,T cell,18,FALSE,FALSE,FALSE,TRUE,FALSE,FALSE
HNSCC16_P2_B12_S24_comb,7.2279,2.8094,0,7.6364,0,0,0,Primary,Fibroblast,Fibroblast,16,TRUE,TRUE,FALSE,TRUE,FALSE,FALSE
HNSCC17_P2_B09_S21_comb,0,3.269,5.2666,0,12.599,12.672,1,Primary,0,Cancer cells,17,FALSE,TRUE,TRUE,FALSE,TRUE,TRUE
HNSCC18_P15_B02_S14_comb,0,0,0,0.50691,0,0,0,Primary,T cell,T cell,18,FALSE,FALSE,FALSE,TRUE,FALSE,FALSE
HNSCC18_P16_F04_S256_comb,0,0,0,0,0,0,0,Primary,T cell,T cell,18,FALSE,FALSE,FALSE,FALSE,FALSE,FALSE
HNSCC16_P2_E03_S51_comb,5.8202,7.2839,0,7.6563,0,0,0,Primary,Endothelial,Endothelial,16,TRUE,TRUE,FALSE,TRUE,FALSE,FALSE
HNSCC17_P2_C02_S26_comb,0,0,5.6506,0,12.165,11.258,0,Primary,0,0,17,FALSE,FALSE,TRUE,FALSE,TRUE,TRUE
HNSCC17_P2_D06_S42_comb,2.6178,4.3076,5.793,0,12.396,12.435,1,Primary,0,Cancer cells,17,TRUE,TRUE,TRUE,FALSE,TRUE,TRUE
HNSCC16_P2_A02_S2_comb,0,6.8567,0.20664,7.9723,0,0,0,Primary,Endothelial,Endothelial,16,FALSE,TRUE,TRUE,TRUE,FALSE,FALSE
HNSCC16_P2_E01_S49_comb,2.9891,2.6608,0.05797,8.9819,0,0,0,Primary,Endothelial,Endothelial,16,TRUE,TRUE,TRUE,TRUE,FALSE,FALSE
HNSCC18_P7_C08_S128_comb,5.9205,0,0,7.3006,0,0,0,Primary,Fibroblast,Fibroblast,18,TRUE,FALSE,FALSE,TRUE,FALSE,FALSE
HNSCC16_P9_E03_S243_comb,0,0.21039,0.28806,0,0,0.28924,0,Primary,T cell,T cell,16,FALSE,TRUE,TRUE,FALSE,FALSE,TRUE
HNSCC18_P2_F09_S165_comb,0,0,0,0,0,0,0,Primary,0,0,18,FALSE,FALSE,FALSE,FALSE,FALSE,FALSE
HNSCC16_P9_E10_S250_comb,0,0,0,6.1627,0.2461,0.25459,0,Primary,T cell,T cell,16,FALSE,FALSE,FALSE,TRUE,TRUE,TRUE
HNSCC18_P7_E05_S149_comb,4.645,6.8654,0,7.372,0,0,0,Primary,Endothelial,Endothelial,18,TRUE,TRUE,FALSE,TRUE,FALSE,FALSE
HNSCC16_P2_H11_S95_comb,0,6.0192,0,7.3261,0.23389,0.24245,0,Primary,Endothelial,Endothelial,16,FALSE,TRUE,FALSE,TRUE,TRUE,TRUE
HNSCC18_P13_B09_S309_comb,0,0,0.07861,7.6377,0,0,0,Primary,T cell,T cell,18,FALSE,FALSE,TRUE,TRUE,FALSE,FALSE
HNSCC18_P2_A05_S101_comb,2.625,0,0,0,0,2.1283,0,Primary,0,0,18,TRUE,FALSE,FALSE,FALSE,FALSE,TRUE
HNSCC18_P15_A02_S2_comb,0,0,0.29396,8.7264,0,0,0,Primary,T cell,T cell,18,FALSE,FALSE,TRUE,TRUE,FALSE,FALSE
HNSCC16_P2_C07_S31_comb,0,5.6021,0,7.3439,0,0,0,Primary,Endothelial,Endothelial,16,FALSE,TRUE,FALSE,TRUE,FALSE,FALSE
HNSCC16_P2_E08_S56_comb,0,0,0,5.153,0,0,0,Primary,Endothelial,Endothelial,16,FALSE,FALSE,FALSE,TRUE,FALSE,FALSE
HNSCC18_P2_B08_S116_comb,3.1455,2.5585,7.4682,6.3507,10.463,11.135,1,Primary,0,Cancer cells,18,TRUE,TRUE,TRUE,TRUE,TRUE,TRUE
HNSCC18_P13_D03_S327_comb,0,0,0,6.2574,0,0,0,Primary,T cell,T cell,18,FALSE,FALSE,FALSE,TRUE,FALSE,FALSE
HNSCC16_P9_B12_S216_comb,0,0,0,7.9894,0,0,0,Primary,T cell,T cell,16,FALSE,FALSE,FALSE,TRUE,FALSE,FALSE
HNSCC18_P2_C12_S132_comb,0,0,3.3587,0,5.4189,12.212,1,Primary,0,Cancer cells,18,FALSE,FALSE,TRUE,FALSE,TRUE,TRUE
HNSCC_17_P10_G06_S270_comb,0,0,0.079975,7.0864,0,0,0,Primary,T cell,T cell,NA,FALSE,FALSE,TRUE,TRUE,FALSE,FALSE
HNSCC16_P9_D10_S238_comb,0,0,0.090853,6.9817,0,0,0,Primary,Mast,Mast,16,FALSE,FALSE,TRUE,TRUE,FALSE,FALSE
HNSCC16_P2_A09_S9_comb,4.3613,1.7853,0,5.3697,0,0,0,Primary,Fibroblast,Fibroblast,16,TRUE,TRUE,FALSE,TRUE,FALSE,FALSE
HNSCC18_P2_G04_S172_comb,3.9332,4.7185,0,0.58111,0.29042,0,0,Primary,Fibroblast,Fibroblast,18,TRUE,TRUE,FALSE,TRUE,TRUE,FALSE
HNSCC16_P9_D11_S239_comb,0,0,0,0,0,0.34028,0,Primary,T cell,T cell,16,FALSE,FALSE,FALSE,FALSE,FALSE,TRUE
HNSCC16_P2_G11_S83_comb,0,4.5871,0.12829,8.2294,0,0.35276,0,Primary,Endothelial,Endothelial,16,FALSE,TRUE,TRUE,TRUE,FALSE,TRUE
HNSCC17_P7_F06_S162_comb,0,4.0961,0,7.3462,0,0,0,Primary,Endothelial,Endothelial,17,FALSE,TRUE,FALSE,TRUE,FALSE,FALSE
HNSCC_17_P10_A01_S193_comb,0,0,0,6.021,3.157,0,0,Primary,T cell,T cell,NA,FALSE,FALSE,FALSE,TRUE,TRUE,FALSE
HNSCC18_P16_C05_S221_comb,0,0,0,6.4899,0,0,0,Primary,T cell,T cell,18,FALSE,FALSE,FALSE,TRUE,FALSE,FALSE
HNSCC18_P3_E12_S348_comb,5.3219,4.3114,4.2937,0,8.5485,11.308,1,Primary,0,Cancer cells,18,TRUE,TRUE,TRUE,FALSE,TRUE,TRUE
HNSCC18_P2_H09_S189_comb,3.1857,0,0,3.1189,0,0,0,Primary,0,0,18,TRUE,FALSE,FALSE,TRUE,FALSE,FALSE
HNSCC16_P9_B08_S212_comb,0,0,0.17887,8.3973,0,0,0,Primary,T cell,T cell,16,FALSE,FALSE,TRUE,TRUE,FALSE,FALSE
HNSCC18_P13_A11_S299_comb,0,3.4083,0,8.7813,0,0,0,Primary,Mast,Mast,18,FALSE,TRUE,FALSE,TRUE,FALSE,FALSE
HNSCC18_P13_D01_S325_comb,0,0,0,0,0,0,0,Primary,T cell,T cell,18,FALSE,FALSE,FALSE,FALSE,FALSE,FALSE
HNSCC_17_P10_H03_S279_comb,0,0,0,0,0.1635,0,0,Primary,T cell,T cell,NA,FALSE,FALSE,FALSE,FALSE,TRUE,FALSE
HNSCC18_P15_F01_S61_comb,0,0,0.052416,8.6723,0,0,0,Primary,T cell,T cell,18,FALSE,FALSE,TRUE,TRUE,FALSE,FALSE
HNSCC18_P2_E03_S147_comb,5.1332,0,0,7.1326,0,0.21909,0,Primary,Fibroblast,Fibroblast,18,TRUE,FALSE,FALSE,TRUE,FALSE,TRUE
HNSCC17_P2_H09_S93_comb,2.6787,2.9754,3.234,0,12.564,11.635,1,Primary,0,Cancer cells,17,TRUE,TRUE,TRUE,FALSE,TRUE,TRUE
HNSCC18_P3_H04_S376_comb,0,0.12697,0,6.384,0,0,0,Primary,Mast,Mast,18,FALSE,TRUE,FALSE,TRUE,FALSE,FALSE
HNSCC17_P2_F06_S66_comb,3.5293,0,5.0458,0,12.209,12.148,1,Primary,0,Cancer cells,17,TRUE,FALSE,TRUE,FALSE,TRUE,TRUE
HNSCC18_P13_E10_S346_comb,0,0,0.12697,6.0116,0,0,0,Primary,T cell,T cell,18,FALSE,FALSE,TRUE,TRUE,FALSE,FALSE
HNSCC16_P2_E09_S57_comb,6.0156,0,0.060739,6.4453,0,0,0,Primary,Fibroblast,Fibroblast,16,TRUE,FALSE,TRUE,TRUE,FALSE,FALSE
HNSCC16_P9_B01_S205_comb,0,0,0.11636,8.51,0,0,0,Primary,T cell,T cell,16,FALSE,FALSE,TRUE,TRUE,FALSE,FALSE
HNSCC_17_P10_A09_S201_comb,0,6.8979,0.12168,0.49365,0,0,0,Primary,T cell,T cell,NA,FALSE,TRUE,TRUE,TRUE,FALSE,FALSE
HNSCC16_P2_F11_S71_comb,4.2389,0,0,7.6699,0,0,0,Primary,Fibroblast,Fibroblast,16,TRUE,FALSE,FALSE,TRUE,FALSE,FALSE
HNSCC17_P7_H05_S185_comb,6.2446,0,0.062122,0,0.16993,0.33457,0,Primary,Fibroblast,Fibroblast,17,TRUE,FALSE,TRUE,FALSE,TRUE,TRUE
HNSCC17_P3_H07_S283_comb,0,0,5.8389,0,12.892,12.973,1,Primary,0,Cancer cells,17,FALSE,FALSE,TRUE,FALSE,TRUE,TRUE
HNSCC18_P13_E11_S347_comb,0,0.23756,0,0,0,1.3363,0,Primary,T cell,T cell,18,FALSE,TRUE,FALSE,FALSE,FALSE,TRUE
HNSCC16_P2_D01_S37_comb,4.3877,7.7055,0,7.5177,0,0,0,Primary,Fibroblast,Fibroblast,16,TRUE,TRUE,FALSE,TRUE,FALSE,FALSE
HNSCC18_P3_G10_S370_comb,0,0,0.29514,0,10.344,12.249,0,Primary,0,0,18,FALSE,FALSE,TRUE,FALSE,TRUE,TRUE
HNSCC17_P2_B12_S24_comb,1.0335,1.2552,7.43,3.0956,12.636,12.773,1,Primary,0,Cancer cells,17,TRUE,TRUE,TRUE,TRUE,TRUE,TRUE
HNSCC16_P2_E04_S52_comb,6.7923,5.6098,0,5.874,0,0,0,Primary,Fibroblast,Fibroblast,16,TRUE,TRUE,FALSE,TRUE,FALSE,FALSE
HNSCC_17_P9_A01_S1_comb,0,0,0.086784,0,0,0,0,Primary,T cell,T cell,NA,FALSE,FALSE,TRUE,FALSE,FALSE,FALSE
HNSCC18_P3_B11_S311_comb,5.1425,0,0,8.3268,0,6.0521,0,Primary,Fibroblast,Fibroblast,18,TRUE,FALSE,FALSE,TRUE,FALSE,TRUE
HNSCC_17_P9_B08_S20_comb,0,0,0.048236,6.9697,0.1375,0,0,Primary,T cell,T cell,NA,FALSE,FALSE,TRUE,TRUE,TRUE,FALSE
HNSCC16_P9_F06_S258_comb,0,0,0.05797,5.9153,0,5.5622,0,Primary,T cell,T cell,16,FALSE,FALSE,TRUE,TRUE,FALSE,TRUE
HNSCC18_P2_C04_S124_comb,2.1612,0,0,0,0.11902,0,0,Primary,0,0,18,TRUE,FALSE,FALSE,FALSE,TRUE,FALSE
HNSCC18_P7_F06_S162_comb,6.1549,0,0.10969,6.2277,0,0.30685,0,Primary,Fibroblast,Fibroblast,18,TRUE,FALSE,TRUE,TRUE,FALSE,TRUE
HNSCC16_P2_B11_S23_comb,0,0,0,8.5392,0,0,0,Primary,Fibroblast,Fibroblast,16,FALSE,FALSE,FALSE,TRUE,FALSE,FALSE
HNSCC18_P2_F02_S158_comb,0,0,1.5074,0,9.0247,11.725,1,Primary,0,Cancer cells,18,FALSE,FALSE,TRUE,FALSE,TRUE,TRUE
HNSCC_17_P9_B03_S15_comb,0,0,0,8.4533,0,0,0,Primary,T cell,T cell,NA,FALSE,FALSE,FALSE,TRUE,FALSE,FALSE
HNSCC18_P3_E02_S338_comb,2.7872,5.8936,6.6834,0,10.173,12.469,1,Primary,0,Cancer cells,18,TRUE,TRUE,TRUE,FALSE,TRUE,TRUE
HNSCC16_P9_G10_S274_comb,0,0,0,8.3413,0,0,0,Primary,T cell,T cell,16,FALSE,FALSE,FALSE,TRUE,FALSE,FALSE
HNSCC17_P7_G12_S180_comb,5.5657,0,3.8247,0.10434,10.747,10.315,1,Primary,0,Cancer cells,17,TRUE,FALSE,TRUE,TRUE,TRUE,TRUE
HNSCC18_P2_F03_S159_comb,0,7.9143,6.6702,0,11.826,11.593,1,Primary,0,Cancer cells,18,FALSE,TRUE,TRUE,FALSE,TRUE,TRUE
HNSCC17_P7_D03_S135_comb,0,0,0,6.0753,0,0,0,Primary,Fibroblast,Fibroblast,17,FALSE,FALSE,FALSE,TRUE,FALSE,FALSE
HNSCC18_P2_F10_S166_comb,2.9806,0.64155,5.0017,0,9.6136,11.02,1,Primary,0,Cancer cells,18,TRUE,TRUE,TRUE,FALSE,TRUE,TRUE
HNSCC_17_P9_E10_S58_comb,0,0,0.088142,0,0,0,0,Primary,T cell,T cell,NA,FALSE,FALSE,TRUE,FALSE,FALSE,FALSE
HNSCC18_P7_B08_S116_comb,0,4.9348,0,6.0566,0,0,0,Primary,Fibroblast,Fibroblast,18,FALSE,TRUE,FALSE,TRUE,FALSE,FALSE
HNSCC18_P15_D09_S45_comb,0,0,0,6.4917,0,0,0,Primary,T cell,T cell,18,FALSE,FALSE,FALSE,TRUE,FALSE,FALSE
HNSCC_17_P9_B12_S24_comb,0,6.9213,0.11237,0,0,0,0,Primary,T cell,T cell,NA,FALSE,TRUE,TRUE,FALSE,FALSE,FALSE
HNSCC18_P3_C07_S319_comb,5.3337,0,0,0,9.1716,8.8018,0,Primary,0,0,18,TRUE,FALSE,FALSE,FALSE,TRUE,TRUE
HNSCC17_P2_C04_S28_comb,2.6823,4.1074,7.4927,0,12.07,12.443,1,Primary,0,Cancer cells,17,TRUE,TRUE,TRUE,FALSE,TRUE,TRUE
HNSCC18_P2_E09_S153_comb,0,4.0153,5.1173,4.5271,9.9988,12.662,1,Primary,0,Cancer cells,18,FALSE,TRUE,TRUE,TRUE,TRUE,TRUE
HNSCC17_P2_D02_S38_comb,3.3478,3.6328,8.2205,0,12.045,12.847,1,Primary,0,Cancer cells,17,TRUE,TRUE,TRUE,FALSE,TRUE,TRUE
HNSCC17_P7_D11_S143_comb,0,0,4.5015,0,10.972,9.4999,1,Primary,0,Cancer cells,17,FALSE,FALSE,TRUE,FALSE,TRUE,TRUE
HNSCC18_P15_A11_S11_comb,0,0,0,4.2212,0.30217,0.31383,0,Primary,T cell,T cell,18,FALSE,FALSE,FALSE,TRUE,TRUE,TRUE
HNSCC18_P15_A01_S1_comb,0,0,0.16993,7.9679,0,0,0,Primary,T cell,T cell,18,FALSE,FALSE,TRUE,TRUE,FALSE,FALSE
HNSCC18_P13_H02_S374_comb,0,0,0.20163,0,0,0,0,Primary,T cell,T cell,18,FALSE,FALSE,TRUE,FALSE,FALSE,FALSE
HNSCC18_P13_B08_S308_comb,0,4.6964,0,6.7128,0,0,0,Primary,Macrophage,Macrophage,18,FALSE,TRUE,FALSE,TRUE,FALSE,FALSE
HNSCC16_P9_B05_S209_comb,0,0,0.063503,6.9833,0,0,0,Primary,Mast,Mast,16,FALSE,FALSE,TRUE,TRUE,FALSE,FALSE
HNSCC16_P9_A09_S201_comb,0,0,0,0,0.45207,0,0,Primary,T cell,T cell,16,FALSE,FALSE,FALSE,FALSE,TRUE,FALSE
HNSCC_17_P9_G09_S81_comb,0,0,0,0,0,0,0,Primary,T cell,T cell,NA,FALSE,FALSE,FALSE,FALSE,FALSE,FALSE
HNSCC16_P9_D07_S235_comb,0,0,0.1375,8.9386,0.36401,0.3774,0,Primary,Mast,Mast,16,FALSE,FALSE,TRUE,TRUE,TRUE,TRUE
HNSCC16_P9_C02_S218_comb,4.4888,0,0.11503,5.2057,0,0,0,Primary,T cell,T cell,16,TRUE,FALSE,TRUE,TRUE,FALSE,FALSE
HNSCC17_P7_B10_S118_comb,0,0,0.13488,6.7844,1.7049,0.91303,0,Primary,Fibroblast,Fibroblast,17,FALSE,FALSE,TRUE,TRUE,TRUE,TRUE
HNSCC18_P15_G06_S78_comb,0,0,0,1.8972,0,0,0,Primary,T cell,T cell,18,FALSE,FALSE,FALSE,TRUE,FALSE,FALSE
HNSCC17_P3_H06_S282_comb,0,0.66084,0,7.95,0.85519,0,0,Primary,Mast,Mast,17,FALSE,TRUE,FALSE,TRUE,TRUE,FALSE
HNSCC16_P9_A08_S200_comb,0,0,0.15445,0,0,0,0,Primary,T cell,T cell,16,FALSE,FALSE,TRUE,FALSE,FALSE,FALSE
HNSCC17_P3_H12_S288_comb,0,4.4798,8.0964,0,12.432,11.67,1,Primary,0,Cancer cells,17,FALSE,TRUE,TRUE,FALSE,TRUE,TRUE
HNSCC_17_P9_B02_S14_comb,0,0,0,7.1525,0,0,0,Primary,T cell,T cell,NA,FALSE,FALSE,FALSE,TRUE,FALSE,FALSE
HNSCC16_P2_C08_S32_comb,0.39726,4.6046,0,8.3894,0,0,0,Primary,Endothelial,Endothelial,16,TRUE,TRUE,FALSE,TRUE,FALSE,FALSE
HNSCC18_P7_F10_S166_comb,0,0,0,6.4748,0,0,0,Primary,B cell,B cell,18,FALSE,FALSE,FALSE,TRUE,FALSE,FALSE
HNSCC17_P3_F12_S264_comb,3.8887,3.2068,5.6167,0,11.79,13.296,1,Primary,0,Cancer cells,17,TRUE,TRUE,TRUE,FALSE,TRUE,TRUE
HNSCC_17_P10_C11_S227_comb,0,0,0,7.0881,0,0,0,Primary,T cell,T cell,NA,FALSE,FALSE,FALSE,TRUE,FALSE,FALSE
HNSCC17_P7_G05_S173_comb,6.0209,0,6.4364,0,11.446,11.137,1,Primary,0,Cancer cells,17,TRUE,FALSE,TRUE,FALSE,TRUE,TRUE
HNSCC17_P7_H06_S186_comb,6.4721,0.069015,0,5.7528,6.4862,0,0,Primary,Fibroblast,Fibroblast,17,TRUE,TRUE,FALSE,TRUE,TRUE,FALSE
HNSCC18_P13_C12_S324_comb,0,0,0,0,0,0,0,Primary,T cell,T cell,18,FALSE,FALSE,FALSE,FALSE,FALSE,FALSE
HNSCC18_P7_A12_S108_comb,3.5871,0,0,1.1609,0,0,0,Primary,B cell,B cell,18,TRUE,FALSE,FALSE,TRUE,FALSE,FALSE
HNSCC_17_P9_G05_S77_comb,0,0,0.10969,0,0,0,0,Primary,T cell,T cell,NA,FALSE,FALSE,TRUE,FALSE,FALSE,FALSE
HNSCC18_P7_D07_S139_comb,5.6915,0,0,5.2619,0,0,0,Primary,Fibroblast,Fibroblast,18,TRUE,FALSE,FALSE,TRUE,FALSE,FALSE
HNSCC18_P16_H07_S283_comb,0,0,0.048236,6.6801,0,0,0,Primary,T cell,T cell,18,FALSE,FALSE,TRUE,TRUE,FALSE,FALSE
HNSCC17_P2_H08_S92_comb,0,0,5.6769,0,12.698,9.616,0,Primary,0,0,17,FALSE,FALSE,TRUE,FALSE,TRUE,TRUE
HNSCC17_P3_G02_S266_comb,1.6225,0,6.5059,5.7886,12.125,10.802,1,Primary,0,Cancer cells,17,TRUE,FALSE,TRUE,TRUE,TRUE,TRUE
HNSCC18_P3_A01_S289_comb,0,0,0.069015,0,0.19787,0.20539,0,Primary,0,0,18,FALSE,FALSE,TRUE,FALSE,TRUE,TRUE
HNSCC16_P9_H04_S280_comb,0.2461,4.6277,0,3.4332,0,0,0,Primary,Fibroblast,Fibroblast,16,TRUE,TRUE,FALSE,TRUE,FALSE,FALSE
HNSCC17_P3_C07_S223_comb,4.439,2.3428,8.8688,2.3752,12.668,11.594,1,Primary,0,Cancer cells,17,TRUE,TRUE,TRUE,TRUE,TRUE,TRUE
HNSCC17_P13_B10_S310_comb,0,0,0.11237,7.332,0,0,0,Primary,T cell,T cell,17,FALSE,FALSE,TRUE,TRUE,FALSE,FALSE
HNSCC_17_P10_B12_S216_comb,0,0,0,5.6095,0,0,0,Primary,T cell,T cell,NA,FALSE,FALSE,FALSE,TRUE,FALSE,FALSE
HNSCC18_P13_C11_S323_comb,0,0,0,8.7031,0,0,0,Primary,0,0,18,FALSE,FALSE,FALSE,TRUE,FALSE,FALSE
HNSCC16_P9_G06_S270_comb,5.125,0,0.096262,0,0,0,0,Primary,T cell,T cell,16,TRUE,FALSE,TRUE,FALSE,FALSE,FALSE
HNSCC17_P3_E09_S249_comb,0,0,2.0542,0,7.167,9.347,1,Primary,0,Cancer cells,17,FALSE,FALSE,TRUE,FALSE,TRUE,TRUE
HNSCC17_P7_G04_S172_comb,0,0.54102,0,5.4541,0,0,0,Primary,Endothelial,Endothelial,17,FALSE,TRUE,FALSE,TRUE,FALSE,FALSE
HNSCC17_P7_H02_S182_comb,0,0,4.2725,0,10.928,10.454,1,Primary,0,Cancer cells,17,FALSE,FALSE,TRUE,FALSE,TRUE,TRUE
HNSCC17_P7_B04_S112_comb,0,3.4658,0.1865,7.4701,0,0.4957,0,Primary,Endothelial,Endothelial,17,FALSE,TRUE,TRUE,TRUE,FALSE,TRUE
HNSCC16_P2_B02_S14_comb,6.2127,0,0.20664,7.7926,0,3.046,0,Primary,Fibroblast,Fibroblast,16,TRUE,FALSE,TRUE,TRUE,FALSE,TRUE
HNSCC_17_P10_A07_S199_comb,0,0,0.19283,7.4308,0,0,0,Primary,T cell,T cell,NA,FALSE,FALSE,TRUE,TRUE,FALSE,FALSE
HNSCC18_P7_A04_S100_comb,0,0,0,5.998,0.21661,0,0,Primary,Fibroblast,Fibroblast,18,FALSE,FALSE,FALSE,TRUE,TRUE,FALSE
HNSCC18_P3_G03_S363_comb,0,0,0,0,0,0.32998,0,Primary,0,0,18,FALSE,FALSE,FALSE,FALSE,FALSE,TRUE
HNSCC17_P2_C05_S29_comb,3.8833,3.8225,6.6939,0,12.375,11.528,1,Primary,0,Cancer cells,17,TRUE,TRUE,TRUE,FALSE,TRUE,TRUE
HNSCC17_P2_A10_S10_comb,2.577,0,7.1081,0,12.561,11.904,1,Primary,0,Cancer cells,17,TRUE,FALSE,TRUE,FALSE,TRUE,TRUE
HNSCC18_P3_G02_S362_comb,3.8018,5.7149,7.0392,3.4492,12.129,12.408,1,Primary,0,Cancer cells,18,TRUE,TRUE,TRUE,TRUE,TRUE,TRUE
HNSCC16_P2_G05_S77_comb,4.0658,4.2986,0,4.9299,0,0,0,Primary,Fibroblast,Fibroblast,16,TRUE,TRUE,FALSE,TRUE,FALSE,FALSE
HNSCC18_P15_G04_S76_comb,0,0,0.041243,6.6676,0,0,0,Primary,T cell,T cell,18,FALSE,FALSE,TRUE,TRUE,FALSE,FALSE
HNSCC18_P7_D12_S144_comb,0,6.2072,4.1886,6.5969,0,0,0,Primary,Fibroblast,Fibroblast,18,FALSE,TRUE,TRUE,TRUE,FALSE,FALSE
HNSCC_17_P9_C01_S25_comb,0,0,0,0,0,0,0,Primary,T cell,T cell,NA,FALSE,FALSE,FALSE,FALSE,FALSE,FALSE
HNSCC16_P2_C06_S30_comb,2.8331,6.4149,0.073135,6.8159,0,0,0,Primary,Endothelial,Endothelial,16,TRUE,TRUE,TRUE,TRUE,FALSE,FALSE
HNSCC17_P2_D04_S40_comb,3.7245,4.5788,7.1167,0,12.774,13.463,1,Primary,0,Cancer cells,17,TRUE,TRUE,TRUE,FALSE,TRUE,TRUE
HNSCC17_P13_B03_S303_comb,0,0,0,6.1788,0,0,0,Primary,Mast,Mast,17,FALSE,FALSE,FALSE,TRUE,FALSE,FALSE
HNSCC17_P3_B05_S209_comb,3.472,0,5.7308,0,12.538,12.8,1,Primary,0,Cancer cells,17,TRUE,FALSE,TRUE,FALSE,TRUE,TRUE
HNSCC_17_P10_B08_S212_comb,0,0,0,8.4933,0,0,0,Primary,T cell,T cell,NA,FALSE,FALSE,FALSE,TRUE,FALSE,FALSE
HNSCC18_P13_A07_S295_comb,0,0,0,6.7518,0,0.26903,0,Primary,T cell,T cell,18,FALSE,FALSE,FALSE,TRUE,FALSE,TRUE
HNSCC16_P2_H10_S94_comb,0,0,4.0416,6.9044,0,0,0,Primary,Fibroblast,Fibroblast,16,FALSE,FALSE,TRUE,TRUE,FALSE,FALSE
HNSCC18_P3_F10_S358_comb,0,5.7283,8.1914,0,10.513,12.863,1,Primary,0,Cancer cells,18,FALSE,TRUE,TRUE,FALSE,TRUE,TRUE
HNSCC16_P9_A07_S199_comb,0,0,0.12961,0,0,0,0,Primary,T cell,T cell,16,FALSE,FALSE,TRUE,FALSE,FALSE,FALSE
HNSCC_17_P10_B05_S209_comb,0,0,0,0,0,0,0,Primary,T cell,T cell,NA,FALSE,FALSE,FALSE,FALSE,FALSE,FALSE
HNSCC17_P3_G06_S270_comb,0,0,4.304,0,12.46,10.781,1,Primary,0,Cancer cells,17,FALSE,FALSE,TRUE,FALSE,TRUE,TRUE
HNSCC18_P15_G03_S75_comb,0,0,0.051024,7.3835,0,0,0,Primary,T cell,T cell,18,FALSE,FALSE,TRUE,TRUE,FALSE,FALSE
HNSCC_17_P9_H04_S88_comb,0,6.4541,0.071763,0,0,0,0,Primary,T cell,T cell,NA,FALSE,TRUE,TRUE,FALSE,FALSE,FALSE
HNSCC18_P13_E04_S340_comb,0,0,0.10836,7.363,0,0,0,Primary,T cell,T cell,18,FALSE,FALSE,TRUE,TRUE,FALSE,FALSE
HNSCC18_P2_H07_S187_comb,0,0,0.098958,0,7.0914,9.9977,0,Primary,0,0,18,FALSE,FALSE,TRUE,FALSE,TRUE,TRUE
HNSCC18_P16_G02_S266_comb,0,0,0,6.6676,0,0,0,Primary,T cell,T cell,18,FALSE,FALSE,FALSE,TRUE,FALSE,FALSE
HNSCC_17_P10_A06_S198_comb,0,0,0,0,0,0,0,Primary,T cell,T cell,NA,FALSE,FALSE,FALSE,FALSE,FALSE,FALSE
HNSCC16_P2_G02_S74_comb,4.3204,5.1554,5.1009,7.6859,0,0,0,Primary,Endothelial,Endothelial,16,TRUE,TRUE,TRUE,TRUE,FALSE,FALSE
HNSCC18_P16_C10_S226_comb,0,0,0,0,0,0,0,Primary,T cell,T cell,18,FALSE,FALSE,FALSE,FALSE,FALSE,FALSE
HNSCC18_P16_A11_S203_comb,0,6.1425,0.096262,7.075,0,0,0,Primary,T cell,T cell,18,FALSE,TRUE,TRUE,TRUE,FALSE,FALSE
HNSCC18_P2_B12_S120_comb,0,0,0,0,6.9399,0,0,Primary,0,0,18,FALSE,FALSE,FALSE,FALSE,TRUE,FALSE
HNSCC16_P2_D02_S38_comb,5.6493,6.1728,0,6.841,0.75531,0,0,Primary,Endothelial,Endothelial,16,TRUE,TRUE,FALSE,TRUE,TRUE,FALSE
HNSCC_17_P9_D08_S44_comb,0,0,0,0.24245,0,0,0,Primary,T cell,T cell,NA,FALSE,FALSE,FALSE,TRUE,FALSE,FALSE
HNSCC16_P9_E02_S242_comb,0,0,0,0,0,0,0,Primary,T cell,T cell,16,FALSE,FALSE,FALSE,FALSE,FALSE,FALSE
HNSCC18_P2_C07_S127_comb,1.0956,3.4229,7.6174,3.8931,10.697,11.054,1,Primary,0,Cancer cells,18,TRUE,TRUE,TRUE,TRUE,TRUE,TRUE
HNSCC18_P2_B11_S119_comb,0,6.6349,9.0643,0,9.6467,12.412,1,Primary,0,Cancer cells,18,FALSE,TRUE,TRUE,FALSE,TRUE,TRUE
HNSCC18_P7_G03_S171_comb,0,6.4327,4.2158,7.786,0,0,0,Primary,Endothelial,Endothelial,18,FALSE,TRUE,TRUE,TRUE,FALSE,FALSE
HNSCC16_P2_H05_S89_comb,0.61259,5.9607,0.13093,8.9589,0.42331,0,0,Primary,Endothelial,Endothelial,16,TRUE,TRUE,TRUE,TRUE,TRUE,FALSE
HNSCC16_P2_G06_S78_comb,4.9582,5.1058,1.7233,9.3802,0,0,0,Primary,Endothelial,Endothelial,16,TRUE,TRUE,TRUE,TRUE,FALSE,FALSE
HNSCC18_P2_D06_S138_comb,4.2627,0,7.4604,2.4136,9.7009,9.4777,0,Primary,0,0,18,TRUE,FALSE,TRUE,TRUE,TRUE,TRUE
HNSCC18_P2_B04_S112_comb,4.1169,0,0,0,0.13093,0.13619,0,Primary,0,0,18,TRUE,FALSE,FALSE,FALSE,TRUE,TRUE
HNSCC16_P9_C04_S220_comb,0,0,0,0,0,0,0,Primary,T cell,T cell,16,FALSE,FALSE,FALSE,FALSE,FALSE,FALSE
HNSCC18_P16_A05_S197_comb,0,0,0,0,0,0,0,Primary,T cell,T cell,18,FALSE,FALSE,FALSE,FALSE,FALSE,FALSE
HNSCC17_P2_E01_S49_comb,0,3.2557,7.1971,0,12.954,12.678,1,Primary,0,Cancer cells,17,FALSE,TRUE,TRUE,FALSE,TRUE,TRUE
HNSCC18_P7_F03_S159_comb,0,6.3833,0.070389,8.5129,0,0,0,Primary,0,0,18,FALSE,TRUE,TRUE,TRUE,FALSE,FALSE
HNSCC17_P2_A12_S12_comb,5.1284,0.11636,6.0708,0,12.719,13.005,0,Primary,0,0,17,TRUE,TRUE,TRUE,FALSE,TRUE,TRUE
HNSCC17_P3_H09_S285_comb,3.1048,0.15963,5.9119,0,12.582,12.705,1,Primary,0,Cancer cells,17,TRUE,TRUE,TRUE,FALSE,TRUE,TRUE
HNSCC18_P3_H05_S377_comb,2.5378,0,3.8337,0,5.7773,12.862,1,Primary,0,Cancer cells,18,TRUE,FALSE,TRUE,FALSE,TRUE,TRUE
HNSCC17_P7_F01_S157_comb,5.3755,0,5.4815,0,11.772,9.3014,0,Primary,0,0,17,TRUE,FALSE,TRUE,FALSE,TRUE,TRUE
HNSCC17_P2_H11_S95_comb,2.5226,2.8606,7.7489,3.4958,11.996,11.394,1,Primary,0,Cancer cells,17,TRUE,TRUE,TRUE,TRUE,TRUE,TRUE
HNSCC17_P3_D11_S239_comb,0,3.5553,6.2254,0,11.878,10.83,1,Primary,0,Cancer cells,17,FALSE,TRUE,TRUE,FALSE,TRUE,TRUE
HNSCC_17_P10_E10_S250_comb,0,0,0.089498,6.5197,0,0,0,Primary,T cell,T cell,NA,FALSE,FALSE,TRUE,TRUE,FALSE,FALSE
HNSCC18_P16_H09_S285_comb,0,0,0,4.3498,0,0,0,Primary,T cell,T cell,18,FALSE,FALSE,FALSE,TRUE,FALSE,FALSE
HNSCC18_P15_F05_S65_comb,0,0,0,0,0,0,0,Primary,T cell,T cell,18,FALSE,FALSE,FALSE,FALSE,FALSE,FALSE
HNSCC18_P16_B03_S207_comb,0,0,0.32998,0,0,0,0,Primary,T cell,T cell,18,FALSE,FALSE,TRUE,FALSE,FALSE,FALSE
HNSCC17_P2_E04_S52_comb,4.8583,0,3.7779,0,12.058,11.553,1,Primary,0,Cancer cells,17,TRUE,FALSE,TRUE,FALSE,TRUE,TRUE
HNSCC17_P2_D05_S41_comb,4.1663,3.2684,6.3789,0,12.552,12.99,1,Primary,0,Cancer cells,17,TRUE,TRUE,TRUE,FALSE,TRUE,TRUE
HNSCC18_P13_G05_S365_comb,0,0,0,0,0.34937,0.36177,0,Primary,T cell,T cell,18,FALSE,FALSE,FALSE,FALSE,TRUE,TRUE
HNSCC18_P13_C03_S315_comb,0,0,0.34142,0,0,0,0,Primary,T cell,T cell,18,FALSE,FALSE,TRUE,FALSE,FALSE,FALSE
HNSCC17_P13_G12_S372_comb,0,0,0,0,0,0,0,Primary,B cell,B cell,17,FALSE,FALSE,FALSE,FALSE,FALSE,FALSE
HNSCC17_P3_G04_S268_comb,2.3311,3.5031,7.1282,0,12.75,12.894,1,Primary,0,Cancer cells,17,TRUE,TRUE,TRUE,FALSE,TRUE,TRUE
HNSCC17_P3_A09_S201_comb,2.5595,3.8355,6.5942,0,12.603,12.508,1,Primary,0,Cancer cells,17,TRUE,TRUE,TRUE,FALSE,TRUE,TRUE
HNSCC16_P2_G10_S82_comb,0,0,0,6.7361,0,0,0,Primary,Fibroblast,Fibroblast,16,FALSE,FALSE,FALSE,TRUE,FALSE,FALSE
HNSCC16_P9_B10_S214_comb,0,6.047,0,6.8542,0,0,0,Primary,T cell,T cell,16,FALSE,TRUE,FALSE,TRUE,FALSE,FALSE
HNSCC_17_P10_D04_S232_comb,0,0,0.092207,4.8835,0,0,0,Primary,T cell,T cell,NA,FALSE,FALSE,TRUE,TRUE,FALSE,FALSE
HNSCC17_P7_E04_S148_comb,6.2994,0,0,6.9291,0.24732,0,0,Primary,Fibroblast,Fibroblast,17,TRUE,FALSE,FALSE,TRUE,TRUE,FALSE
HNSCC_17_P9_F11_S71_comb,0,0,0,0,0,0,0,Primary,T cell,T cell,NA,FALSE,FALSE,FALSE,FALSE,FALSE,FALSE
HNSCC16_P9_F11_S263_comb,0,0,0.18903,7.2409,0,0,0,Primary,T cell,T cell,16,FALSE,FALSE,TRUE,TRUE,FALSE,FALSE
HNSCC17_P3_A06_S198_comb,0,0.060739,7.2786,0,12.392,12.918,1,Primary,0,Cancer cells,17,FALSE,TRUE,TRUE,FALSE,TRUE,TRUE
HNSCC_17_P9_E04_S52_comb,0,0,0,0,0,0,0,Primary,T cell,T cell,NA,FALSE,FALSE,FALSE,FALSE,FALSE,FALSE
HNSCC17_P2_G12_S84_comb,2.951,2.5341,5.6961,0,12.36,9.754,1,Primary,0,Cancer cells,17,TRUE,TRUE,TRUE,FALSE,TRUE,TRUE
HNSCC18_P2_A10_S106_comb,0,0,0,0,0,0.28451,0,Primary,0,0,18,FALSE,FALSE,FALSE,FALSE,FALSE,TRUE
HNSCC17_P7_H09_S189_comb,5.3673,3.7578,0.070389,8.0239,0,0,0,Primary,Endothelial,Endothelial,17,TRUE,TRUE,TRUE,TRUE,FALSE,FALSE
HNSCC17_P2_F03_S63_comb,3.2182,4.2021,2.664,0,13.221,13.811,1,Primary,0,Cancer cells,17,TRUE,TRUE,TRUE,FALSE,TRUE,TRUE
HNSCC18_P7_A09_S105_comb,0,0,0.41034,0,10.395,10.075,1,Primary,0,Cancer cells,18,FALSE,FALSE,TRUE,FALSE,TRUE,TRUE
HNSCC18_P13_C08_S320_comb,0,0,0,0,0,0,0,Primary,T cell,T cell,18,FALSE,FALSE,FALSE,FALSE,FALSE,FALSE
HNSCC17_P2_B01_S13_comb,3.5378,4.849,6.1405,0,12.255,12.394,1,Primary,0,Cancer cells,17,TRUE,TRUE,TRUE,FALSE,TRUE,TRUE
HNSCC17_P7_A12_S108_comb,0,0,0.14274,8.5458,0,0,0,Primary,Fibroblast,Fibroblast,17,FALSE,FALSE,TRUE,TRUE,FALSE,FALSE
HNSCC18_P7_B11_S119_comb,5.6419,5.6458,0,5.7553,0,0,0,Primary,Endothelial,Endothelial,18,TRUE,TRUE,FALSE,TRUE,FALSE,FALSE
HNSCC17_P3_A08_S200_comb,0,6.015,8.7576,0.14535,12.719,12.725,1,Primary,0,Cancer cells,17,FALSE,TRUE,TRUE,TRUE,TRUE,TRUE
HNSCC18_P7_F05_S161_comb,0,0,0.05797,0,0.15834,0,0,Primary,0,0,18,FALSE,FALSE,TRUE,FALSE,TRUE,FALSE
HNSCC17_P3_C12_S228_comb,0,4.1054,6.4503,0,12.253,12.913,1,Primary,0,Cancer cells,17,FALSE,TRUE,TRUE,FALSE,TRUE,TRUE
HNSCC_17_P10_C05_S221_comb,0,0,0,0,0,0,0,Primary,T cell,T cell,NA,FALSE,FALSE,FALSE,FALSE,FALSE,FALSE
HNSCC18_P13_H12_S384_comb,0,0,0,0,0,0,0,Primary,T cell,T cell,18,FALSE,FALSE,FALSE,FALSE,FALSE,FALSE
HNSCC18_P3_G07_S367_comb,4.1299,0.045443,5.9559,3.7074,11.227,10.645,1,Primary,0,Cancer cells,18,TRUE,TRUE,TRUE,TRUE,TRUE,TRUE
HNSCC18_P13_D09_S333_comb,0,0,0,7.1797,0,0,0,Primary,T cell,T cell,18,FALSE,FALSE,FALSE,TRUE,FALSE,FALSE
HNSCC_17_P10_E12_S252_comb,0,0,0.10434,6.9706,0,0,0,Primary,T cell,T cell,NA,FALSE,FALSE,TRUE,TRUE,FALSE,FALSE
HNSCC18_P3_D11_S335_comb,2.9846,3.7265,7.4724,5.2845,10.37,11.577,1,Primary,0,Cancer cells,18,TRUE,TRUE,TRUE,TRUE,TRUE,TRUE
HNSCC16_P2_B08_S20_comb,4.278,6.7336,0,6.6072,0,0,0,Primary,Endothelial,Endothelial,16,TRUE,TRUE,FALSE,TRUE,FALSE,FALSE
HNSCC17_P2_C08_S32_comb,3.3934,4.1835,9.2438,0,12.198,10.852,1,Primary,0,Cancer cells,17,TRUE,TRUE,TRUE,FALSE,TRUE,TRUE
HNSCC17_P7_D02_S134_comb,2.946,0,4.4356,0,11.203,9.1825,1,Primary,0,Cancer cells,17,TRUE,FALSE,TRUE,FALSE,TRUE,TRUE
HNSCC17_P13_E02_S338_comb,0,0,0,0,0,0.23389,0,Primary,B cell,B cell,17,FALSE,FALSE,FALSE,FALSE,FALSE,TRUE
HNSCC18_P15_G05_S77_comb,0,0,0,5.923,0,0,0,Primary,T cell,T cell,18,FALSE,FALSE,FALSE,TRUE,FALSE,FALSE
HNSCC17_P2_A08_S8_comb,3.2787,5.6487,8.9687,0,12.135,12.722,1,Primary,0,Cancer cells,17,TRUE,TRUE,TRUE,FALSE,TRUE,TRUE
HNSCC17_P3_B06_S210_comb,1.7693,2.8766,5.2376,0.11103,12.005,12.131,1,Primary,0,Cancer cells,17,TRUE,TRUE,TRUE,TRUE,TRUE,TRUE
HNSCC16_P9_D12_S240_comb,0,0,0.12961,0,0.34142,0,0,Primary,T cell,T cell,16,FALSE,FALSE,TRUE,FALSE,TRUE,FALSE
HNSCC17_P7_G11_S179_comb,0.21661,0,4.7726,0,10.812,10.806,1,Primary,0,Cancer cells,17,TRUE,FALSE,TRUE,FALSE,TRUE,TRUE
HNSCC16_P2_A10_S10_comb,6.0557,5.7678,5.586,7.5585,0,0,0,Primary,Endothelial,Endothelial,16,TRUE,TRUE,TRUE,TRUE,FALSE,FALSE
HNSCC16_P9_D08_S236_comb,0,0,0.085425,0.18903,0,0,0,Primary,T cell,T cell,16,FALSE,FALSE,TRUE,TRUE,FALSE,FALSE
HNSCC17_P2_H01_S85_comb,2.124,4.7886,8.1146,0,13.019,11.023,1,Primary,0,Cancer cells,17,TRUE,TRUE,TRUE,FALSE,TRUE,TRUE
HNSCC16_P9_C03_S219_comb,0,0,0.082703,0,0,0,0,Primary,T cell,T cell,16,FALSE,FALSE,TRUE,FALSE,FALSE,FALSE
HNSCC18_P7_G05_S173_comb,4.5287,7.1026,0.064883,6.7859,0,0.19156,0,Primary,Endothelial,Endothelial,18,TRUE,TRUE,TRUE,TRUE,FALSE,TRUE
HNSCC_17_P9_B10_S22_comb,0,0,0,0,0.43936,0,0,Primary,T cell,T cell,NA,FALSE,FALSE,FALSE,FALSE,TRUE,FALSE
HNSCC17_P2_H04_S88_comb,3.9347,3.4187,6.4983,0,13.031,11.792,1,Primary,0,Cancer cells,17,TRUE,TRUE,TRUE,FALSE,TRUE,TRUE
HNSCC_17_P10_G04_S268_comb,0,0,0,6.3899,0,0,0,Primary,T cell,T cell,NA,FALSE,FALSE,FALSE,TRUE,FALSE,FALSE
HNSCC18_P2_D11_S143_comb,4.9741,3.6215,4.6035,0,10.347,10.142,1,Primary,0,Cancer cells,18,TRUE,TRUE,TRUE,FALSE,TRUE,TRUE
HNSCC18_P15_B03_S15_comb,0,0.07861,0.035624,0,0.19912,0.54893,0,Primary,T cell,T cell,18,FALSE,TRUE,TRUE,FALSE,TRUE,TRUE
HNSCC18_P15_E05_S53_comb,0,0,0,0,0,0,0,Primary,T cell,T cell,18,FALSE,FALSE,FALSE,FALSE,FALSE,FALSE
HNSCC17_P7_G02_S170_comb,3.8351,3.4098,4.0819,0,10.711,9.8016,1,Primary,0,Cancer cells,17,TRUE,TRUE,TRUE,FALSE,TRUE,TRUE
HNSCC16_P2_H01_S85_comb,4.3192,6.2861,0,8.8917,0,0,0,Primary,Endothelial,Endothelial,16,TRUE,TRUE,FALSE,TRUE,FALSE,FALSE
HNSCC18_P2_E10_S154_comb,0,6.3476,7.9899,0,7.245,14.108,1,Primary,0,Cancer cells,18,FALSE,TRUE,TRUE,FALSE,TRUE,TRUE
HNSCC_17_P10_C12_S228_comb,0,0,0,0,0,0,0,Primary,T cell,T cell,NA,FALSE,FALSE,FALSE,FALSE,FALSE,FALSE
HNSCC_17_P9_H06_S90_comb,0,0,0,0,0,0,0,Primary,T cell,T cell,NA,FALSE,FALSE,FALSE,FALSE,FALSE,FALSE
HNSCC18_P16_H12_S288_comb,0,6.0681,0,7.6018,0,0,0,Primary,T cell,T cell,18,FALSE,TRUE,FALSE,TRUE,FALSE,FALSE
HNSCC17_P2_G04_S76_comb,3.7817,5.3224,8.5464,0,12.199,11.935,1,Primary,0,Cancer cells,17,TRUE,TRUE,TRUE,FALSE,TRUE,TRUE
HNSCC17_P3_F05_S257_comb,3.3679,2.3618,3.8124,0,12.267,12.54,1,Primary,0,Cancer cells,17,TRUE,TRUE,TRUE,FALSE,TRUE,TRUE
HNSCC17_P2_F04_S64_comb,0,0,0,7.3339,0.81476,0.4813,0,Primary,Fibroblast,Fibroblast,17,FALSE,FALSE,FALSE,TRUE,TRUE,TRUE
HNSCC18_P7_B04_S112_comb,3.3892,0,3.4264,3.2182,10.27,11.357,1,Primary,0,Cancer cells,18,TRUE,FALSE,TRUE,TRUE,TRUE,TRUE
HNSCC18_P13_F02_S350_comb,0,0,0,1.766,0,0,0,Primary,B cell,B cell,18,FALSE,FALSE,FALSE,TRUE,FALSE,FALSE
HNSCC18_P13_E03_S339_comb,0,0,0.15186,0,0,0,0,Primary,T cell,T cell,18,FALSE,FALSE,TRUE,FALSE,FALSE,FALSE
HNSCC17_P2_E09_S57_comb,4.0464,3.0138,5.9736,0,12.575,13.059,1,Primary,0,Cancer cells,17,TRUE,TRUE,TRUE,FALSE,TRUE,TRUE
HNSCC17_P3_G05_S269_comb,2.4163,2.4236,6.9301,0,12.422,13.047,1,Primary,0,Cancer cells,17,TRUE,TRUE,TRUE,FALSE,TRUE,TRUE
HNSCC18_P7_H01_S181_comb,0,6.7244,0,6.6766,0,0,0,Primary,Endothelial,Endothelial,18,FALSE,TRUE,FALSE,TRUE,FALSE,FALSE
HNSCC17_P2_D10_S46_comb,2.5358,4.4154,9.2349,0,12.156,11.7,1,Primary,0,Cancer cells,17,TRUE,TRUE,TRUE,FALSE,TRUE,TRUE
HNSCC_17_P9_E07_S55_comb,0,0,0,0,0,0,0,Primary,T cell,T cell,NA,FALSE,FALSE,FALSE,FALSE,FALSE,FALSE
HNSCC18_P15_E10_S58_comb,0,0,0.1177,0.24367,0,0,0,Primary,T cell,T cell,18,FALSE,FALSE,TRUE,TRUE,FALSE,FALSE
HNSCC17_P3_F01_S253_comb,2.5842,5.6371,7.9938,0,12.214,13.617,1,Primary,0,Cancer cells,17,TRUE,TRUE,TRUE,FALSE,TRUE,TRUE
HNSCC16_P2_H03_S87_comb,0,0,0.29278,8.1354,0.72247,0.74588,0,Primary,Mast,Mast,16,FALSE,FALSE,TRUE,TRUE,TRUE,TRUE
HNSCC16_P2_A05_S5_comb,4.0113,6.249,3.8029,7.5185,0,0,0,Primary,Endothelial,Endothelial,16,TRUE,TRUE,TRUE,TRUE,FALSE,FALSE
HNSCC17_P7_F08_S164_comb,0.50182,0,0.13093,7.0074,0,0,0,Primary,Fibroblast,Fibroblast,17,TRUE,FALSE,TRUE,TRUE,FALSE,FALSE
HNSCC17_P13_G01_S361_comb,0,0,0.63691,7.8591,0,0,0,Primary,T cell,T cell,17,FALSE,FALSE,TRUE,TRUE,FALSE,FALSE
HNSCC18_P7_C03_S123_comb,0,2.3994,0,8.0844,0,0,0,Primary,Endothelial,Endothelial,18,FALSE,TRUE,FALSE,TRUE,FALSE,FALSE
HNSCC16_P9_A02_S194_comb,0,0,0.30334,0,0,0,0,Primary,T cell,T cell,16,FALSE,FALSE,TRUE,FALSE,FALSE,FALSE
HNSCC_17_P9_B11_S23_comb,0,0,0.11237,0,0,0,0,Primary,T cell,T cell,NA,FALSE,FALSE,TRUE,FALSE,FALSE,FALSE
HNSCC18_P15_A04_S4_comb,0,4.306,0,6.6898,0,0,0,Primary,T cell,T cell,18,FALSE,TRUE,FALSE,TRUE,FALSE,FALSE
HNSCC18_P7_D04_S136_comb,0,0,0,0,0,0,0,Primary,0,0,18,FALSE,FALSE,FALSE,FALSE,FALSE,FALSE
HNSCC18_P3_C11_S323_comb,0,1.0093,3.672,0,11.655,9.1383,1,Primary,0,Cancer cells,18,FALSE,TRUE,TRUE,FALSE,TRUE,TRUE
HNSCC18_P3_E08_S344_comb,0,5.5011,6.8822,0,8.0642,11.764,1,Primary,0,Cancer cells,18,FALSE,TRUE,TRUE,FALSE,TRUE,TRUE
HNSCC17_P3_A07_S199_comb,2.8932,3.5877,4.8597,0,12.444,11.644,1,Primary,0,Cancer cells,17,TRUE,TRUE,TRUE,FALSE,TRUE,TRUE
HNSCC16_P2_B03_S15_comb,0,4.6257,0,6.6259,0,0.26303,0,Primary,Endothelial,Endothelial,16,FALSE,TRUE,FALSE,TRUE,FALSE,TRUE
HNSCC18_P7_C04_S124_comb,5.5294,0,0.056584,8.4357,0,6.5588,0,Primary,Fibroblast,Fibroblast,18,TRUE,FALSE,TRUE,TRUE,FALSE,TRUE
HNSCC17_P3_B12_S216_comb,4.0405,3.148,6.3089,0,12.824,12.887,1,Primary,0,Cancer cells,17,TRUE,TRUE,TRUE,FALSE,TRUE,TRUE
HNSCC_17_P10_D01_S229_comb,0,0,0,0,0,0,0,Primary,T cell,T cell,NA,FALSE,FALSE,FALSE,FALSE,FALSE,FALSE
HNSCC18_P7_D06_S138_comb,0.29042,2.308,0.069015,4.2943,0,0,0,Primary,Fibroblast,Fibroblast,18,TRUE,TRUE,TRUE,TRUE,FALSE,FALSE
HNSCC18_P13_A06_S294_comb,0,0,0,0,0,0,0,Primary,T cell,T cell,18,FALSE,FALSE,FALSE,FALSE,FALSE,FALSE
HNSCC17_P2_G05_S77_comb,0,4.695,5.379,0,13.201,12.182,1,Primary,0,Cancer cells,17,FALSE,TRUE,TRUE,FALSE,TRUE,TRUE
HNSCC18_P15_B01_S13_comb,0,0,0.045443,7.6555,0,0,0,Primary,T cell,T cell,18,FALSE,FALSE,TRUE,TRUE,FALSE,FALSE
HNSCC_17_P10_B01_S205_comb,0,0,0,0,0,0,0,Primary,T cell,T cell,NA,FALSE,FALSE,FALSE,FALSE,FALSE,FALSE
HNSCC18_P2_F07_S163_comb,6.2301,6.1834,0.086784,5.8454,0,0.2558,0,Primary,Fibroblast,Fibroblast,18,TRUE,TRUE,TRUE,TRUE,FALSE,TRUE
HNSCC17_P3_E05_S245_comb,2.9447,0,6.7273,0,11.876,8.7167,1,Primary,0,Cancer cells,17,TRUE,FALSE,TRUE,FALSE,TRUE,TRUE
HNSCC17_P3_F04_S256_comb,0,4.506,4.8645,0,13.166,9.9203,0,Primary,0,0,17,FALSE,TRUE,TRUE,FALSE,TRUE,TRUE
HNSCC16_P9_C12_S228_comb,0,5.3258,0.079975,7.8545,0,0,0,Primary,T cell,T cell,16,FALSE,TRUE,TRUE,TRUE,FALSE,FALSE
HNSCC17_P7_F04_S160_comb,5.3795,0,0.082703,5.3379,0.22527,0.23389,0,Primary,Fibroblast,Fibroblast,17,TRUE,FALSE,TRUE,TRUE,TRUE,TRUE
HNSCC18_P13_C04_S316_comb,0,0,0.1635,6.0813,0,0,0,Primary,B cell,B cell,18,FALSE,FALSE,TRUE,TRUE,FALSE,FALSE
HNSCC17_P7_B11_S119_comb,3.3506,0,0.066261,6.7678,0,0.18269,0,Primary,Fibroblast,Fibroblast,17,TRUE,FALSE,TRUE,TRUE,FALSE,TRUE
HNSCC18_P15_G07_S79_comb,0,3.7788,0,6.7115,0.13093,0,0,Primary,T cell,T cell,18,FALSE,TRUE,FALSE,TRUE,TRUE,FALSE
HNSCC18_P7_H07_S187_comb,0,7.9026,0,5.3463,0,0,0,Primary,Fibroblast,Fibroblast,18,FALSE,TRUE,FALSE,TRUE,FALSE,FALSE
HNSCC16_P9_H11_S287_comb,0,0,3.6691,0,11.937,9.2076,0,Primary,0,0,16,FALSE,FALSE,TRUE,FALSE,TRUE,TRUE
HNSCC16_P2_D12_S48_comb,7.7951,0,0,6.0511,0,0,0,Primary,Fibroblast,Fibroblast,16,TRUE,FALSE,FALSE,TRUE,FALSE,FALSE
HNSCC_17_P9_A08_S8_comb,0,0,0,0,0,0,0,Primary,T cell,T cell,NA,FALSE,FALSE,FALSE,FALSE,FALSE,FALSE
HNSCC_17_P9_C09_S33_comb,0,0,0.069015,0,0,0,0,Primary,T cell,T cell,NA,FALSE,FALSE,TRUE,FALSE,FALSE,FALSE
HNSCC18_P13_G11_S371_comb,0,0,0,0,0,0,0,Primary,T cell,T cell,18,FALSE,FALSE,FALSE,FALSE,FALSE,FALSE
HNSCC17_P2_D08_S44_comb,3.6418,1.4844,6.5723,0,12.835,12.608,1,Primary,0,Cancer cells,17,TRUE,TRUE,TRUE,FALSE,TRUE,TRUE
HNSCC18_P13_A03_S291_comb,0,0,0,6.9841,0,0,0,Primary,T cell,T cell,18,FALSE,FALSE,FALSE,TRUE,FALSE,FALSE
HNSCC17_P7_E11_S155_comb,6.8053,0.082703,4.8386,0,11.116,10.167,0,Primary,0,0,17,TRUE,TRUE,TRUE,FALSE,TRUE,TRUE
HNSCC18_P13_C02_S314_comb,4.0518,0,0,7.0152,0,0,0,Primary,B cell,B cell,18,TRUE,FALSE,FALSE,TRUE,FALSE,FALSE
HNSCC17_P2_A02_S2_comb,2.9092,5.2021,5.9178,0,12.602,13.171,1,Primary,0,Cancer cells,17,TRUE,TRUE,TRUE,FALSE,TRUE,TRUE
HNSCC18_P7_C06_S126_comb,0.98623,6.0217,0.13881,0,0,0,0,Primary,Fibroblast,Fibroblast,18,TRUE,TRUE,TRUE,FALSE,FALSE,FALSE
HNSCC18_P7_B01_S109_comb,3.9709,0,0.13619,9.2223,0,0,0,Primary,Fibroblast,Fibroblast,18,TRUE,FALSE,TRUE,TRUE,FALSE,FALSE
HNSCC18_P13_E01_S337_comb,0,0,0,0,0,2.9123,0,Primary,T cell,T cell,18,FALSE,FALSE,FALSE,FALSE,FALSE,TRUE
HNSCC18_P2_F06_S162_comb,0,0,5.0033,0,0,9.8886,1,Primary,0,Cancer cells,18,FALSE,FALSE,TRUE,FALSE,FALSE,TRUE
HNSCC18_P7_C09_S129_comb,0,0,0,6.5633,0,0,0,Primary,Fibroblast,Fibroblast,18,FALSE,FALSE,FALSE,TRUE,FALSE,FALSE
HNSCC18_P7_G10_S178_comb,0,0,0,0,0,0,0,Primary,myocyte,myocyte,18,FALSE,FALSE,FALSE,FALSE,FALSE,FALSE
HNSCC_17_P9_E06_S54_comb,0,0,0,6.2948,0,0,0,Primary,T cell,T cell,NA,FALSE,FALSE,FALSE,TRUE,FALSE,FALSE
HNSCC17_P3_D09_S237_comb,3.458,2.7657,5.9993,0,12.498,13.036,1,Primary,0,Cancer cells,17,TRUE,TRUE,TRUE,FALSE,TRUE,TRUE
HNSCC18_P7_G01_S169_comb,4.2997,0,0,7.2677,0,0,0,Primary,Fibroblast,Fibroblast,18,TRUE,FALSE,FALSE,TRUE,FALSE,FALSE
HNSCC18_P2_C01_S121_comb,4.108,0,0,0,0.15316,0.16092,0,Primary,0,0,18,TRUE,FALSE,FALSE,FALSE,TRUE,TRUE
HNSCC18_P15_C11_S35_comb,0,0,0.35276,1.1342,0,0,0,Primary,T cell,T cell,18,FALSE,FALSE,TRUE,TRUE,FALSE,FALSE
HNSCC18_P16_F02_S254_comb,0,0,0,0,0,0,0,Primary,T cell,T cell,18,FALSE,FALSE,FALSE,FALSE,FALSE,FALSE
HNSCC18_P3_D08_S332_comb,0,0.094912,0.25217,0,11.822,8.607,0,Primary,0,0,18,FALSE,TRUE,TRUE,FALSE,TRUE,TRUE
HNSCC18_P13_A05_S293_comb,0,0,0,7.2028,0.12829,0,0,Primary,Mast,Mast,18,FALSE,FALSE,FALSE,TRUE,TRUE,FALSE
HNSCC_17_P9_G04_S76_comb,0,0,0.20163,0,0,0,0,Primary,T cell,T cell,NA,FALSE,FALSE,TRUE,FALSE,FALSE,FALSE
HNSCC18_P13_E06_S342_comb,3.5614,4.6596,0,6.0093,0,0.21909,0,Primary,Macrophage,Macrophage,18,TRUE,TRUE,FALSE,TRUE,FALSE,TRUE
HNSCC_17_P10_D07_S235_comb,0,0,0.082703,0,0,0,0,Primary,T cell,T cell,NA,FALSE,FALSE,TRUE,FALSE,FALSE,FALSE
HNSCC18_P15_C10_S34_comb,0,0,0,2.5393,0,0,0,Primary,T cell,T cell,18,FALSE,FALSE,FALSE,TRUE,FALSE,FALSE
HNSCC17_P2_C10_S34_comb,2.2801,2.422,5.2211,0,12.102,10.401,1,Primary,0,Cancer cells,17,TRUE,TRUE,TRUE,FALSE,TRUE,TRUE
HNSCC16_P9_A11_S203_comb,0,0.14274,0,7.4202,0.24853,0,0,Primary,Macrophage,Macrophage,16,FALSE,TRUE,FALSE,TRUE,TRUE,FALSE
HNSCC16_P9_G02_S266_comb,0,0,0,6.579,0,0,0,Primary,T cell,T cell,16,FALSE,FALSE,FALSE,TRUE,FALSE,FALSE
HNSCC18_P7_C05_S125_comb,4.4756,7.5271,0,8.1987,0,0,0,Primary,Endothelial,Endothelial,18,TRUE,TRUE,FALSE,TRUE,FALSE,FALSE
HNSCC18_P7_A11_S107_comb,0,0,0,8.1352,0,0,0,Primary,Fibroblast,Fibroblast,18,FALSE,FALSE,FALSE,TRUE,FALSE,FALSE
HNSCC18_P3_C03_S315_comb,0,0,4.9639,0,12.316,9.4677,0,Primary,0,0,18,FALSE,FALSE,TRUE,FALSE,TRUE,TRUE
HNSCC18_P13_A12_S300_comb,0,0,0,4.372,0,0,0,Primary,T cell,T cell,18,FALSE,FALSE,FALSE,TRUE,FALSE,FALSE
HNSCC_17_P10_G07_S271_comb,0,0,0,0,0,0.33113,0,Primary,T cell,T cell,NA,FALSE,FALSE,FALSE,FALSE,FALSE,TRUE
HNSCC17_P3_F11_S263_comb,2.3089,3.516,4.6881,0,12.211,13.345,1,Primary,0,Cancer cells,17,TRUE,TRUE,TRUE,FALSE,TRUE,TRUE
HNSCC17_P3_D12_S240_comb,0,0,4.6795,0,13.03,13.181,1,Primary,0,Cancer cells,17,FALSE,FALSE,TRUE,FALSE,TRUE,TRUE
HNSCC_17_P10_E04_S244_comb,0,0,0,7.2583,0,0,0,Primary,T cell,T cell,NA,FALSE,FALSE,FALSE,TRUE,FALSE,FALSE
HNSCC16_P9_D01_S229_comb,0,0,0,0.73205,0,0,0,Primary,T cell,T cell,16,FALSE,FALSE,FALSE,TRUE,FALSE,FALSE
HNSCC_17_P9_F03_S63_comb,0,0,0,4.818,0,0,0,Primary,T cell,T cell,NA,FALSE,FALSE,FALSE,TRUE,FALSE,FALSE
HNSCC17_P2_D09_S45_comb,3.6458,5.6365,8.4709,0,12.906,11.055,1,Primary,0,Cancer cells,17,TRUE,TRUE,TRUE,FALSE,TRUE,TRUE
HNSCC17_P2_G08_S80_comb,3.433,0.8024,6.1079,0,12.606,13.058,1,Primary,0,Cancer cells,17,TRUE,TRUE,TRUE,FALSE,TRUE,TRUE
HNSCC18_P7_D11_S143_comb,3.1763,7.095,7.4252,0,10.467,13.096,1,Primary,0,Cancer cells,18,TRUE,TRUE,TRUE,FALSE,TRUE,TRUE
HNSCC_17_P9_A05_S5_comb,0,0,0,6.1627,0,0,0,Primary,T cell,T cell,NA,FALSE,FALSE,FALSE,TRUE,FALSE,FALSE
HNSCC17_P2_F01_S61_comb,1.4875,4.946,5.7687,3.1378,11.912,12.89,1,Primary,0,Cancer cells,17,TRUE,TRUE,TRUE,TRUE,TRUE,TRUE
HNSCC17_P3_C03_S219_comb,2.5741,3.606,8.6319,0,12.042,11.893,1,Primary,0,Cancer cells,17,TRUE,TRUE,TRUE,FALSE,TRUE,TRUE
HNSCC18_P2_B05_S113_comb,4.956,7.3625,8.2999,3.9711,6.1265,12.126,1,Primary,0,Cancer cells,18,TRUE,TRUE,TRUE,TRUE,TRUE,TRUE
HNSCC_17_P9_H03_S87_comb,0,0,0,5.7743,0.16221,0,0,Primary,T cell,T cell,NA,FALSE,FALSE,FALSE,TRUE,TRUE,FALSE
HNSCC17_P3_A02_S194_comb,0,0,0,5.9729,1.3901,0,0,Primary,Mast,Mast,17,FALSE,FALSE,FALSE,TRUE,TRUE,FALSE
HNSCC16_P2_H02_S86_comb,0,5.5105,0,6.6443,0,0,0,Primary,Endothelial,Endothelial,16,FALSE,TRUE,FALSE,TRUE,FALSE,FALSE
HNSCC_17_P10_E09_S249_comb,0,0,0.10836,0,0,0,0,Primary,T cell,T cell,NA,FALSE,FALSE,TRUE,FALSE,FALSE,FALSE
HNSCC16_P9_E01_S241_comb,0,0,0,2.7849,0,0,0,Primary,T cell,T cell,16,FALSE,FALSE,FALSE,TRUE,FALSE,FALSE
HNSCC16_P9_B03_S207_comb,0,0,0,0,0,0,0,Primary,T cell,T cell,16,FALSE,FALSE,FALSE,FALSE,FALSE,FALSE
HNSCC17_P2_D11_S47_comb,3.1977,0.14012,7.6532,0,12.155,12.013,1,Primary,0,Cancer cells,17,TRUE,TRUE,TRUE,FALSE,TRUE,TRUE
HNSCC16_P9_C06_S222_comb,0,0,0.20163,6.796,0,0,0,Primary,T cell,T cell,16,FALSE,FALSE,TRUE,TRUE,FALSE,FALSE
HNSCC_17_P9_G01_S73_comb,0,6.3792,0,0,0,0,0,Primary,T cell,T cell,NA,FALSE,TRUE,FALSE,FALSE,FALSE,FALSE
HNSCC17_P7_C07_S127_comb,5.7893,0,0.089498,0,10.48,10.555,0,Primary,0,0,17,TRUE,FALSE,TRUE,FALSE,TRUE,TRUE
HNSCC17_P13_A01_S289_comb,0,0,0.10836,0,0,0,0,Primary,T cell,T cell,17,FALSE,FALSE,TRUE,FALSE,FALSE,FALSE
HNSCC17_P2_F12_S72_comb,3.7447,4.3165,9.2378,0,11.699,11.101,1,Primary,0,Cancer cells,17,TRUE,TRUE,TRUE,FALSE,TRUE,TRUE
HNSCC17_P2_C12_S36_comb,3.1079,0,6.7056,3.8675,12.631,10.783,1,Primary,0,Cancer cells,17,TRUE,FALSE,TRUE,TRUE,TRUE,TRUE
HNSCC18_P16_H11_S287_comb,0,0,0.041243,0,0,0,0,Primary,Macrophage,Macrophage,18,FALSE,FALSE,TRUE,FALSE,FALSE,FALSE
HNSCC_17_P9_G11_S83_comb,0,0,0.24853,0,0,0,0,Primary,T cell,T cell,NA,FALSE,FALSE,TRUE,FALSE,FALSE,FALSE
HNSCC18_P2_A06_S102_comb,3.9411,0,1.614,0,11.664,5.1097,0,Primary,0,0,18,TRUE,FALSE,TRUE,FALSE,TRUE,TRUE
HNSCC17_P3_G10_S274_comb,2.3051,4.3518,7.3131,0,10.41,13.258,1,Primary,0,Cancer cells,17,TRUE,TRUE,TRUE,FALSE,TRUE,TRUE
HNSCC18_P15_E07_S55_comb,0,0,0,7.5502,0,0,0,Primary,T cell,T cell,18,FALSE,FALSE,FALSE,TRUE,FALSE,FALSE
HNSCC_17_P10_F05_S257_comb,0,0,0,0,0,0.22897,0,Primary,T cell,T cell,NA,FALSE,FALSE,FALSE,FALSE,FALSE,TRUE
HNSCC17_P3_E02_S242_comb,4.2037,2.9132,4.7674,0,12.549,12.297,1,Primary,0,Cancer cells,17,TRUE,TRUE,TRUE,FALSE,TRUE,TRUE
HNSCC_17_P10_H12_S288_comb,0,5.2692,0,2.3496,0,0,0,Primary,T cell,T cell,NA,FALSE,TRUE,FALSE,TRUE,FALSE,FALSE
HNSCC18_P3_F05_S353_comb,3.6706,0.051024,0.075875,0,1.5084,1.4962,0,Primary,0,0,18,TRUE,TRUE,TRUE,FALSE,TRUE,TRUE
HNSCC17_P7_E10_S154_comb,7.7715,0,0.10434,7.7756,0,0.29278,0,Primary,Fibroblast,Fibroblast,17,TRUE,FALSE,TRUE,TRUE,FALSE,TRUE
HNSCC_17_P10_A10_S202_comb,0,0,0,0,0,0,0,Primary,T cell,T cell,NA,FALSE,FALSE,FALSE,FALSE,FALSE,FALSE
HNSCC17_P2_B04_S16_comb,2.6469,3.7094,9.4132,0,11.732,10.003,1,Primary,0,Cancer cells,17,TRUE,TRUE,TRUE,FALSE,TRUE,TRUE
HNSCC16_P2_F12_S72_comb,6.9345,0,0,0,0,0,0,Primary,Fibroblast,Fibroblast,16,TRUE,FALSE,FALSE,FALSE,FALSE,FALSE
HNSCC17_P2_D03_S39_comb,4.9522,4.0152,6.5491,0.052416,12.665,12.487,1,Primary,0,Cancer cells,17,TRUE,TRUE,TRUE,TRUE,TRUE,TRUE
HNSCC16_P9_C05_S221_comb,0,0,0,0,0,0,0,Primary,T cell,T cell,16,FALSE,FALSE,FALSE,FALSE,FALSE,FALSE
HNSCC17_P7_C03_S123_comb,0,0,0.11636,6.9329,0,0.514,0,Primary,Fibroblast,Fibroblast,17,FALSE,FALSE,TRUE,TRUE,FALSE,TRUE
HNSCC_17_P9_C02_S26_comb,0,0,0.15445,0,0,0,0,Primary,T cell,T cell,NA,FALSE,FALSE,TRUE,FALSE,FALSE,FALSE
HNSCC18_P2_D01_S133_comb,0,0,4.6045,0.60786,9.8135,10.813,1,Primary,0,Cancer cells,18,FALSE,FALSE,TRUE,TRUE,TRUE,TRUE
HNSCC17_P3_D08_S236_comb,3.6095,3.0538,6.8546,0,12.312,12.38,1,Primary,0,Cancer cells,17,TRUE,TRUE,TRUE,FALSE,TRUE,TRUE
HNSCC_17_P9_E11_S59_comb,0,0,0,5.8984,0,0,0,Primary,T cell,T cell,NA,FALSE,FALSE,FALSE,TRUE,FALSE,FALSE
HNSCC18_P2_F01_S157_comb,4.207,4.8434,5.6321,0.69866,10.363,11.674,1,Primary,0,Cancer cells,18,TRUE,TRUE,TRUE,TRUE,TRUE,TRUE
HNSCC16_P2_F09_S69_comb,0,0,0.11237,7.7137,0,0,0,Primary,Fibroblast,Fibroblast,16,FALSE,FALSE,TRUE,TRUE,FALSE,FALSE
HNSCC18_P7_B03_S111_comb,4.8332,7.1385,0,0,0,0,0,Primary,Fibroblast,Fibroblast,18,TRUE,TRUE,FALSE,FALSE,FALSE,FALSE
HNSCC_17_P10_F09_S261_comb,0,0,0.25096,0,0,0,0,Primary,T cell,T cell,NA,FALSE,FALSE,TRUE,FALSE,FALSE,FALSE
HNSCC16_P2_H08_S92_comb,4.5626,5.0426,0,6.0911,0,3.2317,0,Primary,Fibroblast,Fibroblast,16,TRUE,TRUE,FALSE,TRUE,FALSE,TRUE
HNSCC16_P9_D04_S232_comb,0,0,0.22157,0,0,0,0,Primary,T cell,T cell,16,FALSE,FALSE,TRUE,FALSE,FALSE,FALSE
HNSCC18_P13_H10_S382_comb,0,0,0,1.7621,0,0,0,Primary,T cell,T cell,18,FALSE,FALSE,FALSE,TRUE,FALSE,FALSE
HNSCC18_P7_E04_S148_comb,3.6077,3.985,0.048236,7.3681,0,0,0,Primary,Fibroblast,Fibroblast,18,TRUE,TRUE,TRUE,TRUE,FALSE,FALSE
HNSCC17_P2_G02_S74_comb,0,3.0776,6.4929,0,12.153,12.143,1,Primary,0,Cancer cells,17,FALSE,TRUE,TRUE,FALSE,TRUE,TRUE
HNSCC17_P3_C10_S226_comb,0,0,4.8722,0,12.087,12.223,1,Primary,0,Cancer cells,17,FALSE,FALSE,TRUE,FALSE,TRUE,TRUE
HNSCC_17_P9_A12_S12_comb,0,0,0,0,0,0,0,Primary,T cell,T cell,NA,FALSE,FALSE,FALSE,FALSE,FALSE,FALSE
HNSCC17_P2_H02_S86_comb,4.3482,0,4.4634,0,11.838,11.011,1,Primary,0,Cancer cells,17,TRUE,FALSE,TRUE,FALSE,TRUE,TRUE
HNSCC18_P7_B02_S110_comb,0,4.3954,0,5.2326,0,0,0,Primary,Endothelial,Endothelial,18,FALSE,TRUE,FALSE,TRUE,FALSE,FALSE
HNSCC18_P7_E01_S145_comb,5.1893,0,0,7.7592,0,0,0,Primary,Fibroblast,Fibroblast,18,TRUE,FALSE,FALSE,TRUE,FALSE,FALSE
HNSCC_17_P9_H07_S91_comb,0,0,0.30217,6.6567,0,0,0,Primary,T cell,T cell,NA,FALSE,FALSE,TRUE,TRUE,FALSE,FALSE
HNSCC_17_P9_C08_S32_comb,0,0,0.15575,6.4235,0,0,0,Primary,T cell,T cell,NA,FALSE,FALSE,TRUE,TRUE,FALSE,FALSE
HNSCC_17_P9_E01_S49_comb,0,0,0.14666,7.4846,0,0,0,Primary,T cell,T cell,NA,FALSE,FALSE,TRUE,TRUE,FALSE,FALSE
HNSCC18_P2_A12_S108_comb,3.1452,4.0459,4.9033,0,10.573,12.434,1,Primary,0,Cancer cells,18,TRUE,TRUE,TRUE,FALSE,TRUE,TRUE
HNSCC18_P7_B09_S117_comb,0,0,0,7.2016,0,0,0,Primary,Mast,Mast,18,FALSE,FALSE,FALSE,TRUE,FALSE,FALSE
HNSCC17_P2_E12_S60_comb,0,4.1043,8.1255,4.6793,12.065,12.224,1,Primary,0,Cancer cells,17,FALSE,TRUE,TRUE,TRUE,TRUE,TRUE
HNSCC_17_P10_H05_S281_comb,0,0,0.056584,1.4673,0,0,0,Primary,T cell,T cell,NA,FALSE,FALSE,TRUE,TRUE,FALSE,FALSE
HNSCC18_P3_E04_S340_comb,4.5945,2.4957,7.4402,5.2522,10.289,12.714,1,Primary,0,Cancer cells,18,TRUE,TRUE,TRUE,TRUE,TRUE,TRUE
HNSCC16_P9_E08_S248_comb,4.3578,0,0,7.3728,0,0.31034,0,Primary,Mast,Mast,16,TRUE,FALSE,FALSE,TRUE,FALSE,TRUE
HNSCC18_P15_F11_S71_comb,0,5.9351,0,7.0391,0,0,0,Primary,T cell,T cell,18,FALSE,TRUE,FALSE,TRUE,FALSE,FALSE
HNSCC18_P7_E08_S152_comb,4.8315,0.96199,0,0,0,0,0,Primary,0,0,18,TRUE,TRUE,FALSE,FALSE,FALSE,FALSE
HNSCC18_P3_F01_S349_comb,3.9667,0,0,0,0.29396,0,0,Primary,0,0,18,TRUE,FALSE,FALSE,FALSE,TRUE,FALSE
HNSCC17_P3_G12_S276_comb,2.1897,3.887,7.4356,0,12.903,12.855,1,Primary,0,Cancer cells,17,TRUE,TRUE,TRUE,FALSE,TRUE,TRUE
HNSCC_17_P10_B07_S211_comb,0,0,0,0,0,0,0,Primary,T cell,T cell,NA,FALSE,FALSE,FALSE,FALSE,FALSE,FALSE
HNSCC18_P3_B08_S308_comb,3.5368,4.428,0,8.1015,0.43936,0,0,Primary,Fibroblast,Fibroblast,18,TRUE,TRUE,FALSE,TRUE,TRUE,FALSE
HNSCC16_P2_E07_S55_comb,4.8868,6.2485,0,7.5676,0,0,0,Primary,Endothelial,Endothelial,16,TRUE,TRUE,FALSE,TRUE,FALSE,FALSE
HNSCC16_P9_F08_S260_comb,0,0,0,0,0,0,0,Primary,T cell,T cell,16,FALSE,FALSE,FALSE,FALSE,FALSE,FALSE
HNSCC18_P2_A07_S103_comb,5.5584,0,7.5652,0,6.9546,13.164,1,Primary,0,Cancer cells,18,TRUE,FALSE,TRUE,FALSE,TRUE,TRUE
HNSCC17_P3_H03_S279_comb,2.9743,0,5.371,0,11.898,11.301,1,Primary,0,Cancer cells,17,TRUE,FALSE,TRUE,FALSE,TRUE,TRUE
HNSCC_17_P9_F09_S69_comb,0,0,0.26424,0,0,0,0,Primary,T cell,T cell,NA,FALSE,FALSE,TRUE,FALSE,FALSE,FALSE
HNSCC16_P9_E12_S252_comb,0,0,0,0,0,0,0,Primary,T cell,T cell,16,FALSE,FALSE,FALSE,FALSE,FALSE,FALSE
HNSCC17_P3_H05_S281_comb,2.2588,5.5459,7.2848,0,12.426,13.082,1,Primary,0,Cancer cells,17,TRUE,TRUE,TRUE,FALSE,TRUE,TRUE
HNSCC16_P2_D06_S42_comb,4.0692,5.4509,0,5.5368,0,0,0,Primary,Fibroblast,Fibroblast,16,TRUE,TRUE,FALSE,TRUE,FALSE,FALSE
HNSCC17_P2_D12_S48_comb,0,4.2354,7.2678,3.6871,12.247,12.008,1,Primary,0,Cancer cells,17,FALSE,TRUE,TRUE,TRUE,TRUE,TRUE
HNSCC16_P9_B07_S211_comb,0,0,0.82456,0,0,0,0,Primary,T cell,T cell,16,FALSE,FALSE,TRUE,FALSE,FALSE,FALSE
HNSCC_17_P9_A09_S9_comb,0,0,0.20789,0,0,0,0,Primary,T cell,T cell,NA,FALSE,FALSE,TRUE,FALSE,FALSE,FALSE
HNSCC17_P2_F07_S67_comb,3.6019,3.2861,4.7942,0,12.081,11.937,1,Primary,0,Cancer cells,17,TRUE,TRUE,TRUE,FALSE,TRUE,TRUE
HNSCC18_P16_C07_S223_comb,0,0,0,0,0,0,0,Primary,T cell,T cell,18,FALSE,FALSE,FALSE,FALSE,FALSE,FALSE
HNSCC16_P9_G04_S268_comb,0,0,0.28333,0,0.39287,0,0,Primary,T cell,T cell,16,FALSE,FALSE,TRUE,FALSE,TRUE,FALSE
HNSCC_17_P10_A11_S203_comb,0,0,0.055196,6.278,0,0,0,Primary,T cell,T cell,NA,FALSE,FALSE,TRUE,TRUE,FALSE,FALSE
HNSCC17_P2_G01_S73_comb,3.3852,3.9144,6.9912,0,12.953,12.891,1,Primary,0,Cancer cells,17,TRUE,TRUE,TRUE,FALSE,TRUE,TRUE
HNSCC18_P3_H10_S382_comb,6.3674,0,0,6.904,0.48749,0.50589,0,Primary,Fibroblast,Fibroblast,18,TRUE,FALSE,FALSE,TRUE,TRUE,TRUE
HNSCC_17_P10_H10_S286_comb,0,0,0.16479,0,0,0,0,Primary,T cell,T cell,NA,FALSE,FALSE,TRUE,FALSE,FALSE,FALSE
HNSCC16_P2_F06_S66_comb,5.2793,4.0076,0,7.1436,0,0,0,Primary,Endothelial,Endothelial,16,TRUE,TRUE,FALSE,TRUE,FALSE,FALSE
HNSCC17_P7_B06_S114_comb,7.165,0,0,0,0,0,0,Primary,Fibroblast,Fibroblast,17,TRUE,FALSE,FALSE,FALSE,FALSE,FALSE
HNSCC_17_P9_A10_S10_comb,0,0,0,0,0,0,0,Primary,T cell,T cell,NA,FALSE,FALSE,FALSE,FALSE,FALSE,FALSE
HNSCC17_P2_B11_S23_comb,3.209,3.1167,6.7483,0,11.985,11.993,1,Primary,0,Cancer cells,17,TRUE,TRUE,TRUE,FALSE,TRUE,TRUE
HNSCC18_P13_C06_S318_comb,0,0,0,0,0,0,0,Primary,T cell,T cell,18,FALSE,FALSE,FALSE,FALSE,FALSE,FALSE
HNSCC17_P13_E12_S348_comb,0,0,0,0,0,0,0,Primary,T cell,T cell,17,FALSE,FALSE,FALSE,FALSE,FALSE,FALSE
HNSCC18_P2_F12_S168_comb,0,0,0.056584,7.0842,0,0.21164,0,Primary,Mast,Mast,18,FALSE,FALSE,TRUE,TRUE,FALSE,TRUE
HNSCC_17_P10_F07_S259_comb,0,0,0,0,0,0,0,Primary,T cell,T cell,NA,FALSE,FALSE,FALSE,FALSE,FALSE,FALSE
HNSCC17_P7_D10_S142_comb,0,0,0,5.2382,0.23511,0,0,Primary,Fibroblast,Fibroblast,17,FALSE,FALSE,FALSE,TRUE,TRUE,FALSE
HNSCC18_P15_F06_S66_comb,0,0,0,6.8122,0,0,0,Primary,T cell,T cell,18,FALSE,FALSE,FALSE,TRUE,FALSE,FALSE
HNSCC16_P2_E11_S59_comb,4.7827,0,6.4985,6.0384,11.756,12.501,1,Primary,0,Cancer cells,16,TRUE,FALSE,TRUE,TRUE,TRUE,TRUE
HNSCC16_P9_A12_S204_comb,0,0,0,6.9398,0,0.21785,0,Primary,T cell,T cell,16,FALSE,FALSE,FALSE,TRUE,FALSE,TRUE
HNSCC_17_P9_G02_S74_comb,0,0,0,0,0,0,0,Primary,T cell,T cell,NA,FALSE,FALSE,FALSE,FALSE,FALSE,FALSE
HNSCC18_P15_G09_S81_comb,0,0,0.19409,0,0,0,0,Primary,T cell,T cell,18,FALSE,FALSE,TRUE,FALSE,FALSE,FALSE
HNSCC18_P7_B12_S120_comb,0,7.4837,0,9.1594,0,0,0,Primary,Endothelial,Endothelial,18,FALSE,TRUE,FALSE,TRUE,FALSE,FALSE
HNSCC_17_P9_H09_S93_comb,0,0,0,5.9908,0,0,0,Primary,T cell,T cell,NA,FALSE,FALSE,FALSE,TRUE,FALSE,FALSE
HNSCC18_P15_E12_S60_comb,0,0,0,6.2156,0,0,0,Primary,T cell,T cell,18,FALSE,FALSE,FALSE,TRUE,FALSE,FALSE
HNSCC17_P2_B08_S20_comb,3.3865,4.4152,7.1085,0,12.269,12.814,1,Primary,0,Cancer cells,17,TRUE,TRUE,TRUE,FALSE,TRUE,TRUE
HNSCC_17_P10_B03_S207_comb,0,0,0,0,0.43082,0,0,Primary,T cell,T cell,NA,FALSE,FALSE,FALSE,FALSE,TRUE,FALSE
HNSCC18_P2_F11_S167_comb,0,5.3804,4.8818,0,9.9468,9.8847,1,Primary,0,Cancer cells,18,FALSE,TRUE,TRUE,FALSE,TRUE,TRUE
HNSCC17_P2_A03_S3_comb,5.3508,4.575,7.948,0,12.281,12.262,1,Primary,0,Cancer cells,17,TRUE,TRUE,TRUE,FALSE,TRUE,TRUE
HNSCC18_P2_G01_S169_comb,0,0,0.067639,0,6.5831,6.8437,0,Primary,0,0,18,FALSE,FALSE,TRUE,FALSE,TRUE,TRUE
HNSCC17_P2_H06_S90_comb,2.7321,3.6793,8.7726,4.0382,12.073,11.663,1,Primary,0,Cancer cells,17,TRUE,TRUE,TRUE,TRUE,TRUE,TRUE
HNSCC18_P16_F09_S261_comb,0,0,0,6.4187,0,0,0,Primary,T cell,T cell,18,FALSE,FALSE,FALSE,TRUE,FALSE,FALSE
HNSCC16_P2_H04_S88_comb,0,6.1609,0.056584,7.2222,0,0,0,Primary,Endothelial,Endothelial,16,FALSE,TRUE,TRUE,TRUE,FALSE,FALSE
HNSCC18_P7_E07_S151_comb,0,3.9212,3.5724,0,5.5411,11.348,1,Primary,0,Cancer cells,18,FALSE,TRUE,TRUE,FALSE,TRUE,TRUE
HNSCC16_P9_A01_S193_comb,0,0,0.085425,0,0,0,0,Primary,T cell,T cell,16,FALSE,FALSE,TRUE,FALSE,FALSE,FALSE
HNSCC_17_P9_B09_S21_comb,0,0,0.07861,0,0,0,0,Primary,T cell,T cell,NA,FALSE,FALSE,TRUE,FALSE,FALSE,FALSE
HNSCC16_P9_D06_S234_comb,0,0,0,2.4074,0,0,0,Primary,T cell,T cell,16,FALSE,FALSE,FALSE,TRUE,FALSE,FALSE
HNSCC18_P7_H02_S182_comb,4.1501,4.7548,0,2.6415,0,0,0,Primary,Fibroblast,Fibroblast,18,TRUE,TRUE,FALSE,TRUE,FALSE,FALSE
HNSCC16_P9_G05_S269_comb,0,0,0,0,0,0,0,Primary,T cell,T cell,16,FALSE,FALSE,FALSE,FALSE,FALSE,FALSE
HNSCC17_P3_H04_S280_comb,0,0,6.3419,0,11.961,12.401,1,Primary,0,Cancer cells,17,FALSE,FALSE,TRUE,FALSE,TRUE,TRUE
HNSCC_17_P10_G11_S275_comb,0,0,0,0,0,0,0,Primary,T cell,T cell,NA,FALSE,FALSE,FALSE,FALSE,FALSE,FALSE
HNSCC_17_P10_D06_S234_comb,0,0,0,7.5907,0,0,0,Primary,T cell,T cell,NA,FALSE,FALSE,FALSE,TRUE,FALSE,FALSE
HNSCC17_P7_E03_S147_comb,6.6474,0.26303,0,5.8578,0,0,0,Primary,Endothelial,Endothelial,17,TRUE,TRUE,FALSE,TRUE,FALSE,FALSE
HNSCC18_P7_E10_S154_comb,1.2129,0,0,0,0,0.17121,0,Primary,0,0,18,TRUE,FALSE,FALSE,FALSE,FALSE,TRUE
HNSCC18_P15_C02_S26_comb,0,0,0,7.5722,0,0,0,Primary,T cell,T cell,18,FALSE,FALSE,FALSE,TRUE,FALSE,FALSE
HNSCC16_P2_F03_S63_comb,5.1944,5.2228,4.7732,7.6856,0.27858,0,0,Primary,Endothelial,Endothelial,16,TRUE,TRUE,TRUE,TRUE,TRUE,FALSE
HNSCC_17_P9_F02_S62_comb,0,0,0,0,0,0,0,Primary,T cell,T cell,NA,FALSE,FALSE,FALSE,FALSE,FALSE,FALSE
HNSCC16_P2_D07_S43_comb,0,6.694,0,7.6167,0,0,0,Primary,Endothelial,Endothelial,16,FALSE,TRUE,FALSE,TRUE,FALSE,FALSE
HNSCC17_P3_F10_S262_comb,3.8961,3.2165,6.5054,0,12.257,13.302,1,Primary,0,Cancer cells,17,TRUE,TRUE,TRUE,FALSE,TRUE,TRUE
HNSCC_17_P10_F10_S262_comb,0,0,0.07861,0,0,0,0,Primary,T cell,T cell,NA,FALSE,FALSE,TRUE,FALSE,FALSE,FALSE
HNSCC18_P2_B07_S115_comb,4.5947,4.0432,4.1032,0,10.074,10.959,1,Primary,0,Cancer cells,18,TRUE,TRUE,TRUE,FALSE,TRUE,TRUE
HNSCC_17_P9_C04_S28_comb,0,1.1395,0,7.3908,0,0,0,Primary,T cell,T cell,NA,FALSE,TRUE,FALSE,TRUE,FALSE,FALSE
HNSCC17_P1_HNSCC17_P1_F01,3.5395,3.8947,5.7795,0,12.482,11.75,1,Primary,0,Cancer cells,17,TRUE,TRUE,TRUE,FALSE,TRUE,TRUE
HNSCC17_P1_HNSCC17_P1_H09,0,0,3.4439,0,11.435,12.035,1,Primary,0,Cancer cells,17,FALSE,FALSE,TRUE,FALSE,TRUE,TRUE
HNSCC17_P1_HNSCC17_P1_A11,0,0,6.5271,0,12.14,11.862,1,Primary,0,Cancer cells,17,FALSE,FALSE,TRUE,FALSE,TRUE,TRUE
HNSCC17_P1_HNSCC17_P1_E12,3.5435,0,5.5998,0,12.498,12.403,1,Primary,0,Cancer cells,17,TRUE,FALSE,TRUE,FALSE,TRUE,TRUE
HNSCC17_P1_HNSCC17_P1_G07,3.7033,0,5.8676,0,12.276,11.288,1,Primary,0,Cancer cells,17,TRUE,FALSE,TRUE,FALSE,TRUE,TRUE
HNSCC17_P1_HNSCC17_P1_C11,0,0,6.6408,0,12.843,12.702,1,Primary,0,Cancer cells,17,FALSE,FALSE,TRUE,FALSE,TRUE,TRUE
HNSCC17_P1_HNSCC17_P1_H02,4.64,5.3227,7.1931,0,12.22,13.302,1,Primary,0,Cancer cells,17,TRUE,TRUE,TRUE,FALSE,TRUE,TRUE
HNSCC17_P1_HNSCC17_P1_D05,0,0,5.6804,0.15575,12.537,12.603,1,Primary,0,Cancer cells,17,FALSE,FALSE,TRUE,TRUE,TRUE,TRUE
HNSCC17_P1_HNSCC17_P1_B05,0,0,6.572,0,11.165,9.6522,1,Primary,0,Cancer cells,17,FALSE,FALSE,TRUE,FALSE,TRUE,TRUE
HNSCC17_P1_HNSCC17_P1_B06,0,0,3.3401,0,12.406,10.052,0,Primary,0,0,17,FALSE,FALSE,TRUE,FALSE,TRUE,TRUE
HNSCC17_P1_HNSCC17_P1_B04,2.618,4.8611,8.1272,0,11.963,13.149,1,Primary,0,Cancer cells,17,TRUE,TRUE,TRUE,FALSE,TRUE,TRUE
HNSCC17_P1_HNSCC17_P1_H03,3.9078,2.8643,6.7499,0,12.304,11.664,1,Primary,0,Cancer cells,17,TRUE,TRUE,TRUE,FALSE,TRUE,TRUE
HNSCC17_P1_HNSCC17_P1_A10,0,1.1654,7.0277,3.1538,11.887,11.138,1,Primary,0,Cancer cells,17,FALSE,TRUE,TRUE,TRUE,TRUE,TRUE
HNSCC17_P1_HNSCC17_P1_D03,0,3.6566,0,6.8835,0,0.4678,0,Primary,Mast,Mast,17,FALSE,TRUE,FALSE,TRUE,FALSE,TRUE
HNSCC17_P1_HNSCC17_P1_D11,4.6222,0,0,0,10.748,9.4503,1,Primary,0,Cancer cells,17,TRUE,FALSE,FALSE,FALSE,TRUE,TRUE
HNSCC17_P1_HNSCC17_P1_E06,0,5.5705,8.2068,0,12.62,12.912,1,Primary,0,Cancer cells,17,FALSE,TRUE,TRUE,FALSE,TRUE,TRUE
HNSCC17_P1_HNSCC17_P1_C04,3.9086,2.6344,6.9849,0,12.573,12.602,1,Primary,0,Cancer cells,17,TRUE,TRUE,TRUE,FALSE,TRUE,TRUE
HNSCC17_P1_HNSCC17_P1_D09,2.2606,3.1865,6.242,0,12.573,12.473,1,Primary,0,Cancer cells,17,TRUE,TRUE,TRUE,FALSE,TRUE,TRUE
HNSCC17_P1_HNSCC17_P1_C06,3.4453,1.7198,3.3154,0,11.24,12.258,1,Primary,0,Cancer cells,17,TRUE,TRUE,TRUE,FALSE,TRUE,TRUE
HNSCC17_P1_HNSCC17_P1_C01,3.5984,3.1065,5.1834,0,12.879,13.427,1,Primary,0,Cancer cells,17,TRUE,TRUE,TRUE,FALSE,TRUE,TRUE
HNSCC17_P1_HNSCC17_P1_D01,3.3221,3.2151,6.681,0,12.094,12.926,1,Primary,0,Cancer cells,17,TRUE,TRUE,TRUE,FALSE,TRUE,TRUE
HNSCC17_P1_HNSCC17_P1_A07,3.2157,5.0698,7.3047,0,12.822,12.396,1,Primary,0,Cancer cells,17,TRUE,TRUE,TRUE,FALSE,TRUE,TRUE
HNSCC17_P1_HNSCC17_P1_H07,0.21412,4.326,6.3666,0,12.44,10.962,1,Primary,0,Cancer cells,17,TRUE,TRUE,TRUE,FALSE,TRUE,TRUE
HNSCC17_P1_HNSCC17_P1_C08,4.2278,0,5.9078,0,12.268,11.919,1,Primary,0,Cancer cells,17,TRUE,FALSE,TRUE,FALSE,TRUE,TRUE
HNSCC17_P1_HNSCC17_P1_A09,5.2348,4.5987,8.5029,0,12.315,12.607,1,Primary,0,Cancer cells,17,TRUE,TRUE,TRUE,FALSE,TRUE,TRUE
HNSCC17_P1_HNSCC17_P1_A03,4.3573,2.8109,7.078,0,12.616,12.703,1,Primary,0,Cancer cells,17,TRUE,TRUE,TRUE,FALSE,TRUE,TRUE
HNSCC17_P1_HNSCC17_P1_D06,3.3839,4.2828,5.4281,0,12.727,13.249,1,Primary,0,Cancer cells,17,TRUE,TRUE,TRUE,FALSE,TRUE,TRUE
HNSCC17_P1_HNSCC17_P1_G06,3.8971,0,6.8844,0,12.386,11.902,1,Primary,0,Cancer cells,17,TRUE,FALSE,TRUE,FALSE,TRUE,TRUE
HNSCC17_P1_HNSCC17_P1_D07,4.2331,4.0093,7.4587,0,12.368,13.078,1,Primary,0,Cancer cells,17,TRUE,TRUE,TRUE,FALSE,TRUE,TRUE
HNSCC17_P1_HNSCC17_P1_C12,0,3.1504,5.6793,0,11.635,12.034,1,Primary,0,Cancer cells,17,FALSE,TRUE,TRUE,FALSE,TRUE,TRUE
HNSCC17_P1_HNSCC17_P1_F12,0,0,7.5149,0,12.236,11.223,1,Primary,0,Cancer cells,17,FALSE,FALSE,TRUE,FALSE,TRUE,TRUE
HNSCC17_P1_HNSCC17_P1_A08,0,0,6.1949,0,12.035,11.231,1,Primary,0,Cancer cells,17,FALSE,FALSE,TRUE,FALSE,TRUE,TRUE
HNSCC17_P1_HNSCC17_P1_B10,3.877,2.9749,6.7306,0,11.313,10.845,1,Primary,0,Cancer cells,17,TRUE,TRUE,TRUE,FALSE,TRUE,TRUE
HNSCC17_P1_HNSCC17_P1_F03,4.5772,3.466,5.8748,0,12.416,11.418,1,Primary,0,Cancer cells,17,TRUE,TRUE,TRUE,FALSE,TRUE,TRUE
HNSCC17_P1_HNSCC17_P1_H11,2.7124,3.4259,5.0157,0,11.996,11.872,1,Primary,0,Cancer cells,17,TRUE,TRUE,TRUE,FALSE,TRUE,TRUE
HNSCC17_P1_HNSCC17_P1_G03,3.3391,4.6793,9.7473,2.168,12.177,12.048,1,Primary,0,Cancer cells,17,TRUE,TRUE,TRUE,TRUE,TRUE,TRUE
HNSCC17_P1_HNSCC17_P1_F05,0,0,0.27262,0,12.266,6.689,0,Primary,0,0,17,FALSE,FALSE,TRUE,FALSE,TRUE,TRUE
HNSCC17_P1_HNSCC17_P1_C03,4.6633,2.6627,8.0449,0,12.464,11.684,1,Primary,0,Cancer cells,17,TRUE,TRUE,TRUE,FALSE,TRUE,TRUE
HNSCC17_P1_HNSCC17_P1_E07,2.2299,3.0482,5.8097,0,12.567,12.645,1,Primary,0,Cancer cells,17,TRUE,TRUE,TRUE,FALSE,TRUE,TRUE
HNSCC17_P1_HNSCC17_P1_E01,4.733,4.5466,6.1908,0,11.99,12.423,1,Primary,0,Cancer cells,17,TRUE,TRUE,TRUE,FALSE,TRUE,TRUE
HNSCC17_P1_HNSCC17_P1_C02,3.8155,2.9417,5.2583,0,12.931,13.133,1,Primary,0,Cancer cells,17,TRUE,TRUE,TRUE,FALSE,TRUE,TRUE
HNSCC17_P1_HNSCC17_P1_E09,2.3707,3.5087,8.0484,4.127,12.152,10.777,1,Primary,0,Cancer cells,17,TRUE,TRUE,TRUE,TRUE,TRUE,TRUE
HNSCC17_P1_HNSCC17_P1_H10,4.302,5.9044,9.3496,0,12.572,11.989,1,Primary,0,Cancer cells,17,TRUE,TRUE,TRUE,FALSE,TRUE,TRUE
HNSCC17_P1_HNSCC17_P1_C09,3.7502,2.8148,6.742,0,12.674,13.35,1,Primary,0,Cancer cells,17,TRUE,TRUE,TRUE,FALSE,TRUE,TRUE
HNSCC17_P1_HNSCC17_P1_F08,0,0,0.62199,0,12,8.913,0,Primary,0,0,17,FALSE,FALSE,TRUE,FALSE,TRUE,TRUE
HNSCC17_P1_HNSCC17_P1_B07,2.9919,1.8209,6.3897,0,11.952,12.624,1,Primary,0,Cancer cells,17,TRUE,TRUE,TRUE,FALSE,TRUE,TRUE
HNSCC17_P1_HNSCC17_P1_C10,0,0,5.5854,0,11.898,12.185,1,Primary,0,Cancer cells,17,FALSE,FALSE,TRUE,FALSE,TRUE,TRUE
HNSCC17_P1_HNSCC17_P1_H05,4.1154,1.4916,5.6261,0,12.463,12.006,1,Primary,0,Cancer cells,17,TRUE,TRUE,TRUE,FALSE,TRUE,TRUE
HNSCC17_P1_HNSCC17_P1_E05,3.3447,4.5381,7.4528,0,11.724,13.278,1,Primary,0,Cancer cells,17,TRUE,TRUE,TRUE,FALSE,TRUE,TRUE
HNSCC17_P1_HNSCC17_P1_E02,4.8804,4.7449,8.0535,0,12.501,12.069,1,Primary,0,Cancer cells,17,TRUE,TRUE,TRUE,FALSE,TRUE,TRUE
HNSCC17_P1_HNSCC17_P1_D08,3.8483,4.8137,7.8678,0,12.098,13.457,1,Primary,0,Cancer cells,17,TRUE,TRUE,TRUE,FALSE,TRUE,TRUE
HNSCC17_P1_HNSCC17_P1_B03,0,0,5.3006,0,12.131,11.602,1,Primary,0,Cancer cells,17,FALSE,FALSE,TRUE,FALSE,TRUE,TRUE
HNSCC17_P1_HNSCC17_P1_D04,3.1912,3.2455,3.7844,0,12.508,13.121,1,Primary,0,Cancer cells,17,TRUE,TRUE,TRUE,FALSE,TRUE,TRUE
HNSCC17_P1_HNSCC17_P1_F07,0,3.3022,6.5066,0,11.699,11.256,1,Primary,0,Cancer cells,17,FALSE,TRUE,TRUE,FALSE,TRUE,TRUE
HNSCC17_P1_HNSCC17_P1_D10,0,1.7677,0,0,13.023,12.579,1,Primary,0,Cancer cells,17,FALSE,TRUE,FALSE,FALSE,TRUE,TRUE
HNSCC17_P1_HNSCC17_P1_E04,2.7995,1.1473,6.7136,0,12.514,12.173,1,Primary,0,Cancer cells,17,TRUE,TRUE,TRUE,FALSE,TRUE,TRUE
HNSCC17_P1_HNSCC17_P1_G02,0,0,0,6.2565,5.5571,0.6173,0,Primary,B cell,B cell,17,FALSE,FALSE,FALSE,TRUE,TRUE,TRUE
HNSCC17_P1_HNSCC17_P1_A05,1.8612,4.791,7.0313,0,12.977,12.813,1,Primary,0,Cancer cells,17,TRUE,TRUE,TRUE,FALSE,TRUE,TRUE
HNSCC17_P1_HNSCC17_P1_C07,4.5465,3.583,7.252,0,12.66,13.141,1,Primary,0,Cancer cells,17,TRUE,TRUE,TRUE,FALSE,TRUE,TRUE
HNSCC17_P1_HNSCC17_P1_F06,3.7892,5.3178,8.7932,0,12.326,13.009,1,Primary,0,Cancer cells,17,TRUE,TRUE,TRUE,FALSE,TRUE,TRUE
HNSCC17_P1_HNSCC17_P1_F02,2.6542,3.6385,6.4752,0,12.541,12.888,1,Primary,0,Cancer cells,17,TRUE,TRUE,TRUE,FALSE,TRUE,TRUE
HNSCC17_P1_HNSCC17_P1_D02,4.9104,3.6562,4.8281,0,11.874,12.255,1,Primary,0,Cancer cells,17,TRUE,TRUE,TRUE,FALSE,TRUE,TRUE
HNSCC17_P1_HNSCC17_P1_G05,5.6763,0,6.4878,0,12.714,11.94,1,Primary,0,Cancer cells,17,TRUE,FALSE,TRUE,FALSE,TRUE,TRUE
HNSCC17_P1_HNSCC17_P1_E10,3.9281,3.4871,7.641,2.3386,12.353,13.077,1,Primary,0,Cancer cells,17,TRUE,TRUE,TRUE,TRUE,TRUE,TRUE
HNSCC17_P1_HNSCC17_P1_H01,2.7212,1.9434,7.5298,0,11.778,12.864,1,Primary,0,Cancer cells,17,TRUE,TRUE,TRUE,FALSE,TRUE,TRUE
HNSCC17_P1_HNSCC17_P1_G12,2.7972,3.0697,6.1504,0,12.432,13.246,1,Primary,0,Cancer cells,17,TRUE,TRUE,TRUE,FALSE,TRUE,TRUE
HNSCC17_P1_HNSCC17_P1_H08,3.6442,4.0112,8.2967,0,12.685,11.673,1,Primary,0,Cancer cells,17,TRUE,TRUE,TRUE,FALSE,TRUE,TRUE
HNSCC17_P1_HNSCC17_P1_H12,4.2507,1.7999,4.1391,0,11.574,11.59,1,Primary,0,Cancer cells,17,TRUE,TRUE,TRUE,FALSE,TRUE,TRUE
HNSCC17_P1_HNSCC17_P1_G09,0,2.0007,7.2308,0,12.324,12.198,1,Primary,0,Cancer cells,17,FALSE,TRUE,TRUE,FALSE,TRUE,TRUE
HNSCC17_P1_HNSCC17_P1_A06,4.1074,0,4.1516,0,12.708,12.379,1,Primary,0,Cancer cells,17,TRUE,FALSE,TRUE,FALSE,TRUE,TRUE
HNSCC17_P1_HNSCC17_P1_E08,0,5.1547,6.8656,5.5994,11.222,10.696,1,Primary,0,Cancer cells,17,FALSE,TRUE,TRUE,TRUE,TRUE,TRUE
HNSCC17_P1_HNSCC17_P1_G01,2.8383,2.3992,0.44148,0,12.573,13.4,1,Primary,0,Cancer cells,17,TRUE,TRUE,TRUE,FALSE,TRUE,TRUE
HNSCC17_P1_HNSCC17_P1_B12,5.451,2.6629,2.7782,0,12.113,12.116,1,Primary,0,Cancer cells,17,TRUE,TRUE,TRUE,FALSE,TRUE,TRUE
HNSCC17_P1_HNSCC17_P1_E11,3.3813,1.8319,6.7377,0,12.707,11.889,1,Primary,0,Cancer cells,17,TRUE,TRUE,TRUE,FALSE,TRUE,TRUE
HNSCC17_P1_HNSCC17_P1_A04,3.1494,4.3871,6.6362,0,12.43,12.873,1,Primary,0,Cancer cells,17,TRUE,TRUE,TRUE,FALSE,TRUE,TRUE
HNSCC17_P1_HNSCC17_P1_F09,4.2689,4.1114,4.9473,0,12.115,12.835,1,Primary,0,Cancer cells,17,TRUE,TRUE,TRUE,FALSE,TRUE,TRUE
HNSCC17_P1_HNSCC17_P1_A12,4.4646,3.685,5.279,0,12.422,12.703,1,Primary,0,Cancer cells,17,TRUE,TRUE,TRUE,FALSE,TRUE,TRUE
HNSCC17_P1_HNSCC17_P1_F10,4.5246,1.6299,4.9671,0,12.025,11.894,1,Primary,0,Cancer cells,17,TRUE,TRUE,TRUE,FALSE,TRUE,TRUE
HNSCC17_P1_HNSCC17_P1_A02,2.6611,0,3.0204,0,12.687,12.597,1,Primary,0,Cancer cells,17,TRUE,FALSE,TRUE,FALSE,TRUE,TRUE
HNSCC17_P1_HNSCC17_P1_B08,3.9102,0,8.3016,0,12.133,12.539,1,Primary,0,Cancer cells,17,TRUE,FALSE,TRUE,FALSE,TRUE,TRUE
HNSCC17_P1_HNSCC17_P1_G04,0,0,6.141,0,11.371,11.494,1,Primary,0,Cancer cells,17,FALSE,FALSE,TRUE,FALSE,TRUE,TRUE
HNSCC17_P1_HNSCC17_P1_G11,4.4103,0,8.4351,0,12.851,11.065,1,Primary,0,Cancer cells,17,TRUE,FALSE,TRUE,FALSE,TRUE,TRUE
HNSCC17_P1_HNSCC17_P1_B01,4.6394,4.6191,7.8462,0,12.18,12.136,1,Primary,0,Cancer cells,17,TRUE,TRUE,TRUE,FALSE,TRUE,TRUE
HNSCC17_P1_HNSCC17_P1_F11,4.8577,0,5.0773,0.14274,11.708,11.988,1,Primary,0,Cancer cells,17,TRUE,FALSE,TRUE,TRUE,TRUE,TRUE
HNSCC17_P1_HNSCC17_P1_B02,3.5997,2.872,8.0984,0,12.17,10.578,1,Primary,0,Cancer cells,17,TRUE,TRUE,TRUE,FALSE,TRUE,TRUE
HNSCC17_P1_HNSCC17_P1_H04,0,0,4.2756,0,11.828,8.9281,0,Primary,0,0,17,FALSE,FALSE,TRUE,FALSE,TRUE,TRUE
HNSCC17_P1_HNSCC17_P1_D12,4.5057,3.9295,6.0889,0,12.881,12.677,1,Primary,0,Cancer cells,17,TRUE,TRUE,TRUE,FALSE,TRUE,TRUE
HNSCC17_P1_HNSCC17_P1_H06,2.1801,3.1331,0,0,12.763,12.584,1,Primary,0,Cancer cells,17,TRUE,TRUE,FALSE,FALSE,TRUE,TRUE
HNSCC17_P8_HNSCC17_P8_E08,0,5.1809,0,0,0,0.30685,0,Primary,T cell,T cell,17,FALSE,TRUE,FALSE,FALSE,FALSE,TRUE
HNSCC17_P8_HNSCC17_P8_B11,0,0,0.088142,0,0,0,0,Primary,T cell,T cell,17,FALSE,FALSE,TRUE,FALSE,FALSE,FALSE
HNSCC17_P8_HNSCC17_P8_E01,0,7.0965,0.035624,0,0,0,0,Primary,T cell,T cell,17,FALSE,TRUE,TRUE,FALSE,FALSE,FALSE
HNSCC17_P8_HNSCC17_P8_E09,0,0,0,2.8106,0,0.13225,0,Primary,T cell,T cell,17,FALSE,FALSE,FALSE,TRUE,FALSE,TRUE
HNSCC17_P8_HNSCC17_P8_B12,0,0,0.073135,0,0,0,0,Primary,T cell,T cell,17,FALSE,FALSE,TRUE,FALSE,FALSE,FALSE
HNSCC17_P8_HNSCC17_P8_D11,0,0,0.060739,8.9713,0.18015,0.35389,0,Primary,T cell,T cell,17,FALSE,FALSE,TRUE,TRUE,TRUE,TRUE
HNSCC17_P8_HNSCC17_P8_E11,0,0,0,0,0.56755,1.3254,0,Primary,T cell,T cell,17,FALSE,FALSE,FALSE,FALSE,TRUE,TRUE
HNSCC17_P8_HNSCC17_P8_C08,0,0,0.042644,7.1798,0.12035,0.12565,0,Primary,T cell,T cell,17,FALSE,FALSE,TRUE,TRUE,TRUE,TRUE
HNSCC17_P8_HNSCC17_P8_F12,0,0,0.17249,0,0,0,0,Primary,T cell,T cell,17,FALSE,FALSE,TRUE,FALSE,FALSE,FALSE
HNSCC17_P8_HNSCC17_P8_D01,0,0,0,0,0,0,0,Primary,T cell,T cell,17,FALSE,FALSE,FALSE,FALSE,FALSE,FALSE
HNSCC17_P8_HNSCC17_P8_C12,0,0,0,0,0,0,0,Primary,T cell,T cell,17,FALSE,FALSE,FALSE,FALSE,FALSE,FALSE
HNSCC17_P8_HNSCC17_P8_A12,0,0,0.063503,6.5973,0,0,0,Primary,T cell,T cell,17,FALSE,FALSE,TRUE,TRUE,FALSE,FALSE
HNSCC17_P8_HNSCC17_P8_D06,0,0,0,0,0,0,0,Primary,T cell,T cell,17,FALSE,FALSE,FALSE,FALSE,FALSE,FALSE
HNSCC17_P8_HNSCC17_P8_C03,0,0,0.0086303,0,0.33571,0,0,Primary,T cell,T cell,17,FALSE,FALSE,TRUE,FALSE,TRUE,FALSE
HNSCC17_P8_HNSCC17_P8_A09,0,0,0.05797,6.6527,0,0,0,Primary,T cell,T cell,17,FALSE,FALSE,TRUE,TRUE,FALSE,FALSE
HNSCC17_P8_HNSCC17_P8_B05,0,0,0.0086303,0,0,0,0,Primary,T cell,T cell,17,FALSE,FALSE,TRUE,FALSE,FALSE,FALSE
HNSCC17_P8_HNSCC17_P8_C01,0,0,0.079975,6.5211,0,4.1194,0,Primary,T cell,T cell,17,FALSE,FALSE,TRUE,TRUE,FALSE,TRUE
HNSCC17_P8_HNSCC17_P8_C09,0,0,0,7.1709,0,0,0,Primary,T cell,T cell,17,FALSE,FALSE,FALSE,TRUE,FALSE,FALSE
HNSCC17_P8_HNSCC17_P8_A02,0,0,0,0,0.50792,0,0,Primary,T cell,T cell,17,FALSE,FALSE,FALSE,FALSE,TRUE,FALSE
HNSCC17_P8_HNSCC17_P8_D12,0,0,0,0,0,0,0,Primary,T cell,T cell,17,FALSE,FALSE,FALSE,FALSE,FALSE,FALSE
HNSCC17_P8_HNSCC17_P8_B08,0,0,0,0.51602,0,0,0,Primary,T cell,T cell,17,FALSE,FALSE,FALSE,TRUE,FALSE,FALSE
HNSCC17_P8_HNSCC17_P8_E12,0,0,0.088142,4.3774,0,0,0,Primary,T cell,T cell,17,FALSE,FALSE,TRUE,TRUE,FALSE,FALSE
HNSCC17_P8_HNSCC17_P8_F08,0,0,0.04684,0,0,0.19787,0,Primary,T cell,T cell,17,FALSE,FALSE,TRUE,FALSE,FALSE,TRUE
HNSCC17_P8_HNSCC17_P8_B01,0,0,0.19661,7.2082,0,0,0,Primary,T cell,T cell,17,FALSE,FALSE,TRUE,TRUE,FALSE,FALSE
HNSCC17_P8_HNSCC17_P8_C02,0,0,0.041243,0,0.20789,0.4049,0,Primary,T cell,T cell,17,FALSE,FALSE,TRUE,FALSE,TRUE,TRUE
HNSCC17_P8_HNSCC17_P8_E07,0,0,0.1003,8.5645,0,0,0,Primary,T cell,T cell,17,FALSE,FALSE,TRUE,TRUE,FALSE,FALSE
HNSCC17_P8_HNSCC17_P8_E04,0,0,0.066261,5.9542,0,0,0,Primary,T cell,T cell,17,FALSE,FALSE,TRUE,TRUE,FALSE,FALSE
HNSCC17_P8_HNSCC17_P8_D09,0,0,0.1865,6.9848,0,0,0,Primary,T cell,T cell,17,FALSE,FALSE,TRUE,TRUE,FALSE,FALSE
HNSCC17_P8_HNSCC17_P8_D03,0,0,0,0,8.3935,7.223,0,Primary,T cell,T cell,17,FALSE,FALSE,FALSE,FALSE,TRUE,TRUE
HNSCC17_P8_HNSCC17_P8_C07,0,0,0.042644,0,0,0.12697,0,Primary,T cell,T cell,17,FALSE,FALSE,TRUE,FALSE,FALSE,TRUE
HNSCC17_P8_HNSCC17_P8_A05,0,0,0,7.5943,0,0,0,Primary,T cell,T cell,17,FALSE,FALSE,FALSE,TRUE,FALSE,FALSE
HNSCC17_P8_HNSCC17_P8_C06,0,0.062122,0,0,0.16221,0,0,Primary,T cell,T cell,17,FALSE,TRUE,FALSE,FALSE,TRUE,FALSE
HNSCC17_P8_HNSCC17_P8_A11,0,0,0,0,0.23389,0.45101,0,Primary,T cell,T cell,17,FALSE,FALSE,FALSE,FALSE,TRUE,TRUE
HNSCC17_P8_HNSCC17_P8_D04,0,0,0,0,0,0,0,Primary,T cell,T cell,17,FALSE,FALSE,FALSE,FALSE,FALSE,FALSE
HNSCC17_P8_HNSCC17_P8_E05,0,0,0,0,0,0.4813,0,Primary,T cell,T cell,17,FALSE,FALSE,FALSE,FALSE,FALSE,TRUE
HNSCC17_P8_HNSCC17_P8_A07,0,0,0,5.1033,0,0,0,Primary,T cell,T cell,17,FALSE,FALSE,FALSE,TRUE,FALSE,FALSE
HNSCC17_P8_HNSCC17_P8_A04,0,0,0,3.9066,0,0,0,Primary,T cell,T cell,17,FALSE,FALSE,FALSE,TRUE,FALSE,FALSE
HNSCC17_P8_HNSCC17_P8_C04,0,6.6615,0,0,0,0,0,Primary,T cell,T cell,17,FALSE,TRUE,FALSE,FALSE,FALSE,FALSE
HNSCC17_P8_HNSCC17_P8_E10,0,0,0,0,0,0,0,Primary,T cell,T cell,17,FALSE,FALSE,FALSE,FALSE,FALSE,FALSE
HNSCC17_P8_HNSCC17_P8_C11,0,0,0,0,0.084064,0,0,Primary,T cell,T cell,17,FALSE,FALSE,FALSE,FALSE,TRUE,FALSE
HNSCC17_P8_HNSCC17_P8_A08,0,0,0,0,0,0,0,Primary,T cell,T cell,17,FALSE,FALSE,FALSE,FALSE,FALSE,FALSE
HNSCC17_P8_HNSCC17_P8_B07,0,0,0.070389,6.7402,0,0,0,Primary,T cell,T cell,17,FALSE,FALSE,TRUE,TRUE,FALSE,FALSE
HNSCC17_P8_HNSCC17_P8_F10,0,0,0.14012,0,0,0,0,Primary,T cell,T cell,17,FALSE,FALSE,TRUE,FALSE,FALSE,FALSE
HNSCC17_P8_HNSCC17_P8_A03,0,0,0,0,0,0.15056,0,Primary,T cell,T cell,17,FALSE,FALSE,FALSE,FALSE,FALSE,TRUE
HNSCC17_P8_HNSCC17_P8_D10,0,0,0.24975,8.31,0,0.32654,0,Primary,T cell,T cell,17,FALSE,FALSE,TRUE,TRUE,FALSE,TRUE
HNSCC17_P8_HNSCC17_P8_B09,0,0,0,0,0,0,0,Primary,T cell,T cell,17,FALSE,FALSE,FALSE,FALSE,FALSE,FALSE
HNSCC17_P8_HNSCC17_P8_D05,0,0,0,0,0,0,0,Primary,T cell,T cell,17,FALSE,FALSE,FALSE,FALSE,FALSE,FALSE
HNSCC17_P8_HNSCC17_P8_C10,0,0,0.064883,0,0,0,0,Primary,T cell,T cell,17,FALSE,FALSE,TRUE,FALSE,FALSE,FALSE
HNSCC17_P8_HNSCC17_P8_D08,0,0,0,6.7018,0,0.096262,0,Primary,T cell,T cell,17,FALSE,FALSE,FALSE,TRUE,FALSE,TRUE
HNSCC17_P8_HNSCC17_P8_D02,0,0,0,0.19283,0,0,0,Primary,T cell,T cell,17,FALSE,FALSE,FALSE,TRUE,FALSE,FALSE
HNSCC17_P8_HNSCC17_P8_F05,0,0,0,0.12697,0,0,0,Primary,T cell,T cell,17,FALSE,FALSE,FALSE,TRUE,FALSE,FALSE
HNSCC17_P8_HNSCC17_P8_F02,0,0,0,0,0,0,0,Primary,T cell,T cell,17,FALSE,FALSE,FALSE,FALSE,FALSE,FALSE
HNSCC17_P8_HNSCC17_P8_F06,0,0,0.063503,7.1905,0,0,0,Primary,T cell,T cell,17,FALSE,FALSE,TRUE,TRUE,FALSE,FALSE
HNSCC18_P14_HNSCC18_P14_H06,0,0,0,7.1737,0,0,0,Primary,T cell,T cell,18,FALSE,FALSE,FALSE,TRUE,FALSE,FALSE
HNSCC18_P14_HNSCC18_P14_B07,0,0,0.027154,6.2931,0,0,0,Primary,T cell,T cell,18,FALSE,FALSE,TRUE,TRUE,FALSE,FALSE
HNSCC18_P14_HNSCC18_P14_E03,0,0,0.11237,6.5826,0,0.16607,0,Primary,T cell,T cell,18,FALSE,FALSE,TRUE,TRUE,FALSE,TRUE
HNSCC18_P14_HNSCC18_P14_C07,0,0,0,0,0,0,0,Primary,T cell,T cell,18,FALSE,FALSE,FALSE,FALSE,FALSE,FALSE
HNSCC18_P14_HNSCC18_P14_G08,0,0,0.051024,0.55876,0,0,0,Primary,T cell,T cell,18,FALSE,FALSE,TRUE,TRUE,FALSE,FALSE
HNSCC18_P14_HNSCC18_P14_D12,0,0,0,0,0,0,0,Primary,T cell,T cell,18,FALSE,FALSE,FALSE,FALSE,FALSE,FALSE
HNSCC18_P14_HNSCC18_P14_F04,0,0,0,1.0724,0,0,0,Primary,T cell,T cell,18,FALSE,FALSE,FALSE,TRUE,FALSE,FALSE
HNSCC18_P14_HNSCC18_P14_G06,0,0,0,0,0,0,0,Primary,T cell,T cell,18,FALSE,FALSE,FALSE,FALSE,FALSE,FALSE
HNSCC18_P14_HNSCC18_P14_E09,0,0,0,8.2715,0,0,0,Primary,T cell,T cell,18,FALSE,FALSE,FALSE,TRUE,FALSE,FALSE
HNSCC18_P14_HNSCC18_P14_H01,0,0,0.032806,0,0,0.50995,0,Primary,T cell,T cell,18,FALSE,FALSE,TRUE,FALSE,FALSE,TRUE
HNSCC18_P14_HNSCC18_P14_C06,0,0,0,0,0,0,0,Primary,T cell,T cell,18,FALSE,FALSE,FALSE,FALSE,FALSE,FALSE
HNSCC18_P14_HNSCC18_P14_A12,0,0,0,7.3566,0,0,0,Primary,T cell,T cell,18,FALSE,FALSE,FALSE,TRUE,FALSE,FALSE
HNSCC18_P14_HNSCC18_P14_E10,0,0,0,5.9108,0,0,0,Primary,T cell,T cell,18,FALSE,FALSE,FALSE,TRUE,FALSE,FALSE
HNSCC18_P14_HNSCC18_P14_A03,0,0,0,0,0,0,0,Primary,T cell,T cell,18,FALSE,FALSE,FALSE,FALSE,FALSE,FALSE
HNSCC18_P14_HNSCC18_P14_E08,0,0,0.04684,7.4715,0,0,0,Primary,T cell,T cell,18,FALSE,FALSE,TRUE,TRUE,FALSE,FALSE
HNSCC18_P14_HNSCC18_P14_D01,0,0,0.10165,6.2957,0,0,0,Primary,T cell,T cell,18,FALSE,FALSE,TRUE,TRUE,FALSE,FALSE
HNSCC18_P14_HNSCC18_P14_A10,0,0,0,0,0,0.20414,0,Primary,T cell,T cell,18,FALSE,FALSE,FALSE,FALSE,FALSE,TRUE
HNSCC18_P14_HNSCC18_P14_G01,0,0,0,7.8182,0,0,0,Primary,T cell,T cell,18,FALSE,FALSE,FALSE,TRUE,FALSE,FALSE
HNSCC18_P14_HNSCC18_P14_A07,0,0,0.2916,0,0,0,0,Primary,T cell,T cell,18,FALSE,FALSE,TRUE,FALSE,FALSE,FALSE
HNSCC18_P14_HNSCC18_P14_H08,0,0,0.045443,0,0,0,0,Primary,T cell,T cell,18,FALSE,FALSE,TRUE,FALSE,FALSE,FALSE
HNSCC18_P14_HNSCC18_P14_D07,0,0,0.067639,0,0,0,0,Primary,T cell,T cell,18,FALSE,FALSE,TRUE,FALSE,FALSE,FALSE
HNSCC18_P14_HNSCC18_P14_B12,0,0,0,0,0,0,0,Primary,T cell,T cell,18,FALSE,FALSE,FALSE,FALSE,FALSE,FALSE
HNSCC18_P14_HNSCC18_P14_E04,0,6.9906,0,8.2054,0,0,0,Primary,T cell,T cell,18,FALSE,TRUE,FALSE,TRUE,FALSE,FALSE
HNSCC18_P14_HNSCC18_P14_H10,0,0,0.051024,6.3509,0,0,0,Primary,T cell,T cell,18,FALSE,FALSE,TRUE,TRUE,FALSE,FALSE
HNSCC18_P14_HNSCC18_P14_C09,0,0,0.3471,0,0,0,0,Primary,T cell,T cell,18,FALSE,FALSE,TRUE,FALSE,FALSE,FALSE
HNSCC18_P14_HNSCC18_P14_G07,0,0,0,6.5246,0.14012,0,0,Primary,T cell,T cell,18,FALSE,FALSE,FALSE,TRUE,TRUE,FALSE
HNSCC18_P14_HNSCC18_P14_F05,0,0,0,9.3805,7.8664,0,0,Primary,T cell,T cell,18,FALSE,FALSE,FALSE,TRUE,TRUE,FALSE
HNSCC18_P14_HNSCC18_P14_B06,0,0,0,6.6931,0,0,0,Primary,T cell,T cell,18,FALSE,FALSE,FALSE,TRUE,FALSE,FALSE
HNSCC18_P14_HNSCC18_P14_C10,0,0,0,0,0,0,0,Primary,T cell,T cell,18,FALSE,FALSE,FALSE,FALSE,FALSE,FALSE
HNSCC18_P14_HNSCC18_P14_D09,0,0,0,0,0,0,0,Primary,T cell,T cell,18,FALSE,FALSE,FALSE,FALSE,FALSE,FALSE
HNSCC18_P14_HNSCC18_P14_F08,0,0,0,0.24367,0,0,0,Primary,T cell,T cell,18,FALSE,FALSE,FALSE,TRUE,FALSE,FALSE
HNSCC18_P14_HNSCC18_P14_A04,0,0,0.13619,6.4604,0,0,0,Primary,T cell,T cell,18,FALSE,FALSE,TRUE,TRUE,FALSE,FALSE
HNSCC18_P14_HNSCC18_P14_G10,0,0,0.10702,0,0,0,0,Primary,T cell,T cell,18,FALSE,FALSE,TRUE,FALSE,FALSE,FALSE
HNSCC18_P14_HNSCC18_P14_H09,0,0,0.035624,6.9712,0,0,0,Primary,T cell,T cell,18,FALSE,FALSE,TRUE,TRUE,FALSE,FALSE
HNSCC18_P14_HNSCC18_P14_A02,0,0,0,0,0.33113,0,0,Primary,T cell,T cell,18,FALSE,FALSE,FALSE,FALSE,TRUE,FALSE
HNSCC18_P14_HNSCC18_P14_B02,0,0,0.18015,7.4078,0,0.47301,0,Primary,T cell,T cell,18,FALSE,FALSE,TRUE,TRUE,FALSE,TRUE
HNSCC18_P14_HNSCC18_P14_B04,0,0,0.031395,2.3752,0,0,0,Primary,T cell,T cell,18,FALSE,FALSE,TRUE,TRUE,FALSE,FALSE
HNSCC18_P14_HNSCC18_P14_G12,0,0,0.059355,0,0,0,0,Primary,T cell,T cell,18,FALSE,FALSE,TRUE,FALSE,FALSE,FALSE
HNSCC18_P14_HNSCC18_P14_C12,0,0,0.23511,0,0,0,0,Primary,T cell,T cell,18,FALSE,FALSE,TRUE,FALSE,FALSE,FALSE
HNSCC18_P14_HNSCC18_P14_C08,0,0,0.17121,5.8662,0,6.6386,0,Primary,T cell,T cell,18,FALSE,FALSE,TRUE,TRUE,FALSE,TRUE
HNSCC18_P14_HNSCC18_P14_B10,0,6.1717,0,6.9054,0,0,0,Primary,T cell,T cell,18,FALSE,TRUE,FALSE,TRUE,FALSE,FALSE
HNSCC18_P14_HNSCC18_P14_E07,0,0,0,0,0,0,0,Primary,T cell,T cell,18,FALSE,FALSE,FALSE,FALSE,FALSE,FALSE
HNSCC18_P14_HNSCC18_P14_B08,0,0,0,0.17887,7.483,0,0,Primary,T cell,T cell,18,FALSE,FALSE,FALSE,TRUE,TRUE,FALSE
HNSCC18_P14_HNSCC18_P14_A11,0,0,0.048236,0,7.6602,8.3879,0,Primary,T cell,T cell,18,FALSE,FALSE,TRUE,FALSE,TRUE,TRUE
HNSCC18_P14_HNSCC18_P14_F12,0,0,0.2302,6.2218,0,0,0,Primary,T cell,T cell,18,FALSE,FALSE,TRUE,TRUE,FALSE,FALSE
HNSCC18_P14_HNSCC18_P14_H05,0,0,0.055196,1.5241,0,0,0,Primary,T cell,T cell,18,FALSE,FALSE,TRUE,TRUE,FALSE,FALSE
HNSCC18_P14_HNSCC18_P14_E12,0,0,0,0,0,0.32539,0,Primary,T cell,T cell,18,FALSE,FALSE,FALSE,FALSE,FALSE,TRUE
HNSCC18_P14_HNSCC18_P14_B05,0,0,0.14143,0,0,0,0,Primary,T cell,T cell,18,FALSE,FALSE,TRUE,FALSE,FALSE,FALSE
HNSCC18_P14_HNSCC18_P14_D10,0,0,0,1.2185,3.4172,8.0827,0,Primary,T cell,T cell,18,FALSE,FALSE,FALSE,TRUE,TRUE,TRUE
HNSCC18_P14_HNSCC18_P14_H04,0,0.83269,0,0,0,0,0,Primary,T cell,T cell,18,FALSE,TRUE,FALSE,FALSE,FALSE,FALSE
HNSCC18_P14_HNSCC18_P14_D04,0,0,0.13881,0,0,0,0,Primary,T cell,T cell,18,FALSE,FALSE,TRUE,FALSE,FALSE,FALSE
HNSCC18_P14_HNSCC18_P14_E01,0,0,0.098958,6.7229,0,0,0,Primary,T cell,T cell,18,FALSE,FALSE,TRUE,TRUE,FALSE,FALSE
HNSCC18_P14_HNSCC18_P14_B09,0,0,0,0,0,0,0,Primary,T cell,T cell,18,FALSE,FALSE,FALSE,FALSE,FALSE,FALSE
HNSCC18_P14_HNSCC18_P14_D06,0,0,0,0,0,0,0,Primary,T cell,T cell,18,FALSE,FALSE,FALSE,FALSE,FALSE,FALSE
HNSCC18_P14_HNSCC18_P14_F10,0,0,0.33228,0.24732,0,0,0,Primary,T cell,T cell,18,FALSE,FALSE,TRUE,TRUE,FALSE,FALSE
HNSCC18_P14_HNSCC18_P14_H02,0,0,0.077243,0,0,0.22033,0,Primary,T cell,T cell,18,FALSE,FALSE,TRUE,FALSE,FALSE,TRUE
HNSCC18_P14_HNSCC18_P14_A05,0,0,0,7.8823,0,0,0,Primary,T cell,T cell,18,FALSE,FALSE,FALSE,TRUE,FALSE,FALSE
HNSCC18_P14_HNSCC18_P14_D02,0,0,0,0,0,0.58304,0,Primary,T cell,T cell,18,FALSE,FALSE,FALSE,FALSE,FALSE,TRUE
HNSCC18_P14_HNSCC18_P14_E05,0,0,0.1003,0,0,0,0,Primary,T cell,T cell,18,FALSE,FALSE,TRUE,FALSE,FALSE,FALSE
HNSCC18_P14_HNSCC18_P14_E06,0,0,0,0,0.15704,0,0,Primary,T cell,T cell,18,FALSE,FALSE,FALSE,FALSE,TRUE,FALSE
HNSCC18_P14_HNSCC18_P14_C04,0,0,0.092207,8.5085,0,0,0,Primary,T cell,T cell,18,FALSE,FALSE,TRUE,TRUE,FALSE,FALSE
HNSCC18_P14_HNSCC18_P14_A06,0,0,0.053806,0,0,0,0,Primary,T cell,T cell,18,FALSE,FALSE,TRUE,FALSE,FALSE,FALSE
HNSCC18_P14_HNSCC18_P14_C05,0,0,0.041243,0.10165,8.4,7.2848,0,Primary,0,0,18,FALSE,FALSE,TRUE,TRUE,TRUE,TRUE
HNSCC18_P14_HNSCC18_P14_C11,0,0,0,0,0,0,0,Primary,T cell,T cell,18,FALSE,FALSE,FALSE,FALSE,FALSE,FALSE
HNSCC18_P14_HNSCC18_P14_F11,0,0,0,0,0,0,0,Primary,T cell,T cell,18,FALSE,FALSE,FALSE,FALSE,FALSE,FALSE
HNSCC18_P14_HNSCC18_P14_B01,0,0,0.10702,0.21785,0,0,0,Primary,T cell,T cell,18,FALSE,FALSE,TRUE,TRUE,FALSE,FALSE
HNSCC18_P14_HNSCC18_P14_G04,0,0,0.089498,0,0,0,0,Primary,T cell,T cell,18,FALSE,FALSE,TRUE,FALSE,FALSE,FALSE
HNSCC18_P14_HNSCC18_P14_G03,0,0,0.18015,6.3084,0,0.1137,0,Primary,T cell,T cell,18,FALSE,FALSE,TRUE,TRUE,FALSE,TRUE
HNSCC18_P14_HNSCC18_P14_A08,0,0,0,2.8542,0,0,0,Primary,T cell,T cell,18,FALSE,FALSE,FALSE,TRUE,FALSE,FALSE
HNSCC18_P1_P9_HNSCC18_P1_P9_E01,4.0144,5.5866,8.244,2.3768,10.295,12.093,1,Primary,0,Cancer cells,18,TRUE,TRUE,TRUE,TRUE,TRUE,TRUE
HNSCC18_P1_P9_HNSCC18_P1_P9_C12,0,0,0.11902,0,12.497,0.18269,0,Primary,0,0,18,FALSE,FALSE,TRUE,FALSE,TRUE,TRUE
HNSCC18_P1_P9_HNSCC18_P1_P9_B11,0,0,0,0,0,0,0,Primary,0,0,18,FALSE,FALSE,FALSE,FALSE,FALSE,FALSE
HNSCC18_P1_P9_HNSCC18_P1_P9_A03,0.34483,0,0,0,9.6746,10.29,1,Primary,0,Cancer cells,18,TRUE,FALSE,FALSE,FALSE,TRUE,TRUE
HNSCC18_P1_P9_HNSCC18_P1_P9_D06,0.23266,4.8811,3.7826,4.7522,9.4343,11.148,1,Primary,0,Cancer cells,18,TRUE,TRUE,TRUE,TRUE,TRUE,TRUE
HNSCC18_P1_P9_HNSCC18_P1_P9_H04,0,0,0,0,9.6023,0.91686,0,Primary,0,0,18,FALSE,FALSE,FALSE,FALSE,TRUE,TRUE
HNSCC18_P1_P9_HNSCC18_P1_P9_F05,4.8787,0,2.2446,0,9.1948,10.303,1,Primary,0,Cancer cells,18,TRUE,FALSE,TRUE,FALSE,TRUE,TRUE
HNSCC18_P1_P9_HNSCC18_P1_P9_F08,0,0,0,0,10.106,0,0,Primary,0,0,18,FALSE,FALSE,FALSE,FALSE,TRUE,FALSE
HNSCC18_P1_P9_HNSCC18_P1_P9_F12,0,0,0,0,0,0,0,Primary,0,0,18,FALSE,FALSE,FALSE,FALSE,FALSE,FALSE
HNSCC18_P1_P9_HNSCC18_P1_P9_F02,0,0,0,0,0,0,0,Primary,0,0,18,FALSE,FALSE,FALSE,FALSE,FALSE,FALSE
HNSCC18_P1_P9_HNSCC18_P1_P9_F10,0,0,0,0,0,0,0,Primary,0,0,18,FALSE,FALSE,FALSE,FALSE,FALSE,FALSE
HNSCC18_P1_P9_HNSCC18_P1_P9_A05,3.4808,5.5491,7.6274,3.668,10.347,10.562,1,Primary,0,Cancer cells,18,TRUE,TRUE,TRUE,TRUE,TRUE,TRUE
HNSCC18_P1_P9_HNSCC18_P1_P9_G08,0,0,0,0,0,0.29748,0,Primary,0,0,18,FALSE,FALSE,FALSE,FALSE,FALSE,TRUE
HNSCC18_P1_P9_HNSCC18_P1_P9_H08,3.5949,6.1189,8.0457,0,11.077,12.665,1,Primary,0,Cancer cells,18,TRUE,TRUE,TRUE,FALSE,TRUE,TRUE
HNSCC18_P1_P9_HNSCC18_P1_P9_H11,0,0,0.23879,0,0.83673,0.34823,0,Primary,0,0,18,FALSE,FALSE,TRUE,FALSE,TRUE,TRUE
HNSCC18_P1_P9_HNSCC18_P1_P9_F01,0,0,0.02432,0,0,0.25822,0,Primary,0,0,18,FALSE,FALSE,TRUE,FALSE,FALSE,TRUE
HNSCC18_P1_P9_HNSCC18_P1_P9_H02,0,0,0,0,3.6852,8.9117,0,Primary,0,0,18,FALSE,FALSE,FALSE,FALSE,TRUE,TRUE
HNSCC18_P1_P9_HNSCC18_P1_P9_B12,3.2587,0,0.034216,0,0,0.10299,0,Primary,0,0,18,TRUE,FALSE,TRUE,FALSE,FALSE,TRUE
HNSCC18_P1_P9_HNSCC18_P1_P9_F07,0,5.4956,4.9754,0,10.656,11.2,1,Primary,0,Cancer cells,18,FALSE,TRUE,TRUE,FALSE,TRUE,TRUE
HNSCC18_P1_P9_HNSCC18_P1_P9_A12,0,0,0,0,0.29396,0,0,Primary,0,0,18,FALSE,FALSE,FALSE,FALSE,TRUE,FALSE
HNSCC18_P1_P9_HNSCC18_P1_P9_B10,3.3904,5.5433,7.7125,3.5669,10.388,11.633,1,Primary,0,Cancer cells,18,TRUE,TRUE,TRUE,TRUE,TRUE,TRUE
HNSCC18_P1_P9_HNSCC18_P1_P9_E10,0,0,4.5299,0,10.497,1.7022,0,Primary,0,0,18,FALSE,FALSE,TRUE,FALSE,TRUE,TRUE
HNSCC18_P1_P9_HNSCC18_P1_P9_B03,0,0,7.3022,0,10.23,11.278,1,Primary,0,Cancer cells,18,FALSE,FALSE,TRUE,FALSE,TRUE,TRUE
HNSCC18_P1_P9_HNSCC18_P1_P9_D08,7.0089,0,0,0,0,0,0,Primary,Fibroblast,Fibroblast,18,TRUE,FALSE,FALSE,FALSE,FALSE,FALSE
HNSCC18_P1_P9_HNSCC18_P1_P9_G10,0,0,0.089498,0,0.45733,0.2558,0,Primary,0,0,18,FALSE,FALSE,TRUE,FALSE,TRUE,TRUE
HNSCC18_P1_P9_HNSCC18_P1_P9_C11,1.2431,0.11103,2.6517,0,11,9.7374,1,Primary,0,Cancer cells,18,TRUE,TRUE,TRUE,FALSE,TRUE,TRUE
HNSCC18_P1_P9_HNSCC18_P1_P9_H09,0,5.3208,9.002,0,9.6095,11.945,1,Primary,0,Cancer cells,18,FALSE,TRUE,TRUE,FALSE,TRUE,TRUE
HNSCC18_P1_P9_HNSCC18_P1_P9_G03,4.0178,0,0,0,0.12961,0.37072,0,Primary,0,0,18,TRUE,FALSE,FALSE,FALSE,TRUE,TRUE
HNSCC18_P1_P9_HNSCC18_P1_P9_H01,2.537,0,0,0,0.50284,0.28333,0,Primary,0,0,18,TRUE,FALSE,FALSE,FALSE,TRUE,TRUE
HNSCC18_P1_P9_HNSCC18_P1_P9_A09,0,0,0.048236,0,0.088142,0.090853,0,Primary,0,0,18,FALSE,FALSE,TRUE,FALSE,TRUE,TRUE
HNSCC18_P1_P9_HNSCC18_P1_P9_A07,0,0,0,7.7071,0,0.60217,0,Primary,Mast,Mast,18,FALSE,FALSE,FALSE,TRUE,FALSE,TRUE
HNSCC18_P1_P9_HNSCC18_P1_P9_G01,4.6373,1.9107,7.4875,4.7442,9.4687,11.344,1,Primary,0,Cancer cells,18,TRUE,TRUE,TRUE,TRUE,TRUE,TRUE
HNSCC18_P1_P9_HNSCC18_P1_P9_F09,0,0,0,0,0,0,0,Primary,0,0,18,FALSE,FALSE,FALSE,FALSE,FALSE,FALSE
HNSCC18_P1_P9_HNSCC18_P1_P9_G06,4.7169,4.5499,5.645,0,9.4989,11.427,1,Primary,0,Cancer cells,18,TRUE,TRUE,TRUE,FALSE,TRUE,TRUE
HNSCC18_P1_P9_HNSCC18_P1_P9_B01,2.9073,5.04,7.657,1.6586,7.944,11.892,1,Primary,0,Cancer cells,18,TRUE,TRUE,TRUE,TRUE,TRUE,TRUE
HNSCC18_P1_P9_HNSCC18_P1_P9_G11,0,0,7.3951,0,7.7837,11.559,0,Primary,0,0,18,FALSE,FALSE,TRUE,FALSE,TRUE,TRUE
HNSCC18_P1_P9_HNSCC18_P1_P9_B04,5.3612,0,0.064883,0,0,0,0,Primary,0,0,18,TRUE,FALSE,TRUE,FALSE,FALSE,FALSE
HNSCC18_P1_P9_HNSCC18_P1_P9_H07,1.175,0,1.9077,0,10.38,11.911,1,Primary,0,Cancer cells,18,TRUE,FALSE,TRUE,FALSE,TRUE,TRUE
HNSCC18_P1_P9_HNSCC18_P1_P9_H06,4.267,0,0.059355,0,0.46258,0.17887,0,Primary,0,0,18,TRUE,FALSE,TRUE,FALSE,TRUE,TRUE
HNSCC18_P1_P9_HNSCC18_P1_P9_G04,0,0,0,0,0.61447,0.45312,0,Primary,0,0,18,FALSE,FALSE,FALSE,FALSE,TRUE,TRUE
HNSCC18_P1_P9_HNSCC18_P1_P9_E06,0,0,0.074505,2.519,4.2076,0.85917,0,Primary,0,0,18,FALSE,FALSE,TRUE,TRUE,TRUE,TRUE
HNSCC18_P1_P9_HNSCC18_P1_P9_E03,0,0,0.069015,0,0.77989,0.24732,0,Primary,0,0,18,FALSE,FALSE,TRUE,FALSE,TRUE,TRUE
HNSCC18_P1_P9_HNSCC18_P1_P9_H05,3.8933,5.8589,8.4199,0,10.557,10.858,1,Primary,0,Cancer cells,18,TRUE,TRUE,TRUE,FALSE,TRUE,TRUE
HNSCC18_P1_P9_HNSCC18_P1_P9_C04,0,4.5777,4.3223,3.9726,11.975,11.879,1,Primary,0,Cancer cells,18,FALSE,TRUE,TRUE,TRUE,TRUE,TRUE
HNSCC18_P1_P9_HNSCC18_P1_P9_E11,2.9102,3.1859,6.3891,2.7908,9.4736,11.014,1,Primary,0,Cancer cells,18,TRUE,TRUE,TRUE,TRUE,TRUE,TRUE
HNSCC18_P1_P9_HNSCC18_P1_P9_F06,5.2084,0,5.5369,0,0.82538,9.125,0,Primary,0,0,18,TRUE,FALSE,TRUE,FALSE,TRUE,TRUE
HNSCC18_P1_P9_HNSCC18_P1_P9_D09,0,0.96421,3.8019,0,6.5637,10.624,1,Primary,0,Cancer cells,18,FALSE,TRUE,TRUE,FALSE,TRUE,TRUE
HNSCC18_P1_P9_HNSCC18_P1_P9_B06,2.9949,1.2869,5.7183,0,9.9194,11.784,1,Primary,0,Cancer cells,18,TRUE,TRUE,TRUE,FALSE,TRUE,TRUE
HNSCC18_P1_P9_HNSCC18_P1_P9_F03,0.53804,0,0,0,0,0,0,Primary,0,0,18,TRUE,FALSE,FALSE,FALSE,FALSE,FALSE
HNSCC18_P1_P9_HNSCC18_P1_P9_H12,0,0,2.438,0,7.8314,0.22033,0,Primary,0,0,18,FALSE,FALSE,TRUE,FALSE,TRUE,TRUE
HNSCC18_P1_P9_HNSCC18_P1_P9_D02,0,0,0,0,7.4546,7.7038,0,Primary,0,0,18,FALSE,FALSE,FALSE,FALSE,TRUE,TRUE
HNSCC18_P1_P9_HNSCC18_P1_P9_E09,4.072,3.6141,7.3975,2.5641,10.864,10.167,1,Primary,0,Cancer cells,18,TRUE,TRUE,TRUE,TRUE,TRUE,TRUE
HNSCC18_P1_P9_HNSCC18_P1_P9_H10,0.45312,0,0.11503,0,0.77315,0,0,Primary,0,0,18,TRUE,FALSE,TRUE,FALSE,TRUE,FALSE
HNSCC18_P1_P9_HNSCC18_P1_P9_D01,0.2558,2.2425,6.9846,5.0388,10.078,12.732,1,Primary,0,Cancer cells,18,TRUE,TRUE,TRUE,TRUE,TRUE,TRUE
HNSCC18_P1_P9_HNSCC18_P1_P9_H03,0,5.1147,2.3057,0,8.358,11.698,0,Primary,0,0,18,FALSE,TRUE,TRUE,FALSE,TRUE,TRUE
HNSCC18_P1_P9_HNSCC18_P1_P9_C03,0,0,0,5.0645,0,0,0,Primary,Fibroblast,Fibroblast,18,FALSE,FALSE,FALSE,TRUE,FALSE,FALSE
HNSCC18_P1_P9_HNSCC18_P1_P9_E07,0,0,0,0,1.1316,0.92903,0,Primary,0,0,18,FALSE,FALSE,FALSE,FALSE,TRUE,TRUE
HNSCC18_P1_P9_HNSCC18_P1_P9_F11,0,0,0.10165,0,0,0,0,Primary,0,0,18,FALSE,FALSE,TRUE,FALSE,FALSE,FALSE
HNSCC18_P1_P9_HNSCC18_P1_P9_A01,3.4768,3.7422,6.4308,4.0927,10.174,10.815,1,Primary,0,Cancer cells,18,TRUE,TRUE,TRUE,TRUE,TRUE,TRUE
HNSCC18_P1_P9_HNSCC18_P1_P9_E08,0,0.88596,0.1177,0,11.664,10.333,1,Primary,0,Cancer cells,18,FALSE,TRUE,TRUE,FALSE,TRUE,TRUE
HNSCC18_P1_P9_HNSCC18_P1_P9_E05,2.7457,0.042644,0.13356,0,5.014,1.8934,0,Primary,0,0,18,TRUE,TRUE,TRUE,FALSE,TRUE,TRUE
HNSCC18_P1_P9_HNSCC18_P1_P9_E04,3.9207,5.5216,7.7794,4.2712,10.561,12.764,1,Primary,0,Cancer cells,18,TRUE,TRUE,TRUE,TRUE,TRUE,TRUE
HNSCC18_P1_P9_HNSCC18_P1_P9_G02,5.0131,0.73466,0,0,12.081,7.3515,1,Primary,0,Cancer cells,18,TRUE,TRUE,FALSE,FALSE,TRUE,TRUE
HNSCC18_P1_P9_HNSCC18_P1_P9_F04,0,0.037031,6.2497,0,10.761,9.6864,1,Primary,0,Cancer cells,18,FALSE,TRUE,TRUE,FALSE,TRUE,TRUE
HNSCC18_P1_P9_HNSCC18_P1_P9_E02,0,0,1.0328,0,10.639,10.958,1,Primary,0,Cancer cells,18,FALSE,FALSE,TRUE,FALSE,TRUE,TRUE
HNSCC18_P1_P9_HNSCC18_P1_P9_G07,2.9824,0,7.4638,3.7315,10.629,11.977,1,Primary,0,Cancer cells,18,TRUE,FALSE,TRUE,TRUE,TRUE,TRUE
HNSCC18_P1_P9_HNSCC18_P1_P9_B07,0,4.488,5.3996,0.75702,8.9842,9.9692,1,Primary,0,Cancer cells,18,FALSE,TRUE,TRUE,TRUE,TRUE,TRUE
HNSCC18_P1_P9_HNSCC18_P1_P9_D11,0,0,0,0,0,0,0,Primary,0,0,18,FALSE,FALSE,FALSE,FALSE,FALSE,FALSE
HNSCC18_P1_P9_HNSCC18_P1_P9_B05,4.9108,0,0,0,0.1865,0.36625,0,Primary,0,0,18,TRUE,FALSE,FALSE,FALSE,TRUE,TRUE
HNSCC18_P1_P9_HNSCC18_P1_P9_B09,0,0.045443,0,0,12.248,12.53,1,Primary,0,Cancer cells,18,FALSE,TRUE,FALSE,FALSE,TRUE,TRUE
HNSCC18_P1_P9_HNSCC18_P1_P9_A04,4.1323,0,7.1132,0,10.821,11.65,1,Primary,0,Cancer cells,18,TRUE,FALSE,TRUE,FALSE,TRUE,TRUE
HNSCC18_P1_P9_HNSCC18_P1_P9_G05,6.6099,0,0.090853,0,0.95754,0,0,Primary,0,0,18,TRUE,FALSE,TRUE,FALSE,TRUE,FALSE
HNSCC16_P5_HNSCC16_P5_D08,0,0,0,8.3449,0,0,0,Primary,Fibroblast,Fibroblast,16,FALSE,FALSE,FALSE,TRUE,FALSE,FALSE
HNSCC16_P5_HNSCC16_P5_E12,4.8889,3.9976,4.4451,4.3239,11.619,7.232,0,Primary,0,0,16,TRUE,TRUE,TRUE,TRUE,TRUE,TRUE
HNSCC16_P5_HNSCC16_P5_H07,4.2827,3.3482,9.8899,6.5825,11.275,11.295,1,Primary,0,Cancer cells,16,TRUE,TRUE,TRUE,TRUE,TRUE,TRUE
HNSCC16_P5_HNSCC16_P5_F06,4.3922,0,0.07861,5.7379,0,0,0,Primary,Fibroblast,Fibroblast,16,TRUE,FALSE,TRUE,TRUE,FALSE,FALSE
HNSCC16_P5_HNSCC16_P5_D07,0,0,0,7.9533,0,0,0,Primary,Mast,Mast,16,FALSE,FALSE,FALSE,TRUE,FALSE,FALSE
HNSCC16_P5_HNSCC16_P5_F05,0,4.4166,0,0.21039,0,0,0,Primary,T cell,T cell,16,FALSE,TRUE,FALSE,TRUE,FALSE,FALSE
HNSCC16_P5_HNSCC16_P5_C09,2.6288,3.6177,5.4411,3.6112,12.094,8.6948,1,Primary,0,Cancer cells,16,TRUE,TRUE,TRUE,TRUE,TRUE,TRUE
HNSCC16_P5_HNSCC16_P5_C07,5.4519,0,4.6299,7.5622,0,0,0,Primary,Fibroblast,Fibroblast,16,TRUE,FALSE,TRUE,TRUE,FALSE,FALSE
HNSCC16_P5_HNSCC16_P5_F03,0,0,0,0,0,0,0,Primary,Fibroblast,Fibroblast,16,FALSE,FALSE,FALSE,FALSE,FALSE,FALSE
HNSCC16_P5_HNSCC16_P5_A09,0,0,0.10702,6.7423,0,0,0,Primary,Fibroblast,Fibroblast,16,FALSE,FALSE,TRUE,TRUE,FALSE,FALSE
HNSCC16_P5_HNSCC16_P5_A02,0,0,0.069015,6.7968,0,0,0,Primary,Fibroblast,Fibroblast,16,FALSE,FALSE,TRUE,TRUE,FALSE,FALSE
HNSCC16_P5_HNSCC16_P5_F10,0.4678,0,4.2677,6.3259,11.273,6.4577,0,Primary,0,0,16,TRUE,FALSE,TRUE,TRUE,TRUE,TRUE
HNSCC16_P5_HNSCC16_P5_F02,2.0555,0,0,6.9959,0,0,0,Primary,Fibroblast,Fibroblast,16,TRUE,FALSE,FALSE,TRUE,FALSE,FALSE
HNSCC16_P5_HNSCC16_P5_D06,0,0,0,6.6961,0,0,0,Primary,Fibroblast,Fibroblast,16,FALSE,FALSE,FALSE,TRUE,FALSE,FALSE
HNSCC16_P5_HNSCC16_P5_C01,0,0,0,6.2153,0,0,0,Primary,Dendritic,Dendritic,16,FALSE,FALSE,FALSE,TRUE,FALSE,FALSE
HNSCC16_P5_HNSCC16_P5_H05,3.5105,3.6264,6.6717,4.7919,10.848,10.144,1,Primary,0,Cancer cells,16,TRUE,TRUE,TRUE,TRUE,TRUE,TRUE
HNSCC16_P5_HNSCC16_P5_D03,7.6139,0,0,0,0,0,0,Primary,Fibroblast,Fibroblast,16,TRUE,FALSE,FALSE,FALSE,FALSE,FALSE
HNSCC16_P5_HNSCC16_P5_B04,0,0,0,0,10.96,6.315,1,Primary,0,Cancer cells,16,FALSE,FALSE,FALSE,FALSE,TRUE,TRUE
HNSCC16_P5_HNSCC16_P5_F04,4.8391,2.7828,5.5311,1.719,11.633,9.542,1,Primary,0,Cancer cells,16,TRUE,TRUE,TRUE,TRUE,TRUE,TRUE
HNSCC16_P5_HNSCC16_P5_H09,4.4836,3.8866,7.1001,3.585,11.291,11.414,1,Primary,0,Cancer cells,16,TRUE,TRUE,TRUE,TRUE,TRUE,TRUE
HNSCC16_P5_HNSCC16_P5_H03,4.3384,3.3773,7.764,6.0969,11.682,10.837,1,Primary,0,Cancer cells,16,TRUE,TRUE,TRUE,TRUE,TRUE,TRUE
HNSCC16_P5_HNSCC16_P5_E08,5.6176,0,0,8.3892,0,0,0,Primary,Fibroblast,Fibroblast,16,TRUE,FALSE,FALSE,TRUE,FALSE,FALSE
HNSCC16_P5_HNSCC16_P5_D05,6.364,0,0.23879,7.5333,0,0,0,Primary,Fibroblast,Fibroblast,16,TRUE,FALSE,TRUE,TRUE,FALSE,FALSE
HNSCC16_P5_HNSCC16_P5_C08,0,0,0.15056,2.908,0,0,0,Primary,Fibroblast,Fibroblast,16,FALSE,FALSE,TRUE,TRUE,FALSE,FALSE
HNSCC16_P5_HNSCC16_P5_B05,0,0,0.36401,0.55582,0,0,0,Primary,Fibroblast,Fibroblast,16,FALSE,FALSE,TRUE,TRUE,FALSE,FALSE
HNSCC16_P5_HNSCC16_P5_H12,4.1516,4.7239,10.016,4.1527,11.258,11.125,1,Primary,0,Cancer cells,16,TRUE,TRUE,TRUE,TRUE,TRUE,TRUE
HNSCC16_P5_HNSCC16_P5_F09,0,0,0,6.1507,0.6173,0,0,Primary,Mast,Mast,16,FALSE,FALSE,FALSE,TRUE,TRUE,FALSE
HNSCC16_P5_HNSCC16_P5_C12,3.046,0,5.296,3.6724,12.003,9.5849,1,Primary,0,Cancer cells,16,TRUE,FALSE,TRUE,TRUE,TRUE,TRUE
HNSCC16_P5_HNSCC16_P5_D09,0,0,0.123,8.2003,0,0,0,Primary,Dendritic,Dendritic,16,FALSE,FALSE,TRUE,TRUE,FALSE,FALSE
HNSCC16_P5_HNSCC16_P5_B06,0,0,5.1091,0,12.019,8.3707,1,Primary,0,Cancer cells,16,FALSE,FALSE,TRUE,FALSE,TRUE,TRUE
HNSCC16_P5_HNSCC16_P5_A07,0,0,0,7.3388,0,0,0,Primary,Macrophage,Macrophage,16,FALSE,FALSE,FALSE,TRUE,FALSE,FALSE
HNSCC16_P5_HNSCC16_P5_F11,3.837,4.57,7.675,6.1352,10.967,10.428,1,Primary,0,Cancer cells,16,TRUE,TRUE,TRUE,TRUE,TRUE,TRUE
HNSCC16_P5_HNSCC16_P5_A04,5.562,3.3361,6.9685,6.1077,11.128,9.4438,1,Primary,0,Cancer cells,16,TRUE,TRUE,TRUE,TRUE,TRUE,TRUE
HNSCC16_P5_HNSCC16_P5_A10,0,2.5308,0,7.0945,0,0,0,Primary,Fibroblast,Fibroblast,16,FALSE,TRUE,FALSE,TRUE,FALSE,FALSE
HNSCC16_P5_HNSCC16_P5_F08,5.2888,0,0,6.7649,0,0.23389,0,Primary,Fibroblast,Fibroblast,16,TRUE,FALSE,FALSE,TRUE,FALSE,TRUE
HNSCC16_P5_HNSCC16_P5_E10,5.0742,0,0.09356,0,0.26303,0,0,Primary,Fibroblast,Fibroblast,16,TRUE,FALSE,TRUE,FALSE,TRUE,FALSE
HNSCC16_P5_HNSCC16_P5_A08,5.0537,0,0.067639,4.6128,11.148,10.307,1,Primary,0,Cancer cells,16,TRUE,FALSE,TRUE,TRUE,TRUE,TRUE
HNSCC16_P5_HNSCC16_P5_E11,0,4.5962,0,6.2151,0,0,0,Primary,Fibroblast,Fibroblast,16,FALSE,TRUE,FALSE,TRUE,FALSE,FALSE
HNSCC16_P5_HNSCC16_P5_B08,0,0.95903,0,6.8793,0,0,0,Primary,Mast,Mast,16,FALSE,TRUE,FALSE,TRUE,FALSE,FALSE
HNSCC16_P5_HNSCC16_P5_D12,0,0,7.7622,5.3241,11.431,8.8715,0,Primary,0,0,16,FALSE,FALSE,TRUE,TRUE,TRUE,TRUE
HNSCC16_P5_HNSCC16_P5_H01,4.0148,4.1502,4.9175,0,11.815,8.989,1,Primary,0,Cancer cells,16,TRUE,TRUE,TRUE,FALSE,TRUE,TRUE
HNSCC16_P5_HNSCC16_P5_D04,5.7925,6.8207,0,7.8051,0,0,0,Primary,Fibroblast,Fibroblast,16,TRUE,TRUE,FALSE,TRUE,FALSE,FALSE
HNSCC16_P5_HNSCC16_P5_E01,0,0,0,7.4213,0,0,0,Primary,Mast,Mast,16,FALSE,FALSE,FALSE,TRUE,FALSE,FALSE
HNSCC16_P5_HNSCC16_P5_A03,0,4.6831,0.067639,0,11.257,6.8707,0,Primary,0,0,16,FALSE,TRUE,TRUE,FALSE,TRUE,TRUE
HNSCC16_P5_HNSCC16_P5_B12,3.974,0,0.24489,0.20163,0,0,0,Primary,Fibroblast,Fibroblast,16,TRUE,FALSE,TRUE,TRUE,FALSE,FALSE
HNSCC16_P5_HNSCC16_P5_F01,1.2851,0,0,0,0,0,0,Primary,Fibroblast,Fibroblast,16,TRUE,FALSE,FALSE,FALSE,FALSE,FALSE
HNSCC16_P5_HNSCC16_P5_H06,5.4755,0,0,7.2489,0,0,0,Primary,Fibroblast,Fibroblast,16,TRUE,FALSE,FALSE,TRUE,FALSE,FALSE
HNSCC16_P5_HNSCC16_P5_C10,0,6.4197,0,8.7302,0.59932,0,0,Primary,Fibroblast,Fibroblast,16,FALSE,TRUE,FALSE,TRUE,TRUE,FALSE
HNSCC16_P5_HNSCC16_P5_A01,4.5167,3.5726,4.2606,4.5669,11.852,8.8114,1,Primary,0,Cancer cells,16,TRUE,TRUE,TRUE,TRUE,TRUE,TRUE
HNSCC16_P5_HNSCC16_P5_C11,0,0,0,3.5249,0,0.2916,0,Primary,Mast,Mast,16,FALSE,FALSE,FALSE,TRUE,FALSE,TRUE
HNSCC16_P5_HNSCC16_P5_A05,0,0,0,6.5546,0.49365,0,0,Primary,Fibroblast,Fibroblast,16,FALSE,FALSE,FALSE,TRUE,TRUE,FALSE
HNSCC16_P5_HNSCC16_P5_G10,5.6249,6.6344,0.12961,0,0,0,0,Primary,Fibroblast,Fibroblast,16,TRUE,TRUE,TRUE,FALSE,FALSE,FALSE
HNSCC16_P5_HNSCC16_P5_B10,7.1658,0,0.23634,5.6112,0,0,0,Primary,Fibroblast,Fibroblast,16,TRUE,FALSE,TRUE,TRUE,FALSE,FALSE
HNSCC16_P5_HNSCC16_P5_G06,0,0,0,5.8099,0,0,0,Primary,T cell,T cell,16,FALSE,FALSE,FALSE,TRUE,FALSE,FALSE
HNSCC16_P5_HNSCC16_P5_G11,5.8047,0,0,2.2639,11.002,11.232,0,Primary,0,0,16,TRUE,FALSE,FALSE,TRUE,TRUE,TRUE
HNSCC16_P5_HNSCC16_P5_G02,3.5751,0,0.037031,6.8534,0,0,0,Primary,0,0,16,TRUE,FALSE,TRUE,TRUE,FALSE,FALSE
HNSCC16_P5_HNSCC16_P5_E05,0,0,0.001442,6.8866,0,0,0,Primary,Dendritic,Dendritic,16,FALSE,FALSE,TRUE,TRUE,FALSE,FALSE
HNSCC16_P5_HNSCC16_P5_B02,0,0,0.18015,5.7047,0,0,0,Primary,Fibroblast,Fibroblast,16,FALSE,FALSE,TRUE,TRUE,FALSE,FALSE
HNSCC16_P5_HNSCC16_P5_E02,0,6.1631,0.14405,7.8362,0,0,0,Primary,Fibroblast,Fibroblast,16,FALSE,TRUE,TRUE,TRUE,FALSE,FALSE
HNSCC16_P5_HNSCC16_P5_H04,0,0,0,8.824,0.29866,0,0,Primary,0,0,16,FALSE,FALSE,FALSE,TRUE,TRUE,FALSE
HNSCC16_P5_HNSCC16_P5_D01,1.5499,2.366,6.8045,4.4115,11.341,10.522,1,Primary,0,Cancer cells,16,TRUE,TRUE,TRUE,TRUE,TRUE,TRUE
HNSCC16_P5_HNSCC16_P5_B11,3.7632,0,6.8759,0,11.231,9.8926,1,Primary,0,Cancer cells,16,TRUE,FALSE,TRUE,FALSE,TRUE,TRUE
HNSCC16_P5_HNSCC16_P5_A06,5.7275,0,0.067639,4.9769,0,0,0,Primary,Fibroblast,Fibroblast,16,TRUE,FALSE,TRUE,TRUE,FALSE,FALSE
HNSCC16_P5_HNSCC16_P5_B03,0,0,0,0,0.40163,0,0,Primary,T cell,T cell,16,FALSE,FALSE,FALSE,FALSE,TRUE,FALSE
HNSCC16_P14_HNSCC16_P14_C10,0,0,0.29278,0,0,0,0,Primary,T cell,T cell,16,FALSE,FALSE,TRUE,FALSE,FALSE,FALSE
HNSCC16_P14_HNSCC16_P14_E03,0,0,0.12433,5.5611,0,0,0,Primary,T cell,T cell,16,FALSE,FALSE,TRUE,TRUE,FALSE,FALSE
HNSCC16_P14_HNSCC16_P14_F03,0,0,0.17377,0,0,0,0,Primary,T cell,T cell,16,FALSE,FALSE,TRUE,FALSE,FALSE,FALSE
HNSCC16_P14_HNSCC16_P14_B09,0,0,0.085425,0,0,0,0,Primary,T cell,T cell,16,FALSE,FALSE,TRUE,FALSE,FALSE,FALSE
HNSCC16_P14_HNSCC16_P14_C11,6.2988,0,0.074505,0,0,0,0,Primary,T cell,T cell,16,TRUE,FALSE,TRUE,FALSE,FALSE,FALSE
HNSCC16_P14_HNSCC16_P14_F02,0,0,0.12433,0,0,0,0,Primary,T cell,T cell,16,FALSE,FALSE,TRUE,FALSE,FALSE,FALSE
HNSCC16_P14_HNSCC16_P14_F08,0,0,0,0,0,0,0,Primary,T cell,T cell,16,FALSE,FALSE,FALSE,FALSE,FALSE,FALSE
HNSCC16_P14_HNSCC16_P14_C08,0,0,0.066261,0,0,0,0,Primary,T cell,T cell,16,FALSE,FALSE,TRUE,FALSE,FALSE,FALSE
HNSCC16_P14_HNSCC16_P14_H10,0,0,0,0,0,0,0,Primary,T cell,T cell,16,FALSE,FALSE,FALSE,FALSE,FALSE,FALSE
HNSCC16_P14_HNSCC16_P14_C05,0,0,0.12961,0,0,0,0,Primary,T cell,T cell,16,FALSE,FALSE,TRUE,FALSE,FALSE,FALSE
HNSCC16_P14_HNSCC16_P14_B08,0,0,0,0,0,0,0,Primary,T cell,T cell,16,FALSE,FALSE,FALSE,FALSE,FALSE,FALSE
HNSCC16_P14_HNSCC16_P14_D12,0,0,0,7.1065,0,0,0,Primary,T cell,T cell,16,FALSE,FALSE,FALSE,TRUE,FALSE,FALSE
HNSCC16_P14_HNSCC16_P14_A05,0,0,0,0,0,0,0,Primary,T cell,T cell,16,FALSE,FALSE,FALSE,FALSE,FALSE,FALSE
HNSCC16_P14_HNSCC16_P14_E09,0,0,0,6.7093,0,0,0,Primary,T cell,T cell,16,FALSE,FALSE,FALSE,TRUE,FALSE,FALSE
HNSCC16_P14_HNSCC16_P14_E07,0,0,0.32769,0,0,0,0,Primary,T cell,T cell,16,FALSE,FALSE,TRUE,FALSE,FALSE,FALSE
HNSCC16_P14_HNSCC16_P14_C03,0,0,0.063503,5.7428,0,0,0,Primary,T cell,T cell,16,FALSE,FALSE,TRUE,TRUE,FALSE,FALSE
HNSCC16_P14_HNSCC16_P14_F07,0,0,0,7.7287,0,0,0,Primary,T cell,T cell,16,FALSE,FALSE,FALSE,TRUE,FALSE,FALSE
HNSCC16_P14_HNSCC16_P14_E01,0,0,0,6.2464,0,0,0,Primary,T cell,T cell,16,FALSE,FALSE,FALSE,TRUE,FALSE,FALSE
HNSCC16_P14_HNSCC16_P14_C12,0,0,0.12035,0.4678,0,0,0,Primary,T cell,T cell,16,FALSE,FALSE,TRUE,TRUE,FALSE,FALSE
HNSCC16_P14_HNSCC16_P14_C06,0,0,0,7.8345,0,0,0,Primary,T cell,T cell,16,FALSE,FALSE,FALSE,TRUE,FALSE,FALSE
HNSCC16_P14_HNSCC16_P14_F11,0,0,0,8.4572,0,0,0,Primary,T cell,T cell,16,FALSE,FALSE,FALSE,TRUE,FALSE,FALSE
HNSCC16_P14_HNSCC16_P14_G07,0,0,0.14143,7.3409,0,0,0,Primary,T cell,T cell,16,FALSE,FALSE,TRUE,TRUE,FALSE,FALSE
HNSCC16_P14_HNSCC16_P14_G06,0,0,0.123,2.0111,0,0,0,Primary,T cell,T cell,16,FALSE,FALSE,TRUE,TRUE,FALSE,FALSE
HNSCC16_P14_HNSCC16_P14_C04,0,0,0,4.718,0,0,0,Primary,T cell,T cell,16,FALSE,FALSE,FALSE,TRUE,FALSE,FALSE
HNSCC16_P14_HNSCC16_P14_A08,0,0,0,5.225,0,0,0,Primary,T cell,T cell,16,FALSE,FALSE,FALSE,TRUE,FALSE,FALSE
HNSCC16_P14_HNSCC16_P14_E04,0,0,0,5.4998,1.1309,0,0,Primary,T cell,T cell,16,FALSE,FALSE,FALSE,TRUE,TRUE,FALSE
HNSCC16_P14_HNSCC16_P14_G12,0,0,0,7.4923,0,0,0,Primary,Macrophage,Macrophage,16,FALSE,FALSE,FALSE,TRUE,FALSE,FALSE
HNSCC16_P14_HNSCC16_P14_F09,0,0,0.18015,0,0,0,0,Primary,T cell,T cell,16,FALSE,FALSE,TRUE,FALSE,FALSE,FALSE
HNSCC16_P14_HNSCC16_P14_B06,0,0,0,3.9826,0,0,0,Primary,T cell,T cell,16,FALSE,FALSE,FALSE,TRUE,FALSE,FALSE
HNSCC16_P14_HNSCC16_P14_D08,0,0,0,0,0,0,0,Primary,T cell,T cell,16,FALSE,FALSE,FALSE,FALSE,FALSE,FALSE
HNSCC16_P14_HNSCC16_P14_G03,0,0,0,1.7437,0.27381,0,0,Primary,T cell,T cell,16,FALSE,FALSE,FALSE,TRUE,TRUE,FALSE
HNSCC16_P14_HNSCC16_P14_A06,0,0,0,0,0,0,0,Primary,T cell,T cell,16,FALSE,FALSE,FALSE,FALSE,FALSE,FALSE
HNSCC16_P14_HNSCC16_P14_C01,0,0,0.19409,8.196,0,0,0,Primary,T cell,T cell,16,FALSE,FALSE,TRUE,TRUE,FALSE,FALSE
HNSCC16_P14_HNSCC16_P14_B10,0,0,0,0,0,0,0,Primary,T cell,T cell,16,FALSE,FALSE,FALSE,FALSE,FALSE,FALSE
HNSCC16_P14_HNSCC16_P14_E12,0,0,0,7.3549,0,0,0,Primary,T cell,T cell,16,FALSE,FALSE,FALSE,TRUE,FALSE,FALSE
HNSCC16_P14_HNSCC16_P14_A03,0,0,0,0,0.1903,0,0,Primary,T cell,T cell,16,FALSE,FALSE,FALSE,FALSE,TRUE,FALSE
HNSCC16_P14_HNSCC16_P14_A01,0,0,0.16864,8.756,0,0,0,Primary,T cell,T cell,16,FALSE,FALSE,TRUE,TRUE,FALSE,FALSE
HNSCC16_P14_HNSCC16_P14_B01,0,0,0,0,0,0,0,Primary,T cell,T cell,16,FALSE,FALSE,FALSE,FALSE,FALSE,FALSE
HNSCC16_P14_HNSCC16_P14_A12,0,0,0.71545,6.0389,0,0,0,Primary,T cell,T cell,16,FALSE,FALSE,TRUE,TRUE,FALSE,FALSE
HNSCC16_P14_HNSCC16_P14_C09,0,0,0.21288,0,0,0,0,Primary,T cell,T cell,16,FALSE,FALSE,TRUE,FALSE,FALSE,FALSE
HNSCC16_P14_HNSCC16_P14_D11,0,0,0.20664,6.5041,0,0,0,Primary,T cell,T cell,16,FALSE,FALSE,TRUE,TRUE,FALSE,FALSE
HNSCC16_P14_HNSCC16_P14_C07,0,0,0,5.7079,0,0,0,Primary,T cell,T cell,16,FALSE,FALSE,FALSE,TRUE,FALSE,FALSE
HNSCC16_P14_HNSCC16_P14_G01,0,0,0,0,0.8488,0,0,Primary,T cell,T cell,16,FALSE,FALSE,FALSE,FALSE,TRUE,FALSE
HNSCC16_P14_HNSCC16_P14_G08,0,0,0.066261,0,0,0,0,Primary,T cell,T cell,16,FALSE,FALSE,TRUE,FALSE,FALSE,FALSE
HNSCC16_P14_HNSCC16_P14_G09,0,0,0,0.24001,0,0,0,Primary,T cell,T cell,16,FALSE,FALSE,FALSE,TRUE,FALSE,FALSE
HNSCC16_P14_HNSCC16_P14_B11,0,0,0.14012,0,0,0,0,Primary,T cell,T cell,16,FALSE,FALSE,TRUE,FALSE,FALSE,FALSE
HNSCC16_P14_HNSCC16_P14_B07,0,0,0.048236,1.8074,0,0,0,Primary,T cell,T cell,16,FALSE,FALSE,TRUE,TRUE,FALSE,FALSE
HNSCC16_P14_HNSCC16_P14_E02,0,6.6214,0,7.5107,0,0,0,Primary,T cell,T cell,16,FALSE,TRUE,FALSE,TRUE,FALSE,FALSE
HNSCC16_P14_HNSCC16_P14_C02,0,0,0.084064,0,0,0,0,Primary,T cell,T cell,16,FALSE,FALSE,TRUE,FALSE,FALSE,FALSE
HNSCC16_P14_HNSCC16_P14_F04,0,0,0,0,0,0,0,Primary,T cell,T cell,16,FALSE,FALSE,FALSE,FALSE,FALSE,FALSE
HNSCC16_P14_HNSCC16_P14_E06,0,0,0,0,0,0,0,Primary,T cell,T cell,16,FALSE,FALSE,FALSE,FALSE,FALSE,FALSE
HNSCC16_P14_HNSCC16_P14_A10,0,0,0,0,0,0,0,Primary,T cell,T cell,16,FALSE,FALSE,FALSE,FALSE,FALSE,FALSE
HNSCC16_P14_HNSCC16_P14_B05,0,0,0.041243,5.3763,0,0,0,Primary,T cell,T cell,16,FALSE,FALSE,TRUE,TRUE,FALSE,FALSE
HNSCC16_P14_HNSCC16_P14_A07,0,0,0,5.8213,0,0.096262,0,Primary,T cell,T cell,16,FALSE,FALSE,FALSE,TRUE,FALSE,TRUE
HNSCC16_P14_HNSCC16_P14_E10,0,0,0.085425,8.1747,0,0,0,Primary,T cell,T cell,16,FALSE,FALSE,TRUE,TRUE,FALSE,FALSE
HNSCC16_P14_HNSCC16_P14_H01,0,0,0,8.0961,0,0,0,Primary,T cell,T cell,16,FALSE,FALSE,FALSE,TRUE,FALSE,FALSE
HNSCC16_P14_HNSCC16_P14_B12,0,0,0.11636,0,0,0,0,Primary,T cell,T cell,16,FALSE,FALSE,TRUE,FALSE,FALSE,FALSE
HNSCC16_P14_HNSCC16_P14_D09,0,0,0.20414,8.901,0,0,0,Primary,T cell,T cell,16,FALSE,FALSE,TRUE,TRUE,FALSE,FALSE
HNSCC16_P14_HNSCC16_P14_G02,0,0,0.10165,6.1955,0,0,0,Primary,T cell,T cell,16,FALSE,FALSE,TRUE,TRUE,FALSE,FALSE
HNSCC16_P14_HNSCC16_P14_G05,0,4.4076,0,7.4344,0,0,0,Primary,Macrophage,Macrophage,16,FALSE,TRUE,FALSE,TRUE,FALSE,FALSE
HNSCC16_P14_HNSCC16_P14_F06,0,0,0.13225,0,0,0,0,Primary,T cell,T cell,16,FALSE,FALSE,TRUE,FALSE,FALSE,FALSE
HNSCC16_P14_HNSCC16_P14_B04,0,0,0.041243,0,0,0,0,Primary,T cell,T cell,16,FALSE,FALSE,TRUE,FALSE,FALSE,FALSE
HNSCC16_P14_HNSCC16_P14_B03,0,4.5426,0.045443,7.0238,0,0,0,Primary,T cell,T cell,16,FALSE,TRUE,TRUE,TRUE,FALSE,FALSE
HNSCC16_P14_HNSCC16_P14_E05,0,0,0,7.6126,0,0,0,Primary,T cell,T cell,16,FALSE,FALSE,FALSE,TRUE,FALSE,FALSE
HNSCC16_P14_HNSCC16_P14_G10,0,0,0,5.4973,0,0,0,Primary,T cell,T cell,16,FALSE,FALSE,FALSE,TRUE,FALSE,FALSE
HNSCC16_P14_HNSCC16_P14_E08,0,0,0,6.829,0,0,0,Primary,T cell,T cell,16,FALSE,FALSE,FALSE,TRUE,FALSE,FALSE
HNSCC16_P14_HNSCC16_P14_A09,0,0,0.13093,8.6777,0,0,0,Primary,T cell,T cell,16,FALSE,FALSE,TRUE,TRUE,FALSE,FALSE
HNSCC16_P14_HNSCC16_P14_A11,0,0,0,7.2998,0,0,0,Primary,T cell,T cell,16,FALSE,FALSE,FALSE,TRUE,FALSE,FALSE
HNSCC16_P14_HNSCC16_P14_A04,0,0,0.19661,5.3242,0,0,0,Primary,T cell,T cell,16,FALSE,FALSE,TRUE,TRUE,FALSE,FALSE
HNSCC16_P14_HNSCC16_P14_A02,0,0,0,4.8008,0,0,0,Primary,T cell,T cell,16,FALSE,FALSE,FALSE,TRUE,FALSE,FALSE
HNSCC16_P14_HNSCC16_P14_F05,0,0,0,0,0,0,0,Primary,T cell,T cell,16,FALSE,FALSE,FALSE,FALSE,FALSE,FALSE
HNSCC16_P14_HNSCC16_P14_H03,0,0,0.092207,0,0,0,0,Primary,T cell,T cell,16,FALSE,FALSE,TRUE,FALSE,FALSE,FALSE
HNSCC16_P14_HNSCC16_P14_G11,0,0,0,6.207,0,0,0,Primary,T cell,T cell,16,FALSE,FALSE,FALSE,TRUE,FALSE,FALSE
HNSCC16_P14_HNSCC16_P14_F01,0,5.8497,0,0,0,0,0,Primary,T cell,T cell,16,FALSE,TRUE,FALSE,FALSE,FALSE,FALSE
HNSCC16_P4_HNSCC16_P4_G10,0,0,0,0,0,0,0,Primary,Fibroblast,Fibroblast,16,FALSE,FALSE,FALSE,FALSE,FALSE,FALSE
HNSCC16_P4_HNSCC16_P4_F09,0,0,0.085425,0,9.9209,6.4906,1,Primary,0,Cancer cells,16,FALSE,FALSE,TRUE,FALSE,TRUE,TRUE
HNSCC16_P4_HNSCC16_P4_D01,4.5127,0,0.10836,0,12.584,10.47,0,Primary,0,0,16,TRUE,FALSE,TRUE,FALSE,TRUE,TRUE
HNSCC16_P4_HNSCC16_P4_F11,0,0,0,6.9101,0.42868,0,0,Primary,Fibroblast,Fibroblast,16,FALSE,FALSE,FALSE,TRUE,TRUE,FALSE
HNSCC16_P4_HNSCC16_P4_G06,0,0,0,7.8233,0,0,0,Primary,Fibroblast,Fibroblast,16,FALSE,FALSE,FALSE,TRUE,FALSE,FALSE
HNSCC16_P4_HNSCC16_P4_A08,2.0569,0,0,2.8963,0.089498,0.26424,0,Primary,Fibroblast,Fibroblast,16,TRUE,FALSE,FALSE,TRUE,TRUE,TRUE
HNSCC16_P4_HNSCC16_P4_B07,0,0,0,0,0,0,0,Primary,Fibroblast,Fibroblast,16,FALSE,FALSE,FALSE,FALSE,FALSE,FALSE
HNSCC16_P4_HNSCC16_P4_B10,4.4814,1.918,7.961,5.9063,9.4809,11.235,1,Primary,0,Cancer cells,16,TRUE,TRUE,TRUE,TRUE,TRUE,TRUE
HNSCC16_P4_HNSCC16_P4_F01,5.8404,4.1334,9.4975,5.3566,10.798,11.176,1,Primary,0,Cancer cells,16,TRUE,TRUE,TRUE,TRUE,TRUE,TRUE
HNSCC16_P4_HNSCC16_P4_G05,5.3501,0,0,7.5883,0,0,0,Primary,Fibroblast,Fibroblast,16,TRUE,FALSE,FALSE,TRUE,FALSE,FALSE
HNSCC16_P4_HNSCC16_P4_G04,0,0,0,7.3184,0,0,0,Primary,Mast,Mast,16,FALSE,FALSE,FALSE,TRUE,FALSE,FALSE
HNSCC16_P4_HNSCC16_P4_G11,0,0,0,8.4128,0.19912,0,0,Primary,Dendritic,Dendritic,16,FALSE,FALSE,FALSE,TRUE,TRUE,FALSE
HNSCC16_P4_HNSCC16_P4_B09,5.3437,4.5792,0.028569,7.2049,0,0,0,Primary,Mast,Mast,16,TRUE,TRUE,TRUE,TRUE,FALSE,FALSE
HNSCC16_P4_HNSCC16_P4_D05,0,0,0.048236,5.6074,0,0,0,Primary,Mast,Mast,16,FALSE,FALSE,TRUE,TRUE,FALSE,FALSE
HNSCC16_P4_HNSCC16_P4_B01,0,0,0,0,0,0,0,Primary,Fibroblast,Fibroblast,16,FALSE,FALSE,FALSE,FALSE,FALSE,FALSE
HNSCC16_P4_HNSCC16_P4_F08,0,0,0,0.33914,11.025,2.7307,0,Primary,0,0,16,FALSE,FALSE,FALSE,TRUE,TRUE,TRUE
HNSCC16_P4_HNSCC16_P4_A07,0.84639,0,0.085425,0.40817,0,0,0,Primary,Fibroblast,Fibroblast,16,TRUE,FALSE,TRUE,TRUE,FALSE,FALSE
HNSCC16_P4_HNSCC16_P4_A06,6.3633,0.73379,0.029983,8.4771,0,0,0,Primary,0,0,16,TRUE,TRUE,TRUE,TRUE,FALSE,FALSE
HNSCC16_P4_HNSCC16_P4_E09,5.6479,4.8054,0,8.1989,0,0,0,Primary,Fibroblast,Fibroblast,16,TRUE,TRUE,FALSE,TRUE,FALSE,FALSE
HNSCC16_P4_HNSCC16_P4_C03,3.2242,0,0,0,0,0,0,Primary,Fibroblast,Fibroblast,16,TRUE,FALSE,FALSE,FALSE,FALSE,FALSE
HNSCC16_P4_HNSCC16_P4_C10,0,0,0.063503,7.6109,0,0,0,Primary,Fibroblast,Fibroblast,16,FALSE,FALSE,TRUE,TRUE,FALSE,FALSE
HNSCC16_P4_HNSCC16_P4_C12,2.286,0,4.6333,2.6201,11.338,9.4175,1,Primary,0,Cancer cells,16,TRUE,FALSE,TRUE,TRUE,TRUE,TRUE
HNSCC16_P4_HNSCC16_P4_C01,0,0,3.4202,2.9587,11.823,7.2979,1,Primary,0,Cancer cells,16,FALSE,FALSE,TRUE,TRUE,TRUE,TRUE
HNSCC16_P4_HNSCC16_P4_B08,0,0,0.03984,6.4186,0,0,0,Primary,Fibroblast,Fibroblast,16,FALSE,FALSE,TRUE,TRUE,FALSE,FALSE
HNSCC16_P4_HNSCC16_P4_E12,0,0,0,3.6706,0,0,0,Primary,Fibroblast,Fibroblast,16,FALSE,FALSE,FALSE,TRUE,FALSE,FALSE
HNSCC16_P4_HNSCC16_P4_C05,0,0,0,0,0,0.20664,0,Primary,Fibroblast,Fibroblast,16,FALSE,FALSE,FALSE,FALSE,FALSE,TRUE
HNSCC16_P4_HNSCC16_P4_F10,0,0,0,7.0875,0,0,0,Primary,Fibroblast,Fibroblast,16,FALSE,FALSE,FALSE,TRUE,FALSE,FALSE
HNSCC16_P4_HNSCC16_P4_D12,3.71,1.8836,4.602,3.5257,11.632,9.7863,1,Primary,0,Cancer cells,16,TRUE,TRUE,TRUE,TRUE,TRUE,TRUE
HNSCC16_P4_HNSCC16_P4_G03,5.0818,3.5097,6.6629,0,11.522,7.5431,1,Primary,0,Cancer cells,16,TRUE,TRUE,TRUE,FALSE,TRUE,TRUE
HNSCC16_P4_HNSCC16_P4_E07,4.9763,0,0,8.0936,0,0,0,Primary,Fibroblast,Fibroblast,16,TRUE,FALSE,FALSE,TRUE,FALSE,FALSE
HNSCC16_P4_HNSCC16_P4_F03,0,0,0,8.3347,0,0,0,Primary,Fibroblast,Fibroblast,16,FALSE,FALSE,FALSE,TRUE,FALSE,FALSE
HNSCC16_P4_HNSCC16_P4_H12,4.0941,4.5817,8.4549,6.6698,10.67,10.953,1,Primary,0,Cancer cells,16,TRUE,TRUE,TRUE,TRUE,TRUE,TRUE
HNSCC16_P4_HNSCC16_P4_G08,0,0,0,5.6482,0,0,0,Primary,Fibroblast,Fibroblast,16,FALSE,FALSE,FALSE,TRUE,FALSE,FALSE
HNSCC16_P4_HNSCC16_P4_D10,0,0,4.2208,0,11.626,9.0997,0,Primary,0,0,16,FALSE,FALSE,TRUE,FALSE,TRUE,TRUE
HNSCC16_P4_HNSCC16_P4_D09,6.511,0,0.096262,6.6059,0,0,0,Primary,Fibroblast,Fibroblast,16,TRUE,FALSE,TRUE,TRUE,FALSE,FALSE
HNSCC16_P4_HNSCC16_P4_B11,0,0,0,5.4488,0,0,0,Primary,myocyte,myocyte,16,FALSE,FALSE,FALSE,TRUE,FALSE,FALSE
HNSCC16_P4_HNSCC16_P4_C07,0,0,0.10836,0,0,0,0,Primary,Fibroblast,Fibroblast,16,FALSE,FALSE,TRUE,FALSE,FALSE,FALSE
HNSCC16_P4_HNSCC16_P4_D11,5.3121,4.2068,0,5.8107,0.20789,0,0,Primary,Fibroblast,Fibroblast,16,TRUE,TRUE,FALSE,TRUE,TRUE,FALSE
HNSCC16_P4_HNSCC16_P4_H03,0,0,0,5.1425,11.651,9.3558,0,Primary,0,0,16,FALSE,FALSE,FALSE,TRUE,TRUE,TRUE
HNSCC16_P4_HNSCC16_P4_A12,7.0486,0,0,6.5299,0,0,0,Primary,Fibroblast,Fibroblast,16,TRUE,FALSE,FALSE,TRUE,FALSE,FALSE
HNSCC16_P4_HNSCC16_P4_C11,6.7496,0,0.14143,7.1642,4.9617,0,0,Primary,Fibroblast,Fibroblast,16,TRUE,FALSE,TRUE,TRUE,TRUE,FALSE
HNSCC16_P4_HNSCC16_P4_A10,0,0,0.1177,6.6484,0,0,0,Primary,Fibroblast,Fibroblast,16,FALSE,FALSE,TRUE,TRUE,FALSE,FALSE
HNSCC16_P4_HNSCC16_P4_H07,4.9271,0,0,5.6774,0,0,0,Primary,Mast,Mast,16,TRUE,FALSE,FALSE,TRUE,FALSE,FALSE
HNSCC16_P4_HNSCC16_P4_C09,5.7632,0,0,7.091,0,0,0,Primary,Fibroblast,Fibroblast,16,TRUE,FALSE,FALSE,TRUE,FALSE,FALSE
HNSCC16_P4_HNSCC16_P4_E06,0,0,0.0057593,0,0,0,0,Primary,Fibroblast,Fibroblast,16,FALSE,FALSE,TRUE,FALSE,FALSE,FALSE
HNSCC16_P4_HNSCC16_P4_D04,1.5758,3.8187,4.5128,0,11.966,9.4918,0,Primary,0,0,16,TRUE,TRUE,TRUE,FALSE,TRUE,TRUE
HNSCC16_P4_HNSCC16_P4_A03,0,0,0.16221,6.5686,0,0,0,Primary,Fibroblast,Fibroblast,16,FALSE,FALSE,TRUE,TRUE,FALSE,FALSE
HNSCC16_P4_HNSCC16_P4_H06,4.1519,5.0995,7.0561,5.518,11.741,9.5947,1,Primary,0,Cancer cells,16,TRUE,TRUE,TRUE,TRUE,TRUE,TRUE
HNSCC16_P4_HNSCC16_P4_D03,0,0,0,6.9328,0,0,0,Primary,0,0,16,FALSE,FALSE,FALSE,TRUE,FALSE,FALSE
HNSCC16_P4_HNSCC16_P4_F07,3.7793,4.9926,9.1426,6.0619,9.0119,11.323,1,Primary,0,Cancer cells,16,TRUE,TRUE,TRUE,TRUE,TRUE,TRUE
HNSCC16_P4_HNSCC16_P4_B06,4.327,0,0.037031,6.52,0,0,0,Primary,Mast,Mast,16,TRUE,FALSE,TRUE,TRUE,FALSE,FALSE
HNSCC16_P4_HNSCC16_P4_D06,0,0,7.1729,0,12.97,11.455,1,Primary,0,Cancer cells,16,FALSE,FALSE,TRUE,FALSE,TRUE,TRUE
HNSCC16_P4_HNSCC16_P4_F06,0,5.6235,10.29,5.9002,9.7714,11.377,1,Primary,0,Cancer cells,16,FALSE,TRUE,TRUE,TRUE,TRUE,TRUE
HNSCC16_P4_HNSCC16_P4_A09,4.645,2.6823,6.4565,4.2607,11.086,9.8308,1,Primary,0,Cancer cells,16,TRUE,TRUE,TRUE,TRUE,TRUE,TRUE
HNSCC16_P4_HNSCC16_P4_E11,0,4.8224,0,5.8392,0,0,0,Primary,Dendritic,Dendritic,16,FALSE,TRUE,FALSE,TRUE,FALSE,FALSE
HNSCC16_P4_HNSCC16_P4_G12,0.37407,0,0.042644,5.4871,10.711,8.7541,1,Primary,0,Cancer cells,16,TRUE,FALSE,TRUE,TRUE,TRUE,TRUE
HNSCC16_P4_HNSCC16_P4_E01,0,0,0,7.3434,0,0,0,Primary,Fibroblast,Fibroblast,16,FALSE,FALSE,FALSE,TRUE,FALSE,FALSE
HNSCC16_P4_HNSCC16_P4_F04,3.6053,0,3.2529,4.0157,12.53,9.3289,1,Primary,0,Cancer cells,16,TRUE,FALSE,TRUE,TRUE,TRUE,TRUE
HNSCC16_P4_HNSCC16_P4_C06,0,6.9157,0.10568,8.3999,0,0,0,Primary,Fibroblast,Fibroblast,16,FALSE,TRUE,TRUE,TRUE,FALSE,FALSE
HNSCC16_P4_HNSCC16_P4_A11,0,4.5989,6.6107,5.6053,10.567,8.6767,1,Primary,0,Cancer cells,16,FALSE,TRUE,TRUE,TRUE,TRUE,TRUE
HNSCC16_P4_HNSCC16_P4_H11,0,0,0,0,0,0.81476,0,Primary,Fibroblast,Fibroblast,16,FALSE,FALSE,FALSE,FALSE,FALSE,TRUE
HNSCC16_P4_HNSCC16_P4_D08,0,0,3.7184,0,12.114,4.1326,0,Primary,0,0,16,FALSE,FALSE,TRUE,FALSE,TRUE,TRUE
HNSCC16_P4_HNSCC16_P4_C08,0,0,0.053806,0,0,0,0,Primary,Fibroblast,Fibroblast,16,FALSE,FALSE,TRUE,FALSE,FALSE,FALSE
HNSCC16_P4_HNSCC16_P4_H09,6.3788,0,0,0,0,0.69599,0,Primary,Fibroblast,Fibroblast,16,TRUE,FALSE,FALSE,FALSE,FALSE,TRUE
HNSCC16_P4_HNSCC16_P4_G01,0,0,0.65535,0,0,0,0,Primary,Fibroblast,Fibroblast,16,FALSE,FALSE,TRUE,FALSE,FALSE,FALSE
HNSCC16_P7_HNSCC16_P7_B05,0,0,0,0,0,0,0,Primary,Fibroblast,Fibroblast,16,FALSE,FALSE,FALSE,FALSE,FALSE,FALSE
HNSCC16_P7_HNSCC16_P7_F06,0,0,0.051024,7.3588,5.7445,0,0,Primary,0,0,16,FALSE,FALSE,TRUE,TRUE,TRUE,FALSE
HNSCC16_P7_HNSCC16_P7_C04,5.8414,0,0,6.6213,0,0,0,Primary,Fibroblast,Fibroblast,16,TRUE,FALSE,FALSE,TRUE,FALSE,FALSE
HNSCC16_P7_HNSCC16_P7_A05,0,0,0,6.4927,0,0,0,Primary,Fibroblast,Fibroblast,16,FALSE,FALSE,FALSE,TRUE,FALSE,FALSE
HNSCC16_P7_HNSCC16_P7_H01,0,0,6.4668,4.3298,12.306,11.381,1,Primary,0,Cancer cells,16,FALSE,FALSE,TRUE,TRUE,TRUE,TRUE
HNSCC16_P7_HNSCC16_P7_F07,5.5213,2.7214,4.0051,5.9892,11.12,10.468,0,Primary,0,0,16,TRUE,TRUE,TRUE,TRUE,TRUE,TRUE
HNSCC16_P7_HNSCC16_P7_G07,4.7504,5.7616,0,6.5353,0,0,0,Primary,Fibroblast,Fibroblast,16,TRUE,TRUE,FALSE,TRUE,FALSE,FALSE
HNSCC16_P7_HNSCC16_P7_A12,4.1924,0,1.7672,0,10.348,9.3045,1,Primary,0,Cancer cells,16,TRUE,FALSE,TRUE,FALSE,TRUE,TRUE
HNSCC16_P7_HNSCC16_P7_H09,3.8966,0,6.8451,0,11.924,10.799,1,Primary,0,Cancer cells,16,TRUE,FALSE,TRUE,FALSE,TRUE,TRUE
HNSCC16_P7_HNSCC16_P7_E05,2.9119,0,7.071,5.3437,12.231,9.9832,1,Primary,0,Cancer cells,16,TRUE,FALSE,TRUE,TRUE,TRUE,TRUE
HNSCC16_P7_HNSCC16_P7_E01,0,0,0.056584,6.1473,0.29748,0.30918,0,Primary,Fibroblast,Fibroblast,16,FALSE,FALSE,TRUE,TRUE,TRUE,TRUE
HNSCC16_P7_HNSCC16_P7_B12,3.75,0,6.2005,5.4533,11.228,8.987,1,Primary,0,Cancer cells,16,TRUE,FALSE,TRUE,TRUE,TRUE,TRUE
HNSCC16_P7_HNSCC16_P7_D11,0,0,0,0.26784,1.6627,0.64524,0,Primary,T cell,T cell,16,FALSE,FALSE,FALSE,TRUE,TRUE,TRUE
HNSCC16_P7_HNSCC16_P7_E09,4.6073,3.7389,3.6173,4.2158,11.706,9.587,1,Primary,0,Cancer cells,16,TRUE,TRUE,TRUE,TRUE,TRUE,TRUE
HNSCC16_P7_HNSCC16_P7_C01,4.692,0,0.077243,0,11.184,8.0286,0,Primary,0,0,16,TRUE,FALSE,TRUE,FALSE,TRUE,TRUE
HNSCC16_P7_HNSCC16_P7_B07,0,0,0,0,0.29514,0.30685,0,Primary,Fibroblast,Fibroblast,16,FALSE,FALSE,FALSE,FALSE,TRUE,TRUE
HNSCC16_P7_HNSCC16_P7_C08,0,0,0,8.2344,0.62106,0,0,Primary,Fibroblast,Fibroblast,16,FALSE,FALSE,FALSE,TRUE,TRUE,FALSE
HNSCC16_P7_HNSCC16_P7_G06,3.9363,4.8142,0,7.9117,0,0,0,Primary,0,0,16,TRUE,TRUE,FALSE,TRUE,FALSE,FALSE
HNSCC16_P7_HNSCC16_P7_C03,5.5443,4.6325,0.069015,6.1785,5.5017,0,0,Primary,0,0,16,TRUE,TRUE,TRUE,TRUE,TRUE,FALSE
HNSCC16_P7_HNSCC16_P7_D02,3.3581,0.9222,4.7219,5.1931,10.795,10.139,1,Primary,0,Cancer cells,16,TRUE,TRUE,TRUE,TRUE,TRUE,TRUE
HNSCC16_P7_HNSCC16_P7_H02,4.5394,0,0,7.5261,0,0,0,Primary,Mast,Mast,16,TRUE,FALSE,FALSE,TRUE,FALSE,FALSE
HNSCC16_P7_HNSCC16_P7_A04,3.8781,2.5331,5.8595,5.5075,10.619,9.2567,1,Primary,0,Cancer cells,16,TRUE,TRUE,TRUE,TRUE,TRUE,TRUE
HNSCC16_P7_HNSCC16_P7_A09,0,0,0,7.8906,0.24245,0.25217,0,Primary,Fibroblast,Fibroblast,16,FALSE,FALSE,FALSE,TRUE,TRUE,TRUE
HNSCC16_P7_HNSCC16_P7_C07,6.072,0,0,0,0,0,0,Primary,Fibroblast,Fibroblast,16,TRUE,FALSE,FALSE,FALSE,FALSE,FALSE
HNSCC16_P7_HNSCC16_P7_H03,4.3894,0.41684,6.757,0.31615,11.85,8.276,1,Primary,0,Cancer cells,16,TRUE,TRUE,TRUE,TRUE,TRUE,TRUE
HNSCC16_P7_HNSCC16_P7_G02,0,0,0,0,0,0,0,Primary,0,0,16,FALSE,FALSE,FALSE,FALSE,FALSE,FALSE
HNSCC16_P7_HNSCC16_P7_B02,3.4001,4.9453,8.5675,5.4578,11.489,11.139,1,Primary,0,Cancer cells,16,TRUE,TRUE,TRUE,TRUE,TRUE,TRUE
HNSCC16_P7_HNSCC16_P7_D05,0,0,0.035624,6.0555,0,0,0,Primary,Macrophage,Macrophage,16,FALSE,FALSE,TRUE,TRUE,FALSE,FALSE
HNSCC16_P7_HNSCC16_P7_G12,0,0,0.123,6.1753,0,0,0,Primary,Fibroblast,Fibroblast,16,FALSE,FALSE,TRUE,TRUE,FALSE,FALSE
HNSCC16_P7_HNSCC16_P7_F03,0,0,5.8027,4.9869,11.295,9.5314,1,Primary,0,Cancer cells,16,FALSE,FALSE,TRUE,TRUE,TRUE,TRUE
HNSCC16_P7_HNSCC16_P7_A08,6.6664,0,0.10969,0,0,0,0,Primary,Fibroblast,Fibroblast,16,TRUE,FALSE,TRUE,FALSE,FALSE,FALSE
HNSCC16_P7_HNSCC16_P7_G09,0,2.2987,0.08134,8.0104,0.32654,0,0,Primary,Mast,Mast,16,FALSE,TRUE,TRUE,TRUE,TRUE,FALSE
HNSCC16_P7_HNSCC16_P7_E10,2.2705,2.8026,5.7383,0,11.993,10.523,1,Primary,0,Cancer cells,16,TRUE,TRUE,TRUE,FALSE,TRUE,TRUE
HNSCC16_P7_HNSCC16_P7_C10,4.2936,0,0.11103,0,0,0,0,Primary,Fibroblast,Fibroblast,16,TRUE,FALSE,TRUE,FALSE,FALSE,FALSE
HNSCC16_P7_HNSCC16_P7_D08,3.1541,0,0.18269,0,12.104,7.174,1,Primary,0,Cancer cells,16,TRUE,FALSE,TRUE,FALSE,TRUE,TRUE
HNSCC16_P7_HNSCC16_P7_B10,2.991,3.2579,5.5896,4.3757,11.534,6.0996,1,Primary,0,Cancer cells,16,TRUE,TRUE,TRUE,TRUE,TRUE,TRUE
HNSCC16_P7_HNSCC16_P7_H04,4.4933,0,8.8337,4.9818,10.91,11.337,1,Primary,0,Cancer cells,16,TRUE,FALSE,TRUE,TRUE,TRUE,TRUE
HNSCC16_P7_HNSCC16_P7_D03,0,0,0.12697,8.6554,0.18015,0,0,Primary,Fibroblast,Fibroblast,16,FALSE,FALSE,TRUE,TRUE,TRUE,FALSE
HNSCC16_P7_HNSCC16_P7_F08,3.763,4.1506,6.7024,3.1859,10.956,9.8171,1,Primary,0,Cancer cells,16,TRUE,TRUE,TRUE,TRUE,TRUE,TRUE
HNSCC16_P7_HNSCC16_P7_B04,0,0,0.053806,5.9108,0.28924,0,0,Primary,Dendritic,Dendritic,16,FALSE,FALSE,TRUE,TRUE,TRUE,FALSE
HNSCC16_P7_HNSCC16_P7_C06,5.0792,0,0.16092,0,0,0,0,Primary,Fibroblast,Fibroblast,16,TRUE,FALSE,TRUE,FALSE,FALSE,FALSE
HNSCC16_P7_HNSCC16_P7_C12,4.9884,0,0.53705,0,11.743,9.7421,1,Primary,0,Cancer cells,16,TRUE,FALSE,TRUE,FALSE,TRUE,TRUE
HNSCC16_P7_HNSCC16_P7_C05,1.0079,0,4.5214,3.8151,11.582,9.2716,1,Primary,0,Cancer cells,16,TRUE,FALSE,TRUE,TRUE,TRUE,TRUE
HNSCC16_P7_HNSCC16_P7_E07,0,0,0,0,10.927,0.58688,1,Primary,0,Cancer cells,16,FALSE,FALSE,FALSE,FALSE,TRUE,TRUE
HNSCC16_P7_HNSCC16_P7_F11,0,4.2603,0.04684,6.6383,0.56949,0.46258,0,Primary,Mast,Mast,16,FALSE,TRUE,TRUE,TRUE,TRUE,TRUE
HNSCC16_P7_HNSCC16_P7_G01,0,0,0,0.15316,0,0,0,Primary,Fibroblast,Fibroblast,16,FALSE,FALSE,FALSE,TRUE,FALSE,FALSE
HNSCC16_P7_HNSCC16_P7_A01,0,0,0,7.9097,0.24489,0,0,Primary,Mast,Mast,16,FALSE,FALSE,FALSE,TRUE,TRUE,FALSE
HNSCC16_P7_HNSCC16_P7_B11,0,0,1.7185,0.10702,11.473,8.0891,0,Primary,0,0,16,FALSE,FALSE,TRUE,TRUE,TRUE,TRUE
HNSCC16_P7_HNSCC16_P7_H10,0,0,0,6.1572,0.1137,0,0,Primary,Dendritic,Dendritic,16,FALSE,FALSE,FALSE,TRUE,TRUE,FALSE
HNSCC16_P7_HNSCC16_P7_H08,0,0,0.18523,6.8628,0.12035,0,0,Primary,Fibroblast,Fibroblast,16,FALSE,FALSE,TRUE,TRUE,TRUE,FALSE
HNSCC16_P7_HNSCC16_P7_F04,0,0,0,4.9657,0.63227,0,0,Primary,Mast,Mast,16,FALSE,FALSE,FALSE,TRUE,TRUE,FALSE
HNSCC16_P7_HNSCC16_P7_C02,6.1728,0,0.25217,7.4463,0,0,0,Primary,Fibroblast,Fibroblast,16,TRUE,FALSE,TRUE,TRUE,FALSE,FALSE
HNSCC16_P7_HNSCC16_P7_E04,0,0,0.42438,6.8452,0.65444,0,0,Primary,Fibroblast,Fibroblast,16,FALSE,FALSE,TRUE,TRUE,TRUE,FALSE
HNSCC16_P7_HNSCC16_P7_D04,4.4924,3.2544,6.6995,0,12.236,9.7339,1,Primary,0,Cancer cells,16,TRUE,TRUE,TRUE,FALSE,TRUE,TRUE
HNSCC16_P7_HNSCC16_P7_C09,5.6414,0,0,4.9529,0,0,0,Primary,Fibroblast,Fibroblast,16,TRUE,FALSE,FALSE,TRUE,FALSE,FALSE
HNSCC16_P7_HNSCC16_P7_E02,6.3689,0,0,6.2132,0,0,0,Primary,Fibroblast,Fibroblast,16,TRUE,FALSE,FALSE,TRUE,FALSE,FALSE
HNSCC16_P7_HNSCC16_P7_H06,0,0,0,6.8894,0,0,0,Primary,Fibroblast,Fibroblast,16,FALSE,FALSE,FALSE,TRUE,FALSE,FALSE
HNSCC16_P7_HNSCC16_P7_D09,0,0,0,7.8665,0,0,0,Primary,Mast,Mast,16,FALSE,FALSE,FALSE,TRUE,FALSE,FALSE
HNSCC16_P7_HNSCC16_P7_B08,0,0,0.067639,1.2969,0.35276,0,0,Primary,Fibroblast,Fibroblast,16,FALSE,FALSE,TRUE,TRUE,TRUE,FALSE
HNSCC16_P7_HNSCC16_P7_F02,0,0,0.045443,6.9653,10.017,7.4001,0,Primary,0,0,16,FALSE,FALSE,TRUE,TRUE,TRUE,TRUE
HNSCC16_P7_HNSCC16_P7_B09,0,0,0,0,0,0,0,Primary,Fibroblast,Fibroblast,16,FALSE,FALSE,FALSE,FALSE,FALSE,FALSE
HNSCC16_P7_HNSCC16_P7_G08,0,1.8184,4.4303,3.693,11.787,8.9361,1,Primary,0,Cancer cells,16,FALSE,TRUE,TRUE,TRUE,TRUE,TRUE
HNSCC16_P11_HNSCC16_P11_E03,0,0,0.12697,0,0,0,0,Primary,T cell,T cell,16,FALSE,FALSE,TRUE,FALSE,FALSE,FALSE
HNSCC16_P11_HNSCC16_P11_F02,0,0,0.17377,7.7107,0,0,0,Primary,T cell,T cell,16,FALSE,FALSE,TRUE,TRUE,FALSE,FALSE
HNSCC16_P11_HNSCC16_P11_F07,0,0,0,6.4078,0,0.33113,0,Primary,T cell,T cell,16,FALSE,FALSE,FALSE,TRUE,FALSE,TRUE
HNSCC16_P11_HNSCC16_P11_F06,0,0,0.1177,0,0,0,0,Primary,T cell,T cell,16,FALSE,FALSE,TRUE,FALSE,FALSE,FALSE
HNSCC16_P11_HNSCC16_P11_B02,0,0,0.14143,0,0,0,0,Primary,T cell,T cell,16,FALSE,FALSE,TRUE,FALSE,FALSE,FALSE
HNSCC16_P11_HNSCC16_P11_B04,0,0,0,0,0,0,0,Primary,T cell,T cell,16,FALSE,FALSE,FALSE,FALSE,FALSE,FALSE
HNSCC16_P11_HNSCC16_P11_C10,0,0,0.2228,7.6781,0,0,0,Primary,T cell,T cell,16,FALSE,FALSE,TRUE,TRUE,FALSE,FALSE
HNSCC16_P11_HNSCC16_P11_E12,0,0,0,0,0,0,0,Primary,T cell,T cell,16,FALSE,FALSE,FALSE,FALSE,FALSE,FALSE
HNSCC16_P11_HNSCC16_P11_G02,0,0,0.063503,5.8827,0,0,0,Primary,T cell,T cell,16,FALSE,FALSE,TRUE,TRUE,FALSE,FALSE
HNSCC16_P11_HNSCC16_P11_F01,0,0,0.24489,0,0,0,0,Primary,T cell,T cell,16,FALSE,FALSE,TRUE,FALSE,FALSE,FALSE
HNSCC16_P11_HNSCC16_P11_F05,0,0,0,6.4337,0.50792,0,0,Primary,T cell,T cell,16,FALSE,FALSE,FALSE,TRUE,TRUE,FALSE
HNSCC16_P11_HNSCC16_P11_C12,0,0,0,0,0,0,0,Primary,T cell,T cell,16,FALSE,FALSE,FALSE,FALSE,FALSE,FALSE
HNSCC16_P11_HNSCC16_P11_C05,0,0,0.14535,0,0,0,0,Primary,T cell,T cell,16,FALSE,FALSE,TRUE,FALSE,FALSE,FALSE
HNSCC16_P11_HNSCC16_P11_G01,0,0,0.22157,4.2942,0,0,0,Primary,T cell,T cell,16,FALSE,FALSE,TRUE,TRUE,FALSE,FALSE
HNSCC16_P11_HNSCC16_P11_B05,0,0,0,0.20664,0,0,0,Primary,T cell,T cell,16,FALSE,FALSE,FALSE,TRUE,FALSE,FALSE
HNSCC16_P11_HNSCC16_P11_G06,0,0,0.12697,0,0,0,0,Primary,T cell,T cell,16,FALSE,FALSE,TRUE,FALSE,FALSE,FALSE
HNSCC16_P11_HNSCC16_P11_E07,0,0,0,0,0,0,0,Primary,T cell,T cell,16,FALSE,FALSE,FALSE,FALSE,FALSE,FALSE
HNSCC16_P11_HNSCC16_P11_G07,0,0,0,0,0,0,0,Primary,T cell,T cell,16,FALSE,FALSE,FALSE,FALSE,FALSE,FALSE
HNSCC16_P11_HNSCC16_P11_B01,0,0,0,0,0,0,0,Primary,T cell,T cell,16,FALSE,FALSE,FALSE,FALSE,FALSE,FALSE
HNSCC16_P11_HNSCC16_P11_G11,0,0,0,6.7027,0,0,0,Primary,T cell,T cell,16,FALSE,FALSE,FALSE,TRUE,FALSE,FALSE
HNSCC16_P11_HNSCC16_P11_D05,0,0,0,0,0,0,0,Primary,T cell,T cell,16,FALSE,FALSE,FALSE,FALSE,FALSE,FALSE
HNSCC16_P11_HNSCC16_P11_H02,0,6.2397,0,0,0,0,0,Primary,T cell,T cell,16,FALSE,TRUE,FALSE,FALSE,FALSE,FALSE
HNSCC16_P11_HNSCC16_P11_G05,0,0,0,8.051,0,0,0,Primary,T cell,T cell,16,FALSE,FALSE,FALSE,TRUE,FALSE,FALSE
HNSCC16_P11_HNSCC16_P11_C06,0,0,0,0,0,0,0,Primary,T cell,T cell,16,FALSE,FALSE,FALSE,FALSE,FALSE,FALSE
HNSCC16_P11_HNSCC16_P11_G08,0,0,0.098958,7.2506,0,0,0,Primary,T cell,T cell,16,FALSE,FALSE,TRUE,TRUE,FALSE,FALSE
HNSCC16_P11_HNSCC16_P11_A05,0,0,0.15704,6.6312,1.0969,0.67265,0,Primary,T cell,T cell,16,FALSE,FALSE,TRUE,TRUE,TRUE,TRUE
HNSCC16_P11_HNSCC16_P11_C11,0,0,0,0,0,0,0,Primary,T cell,T cell,16,FALSE,FALSE,FALSE,FALSE,FALSE,FALSE
HNSCC16_P11_HNSCC16_P11_E06,0,0,0,0.23634,0,0,0,Primary,T cell,T cell,16,FALSE,FALSE,FALSE,TRUE,FALSE,FALSE
HNSCC16_P11_HNSCC16_P11_G09,0,0,0.02148,5.4676,0,0,0,Primary,T cell,T cell,16,FALSE,FALSE,TRUE,TRUE,FALSE,FALSE
HNSCC16_P11_HNSCC16_P11_E08,0,0,0,6.0942,0,0,0,Primary,T cell,T cell,16,FALSE,FALSE,FALSE,TRUE,FALSE,FALSE
HNSCC16_P11_HNSCC16_P11_D12,0,0,0.1137,5.6053,0,0,0,Primary,T cell,T cell,16,FALSE,FALSE,TRUE,TRUE,FALSE,FALSE
HNSCC16_P11_HNSCC16_P11_E09,0,0.066261,0,5.2521,0,0,0,Primary,T cell,T cell,16,FALSE,TRUE,FALSE,TRUE,FALSE,FALSE
HNSCC16_P11_HNSCC16_P11_A06,0,0,0.15834,0,0,0,0,Primary,T cell,T cell,16,FALSE,FALSE,TRUE,FALSE,FALSE,FALSE
HNSCC16_P11_HNSCC16_P11_A11,0,0,0.09356,0,0,0,0,Primary,T cell,T cell,16,FALSE,FALSE,TRUE,FALSE,FALSE,FALSE
HNSCC16_P11_HNSCC16_P11_A08,0,0,0,5.3187,0,0,0,Primary,T cell,T cell,16,FALSE,FALSE,FALSE,TRUE,FALSE,FALSE
HNSCC16_P11_HNSCC16_P11_B07,1.472,0,0,0,0,0,0,Primary,T cell,T cell,16,TRUE,FALSE,FALSE,FALSE,FALSE,FALSE
HNSCC16_P11_HNSCC16_P11_B08,0,0,0.084064,5.4655,0,0,0,Primary,T cell,T cell,16,FALSE,FALSE,TRUE,TRUE,FALSE,FALSE
HNSCC16_P11_HNSCC16_P11_A02,0,0,0,7.6295,0,0,0,Primary,T cell,T cell,16,FALSE,FALSE,FALSE,TRUE,FALSE,FALSE
HNSCC16_P11_HNSCC16_P11_D11,0,0,0,0,0,0,0,Primary,T cell,T cell,16,FALSE,FALSE,FALSE,FALSE,FALSE,FALSE
HNSCC16_P11_HNSCC16_P11_B10,0,0.10165,0.067639,0,0,0,0,Primary,T cell,T cell,16,FALSE,TRUE,TRUE,FALSE,FALSE,FALSE
HNSCC16_P11_HNSCC16_P11_C08,0,0,0,0,0,0,0,Primary,T cell,T cell,16,FALSE,FALSE,FALSE,FALSE,FALSE,FALSE
HNSCC16_P11_HNSCC16_P11_E04,0,0,0.13619,0,0,0,0,Primary,T cell,T cell,16,FALSE,FALSE,TRUE,FALSE,FALSE,FALSE
HNSCC16_P11_HNSCC16_P11_F08,0,0,0.12433,0,0,0,0,Primary,T cell,T cell,16,FALSE,FALSE,TRUE,FALSE,FALSE,FALSE
HNSCC16_P11_HNSCC16_P11_E05,0,0,0,0,0,0.91073,0,Primary,T cell,T cell,16,FALSE,FALSE,FALSE,FALSE,FALSE,TRUE
HNSCC16_P11_HNSCC16_P11_E01,0,0,0,7.6851,0,0,0,Primary,T cell,T cell,16,FALSE,FALSE,FALSE,TRUE,FALSE,FALSE
HNSCC16_P11_HNSCC16_P11_A07,0,0,0.096262,8.4588,0,0,0,Primary,T cell,T cell,16,FALSE,FALSE,TRUE,TRUE,FALSE,FALSE
HNSCC16_P11_HNSCC16_P11_C01,0,0,0,0,0,0,0,Primary,T cell,T cell,16,FALSE,FALSE,FALSE,FALSE,FALSE,FALSE
HNSCC16_P11_HNSCC16_P11_D03,0,0,0,6.7699,0,0,0,Primary,T cell,T cell,16,FALSE,FALSE,FALSE,TRUE,FALSE,FALSE
HNSCC16_P11_HNSCC16_P11_A01,0,0,0,6.3597,0,0,0,Primary,T cell,T cell,16,FALSE,FALSE,FALSE,TRUE,FALSE,FALSE
HNSCC16_P11_HNSCC16_P11_D10,0,0,0,4.2218,0,0,0,Primary,T cell,T cell,16,FALSE,FALSE,FALSE,TRUE,FALSE,FALSE
HNSCC16_P11_HNSCC16_P11_A09,0,0,0,5.9413,0,0,0,Primary,T cell,T cell,16,FALSE,FALSE,FALSE,TRUE,FALSE,FALSE
HNSCC16_P11_HNSCC16_P11_C09,0,0.13225,0,8.0894,0,0,0,Primary,T cell,T cell,16,FALSE,TRUE,FALSE,TRUE,FALSE,FALSE
HNSCC16_P11_HNSCC16_P11_D08,0,0,0.15316,7.46,0,0,0,Primary,T cell,T cell,16,FALSE,FALSE,TRUE,TRUE,FALSE,FALSE
HNSCC16_P11_HNSCC16_P11_C07,0,3.4867,0,0.35502,0,0,0,Primary,T cell,T cell,16,FALSE,TRUE,FALSE,TRUE,FALSE,FALSE
HNSCC16_P11_HNSCC16_P11_C02,0,0,0.082703,0,0,0,0,Primary,T cell,T cell,16,FALSE,FALSE,TRUE,FALSE,FALSE,FALSE
HNSCC16_P11_HNSCC16_P11_G03,0,0,0,0,0,0,0,Primary,T cell,T cell,16,FALSE,FALSE,FALSE,FALSE,FALSE,FALSE
HNSCC16_P11_HNSCC16_P11_B12,0,4.8487,0.10434,7.0044,0,0,0,Primary,T cell,T cell,16,FALSE,TRUE,TRUE,TRUE,FALSE,FALSE
HNSCC16_P11_HNSCC16_P11_D07,3.8942,0,0,0,0,0,0,Primary,T cell,T cell,16,TRUE,FALSE,FALSE,FALSE,FALSE,FALSE
HNSCC16_P11_HNSCC16_P11_A12,0,0,0,0,0,0,0,Primary,T cell,T cell,16,FALSE,FALSE,FALSE,FALSE,FALSE,FALSE
HNSCC16_P11_HNSCC16_P11_G04,0,0,0.07861,4.1223,0,0,0,Primary,T cell,T cell,16,FALSE,FALSE,TRUE,TRUE,FALSE,FALSE
HNSCC16_P11_HNSCC16_P11_E10,0,0,0,0,0,0,0,Primary,T cell,T cell,16,FALSE,FALSE,FALSE,FALSE,FALSE,FALSE
HNSCC16_P11_HNSCC16_P11_D04,0,2.2943,0,5.0553,0,0,0,Primary,T cell,T cell,16,FALSE,TRUE,FALSE,TRUE,FALSE,FALSE
HNSCC16_P11_HNSCC16_P11_C04,0,0,0,0.3173,0,0,0,Primary,T cell,T cell,16,FALSE,FALSE,FALSE,TRUE,FALSE,FALSE
HNSCC16_P11_HNSCC16_P11_A10,0,0,0,0,0,0,0,Primary,T cell,T cell,16,FALSE,FALSE,FALSE,FALSE,FALSE,FALSE
HNSCC16_P11_HNSCC16_P11_G12,0,0,0,7.716,0,0,0,Primary,T cell,T cell,16,FALSE,FALSE,FALSE,TRUE,FALSE,FALSE
HNSCC16_P11_HNSCC16_P11_E11,0,0,0.12565,0,0,0,0,Primary,T cell,T cell,16,FALSE,FALSE,TRUE,FALSE,FALSE,FALSE
HNSCC16_P11_HNSCC16_P11_H01,0,0,0.21288,0,0,0,0,Primary,T cell,T cell,16,FALSE,FALSE,TRUE,FALSE,FALSE,FALSE
HNSCC16_P11_HNSCC16_P11_G10,0,0,0.1137,6.1034,0,0,0,Primary,T cell,T cell,16,FALSE,FALSE,TRUE,TRUE,FALSE,FALSE
HNSCC16_P11_HNSCC16_P11_F10,0,0,0,6.972,0,0,0,Primary,T cell,T cell,16,FALSE,FALSE,FALSE,TRUE,FALSE,FALSE
HNSCC16_P11_HNSCC16_P11_F12,0,0,0,0,0,0,0,Primary,T cell,T cell,16,FALSE,FALSE,FALSE,FALSE,FALSE,FALSE
HNSCC16_P11_HNSCC16_P11_F09,0,0,0,5.8726,0,0,0,Primary,T cell,T cell,16,FALSE,FALSE,FALSE,TRUE,FALSE,FALSE
HNSCC16_P11_HNSCC16_P11_B09,0,0,0,0,0,0,0,Primary,T cell,T cell,16,FALSE,FALSE,FALSE,FALSE,FALSE,FALSE
HNSCC16_P11_HNSCC16_P11_B03,0,0,0,0,0,0.24853,0,Primary,T cell,T cell,16,FALSE,FALSE,FALSE,FALSE,FALSE,TRUE
HNSCC16_P11_HNSCC16_P11_E02,0,0,0.07861,5.6,0,0,0,Primary,T cell,T cell,16,FALSE,FALSE,TRUE,TRUE,FALSE,FALSE
HNSCC16_P11_HNSCC16_P11_D02,0,0,0.079975,6.2244,0,0,0,Primary,T cell,T cell,16,FALSE,FALSE,TRUE,TRUE,FALSE,FALSE
HNSCC16_P12_HNSCC16_P12_H09,0,0,0,0,0,0.44361,0,Primary,T cell,T cell,16,FALSE,FALSE,FALSE,FALSE,FALSE,TRUE
HNSCC16_P12_HNSCC16_P12_C01,0,0,0.07861,5.9633,0,0,0,Primary,T cell,T cell,16,FALSE,FALSE,TRUE,TRUE,FALSE,FALSE
HNSCC16_P12_HNSCC16_P12_A12,0,5.8119,0.035624,2.1535,0,0,0,Primary,T cell,T cell,16,FALSE,TRUE,TRUE,TRUE,FALSE,FALSE
HNSCC16_P12_HNSCC16_P12_H01,0,0,0.049631,0,0.1375,0,0,Primary,T cell,T cell,16,FALSE,FALSE,TRUE,FALSE,TRUE,FALSE
HNSCC16_P12_HNSCC16_P12_E04,0,0,0.066261,6.1514,0,0,0,Primary,T cell,T cell,16,FALSE,FALSE,TRUE,TRUE,FALSE,FALSE
HNSCC16_P12_HNSCC16_P12_D01,0,0,0,7.375,0,0,0,Primary,T cell,T cell,16,FALSE,FALSE,FALSE,TRUE,FALSE,FALSE
HNSCC16_P12_HNSCC16_P12_C02,0,0,0.060739,0,0,0,0,Primary,T cell,T cell,16,FALSE,FALSE,TRUE,FALSE,FALSE,FALSE
HNSCC16_P12_HNSCC16_P12_C09,0,0,0.13356,0,0,0,0,Primary,T cell,T cell,16,FALSE,FALSE,TRUE,FALSE,FALSE,FALSE
HNSCC16_P12_HNSCC16_P12_A03,0,0,0,6.3492,0,0,0,Primary,T cell,T cell,16,FALSE,FALSE,FALSE,TRUE,FALSE,FALSE
HNSCC16_P12_HNSCC16_P12_B08,0,5.637,0.063503,5.6235,0,0,0,Primary,T cell,T cell,16,FALSE,TRUE,TRUE,TRUE,FALSE,FALSE
HNSCC16_P12_HNSCC16_P12_B09,0,0,0.28096,0.31267,0,0,0,Primary,T cell,T cell,16,FALSE,FALSE,TRUE,TRUE,FALSE,FALSE
HNSCC16_P12_HNSCC16_P12_B12,0,0,0.079975,2.7353,0,0,0,Primary,T cell,T cell,16,FALSE,FALSE,TRUE,TRUE,FALSE,FALSE
HNSCC16_P12_HNSCC16_P12_G12,0,0,0,0,0,0,0,Primary,T cell,T cell,16,FALSE,FALSE,FALSE,FALSE,FALSE,FALSE
HNSCC16_P12_HNSCC16_P12_B11,0,0,0,5.0885,0,0,0,Primary,T cell,T cell,16,FALSE,FALSE,FALSE,TRUE,FALSE,FALSE
HNSCC16_P12_HNSCC16_P12_D08,0,0,0.066261,0,0,0,0,Primary,T cell,T cell,16,FALSE,FALSE,TRUE,FALSE,FALSE,FALSE
HNSCC16_P12_HNSCC16_P12_C05,0,4.9309,0,0.50589,0,0,0,Primary,T cell,T cell,16,FALSE,TRUE,FALSE,TRUE,FALSE,FALSE
HNSCC16_P12_HNSCC16_P12_G09,0,0,0.05797,7.0844,0,0,0,Primary,T cell,T cell,16,FALSE,FALSE,TRUE,TRUE,FALSE,FALSE
HNSCC16_P12_HNSCC16_P12_A11,0,0,0,0,0,0,0,Primary,T cell,T cell,16,FALSE,FALSE,FALSE,FALSE,FALSE,FALSE
HNSCC16_P12_HNSCC16_P12_D02,0,0,0.088142,0,0.24245,0,0,Primary,T cell,T cell,16,FALSE,FALSE,TRUE,FALSE,TRUE,FALSE
HNSCC16_P12_HNSCC16_P12_H04,0,0,0.086784,0,0.23756,0,0,Primary,T cell,T cell,16,FALSE,FALSE,TRUE,FALSE,TRUE,FALSE
HNSCC16_P12_HNSCC16_P12_F02,0,0,0.12565,0,0,0,0,Primary,T cell,T cell,16,FALSE,FALSE,TRUE,FALSE,FALSE,FALSE
HNSCC16_P12_HNSCC16_P12_E05,0,0,0,0,1.0215,0.62012,0,Primary,T cell,T cell,16,FALSE,FALSE,FALSE,FALSE,TRUE,TRUE
HNSCC16_P12_HNSCC16_P12_G01,0,0,0.23511,0,0,0,0,Primary,T cell,T cell,16,FALSE,FALSE,TRUE,FALSE,FALSE,FALSE
HNSCC16_P12_HNSCC16_P12_A09,0,0,0.04684,6.1512,0,0,0,Primary,T cell,T cell,16,FALSE,FALSE,TRUE,TRUE,FALSE,FALSE
HNSCC16_P12_HNSCC16_P12_A01,0,0.060739,0,8.0595,0.31499,4.2898,0,Primary,T cell,T cell,16,FALSE,TRUE,FALSE,TRUE,TRUE,TRUE
HNSCC16_P12_HNSCC16_P12_E12,0,0,0.097611,8.0865,0,0,0,Primary,T cell,T cell,16,FALSE,FALSE,TRUE,TRUE,FALSE,FALSE
HNSCC16_P12_HNSCC16_P12_C08,0,0,0.10836,6.9914,0,0,0,Primary,T cell,T cell,16,FALSE,FALSE,TRUE,TRUE,FALSE,FALSE
HNSCC16_P12_HNSCC16_P12_D03,0,0,0,6.8449,0.21909,0,0,Primary,T cell,T cell,16,FALSE,FALSE,FALSE,TRUE,TRUE,FALSE
HNSCC16_P12_HNSCC16_P12_B10,0,0,0,6.2909,0,0,0,Primary,T cell,T cell,16,FALSE,FALSE,FALSE,TRUE,FALSE,FALSE
HNSCC16_P12_HNSCC16_P12_G10,0,0,0.24489,7.6944,0,0,0,Primary,T cell,T cell,16,FALSE,FALSE,TRUE,TRUE,FALSE,FALSE
HNSCC16_P12_HNSCC16_P12_F09,0,0,0.16607,6.9212,0,0,0,Primary,T cell,T cell,16,FALSE,FALSE,TRUE,TRUE,FALSE,FALSE
HNSCC16_P12_HNSCC16_P12_F07,0,0,0,0,0.1635,0,0,Primary,T cell,T cell,16,FALSE,FALSE,FALSE,FALSE,TRUE,FALSE
HNSCC16_P12_HNSCC16_P12_A08,0,0,0,7.2345,0,0,0,Primary,T cell,T cell,16,FALSE,FALSE,FALSE,TRUE,FALSE,FALSE
HNSCC16_P12_HNSCC16_P12_E10,0,0,0.19787,0,0,0,0,Primary,T cell,T cell,16,FALSE,FALSE,TRUE,FALSE,FALSE,FALSE
HNSCC16_P12_HNSCC16_P12_G11,0,0,0.064883,5.1876,0,0,0,Primary,T cell,T cell,16,FALSE,FALSE,TRUE,TRUE,FALSE,FALSE
HNSCC16_P12_HNSCC16_P12_G06,0,0,0.038436,0,0,0,0,Primary,T cell,T cell,16,FALSE,FALSE,TRUE,FALSE,FALSE,FALSE
HNSCC16_P12_HNSCC16_P12_G04,0,0,0.059355,0,0,0,0,Primary,T cell,T cell,16,FALSE,FALSE,TRUE,FALSE,FALSE,FALSE
HNSCC16_P12_HNSCC16_P12_E06,0,0,0,6.1645,0,0,0,Primary,T cell,T cell,16,FALSE,FALSE,FALSE,TRUE,FALSE,FALSE
HNSCC16_P12_HNSCC16_P12_B02,0,0,0.059355,0.18903,0,0,0,Primary,T cell,T cell,16,FALSE,FALSE,TRUE,TRUE,FALSE,FALSE
HNSCC16_P12_HNSCC16_P12_B06,5.6566,0,0.067639,6.3739,0,0,0,Primary,T cell,T cell,16,TRUE,FALSE,TRUE,TRUE,FALSE,FALSE
HNSCC16_P12_HNSCC16_P12_C03,0,0.056584,0.13881,3.4011,0,0,0,Primary,T cell,T cell,16,FALSE,TRUE,TRUE,TRUE,FALSE,FALSE
HNSCC16_P12_HNSCC16_P12_A05,0,0,0,0,0,0,0,Primary,T cell,T cell,16,FALSE,FALSE,FALSE,FALSE,FALSE,FALSE
HNSCC16_P12_HNSCC16_P12_E01,0,0,0.11237,0,0,0,0,Primary,T cell,T cell,16,FALSE,FALSE,TRUE,FALSE,FALSE,FALSE
HNSCC16_P12_HNSCC16_P12_H11,0,0,0,0,0,0,0,Primary,T cell,T cell,16,FALSE,FALSE,FALSE,FALSE,FALSE,FALSE
HNSCC16_P12_HNSCC16_P12_B01,0,0,0,6.0877,0,0,0,Primary,T cell,T cell,16,FALSE,FALSE,FALSE,TRUE,FALSE,FALSE
HNSCC16_P12_HNSCC16_P12_D11,0,0,0.2228,6.5022,0,0,0,Primary,T cell,T cell,16,FALSE,FALSE,TRUE,TRUE,FALSE,FALSE
HNSCC16_P12_HNSCC16_P12_E11,0,0,0.14012,8.2892,0,0,0,Primary,T cell,T cell,16,FALSE,FALSE,TRUE,TRUE,FALSE,FALSE
HNSCC16_P12_HNSCC16_P12_H05,0,0,0.2461,0,0.7277,0.59646,0,Primary,T cell,T cell,16,FALSE,FALSE,TRUE,FALSE,TRUE,TRUE
HNSCC16_P12_HNSCC16_P12_F08,0,0,0,0,0,0,0,Primary,T cell,T cell,16,FALSE,FALSE,FALSE,FALSE,FALSE,FALSE
HNSCC16_P12_HNSCC16_P12_G02,0,1.8734,0.29042,0,0,0,0,Primary,T cell,T cell,16,FALSE,TRUE,TRUE,FALSE,FALSE,FALSE
HNSCC16_P12_HNSCC16_P12_F04,0,0,0,6.2426,0,0.12829,0,Primary,T cell,T cell,16,FALSE,FALSE,FALSE,TRUE,FALSE,TRUE
HNSCC16_P12_HNSCC16_P12_E07,0,0,0.20789,7.0806,0,0,0,Primary,T cell,T cell,16,FALSE,FALSE,TRUE,TRUE,FALSE,FALSE
HNSCC16_P12_HNSCC16_P12_C11,0,5.2025,0,0,0,0,0,Primary,T cell,T cell,16,FALSE,TRUE,FALSE,FALSE,FALSE,FALSE
HNSCC16_P12_HNSCC16_P12_E09,0,0,0,6.908,0,0,0,Primary,T cell,T cell,16,FALSE,FALSE,FALSE,TRUE,FALSE,FALSE
HNSCC16_P12_HNSCC16_P12_F10,0,0,0.060739,7.5102,0,0,0,Primary,T cell,T cell,16,FALSE,FALSE,TRUE,TRUE,FALSE,FALSE
HNSCC16_P12_HNSCC16_P12_B07,0,6.2471,0.073135,6.5832,0,0,0,Primary,T cell,T cell,16,FALSE,TRUE,TRUE,TRUE,FALSE,FALSE
HNSCC16_P12_HNSCC16_P12_D09,0,0,0,7.5368,0,0,0,Primary,T cell,T cell,16,FALSE,FALSE,FALSE,TRUE,FALSE,FALSE
HNSCC16_P12_HNSCC16_P12_A07,0,0,5.0264,7.1763,0,0,0,Primary,T cell,T cell,16,FALSE,FALSE,TRUE,TRUE,FALSE,FALSE
HNSCC16_P12_HNSCC16_P12_D07,0,0,0,0,0,0,0,Primary,T cell,T cell,16,FALSE,FALSE,FALSE,FALSE,FALSE,FALSE
HNSCC16_P12_HNSCC16_P12_B05,0,0,0.14274,0,0.20163,0,0,Primary,T cell,T cell,16,FALSE,FALSE,TRUE,FALSE,TRUE,FALSE
HNSCC16_P12_HNSCC16_P12_G08,0,0,0,0,0,0,0,Primary,T cell,T cell,16,FALSE,FALSE,FALSE,FALSE,FALSE,FALSE
HNSCC16_P12_HNSCC16_P12_C12,0,0,0.051024,8.4691,0,0,0,Primary,T cell,T cell,16,FALSE,FALSE,TRUE,TRUE,FALSE,FALSE
HNSCC16_P12_HNSCC16_P12_H02,0,0,0.18523,7.1083,0,0.18523,0,Primary,T cell,T cell,16,FALSE,FALSE,TRUE,TRUE,FALSE,TRUE
HNSCC16_P12_HNSCC16_P12_F03,0,0,0.082703,0,0,0,0,Primary,T cell,T cell,16,FALSE,FALSE,TRUE,FALSE,FALSE,FALSE
HNSCC16_P12_HNSCC16_P12_D10,0,0,0,6.5084,0,0,0,Primary,T cell,T cell,16,FALSE,FALSE,FALSE,TRUE,FALSE,FALSE
HNSCC16_P12_HNSCC16_P12_H10,0,0,0,0,0,0,0,Primary,T cell,T cell,16,FALSE,FALSE,FALSE,FALSE,FALSE,FALSE
HNSCC16_P12_HNSCC16_P12_A06,0,0,0.082703,7.2122,0,0,0,Primary,T cell,T cell,16,FALSE,FALSE,TRUE,TRUE,FALSE,FALSE
HNSCC16_P12_HNSCC16_P12_C10,0,0,0.075875,0,0,0,0,Primary,T cell,T cell,16,FALSE,FALSE,TRUE,FALSE,FALSE,FALSE
HNSCC16_P12_HNSCC16_P12_C04,0,0,0,0,0,0,0,Primary,T cell,T cell,16,FALSE,FALSE,FALSE,FALSE,FALSE,FALSE
HNSCC16_P12_HNSCC16_P12_F05,0,0,0,6.584,0,0,0,Primary,T cell,T cell,16,FALSE,FALSE,FALSE,TRUE,FALSE,FALSE
HNSCC16_P12_HNSCC16_P12_A04,0,0,0,0,5.8378,0,0,Primary,T cell,T cell,16,FALSE,FALSE,FALSE,FALSE,TRUE,FALSE
HNSCC16_P12_HNSCC16_P12_F11,0,0,0.07861,0.16864,0,0,0,Primary,T cell,T cell,16,FALSE,FALSE,TRUE,TRUE,FALSE,FALSE
HNSCC16_P12_HNSCC16_P12_C06,0,0,0,4.4322,0,0,0,Primary,T cell,T cell,16,FALSE,FALSE,FALSE,TRUE,FALSE,FALSE
HNSCC16_P12_HNSCC16_P12_B03,0,0,0.13488,0,0,0,0,Primary,T cell,T cell,16,FALSE,FALSE,TRUE,FALSE,FALSE,FALSE
HNSCC16_P12_HNSCC16_P12_H06,0,0,0,6.5143,0,0,0,Primary,T cell,T cell,16,FALSE,FALSE,FALSE,TRUE,FALSE,FALSE
HNSCC16_P12_HNSCC16_P12_D04,0,0,0,6.5834,0,0,0,Primary,T cell,T cell,16,FALSE,FALSE,FALSE,TRUE,FALSE,FALSE
HNSCC16_P12_HNSCC16_P12_H03,0,3.2713,0,6.2617,0,0,0,Primary,T cell,T cell,16,FALSE,TRUE,FALSE,TRUE,FALSE,FALSE
HNSCC16_P12_HNSCC16_P12_A02,0,0,0,6.7522,0,0,0,Primary,T cell,T cell,16,FALSE,FALSE,FALSE,TRUE,FALSE,FALSE
HNSCC16_P12_HNSCC16_P12_G07,0,0,0.051024,2.8369,0,0,0,Primary,T cell,T cell,16,FALSE,FALSE,TRUE,TRUE,FALSE,FALSE
HNSCC16_P12_HNSCC16_P12_F06,0,0,0,0,0,0,0,Primary,T cell,T cell,16,FALSE,FALSE,FALSE,FALSE,FALSE,FALSE
HNSCC16_P12_HNSCC16_P12_E03,0,0,0.08134,0,0,0,0,Primary,T cell,T cell,16,FALSE,FALSE,TRUE,FALSE,FALSE,FALSE
HNSCC16_P12_HNSCC16_P12_H12,0,0,0.21039,0,0,0,0,Primary,T cell,T cell,16,FALSE,FALSE,TRUE,FALSE,FALSE,FALSE
HNSCC16_P12_HNSCC16_P12_F12,0,0,0,7.037,0,0,0,Primary,T cell,T cell,16,FALSE,FALSE,FALSE,TRUE,FALSE,FALSE
HNSCC_combo1_HNSCC_ComboP1_F11,0,0,0.086784,6.3772,0,0,0,Primary,T cell,T cell,NA,FALSE,FALSE,TRUE,TRUE,FALSE,FALSE
HNSCC_combo1_HNSCC_ComboP1_C11,0,0,0.20414,0,0,0,0,Primary,T cell,T cell,NA,FALSE,FALSE,TRUE,FALSE,FALSE,FALSE
HNSCC_combo1_HNSCC_ComboP1_F10,0,0,0,7.2353,0,0,0,Primary,T cell,T cell,NA,FALSE,FALSE,FALSE,TRUE,FALSE,FALSE
HNSCC_combo1_HNSCC_ComboP1_F01,4.669,3.1489,6.6564,7.0591,12.074,9.2148,1,Primary,0,Cancer cells,NA,TRUE,TRUE,TRUE,TRUE,TRUE,TRUE
HNSCC_combo1_HNSCC_ComboP1_D03,3.4814,3.9697,6.9828,5.8563,12.486,10.002,1,Primary,0,Cancer cells,NA,TRUE,TRUE,TRUE,TRUE,TRUE,TRUE
HNSCC_combo1_HNSCC_ComboP1_F02,0,0,0,6.4513,0,0,0,Primary,Fibroblast,Fibroblast,NA,FALSE,FALSE,FALSE,TRUE,FALSE,FALSE
HNSCC_combo1_HNSCC_ComboP1_A11,0.25338,0,0.31846,1.0314,0,0,0,Primary,T cell,T cell,NA,TRUE,FALSE,TRUE,TRUE,FALSE,FALSE
HNSCC_combo1_HNSCC_ComboP1_C08,0,4.2213,3.2572,0,10.657,7.7019,1,Primary,0,Cancer cells,NA,FALSE,TRUE,TRUE,FALSE,TRUE,TRUE
HNSCC_combo1_HNSCC_ComboP1_G09,0,0,0,0,5.7903,0,0,Primary,T cell,T cell,NA,FALSE,FALSE,FALSE,FALSE,TRUE,FALSE
HNSCC_combo1_HNSCC_ComboP1_E03,0,0,0.094912,7.4177,0.66812,0,0,Primary,Fibroblast,Fibroblast,NA,FALSE,FALSE,TRUE,TRUE,TRUE,FALSE
HNSCC_combo1_HNSCC_ComboP1_E01,3.569,1.2135,0.086784,4.3638,11.652,7.7825,0,Primary,0,0,NA,TRUE,TRUE,TRUE,TRUE,TRUE,TRUE
HNSCC_combo1_HNSCC_ComboP1_F12,0,0,0,5.806,0,0,0,Primary,T cell,T cell,NA,FALSE,FALSE,FALSE,TRUE,FALSE,FALSE
HNSCC_combo1_HNSCC_ComboP1_B08,4.3585,5.371,7.6541,3.7909,11.365,10.477,1,Primary,0,Cancer cells,NA,TRUE,TRUE,TRUE,TRUE,TRUE,TRUE
HNSCC_combo1_HNSCC_ComboP1_G12,0,0,0.18142,0,0,0,0,Primary,T cell,T cell,NA,FALSE,FALSE,TRUE,FALSE,FALSE,FALSE
HNSCC_combo1_HNSCC_ComboP1_B09,0,0,0,0,0,0,0,Primary,T cell,T cell,NA,FALSE,FALSE,FALSE,FALSE,FALSE,FALSE
HNSCC_combo1_HNSCC_ComboP1_H02,0,2.9424,0,7.4192,0,6.3424,0,Primary,0,0,NA,FALSE,TRUE,FALSE,TRUE,FALSE,TRUE
HNSCC_combo1_HNSCC_ComboP1_C03,6.3456,0,0.1137,0.21661,10.952,9.6922,0,Primary,0,0,NA,TRUE,FALSE,TRUE,TRUE,TRUE,TRUE
HNSCC_combo1_HNSCC_ComboP1_G01,3.4463,0,0,7.8952,0.14926,0,0,Primary,Fibroblast,Fibroblast,NA,TRUE,FALSE,FALSE,TRUE,TRUE,FALSE
HNSCC_combo1_HNSCC_ComboP1_A07,0,0,0.074505,8.1184,0,0,0,Primary,Mast,Mast,NA,FALSE,FALSE,TRUE,TRUE,FALSE,FALSE
HNSCC_combo1_HNSCC_ComboP1_A10,0,0,0.22404,0,0,0,0,Primary,T cell,T cell,NA,FALSE,FALSE,TRUE,FALSE,FALSE,FALSE
HNSCC_combo1_HNSCC_ComboP1_D06,5.9653,4.0363,6.9846,0,11.658,12.767,1,Primary,0,Cancer cells,NA,TRUE,TRUE,TRUE,FALSE,TRUE,TRUE
HNSCC_combo1_HNSCC_ComboP1_F07,0,0,0,7.2675,0.15963,0.16607,0,Primary,Mast,Mast,NA,FALSE,FALSE,FALSE,TRUE,TRUE,TRUE
HNSCC_combo1_HNSCC_ComboP1_A03,7.011,0,0,7.43,0,0,0,Primary,Fibroblast,Fibroblast,NA,TRUE,FALSE,FALSE,TRUE,FALSE,FALSE
HNSCC_combo1_HNSCC_ComboP1_G10,0,0,0,7.2822,0,0,0,Primary,Macrophage,Macrophage,NA,FALSE,FALSE,FALSE,TRUE,FALSE,FALSE
HNSCC_combo1_HNSCC_ComboP1_B02,7.6532,0.43723,0,9.0018,0,0,0,Primary,Fibroblast,Fibroblast,NA,TRUE,TRUE,FALSE,TRUE,FALSE,FALSE
HNSCC_combo1_HNSCC_ComboP1_D11,0,0,0,7.0021,0,0,0,Primary,T cell,T cell,NA,FALSE,FALSE,FALSE,TRUE,FALSE,FALSE
HNSCC_combo1_HNSCC_ComboP1_G07,5.5582,0,0,7.2123,0,0,0,Primary,Fibroblast,Fibroblast,NA,TRUE,FALSE,FALSE,TRUE,FALSE,FALSE
HNSCC_combo1_HNSCC_ComboP1_F03,4.4496,0,0,6.844,0,0,0,Primary,Fibroblast,Fibroblast,NA,TRUE,FALSE,FALSE,TRUE,FALSE,FALSE
HNSCC_combo1_HNSCC_ComboP1_C12,0,0,0,6.0655,0,0,0,Primary,T cell,T cell,NA,FALSE,FALSE,FALSE,TRUE,FALSE,FALSE
HNSCC_combo1_HNSCC_ComboP1_E06,0,0,0.073135,5.9157,0,0,0,Primary,Fibroblast,Fibroblast,NA,FALSE,FALSE,TRUE,TRUE,FALSE,FALSE
HNSCC_combo1_HNSCC_ComboP1_E10,0,0,0.062122,5.3009,0.5656,0.2228,0,Primary,T cell,T cell,NA,FALSE,FALSE,TRUE,TRUE,TRUE,TRUE
HNSCC_combo1_HNSCC_ComboP1_D01,0,0,0,7.0445,0,0,0,Primary,Fibroblast,Fibroblast,NA,FALSE,FALSE,FALSE,TRUE,FALSE,FALSE
HNSCC_combo1_HNSCC_ComboP1_H01,0,5.0672,0,8.0332,0,0,0,Primary,Dendritic,Dendritic,NA,FALSE,TRUE,FALSE,TRUE,FALSE,FALSE
HNSCC_combo1_HNSCC_ComboP1_C04,3.4433,3.6595,6.5017,4.6301,11.878,9.5746,1,Primary,0,Cancer cells,NA,TRUE,TRUE,TRUE,TRUE,TRUE,TRUE
HNSCC_combo1_HNSCC_ComboP1_D09,0,0,0,0,0,0,0,Primary,T cell,T cell,NA,FALSE,FALSE,FALSE,FALSE,FALSE,FALSE
HNSCC_combo1_HNSCC_ComboP1_B03,3.7054,3.4396,4.2906,5.3334,11.4,10.351,1,Primary,0,Cancer cells,NA,TRUE,TRUE,TRUE,TRUE,TRUE,TRUE
HNSCC_combo1_HNSCC_ComboP1_B01,0,0,1.629,6.7748,0,0,0,Primary,Fibroblast,Fibroblast,NA,FALSE,FALSE,TRUE,TRUE,FALSE,FALSE
HNSCC_combo1_HNSCC_ComboP1_F04,5.7794,6.6644,7.5489,4.1834,11.053,7.7755,1,Primary,0,Cancer cells,NA,TRUE,TRUE,TRUE,TRUE,TRUE,TRUE
HNSCC_combo1_HNSCC_ComboP1_G05,6.823,0,0.10299,7.4529,0,0,0,Primary,Fibroblast,Fibroblast,NA,TRUE,FALSE,TRUE,TRUE,FALSE,FALSE
HNSCC_combo1_HNSCC_ComboP1_B07,0,0,0,6.7762,0,0,0,Primary,Fibroblast,Fibroblast,NA,FALSE,FALSE,FALSE,TRUE,FALSE,FALSE
HNSCC_combo1_HNSCC_ComboP1_D08,5.7291,0,4.5085,0,11.66,9.6611,1,Primary,0,Cancer cells,NA,TRUE,FALSE,TRUE,FALSE,TRUE,TRUE
HNSCC_combo1_HNSCC_ComboP1_G04,0.61542,0,4.8492,0,12.526,9.5634,1,Primary,0,Cancer cells,NA,TRUE,FALSE,TRUE,FALSE,TRUE,TRUE
HNSCC_combo1_HNSCC_ComboP1_D05,0,0,0,2.6717,0.68885,0,0,Primary,Fibroblast,Fibroblast,NA,FALSE,FALSE,FALSE,TRUE,TRUE,FALSE
HNSCC_combo1_HNSCC_ComboP1_A02,0,0,0,8.3258,0,0,0,Primary,Fibroblast,Fibroblast,NA,FALSE,FALSE,FALSE,TRUE,FALSE,FALSE
HNSCC_combo1_HNSCC_ComboP1_C02,0,4.6403,0,6.2246,0,0,0,Primary,Mast,Mast,NA,FALSE,TRUE,FALSE,TRUE,FALSE,FALSE
HNSCC_combo1_HNSCC_ComboP1_G03,2.1167,0,5.0753,4.2919,11.533,9.5509,1,Primary,0,Cancer cells,NA,TRUE,FALSE,TRUE,TRUE,TRUE,TRUE
HNSCC_combo1_HNSCC_ComboP1_C07,0,0,4.8822,0,11.426,9.9228,1,Primary,0,Cancer cells,NA,FALSE,FALSE,TRUE,FALSE,TRUE,TRUE
HNSCC_combo1_HNSCC_ComboP1_C06,2.8826,3.4088,5.2899,4.6372,11.195,8.4293,1,Primary,0,Cancer cells,NA,TRUE,TRUE,TRUE,TRUE,TRUE,TRUE
HNSCC_combo1_HNSCC_ComboP1_E08,0,4.2471,5.5599,0,11.87,10.687,1,Primary,0,Cancer cells,NA,FALSE,TRUE,TRUE,FALSE,TRUE,TRUE
HNSCC_combo1_HNSCC_ComboP1_B11,0,0,0.24001,7.0042,0.33571,0,0,Primary,T cell,T cell,NA,FALSE,FALSE,TRUE,TRUE,TRUE,FALSE
HNSCC_combo1_HNSCC_ComboP1_A04,0.6397,0,0.086784,7.7406,0,0,0,Primary,Fibroblast,Fibroblast,NA,TRUE,FALSE,TRUE,TRUE,FALSE,FALSE
HNSCC_combo1_HNSCC_ComboP1_C10,0,0,0,7.3252,0,0,0,Primary,T cell,T cell,NA,FALSE,FALSE,FALSE,TRUE,FALSE,FALSE
HNSCC_combo1_HNSCC_ComboP1_A06,0,0,0,7.2617,0,0,0,Primary,Fibroblast,Fibroblast,NA,FALSE,FALSE,FALSE,TRUE,FALSE,FALSE
HNSCC_combo1_HNSCC_ComboP1_C05,0.57337,0,7.8561,7.5373,10.49,10.916,1,Primary,0,Cancer cells,NA,TRUE,FALSE,TRUE,TRUE,TRUE,TRUE
HNSCC_combo1_HNSCC_ComboP1_E02,0,0,0,6.3411,0,0,0,Primary,Mast,Mast,NA,FALSE,FALSE,FALSE,TRUE,FALSE,FALSE
HNSCC_combo2_HNSCC_ComboP2_C08,0,0,0.090853,5.3424,0,0.48336,0,Lymph node,T cell,T cell,NA,FALSE,FALSE,TRUE,TRUE,FALSE,TRUE
HNSCC_combo2_HNSCC_ComboP2_C04,0,6.6317,0,8.7255,0,0,0,Primary,T cell,T cell,NA,FALSE,TRUE,FALSE,TRUE,FALSE,FALSE
HNSCC_combo2_HNSCC_ComboP2_E01,0,0,0.063503,0.6663,1.0314,0,0,Primary,T cell,T cell,NA,FALSE,FALSE,TRUE,TRUE,TRUE,FALSE
HNSCC_combo2_HNSCC_ComboP2_H08,0,0,0.15056,5.8447,0,0.8844,0,Lymph node,Fibroblast,Fibroblast,NA,FALSE,FALSE,TRUE,TRUE,FALSE,TRUE
HNSCC_combo2_HNSCC_ComboP2_F04,0,0,0.098958,1.5266,0,0,0,Primary,T cell,T cell,NA,FALSE,FALSE,TRUE,TRUE,FALSE,FALSE
HNSCC_combo2_HNSCC_ComboP2_C03,0,0,0,0,0,0,0,Primary,T cell,T cell,NA,FALSE,FALSE,FALSE,FALSE,FALSE,FALSE
HNSCC_combo2_HNSCC_ComboP2_G01,0,0,0.15963,8.003,0,0,0,Primary,Mast,Mast,NA,FALSE,FALSE,TRUE,TRUE,FALSE,FALSE
HNSCC_combo2_HNSCC_ComboP2_G10,5.8243,0,0,0,9.9085,9.148,0,Primary,0,0,NA,TRUE,FALSE,FALSE,FALSE,TRUE,TRUE
HNSCC_combo2_HNSCC_ComboP2_D09,0,0,0,0,11.671,5.6578,0,Primary,0,0,NA,FALSE,FALSE,FALSE,FALSE,TRUE,TRUE
HNSCC_combo2_HNSCC_ComboP2_H02,0,0,0,0,0,0,0,Primary,T cell,T cell,NA,FALSE,FALSE,FALSE,FALSE,FALSE,FALSE
HNSCC_combo2_HNSCC_ComboP2_A05,0,0,0,7.7145,0,0,0,Lymph node,B cell,B cell,NA,FALSE,FALSE,FALSE,TRUE,FALSE,FALSE
HNSCC_combo2_HNSCC_ComboP2_A07,0,0,0,0,0,0,0,Lymph node,B cell,B cell,NA,FALSE,FALSE,FALSE,FALSE,FALSE,FALSE
HNSCC_combo2_HNSCC_ComboP2_B04,0,0,0,0,0,0,0,Primary,T cell,T cell,NA,FALSE,FALSE,FALSE,FALSE,FALSE,FALSE
HNSCC_combo2_HNSCC_ComboP2_G07,0,0,0,5.9329,0.5724,0,0,Lymph node,B cell,B cell,NA,FALSE,FALSE,FALSE,TRUE,TRUE,FALSE
HNSCC_combo2_HNSCC_ComboP2_A01,0,0,0,7.2007,0,0,0,Primary,T cell,T cell,NA,FALSE,FALSE,FALSE,TRUE,FALSE,FALSE
HNSCC_combo2_HNSCC_ComboP2_C05,0,0,0,5.118,0,0,0,Lymph node,B cell,B cell,NA,FALSE,FALSE,FALSE,TRUE,FALSE,FALSE
HNSCC_combo2_HNSCC_ComboP2_D08,5.0379,0,0.062122,5.9754,0.33342,0,0,Lymph node,#NAME?,#NAME?,NA,TRUE,FALSE,TRUE,TRUE,TRUE,FALSE
HNSCC_combo2_HNSCC_ComboP2_H06,0,0,0,0.93206,0,0,0,Lymph node,Mast,Mast,NA,FALSE,FALSE,FALSE,TRUE,FALSE,FALSE
HNSCC_combo2_HNSCC_ComboP2_D04,0,0,0.21164,0,0,0,0,Primary,T cell,T cell,NA,FALSE,FALSE,TRUE,FALSE,FALSE,FALSE
HNSCC_combo2_HNSCC_ComboP2_E10,5.363,0,5.3916,0,8.1705,10.902,0,Primary,0,0,NA,TRUE,FALSE,TRUE,FALSE,TRUE,TRUE
HNSCC_combo2_HNSCC_ComboP2_F07,0,0,0,7.2811,0,0,0,Lymph node,Fibroblast,Fibroblast,NA,FALSE,FALSE,FALSE,TRUE,FALSE,FALSE
HNSCC_combo2_HNSCC_ComboP2_E05,0,0,0,0,0,0,0,Lymph node,B cell,B cell,NA,FALSE,FALSE,FALSE,FALSE,FALSE,FALSE
HNSCC_combo2_HNSCC_ComboP2_B09,0,0,0.082703,0,9.9699,8.5998,0,Primary,0,0,NA,FALSE,FALSE,TRUE,FALSE,TRUE,TRUE
HNSCC_combo2_HNSCC_ComboP2_G06,4.6781,0,0.066261,7.0777,0,0,0,Lymph node,Fibroblast,Fibroblast,NA,TRUE,FALSE,TRUE,TRUE,FALSE,FALSE
HNSCC_combo2_HNSCC_ComboP2_A08,0,0,0,0.20539,0,0,0,Lymph node,T cell,T cell,NA,FALSE,FALSE,FALSE,TRUE,FALSE,FALSE
HNSCC_combo2_HNSCC_ComboP2_B01,0,0,0,2.07,0,0,0,Primary,T cell,T cell,NA,FALSE,FALSE,FALSE,TRUE,FALSE,FALSE
HNSCC_combo2_HNSCC_ComboP2_G03,0,0,0,1.5583,0,0,0,Primary,T cell,T cell,NA,FALSE,FALSE,FALSE,TRUE,FALSE,FALSE
HNSCC_combo2_HNSCC_ComboP2_C06,0,0,0,0,0,0,0,Lymph node,0,0,NA,FALSE,FALSE,FALSE,FALSE,FALSE,FALSE
HNSCC_combo2_HNSCC_ComboP2_D12,3.7445,0,0,0,0.40599,0.15445,0,Primary,0,0,NA,TRUE,FALSE,FALSE,FALSE,TRUE,TRUE
HNSCC_combo2_HNSCC_ComboP2_A04,0,5.5501,0,5.311,0,0,0,Primary,Macrophage,Macrophage,NA,FALSE,TRUE,FALSE,TRUE,FALSE,FALSE
HNSCC_combo2_HNSCC_ComboP2_E06,0,0,0.29514,7.7557,0,0,0,Lymph node,B cell,B cell,NA,FALSE,FALSE,TRUE,TRUE,FALSE,FALSE
HNSCC_combo2_HNSCC_ComboP2_D01,0,0,0,7.2835,0,0,0,Primary,T cell,T cell,NA,FALSE,FALSE,FALSE,TRUE,FALSE,FALSE
HNSCC_combo2_HNSCC_ComboP2_B02,0,0,0,8.6618,0,0,0,Primary,T cell,T cell,NA,FALSE,FALSE,FALSE,TRUE,FALSE,FALSE
HNSCC_combo2_HNSCC_ComboP2_A10,6.5263,0,6.3794,0,9.5955,9.6861,0,Primary,0,0,NA,TRUE,FALSE,TRUE,FALSE,TRUE,TRUE
HNSCC_combo2_HNSCC_ComboP2_B05,0,0,0,7.2849,0,0,0,Lymph node,B cell,B cell,NA,FALSE,FALSE,FALSE,TRUE,FALSE,FALSE
HNSCC_combo2_HNSCC_ComboP2_B03,0,0,0,8.9387,0,0,0,Primary,T cell,T cell,NA,FALSE,FALSE,FALSE,TRUE,FALSE,FALSE
HNSCC_combo2_HNSCC_ComboP2_E07,0,0,0,0,0,0,0,Lymph node,B cell,B cell,NA,FALSE,FALSE,FALSE,FALSE,FALSE,FALSE
HNSCC_combo2_HNSCC_ComboP2_D05,0,0,0,0,0,0,0,Lymph node,B cell,B cell,NA,FALSE,FALSE,FALSE,FALSE,FALSE,FALSE
HNSCC_combo2_HNSCC_ComboP2_B06,0,0,0,6.9523,0,0,0,Lymph node,B cell,B cell,NA,FALSE,FALSE,FALSE,TRUE,FALSE,FALSE
HNSCC_combo2_HNSCC_ComboP2_A09,0,0,0,0,0.27501,0.72857,0,Primary,Fibroblast,Fibroblast,NA,FALSE,FALSE,FALSE,FALSE,TRUE,TRUE
HNSCC_combo2_HNSCC_ComboP2_F08,0,0,0,0,1.1077,0.26424,0,Lymph node,T cell,T cell,NA,FALSE,FALSE,FALSE,FALSE,TRUE,TRUE
HNSCC_combo2_HNSCC_ComboP2_H04,0,0,0,0,0.72247,0,0,Primary,T cell,T cell,NA,FALSE,FALSE,FALSE,FALSE,TRUE,FALSE
HNSCC_combo2_HNSCC_ComboP2_D02,0,0,0,6.1986,0,0,0,Primary,Macrophage,Macrophage,NA,FALSE,FALSE,FALSE,TRUE,FALSE,FALSE
HNSCC_combo2_HNSCC_ComboP2_E02,0,0,0,8.0319,0,0,0,Primary,T cell,T cell,NA,FALSE,FALSE,FALSE,TRUE,FALSE,FALSE
HNSCC_combo2_HNSCC_ComboP2_H03,0,0,0,3.5259,0.35502,0,0,Primary,0,0,NA,FALSE,FALSE,FALSE,TRUE,TRUE,FALSE
HNSCC_combo2_HNSCC_ComboP2_A06,4.8023,4.274,0,5.8033,0,0,0,Lymph node,Fibroblast,Fibroblast,NA,TRUE,TRUE,FALSE,TRUE,FALSE,FALSE
HNSCC_combo2_HNSCC_ComboP2_A03,0,0,0,6.6216,0,0,0,Primary,T cell,T cell,NA,FALSE,FALSE,FALSE,TRUE,FALSE,FALSE
HNSCC_combo2_HNSCC_ComboP2_H07,0,0,0.27381,0,0,0,0,Lymph node,0,0,NA,FALSE,FALSE,TRUE,FALSE,FALSE,FALSE
HNSCC_combo2_HNSCC_ComboP2_C09,0,0,0,0.76808,11.027,10.571,0,Primary,0,0,NA,FALSE,FALSE,FALSE,TRUE,TRUE,TRUE
HNSCC_combo2_HNSCC_ComboP2_B07,0,0,0,0,0,0,0,Lymph node,0,0,NA,FALSE,FALSE,FALSE,FALSE,FALSE,FALSE
HNSCC_combo2_HNSCC_ComboP2_C10,5.5385,0,0,7.8865,0,0,0,Primary,Fibroblast,Fibroblast,NA,TRUE,FALSE,FALSE,TRUE,FALSE,FALSE
HNSCC_combo2_HNSCC_ComboP2_D10,0,0,0,0,9.1598,8.7758,0,Primary,0,0,NA,FALSE,FALSE,FALSE,FALSE,TRUE,TRUE
HNSCC_combo2_HNSCC_ComboP2_E04,0,0,0.24123,1.9968,0.34028,0,0,Primary,T cell,T cell,NA,FALSE,FALSE,TRUE,TRUE,TRUE,FALSE
HNSCC_combo2_HNSCC_ComboP2_D07,0,0,0,0,0,0,0,Lymph node,T cell,T cell,NA,FALSE,FALSE,FALSE,FALSE,FALSE,FALSE
HNSCC12_p19_HNSCC12_P19_F03,0,0,0.056584,7.502,0,0,0,Primary,T cell,T cell,12,FALSE,FALSE,TRUE,TRUE,FALSE,FALSE
HNSCC12_p19_HNSCC12_P19_G07,0,0,0.10568,0,0,0,0,Primary,T cell,T cell,12,FALSE,FALSE,TRUE,FALSE,FALSE,FALSE
HNSCC12_p19_HNSCC12_P19_G04,0,0,0.073135,0,0,0,0,Primary,T cell,T cell,12,FALSE,FALSE,TRUE,FALSE,FALSE,FALSE
HNSCC12_p19_HNSCC12_P19_E06,0,0,0.14666,0,0,0,0,Primary,T cell,T cell,12,FALSE,FALSE,TRUE,FALSE,FALSE,FALSE
HNSCC12_p19_HNSCC12_P19_B07,0,0,0.060739,3.5729,0,0,0,Primary,T cell,T cell,12,FALSE,FALSE,TRUE,TRUE,FALSE,FALSE
HNSCC12_p19_HNSCC12_P19_F02,0,0,0,0,0,0,0,Primary,T cell,T cell,12,FALSE,FALSE,FALSE,FALSE,FALSE,FALSE
HNSCC12_p19_HNSCC12_P19_E11,0,0,0,0,0,0,0,Primary,T cell,T cell,12,FALSE,FALSE,FALSE,FALSE,FALSE,FALSE
HNSCC12_p19_HNSCC12_P19_F10,0,0,0.049631,0,0,0,0,Primary,T cell,T cell,12,FALSE,FALSE,TRUE,FALSE,FALSE,FALSE
HNSCC12_p19_HNSCC12_P19_D08,0,0,0,8.3223,0,0,0,Primary,T cell,T cell,12,FALSE,FALSE,FALSE,TRUE,FALSE,FALSE
HNSCC12_p19_HNSCC12_P19_G05,0,0,0.044044,0,0,0,0,Primary,T cell,T cell,12,FALSE,FALSE,TRUE,FALSE,FALSE,FALSE
HNSCC12_p19_HNSCC12_P19_B01,0,0.30334,0,0,0,0,0,Primary,T cell,T cell,12,FALSE,TRUE,FALSE,FALSE,FALSE,FALSE
HNSCC12_p19_HNSCC12_P19_C09,0,0,0,5.4476,0,0,0,Primary,T cell,T cell,12,FALSE,FALSE,FALSE,TRUE,FALSE,FALSE
HNSCC12_p19_HNSCC12_P19_E10,0,0,0.18903,2.7377,0,0,0,Primary,T cell,T cell,12,FALSE,FALSE,TRUE,TRUE,FALSE,FALSE
HNSCC12_p19_HNSCC12_P19_E09,0,0,0,4.0847,0,0,0,Primary,T cell,T cell,12,FALSE,FALSE,FALSE,TRUE,FALSE,FALSE
HNSCC12_p19_HNSCC12_P19_E07,0,0,0.074505,6.0173,0,0,0,Primary,T cell,T cell,12,FALSE,FALSE,TRUE,TRUE,FALSE,FALSE
HNSCC12_p19_HNSCC12_P19_D12,0,0,0,0,0,0,0,Primary,T cell,T cell,12,FALSE,FALSE,FALSE,FALSE,FALSE,FALSE
HNSCC12_p19_HNSCC12_P19_H10,0,0,0.11237,5.6144,0,0,0,Primary,T cell,T cell,12,FALSE,FALSE,TRUE,TRUE,FALSE,FALSE
HNSCC12_p19_HNSCC12_P19_G08,0,0,0.082703,6.8109,0,0,0,Primary,T cell,T cell,12,FALSE,FALSE,TRUE,TRUE,FALSE,FALSE
HNSCC12_p19_HNSCC12_P19_D09,0,0,0,6.5182,0,0,0,Primary,T cell,T cell,12,FALSE,FALSE,FALSE,TRUE,FALSE,FALSE
HNSCC12_p19_HNSCC12_P19_B08,0,0,0.067639,0,0,0,0,Primary,T cell,T cell,12,FALSE,FALSE,TRUE,FALSE,FALSE,FALSE
HNSCC12_p19_HNSCC12_P19_H09,0,0,0.055196,0,0,0,0,Primary,T cell,T cell,12,FALSE,FALSE,TRUE,FALSE,FALSE,FALSE
HNSCC12_p19_HNSCC12_P19_B05,0,0,0.066261,6.7758,0,0,0,Primary,T cell,T cell,12,FALSE,FALSE,TRUE,TRUE,FALSE,FALSE
HNSCC12_p19_HNSCC12_P19_G09,0,0,0,6.3159,0,0,0,Primary,T cell,T cell,12,FALSE,FALSE,FALSE,TRUE,FALSE,FALSE
HNSCC12_p19_HNSCC12_P19_B12,0,0,0,0,0,0,0,Primary,T cell,T cell,12,FALSE,FALSE,FALSE,FALSE,FALSE,FALSE
HNSCC12_p19_HNSCC12_P19_H11,0,0,0,0,0,0,0,Primary,T cell,T cell,12,FALSE,FALSE,FALSE,FALSE,FALSE,FALSE
HNSCC12_p19_HNSCC12_P19_H03,0,0,0.035624,6.8892,0,0,0,Primary,T cell,T cell,12,FALSE,FALSE,TRUE,TRUE,FALSE,FALSE
HNSCC12_p19_HNSCC12_P19_G03,0,0,0.029983,2.3752,0,0,0,Primary,T cell,T cell,12,FALSE,FALSE,TRUE,TRUE,FALSE,FALSE
HNSCC12_p19_HNSCC12_P19_E02,0,0,0.13356,6.0146,0,0,0,Primary,T cell,T cell,12,FALSE,FALSE,TRUE,TRUE,FALSE,FALSE
HNSCC12_p19_HNSCC12_P19_F07,0,0,0.13093,7.2549,0,0,0,Primary,T cell,T cell,12,FALSE,FALSE,TRUE,TRUE,FALSE,FALSE
HNSCC12_p19_HNSCC12_P19_B06,0,0,0,0,0,0,0,Primary,T cell,T cell,12,FALSE,FALSE,FALSE,FALSE,FALSE,FALSE
HNSCC12_p19_HNSCC12_P19_C05,0,0,0,0,0,0,0,Primary,T cell,T cell,12,FALSE,FALSE,FALSE,FALSE,FALSE,FALSE
HNSCC12_p19_HNSCC12_P19_H07,0,0,0.24123,0,0,0,0,Primary,T cell,T cell,12,FALSE,FALSE,TRUE,FALSE,FALSE,FALSE
HNSCC12_p19_HNSCC12_P19_E12,0,0,0,0,0,0.32423,0,Primary,T cell,T cell,12,FALSE,FALSE,FALSE,FALSE,FALSE,TRUE
HNSCC12_p19_HNSCC12_P19_E03,0,4.5525,0.059355,0,0,0,0,Primary,T cell,T cell,12,FALSE,TRUE,TRUE,FALSE,FALSE,FALSE
HNSCC12_p19_HNSCC12_P19_A09,0,0,0,7.8194,0,0,0,Primary,T cell,T cell,12,FALSE,FALSE,FALSE,TRUE,FALSE,FALSE
HNSCC12_p19_HNSCC12_P19_C11,0,0,0.088142,4.8403,0,0,0,Primary,T cell,T cell,12,FALSE,FALSE,TRUE,TRUE,FALSE,FALSE
HNSCC12_p19_HNSCC12_P19_D07,0,0,0,7.2604,0,0,0,Primary,T cell,T cell,12,FALSE,FALSE,FALSE,TRUE,FALSE,FALSE
HNSCC12_p19_HNSCC12_P19_B09,0,0,0.077243,0,0,0,0,Primary,T cell,T cell,12,FALSE,FALSE,TRUE,FALSE,FALSE,FALSE
HNSCC12_p19_HNSCC12_P19_H05,0,0,0.059355,7.4714,0,0,0,Primary,T cell,T cell,12,FALSE,FALSE,TRUE,TRUE,FALSE,FALSE
HNSCC12_p19_HNSCC12_P19_A11,0,0,0,7.0761,0,0,0,Primary,T cell,T cell,12,FALSE,FALSE,FALSE,TRUE,FALSE,FALSE
HNSCC12_p19_HNSCC12_P19_F09,0,0,0.092207,0,0,0,0,Primary,T cell,T cell,12,FALSE,FALSE,TRUE,FALSE,FALSE,FALSE
HNSCC12_p19_HNSCC12_P19_C04,0,0,0,6.2757,0,0,0,Primary,T cell,T cell,12,FALSE,FALSE,FALSE,TRUE,FALSE,FALSE
HNSCC12_p19_HNSCC12_P19_G06,0,0,0,0,0,0,0,Primary,T cell,T cell,12,FALSE,FALSE,FALSE,FALSE,FALSE,FALSE
HNSCC12_p19_HNSCC12_P19_E05,0,0,0.16607,9.0334,0,0,0,Primary,T cell,T cell,12,FALSE,FALSE,TRUE,TRUE,FALSE,FALSE
HNSCC12_p19_HNSCC12_P19_D02,0,0,0.15963,5.8071,8.8155,10.322,0,Primary,0,0,12,FALSE,FALSE,TRUE,TRUE,TRUE,TRUE
HNSCC12_p20_HNSCC12_P20_C06,0,0,0,0,0,0,0,Primary,T cell,T cell,12,FALSE,FALSE,FALSE,FALSE,FALSE,FALSE
HNSCC12_p20_HNSCC12_P20_B09,0,0,0.24245,7.596,0,0,0,Primary,T cell,T cell,12,FALSE,FALSE,TRUE,TRUE,FALSE,FALSE
HNSCC12_p20_HNSCC12_P20_D01,0,0,0.055196,9.2379,0,0,0,Primary,T cell,T cell,12,FALSE,FALSE,TRUE,TRUE,FALSE,FALSE
HNSCC12_p20_HNSCC12_P20_A02,0,5.8689,0.07861,6.9285,0,0,0,Primary,T cell,T cell,12,FALSE,TRUE,TRUE,TRUE,FALSE,FALSE
HNSCC12_p20_HNSCC12_P20_B07,0,0,0,6.5612,0,0,0,Primary,T cell,T cell,12,FALSE,FALSE,FALSE,TRUE,FALSE,FALSE
HNSCC12_p20_HNSCC12_P20_E11,0,7.2019,0.070389,0,0,0,0,Primary,T cell,T cell,12,FALSE,TRUE,TRUE,FALSE,FALSE,FALSE
HNSCC12_p20_HNSCC12_P20_D09,0,0,0.066261,7.4234,0,0,0,Primary,T cell,T cell,12,FALSE,FALSE,TRUE,TRUE,FALSE,FALSE
HNSCC12_p20_HNSCC12_P20_D11,0,0,0.09356,4.2062,0,0,0,Primary,T cell,T cell,12,FALSE,FALSE,TRUE,TRUE,FALSE,FALSE
HNSCC12_p20_HNSCC12_P20_E06,0,0,0,7.4686,0,0,0,Primary,T cell,T cell,12,FALSE,FALSE,FALSE,TRUE,FALSE,FALSE
HNSCC12_p20_HNSCC12_P20_F05,0,0,0,6.4148,0,0,0,Primary,T cell,T cell,12,FALSE,FALSE,FALSE,TRUE,FALSE,FALSE
HNSCC12_p20_HNSCC12_P20_G02,0,0,0,0,0,0,0,Primary,T cell,T cell,12,FALSE,FALSE,FALSE,FALSE,FALSE,FALSE
HNSCC12_p20_HNSCC12_P20_H06,0,0,0.049631,0.10165,0,0,0,Primary,T cell,T cell,12,FALSE,FALSE,TRUE,TRUE,FALSE,FALSE
HNSCC12_p20_HNSCC12_P20_C02,0,5.1159,0,6.6474,0,0,0,Primary,T cell,T cell,12,FALSE,TRUE,FALSE,TRUE,FALSE,FALSE
HNSCC12_p20_HNSCC12_P20_D03,0,0,0.08134,6.9768,0,0,0,Primary,T cell,T cell,12,FALSE,FALSE,TRUE,TRUE,FALSE,FALSE
HNSCC12_p20_HNSCC12_P20_B05,0,0,0.037031,0,0,0,0,Primary,T cell,T cell,12,FALSE,FALSE,TRUE,FALSE,FALSE,FALSE
HNSCC12_p20_HNSCC12_P20_H03,0,0,0,0.10836,0,0,0,Primary,T cell,T cell,12,FALSE,FALSE,FALSE,TRUE,FALSE,FALSE
HNSCC12_p20_HNSCC12_P20_A12,0,0,0,0,0,0,0,Primary,T cell,T cell,12,FALSE,FALSE,FALSE,FALSE,FALSE,FALSE
HNSCC12_p20_HNSCC12_P20_H10,0,0,0,4.0846,0,0,0,Primary,T cell,T cell,12,FALSE,FALSE,FALSE,TRUE,FALSE,FALSE
HNSCC12_p20_HNSCC12_P20_B08,0,0,0.32423,2.782,0,0,0,Primary,T cell,T cell,12,FALSE,FALSE,TRUE,TRUE,FALSE,FALSE
HNSCC12_p20_HNSCC12_P20_C10,0,0,0.10434,0,0,0,0,Primary,T cell,T cell,12,FALSE,FALSE,TRUE,FALSE,FALSE,FALSE
HNSCC12_p20_HNSCC12_P20_D07,0,0,0.10702,6.7559,0,0,0,Primary,T cell,T cell,12,FALSE,FALSE,TRUE,TRUE,FALSE,FALSE
HNSCC12_p20_HNSCC12_P20_B11,0,0,0.11103,4.6058,0,0,0,Primary,T cell,T cell,12,FALSE,FALSE,TRUE,TRUE,FALSE,FALSE
HNSCC12_p20_HNSCC12_P20_E10,0,0,0.05797,0,0,0,0,Primary,T cell,T cell,12,FALSE,FALSE,TRUE,FALSE,FALSE,FALSE
HNSCC12_p20_HNSCC12_P20_G05,0,0,0.18777,0,0,0,0,Primary,T cell,T cell,12,FALSE,FALSE,TRUE,FALSE,FALSE,FALSE
HNSCC12_p20_HNSCC12_P20_C01,0,0,0.037031,0,0,0,0,Primary,T cell,T cell,12,FALSE,FALSE,TRUE,FALSE,FALSE,FALSE
HNSCC12_p20_HNSCC12_P20_E12,0,0,0,6.454,0,0,0,Primary,T cell,T cell,12,FALSE,FALSE,FALSE,TRUE,FALSE,FALSE
HNSCC12_p20_HNSCC12_P20_B04,0,0,0.037031,0,0,0,0,Primary,T cell,T cell,12,FALSE,FALSE,TRUE,FALSE,FALSE,FALSE
HNSCC12_p20_HNSCC12_P20_H04,0,0,0.077243,0,0,0,0,Primary,T cell,T cell,12,FALSE,FALSE,TRUE,FALSE,FALSE,FALSE
HNSCC12_p20_HNSCC12_P20_B02,0,0,0,0,0,0,0,Primary,T cell,T cell,12,FALSE,FALSE,FALSE,FALSE,FALSE,FALSE
HNSCC12_p20_HNSCC12_P20_A08,0,0,0,6.3234,0,0,0,Primary,T cell,T cell,12,FALSE,FALSE,FALSE,TRUE,FALSE,FALSE
HNSCC12_p20_HNSCC12_P20_C03,0,0,0,0,0,0,0,Primary,T cell,T cell,12,FALSE,FALSE,FALSE,FALSE,FALSE,FALSE
HNSCC12_p20_HNSCC12_P20_G11,0,0,0,0,0,0,0,Primary,T cell,T cell,12,FALSE,FALSE,FALSE,FALSE,FALSE,FALSE
HNSCC12_p20_HNSCC12_P20_F10,0,0,0.092207,0,0,0,0,Primary,T cell,T cell,12,FALSE,FALSE,TRUE,FALSE,FALSE,FALSE
HNSCC12_p20_HNSCC12_P20_A01,0,0,0.14405,0.21785,0,0,0,Primary,T cell,T cell,12,FALSE,FALSE,TRUE,TRUE,FALSE,FALSE
HNSCC12_p20_HNSCC12_P20_G06,0,0,0.1003,0,0,0,0,Primary,T cell,T cell,12,FALSE,FALSE,TRUE,FALSE,FALSE,FALSE
HNSCC12_p20_HNSCC12_P20_A05,0,0,0,0,0,0,0,Primary,T cell,T cell,12,FALSE,FALSE,FALSE,FALSE,FALSE,FALSE
HNSCC12_p20_HNSCC12_P20_A07,0,0,0.063503,0.13488,0,0,0,Primary,T cell,T cell,12,FALSE,FALSE,TRUE,TRUE,FALSE,FALSE
HNSCC12_p20_HNSCC12_P20_E07,0,0,0.13619,0,0,0,0,Primary,T cell,T cell,12,FALSE,FALSE,TRUE,FALSE,FALSE,FALSE
HNSCC12_p20_HNSCC12_P20_H09,0,0,0.36625,0,0,0,0,Primary,T cell,T cell,12,FALSE,FALSE,TRUE,FALSE,FALSE,FALSE
HNSCC12_p20_HNSCC12_P20_E08,0,0,0,0,0,0,0,Primary,T cell,T cell,12,FALSE,FALSE,FALSE,FALSE,FALSE,FALSE
HNSCC12_p20_HNSCC12_P20_G04,0,3.3536,0.03984,6.7235,0,0,0,Primary,T cell,T cell,12,FALSE,TRUE,TRUE,TRUE,FALSE,FALSE
HNSCC12_p20_HNSCC12_P20_B03,0,0,0,7.3015,0,0,0,Primary,T cell,T cell,12,FALSE,FALSE,FALSE,TRUE,FALSE,FALSE
HNSCC12_p20_HNSCC12_P20_C08,0,0,0.049631,6.1221,0,0,0,Primary,T cell,T cell,12,FALSE,FALSE,TRUE,TRUE,FALSE,FALSE
HNSCC12_p20_HNSCC12_P20_G01,0,0,0.027154,5.8261,0,0,0,Primary,T cell,T cell,12,FALSE,FALSE,TRUE,TRUE,FALSE,FALSE
HNSCC12_p20_HNSCC12_P20_E04,0,0,0.22651,0,0,0,0,Primary,T cell,T cell,12,FALSE,FALSE,TRUE,FALSE,FALSE,FALSE
HNSCC12_p20_HNSCC12_P20_H08,0,0,0.053806,6.8252,0,0,0,Primary,T cell,T cell,12,FALSE,FALSE,TRUE,TRUE,FALSE,FALSE
HNSCC12_p20_HNSCC12_P20_C12,0,0,0.075875,0,0,0,0,Primary,T cell,T cell,12,FALSE,FALSE,TRUE,FALSE,FALSE,FALSE
HNSCC12_p20_HNSCC12_P20_G09,0,0,0.10702,2.9394,0,0,0,Primary,T cell,T cell,12,FALSE,FALSE,TRUE,TRUE,FALSE,FALSE
HNSCC12_p20_HNSCC12_P20_D04,0,0,0,4.6026,0,0,0,Primary,T cell,T cell,12,FALSE,FALSE,FALSE,TRUE,FALSE,FALSE
HNSCC12_p20_HNSCC12_P20_H07,0,0,0.28924,0,0,0,0,Primary,T cell,T cell,12,FALSE,FALSE,TRUE,FALSE,FALSE,FALSE
HNSCC12_p20_HNSCC12_P20_G12,0,0,0.11902,0,0,0,0,Primary,T cell,T cell,12,FALSE,FALSE,TRUE,FALSE,FALSE,FALSE
HNSCC13_p11_HNSCC13_P11_D05,4.319,5.0974,0,6.9433,0,0,0,Primary,Fibroblast,Fibroblast,13,TRUE,TRUE,FALSE,TRUE,FALSE,FALSE
HNSCC13_p11_HNSCC13_P11_B02,0,0,0,0.26183,0,0,0,Primary,T cell,T cell,13,FALSE,FALSE,FALSE,TRUE,FALSE,FALSE
HNSCC13_p11_HNSCC13_P11_F10,0,0,0,0,0,0,0,Primary,T cell,T cell,13,FALSE,FALSE,FALSE,FALSE,FALSE,FALSE
HNSCC13_p11_HNSCC13_P11_D03,0,5.6634,0.32884,8.2808,0,0,0,Primary,T cell,T cell,13,FALSE,TRUE,TRUE,TRUE,FALSE,FALSE
HNSCC13_p11_HNSCC13_P11_F09,0,0,0.10299,4.8178,0,0,0,Primary,Macrophage,Macrophage,13,FALSE,FALSE,TRUE,TRUE,FALSE,FALSE
HNSCC13_p11_HNSCC13_P11_A03,0,0,0.16864,0.35727,0,0,0,Primary,T cell,T cell,13,FALSE,FALSE,TRUE,TRUE,FALSE,FALSE
HNSCC13_p11_HNSCC13_P11_C11,0,0,0.11237,0.23389,0,0,0,Primary,T cell,T cell,13,FALSE,FALSE,TRUE,TRUE,FALSE,FALSE
HNSCC13_p11_HNSCC13_P11_C03,0,0,0,7.3967,0,0,0,Primary,T cell,T cell,13,FALSE,FALSE,FALSE,TRUE,FALSE,FALSE
HNSCC13_p11_HNSCC13_P11_B09,0,0,0,0,0,0,0,Primary,T cell,T cell,13,FALSE,FALSE,FALSE,FALSE,FALSE,FALSE
HNSCC13_p11_HNSCC13_P11_E01,0,0,0.24853,0,0,0,0,Primary,T cell,T cell,13,FALSE,FALSE,TRUE,FALSE,FALSE,FALSE
HNSCC13_p11_HNSCC13_P11_F07,0,0,0.089498,5.5588,0,0,0,Primary,T cell,T cell,13,FALSE,FALSE,TRUE,TRUE,FALSE,FALSE
HNSCC10_p14_HNSCC10_P14_B12,0,0,0,3.8964,0,0,0,Primary,B cell,B cell,10,FALSE,FALSE,FALSE,TRUE,FALSE,FALSE
HNSCC10_p14_HNSCC10_P14_B06,0,0,0,6.0517,0,0,0,Primary,B cell,B cell,10,FALSE,FALSE,FALSE,TRUE,FALSE,FALSE
HNSCC10_p14_HNSCC10_P14_A02,0,0,0.34142,7.7561,0,0,0,Primary,T cell,T cell,10,FALSE,FALSE,TRUE,TRUE,FALSE,FALSE
HNSCC10_p14_HNSCC10_P14_H12,0,0,0,3.2217,0,0,0,Primary,B cell,B cell,10,FALSE,FALSE,FALSE,TRUE,FALSE,FALSE
HNSCC10_p14_HNSCC10_P14_D12,0,0,0.123,7.7195,0,0,0,Primary,Mast,Mast,10,FALSE,FALSE,TRUE,TRUE,FALSE,FALSE
HNSCC10_p14_HNSCC10_P14_D05,0,0,0.77231,2.6665,0,0,0,Primary,0,0,10,FALSE,FALSE,TRUE,TRUE,FALSE,FALSE
HNSCC10_p14_HNSCC10_P14_C07,0,0,0.1903,0,0,0,0,Primary,T cell,T cell,10,FALSE,FALSE,TRUE,FALSE,FALSE,FALSE
HNSCC10_p14_HNSCC10_P14_D02,0,0,0,7.0215,0,0,0,Primary,B cell,B cell,10,FALSE,FALSE,FALSE,TRUE,FALSE,FALSE
HNSCC10_p14_HNSCC10_P14_G08,0,0,0,0,0,0,0,Primary,B cell,B cell,10,FALSE,FALSE,FALSE,FALSE,FALSE,FALSE
HNSCC10_p14_HNSCC10_P14_A12,0,5.8972,0.092207,0,0,0,0,Primary,Endothelial,Endothelial,10,FALSE,TRUE,TRUE,FALSE,FALSE,FALSE
HNSCC10_p14_HNSCC10_P14_F10,0,0,0.21288,8.0823,0,0,0,Primary,B cell,B cell,10,FALSE,FALSE,TRUE,TRUE,FALSE,FALSE
HNSCC10_p14_HNSCC10_P14_H08,0,0,0,6.371,0,0,0,Primary,B cell,B cell,10,FALSE,FALSE,FALSE,TRUE,FALSE,FALSE
HNSCC10_p14_HNSCC10_P14_B02,0,0,0,3.2516,0,0,0,Primary,B cell,B cell,10,FALSE,FALSE,FALSE,TRUE,FALSE,FALSE
HNSCC10_p14_HNSCC10_P14_B05,0,0,0,0,0,0,0,Primary,B cell,B cell,10,FALSE,FALSE,FALSE,FALSE,FALSE,FALSE
HNSCC10_p14_HNSCC10_P14_A07,0,0,0,0,0,0,0,Primary,B cell,B cell,10,FALSE,FALSE,FALSE,FALSE,FALSE,FALSE
HNSCC10_p14_HNSCC10_P14_H07,7.4074,4.3214,0,6.4946,0,0,0,Primary,Endothelial,Endothelial,10,TRUE,TRUE,FALSE,TRUE,FALSE,FALSE
HNSCC10_p14_HNSCC10_P14_G02,0,0,0,4.9362,0,0,0,Primary,B cell,B cell,10,FALSE,FALSE,FALSE,TRUE,FALSE,FALSE
HNSCC10_p14_HNSCC10_P14_F03,0,0,0,0,0,0,0,Primary,B cell,B cell,10,FALSE,FALSE,FALSE,FALSE,FALSE,FALSE
HNSCC10_p14_HNSCC10_P14_A11,0,0,0,0.8213,0,0,0,Primary,B cell,B cell,10,FALSE,FALSE,FALSE,TRUE,FALSE,FALSE
HNSCC10_p14_HNSCC10_P14_C04,5.5401,0,0,6.4374,0,0,0,Primary,B cell,B cell,10,TRUE,FALSE,FALSE,TRUE,FALSE,FALSE
HNSCC10_p14_HNSCC10_P14_G06,0,0,0,6.6162,0,0,0,Primary,B cell,B cell,10,FALSE,FALSE,FALSE,TRUE,FALSE,FALSE
HNSCC10_p14_HNSCC10_P14_E09,0,0,0,0,0,0,0,Primary,T cell,T cell,10,FALSE,FALSE,FALSE,FALSE,FALSE,FALSE
HNSCC10_p14_HNSCC10_P14_D10,0,0,0,6.7744,0,0,0,Primary,T cell,T cell,10,FALSE,FALSE,FALSE,TRUE,FALSE,FALSE
HNSCC10_p14_HNSCC10_P14_D08,0,0,0,0,0,0,0,Primary,B cell,B cell,10,FALSE,FALSE,FALSE,FALSE,FALSE,FALSE
HNSCC10_p14_HNSCC10_P14_H04,0,0,0,0,0,0,0,Primary,B cell,B cell,10,FALSE,FALSE,FALSE,FALSE,FALSE,FALSE
HNSCC10_p14_HNSCC10_P14_B10,0,0,0,0.22033,0,0,0,Primary,T cell,T cell,10,FALSE,FALSE,FALSE,TRUE,FALSE,FALSE
HNSCC10_p14_HNSCC10_P14_A06,0,0,0.10969,0,0,0,0,Primary,B cell,B cell,10,FALSE,FALSE,TRUE,FALSE,FALSE,FALSE
HNSCC10_p14_HNSCC10_P14_E03,0,0,0,5.7674,0,0,0,Primary,T cell,T cell,10,FALSE,FALSE,FALSE,TRUE,FALSE,FALSE
HNSCC10_p14_HNSCC10_P14_G09,0,0,0.04684,2.6841,0,0,0,Primary,B cell,B cell,10,FALSE,FALSE,TRUE,TRUE,FALSE,FALSE
HNSCC10_p14_HNSCC10_P14_E07,0,0,0,5.6304,0,0,0,Primary,B cell,B cell,10,FALSE,FALSE,FALSE,TRUE,FALSE,FALSE
HNSCC10_p14_HNSCC10_P14_F02,0,0,0,0,0,0,0,Primary,B cell,B cell,10,FALSE,FALSE,FALSE,FALSE,FALSE,FALSE
HNSCC10_p14_HNSCC10_P14_B08,0,0,0,5.9191,0,0,0,Primary,B cell,B cell,10,FALSE,FALSE,FALSE,TRUE,FALSE,FALSE
HNSCC10_p14_HNSCC10_P14_D03,0,0,0,0,0.34369,0,0,Primary,T cell,T cell,10,FALSE,FALSE,FALSE,FALSE,TRUE,FALSE
HNSCC10_p14_HNSCC10_P14_F06,0,0,0.069015,2.7379,0,0,0,Primary,B cell,B cell,10,FALSE,FALSE,TRUE,TRUE,FALSE,FALSE
HNSCC10_p14_HNSCC10_P14_E05,0,0,0,0,0,0,0,Primary,B cell,B cell,10,FALSE,FALSE,FALSE,FALSE,FALSE,FALSE
HNSCC10_p14_HNSCC10_P14_F09,0,0,0.40926,8.7863,0,0,0,Primary,Endothelial,Endothelial,10,FALSE,FALSE,TRUE,TRUE,FALSE,FALSE
HNSCC10_p14_HNSCC10_P14_B11,0,0,0,6.6062,0,0,0,Primary,B cell,B cell,10,FALSE,FALSE,FALSE,TRUE,FALSE,FALSE
HNSCC10_p14_HNSCC10_P14_B04,2.7626,0,0,6.8383,0,0,0,Primary,B cell,B cell,10,TRUE,FALSE,FALSE,TRUE,FALSE,FALSE
HNSCC10_p14_HNSCC10_P14_D07,0,0,0,5.9818,0,0,0,Primary,B cell,B cell,10,FALSE,FALSE,FALSE,TRUE,FALSE,FALSE
HNSCC6_p16_HNSCC6_P16_D01,5.665,0,0,7.2969,0.79826,0,0,Primary,Fibroblast,Fibroblast,6,TRUE,FALSE,FALSE,TRUE,TRUE,FALSE
HNSCC6_p16_HNSCC6_P16_A10,4.6316,5.6347,0,7.016,0.29514,0,0,Primary,Endothelial,Endothelial,6,TRUE,TRUE,FALSE,TRUE,TRUE,FALSE
HNSCC6_p16_HNSCC6_P16_E06,1.1434,0,3.7448,7.4435,0.23266,0,0,Primary,Fibroblast,Fibroblast,6,TRUE,FALSE,TRUE,TRUE,TRUE,FALSE
HNSCC6_p16_HNSCC6_P16_H05,0,0.50386,0.83592,0,9.9183,8.8115,1,Primary,0,Cancer cells,6,FALSE,TRUE,TRUE,FALSE,TRUE,TRUE
HNSCC6_p16_HNSCC6_P16_H08,6.7669,0,0,6.9825,0,0.39506,0,Primary,Fibroblast,Fibroblast,6,TRUE,FALSE,FALSE,TRUE,FALSE,TRUE
HNSCC6_p16_HNSCC6_P16_B11,5.0541,0,0,6.6147,0,0,0,Primary,Fibroblast,Fibroblast,6,TRUE,FALSE,FALSE,TRUE,FALSE,FALSE
HNSCC6_p16_HNSCC6_P16_A09,4.0087,3.3658,0.6663,0,10.312,9.4529,1,Primary,0,Cancer cells,6,TRUE,TRUE,TRUE,FALSE,TRUE,TRUE
HNSCC6_p16_HNSCC6_P16_D03,4.5356,6.299,0,7.2382,0.24245,0,0,Primary,Endothelial,Endothelial,6,TRUE,TRUE,FALSE,TRUE,TRUE,FALSE
HNSCC6_p16_HNSCC6_P16_F04,1.5246,5.5979,0,4.0913,0,0,0,Primary,Fibroblast,Fibroblast,6,TRUE,TRUE,FALSE,TRUE,FALSE,FALSE
HNSCC6_p16_HNSCC6_P16_E01,0,0,0,0,12.326,11.606,1,Primary,0,Cancer cells,6,FALSE,FALSE,FALSE,FALSE,TRUE,TRUE
HNSCC6_p16_HNSCC6_P16_G07,5.4031,7.4388,0,6.8477,0,0,0,Primary,Fibroblast,Fibroblast,6,TRUE,TRUE,FALSE,TRUE,FALSE,FALSE
HNSCC6_p16_HNSCC6_P16_G03,0,0,0,0,11.512,8.0249,1,Primary,0,Cancer cells,6,FALSE,FALSE,FALSE,FALSE,TRUE,TRUE
HNSCC6_p16_HNSCC6_P16_H06,0,6.733,0.16092,8.4912,0.70399,0,0,Primary,Endothelial,Endothelial,6,FALSE,TRUE,TRUE,TRUE,TRUE,FALSE
HNSCC6_p16_HNSCC6_P16_A07,0,0,0.41359,0,11.365,9.2906,1,Primary,0,Cancer cells,6,FALSE,FALSE,TRUE,FALSE,TRUE,TRUE
HNSCC6_p16_HNSCC6_P16_F06,2.8566,0,0,0.12961,10.396,10.295,1,Primary,0,Cancer cells,6,TRUE,FALSE,FALSE,TRUE,TRUE,TRUE
HNSCC6_p16_HNSCC6_P16_E05,0.69866,3.8624,0,6.8371,0,0,0,Primary,Fibroblast,Fibroblast,6,TRUE,TRUE,FALSE,TRUE,FALSE,FALSE
HNSCC6_p16_HNSCC6_P16_B03,0,0,0,0,10.857,11.339,1,Primary,0,Cancer cells,6,FALSE,FALSE,FALSE,FALSE,TRUE,TRUE
HNSCC6_p16_HNSCC6_P16_A06,3.3031,0,2.818,0,11.242,8.1524,1,Primary,0,Cancer cells,6,TRUE,FALSE,TRUE,FALSE,TRUE,TRUE
HNSCC6_p16_HNSCC6_P16_B06,0,0,0,0,10.776,10.345,1,Primary,0,Cancer cells,6,FALSE,FALSE,FALSE,FALSE,TRUE,TRUE
HNSCC6_p16_HNSCC6_P16_A04,0,4.9616,0.1137,8.3107,0.39944,0.41468,0,Primary,Endothelial,Endothelial,6,FALSE,TRUE,TRUE,TRUE,TRUE,TRUE
HNSCC6_p16_HNSCC6_P16_G05,5.9693,5.2481,0,6.1097,0.68347,0.70664,0,Primary,Endothelial,Endothelial,6,TRUE,TRUE,FALSE,TRUE,TRUE,TRUE
HNSCC6_p16_HNSCC6_P16_E12,6.5343,0,0,7.1005,0,0.4049,0,Primary,Fibroblast,Fibroblast,6,TRUE,FALSE,FALSE,TRUE,FALSE,TRUE
HNSCC6_p16_HNSCC6_P16_F07,0,6.6495,0.21164,7.6418,0,0.78073,0,Primary,Endothelial,Endothelial,6,FALSE,TRUE,TRUE,TRUE,FALSE,TRUE
HNSCC6_p16_HNSCC6_P16_G11,0,3.8676,3.7825,6.395,10.61,8.7854,1,Primary,0,Cancer cells,6,FALSE,TRUE,TRUE,TRUE,TRUE,TRUE
HNSCC6_p16_HNSCC6_P16_D07,0,0,0,0,11.004,10.218,1,Primary,0,Cancer cells,6,FALSE,FALSE,FALSE,FALSE,TRUE,TRUE
HNSCC6_p16_HNSCC6_P16_D12,0,0,0,0.26544,10.597,7.2678,1,Primary,0,Cancer cells,6,FALSE,FALSE,FALSE,TRUE,TRUE,TRUE
HNSCC6_p16_HNSCC6_P16_A08,0,0,0.12433,0,11.264,12.977,1,Primary,0,Cancer cells,6,FALSE,FALSE,TRUE,FALSE,TRUE,TRUE
HNSCC6_p16_HNSCC6_P16_C02,0,0,0.5656,0,9.8313,9.9623,1,Primary,0,Cancer cells,6,FALSE,FALSE,TRUE,FALSE,TRUE,TRUE
HNSCC6_p16_HNSCC6_P16_C03,0,2.1388,0.27858,9.3218,0,0,0,Primary,Endothelial,Endothelial,6,FALSE,TRUE,TRUE,TRUE,FALSE,FALSE
HNSCC6_p16_HNSCC6_P16_B04,0.76384,0,0,0,12.335,10.259,1,Primary,0,Cancer cells,6,TRUE,FALSE,FALSE,FALSE,TRUE,TRUE
HNSCC6_p16_HNSCC6_P16_D10,5.1558,5.3112,0,6.4992,0,0,0,Primary,Endothelial,Endothelial,6,TRUE,TRUE,FALSE,TRUE,FALSE,FALSE
HNSCC6_p16_HNSCC6_P16_B07,3.0834,0,0.10702,5.8323,0,0,0,Primary,Fibroblast,Fibroblast,6,TRUE,FALSE,TRUE,TRUE,FALSE,FALSE
HNSCC6_p16_HNSCC6_P16_F11,0,6.4033,0,8.0864,0,0,0,Primary,Endothelial,Endothelial,6,FALSE,TRUE,FALSE,TRUE,FALSE,FALSE
HNSCC6_p16_HNSCC6_P16_C04,4.3531,0,0,0,8.803,6.319,1,Primary,0,Cancer cells,6,TRUE,FALSE,FALSE,FALSE,TRUE,TRUE
HNSCC6_p16_HNSCC6_P16_H07,0,0,0,0,11.147,9.5025,1,Primary,0,Cancer cells,6,FALSE,FALSE,FALSE,FALSE,TRUE,TRUE
HNSCC6_p16_HNSCC6_P16_A12,4.8985,0,0.10969,0,9.8261,8.2476,1,Primary,0,Cancer cells,6,TRUE,FALSE,TRUE,FALSE,TRUE,TRUE
HNSCC6_p16_HNSCC6_P16_F05,0,0,2.9201,0.27858,11.766,11.491,1,Primary,0,Cancer cells,6,FALSE,FALSE,TRUE,TRUE,TRUE,TRUE
HNSCC6_p16_HNSCC6_P16_G10,3.6498,0,4.7079,0,11.473,9.053,1,Primary,0,Cancer cells,6,TRUE,FALSE,TRUE,FALSE,TRUE,TRUE
HNSCC6_p16_HNSCC6_P16_F09,0,0,0.47093,0,11.584,9.6726,1,Primary,0,Cancer cells,6,FALSE,FALSE,TRUE,FALSE,TRUE,TRUE
HNSCC6_p16_HNSCC6_P16_B08,0,0,0,7.546,0,0,0,Primary,Fibroblast,Fibroblast,6,FALSE,FALSE,FALSE,TRUE,FALSE,FALSE
HNSCC6_p16_HNSCC6_P16_B02,3.805,0,0,0,10.454,9.4453,1,Primary,0,Cancer cells,6,TRUE,FALSE,FALSE,FALSE,TRUE,TRUE
HNSCC6_p16_HNSCC6_P16_D05,0,0,4.2093,0.32654,10.299,9.511,1,Primary,0,Cancer cells,6,FALSE,FALSE,TRUE,TRUE,TRUE,TRUE
HNSCC6_p16_HNSCC6_P16_D11,3.9212,5.0561,0,6.6362,0,0,0,Primary,Fibroblast,Fibroblast,6,TRUE,TRUE,FALSE,TRUE,FALSE,FALSE
HNSCC6_p16_HNSCC6_P16_G06,2.7244,0,2.9264,0,11.664,11.678,1,Primary,0,Cancer cells,6,TRUE,FALSE,TRUE,FALSE,TRUE,TRUE
HNSCC6_p16_HNSCC6_P16_A05,0,6.9874,0,7.247,0,0.45838,0,Primary,Endothelial,Endothelial,6,FALSE,TRUE,FALSE,TRUE,FALSE,TRUE
HNSCC6_p16_HNSCC6_P16_E03,6.2961,6.174,0,8.3961,2.2045,1.6285,0,Primary,Fibroblast,Fibroblast,6,TRUE,TRUE,FALSE,TRUE,TRUE,TRUE
HNSCC6_p16_HNSCC6_P16_E04,2.8685,0,0,0,10.694,9.1912,1,Primary,0,Cancer cells,6,TRUE,FALSE,FALSE,FALSE,TRUE,TRUE
HNSCC6_p16_HNSCC6_P16_F10,5.6152,5.7548,4.4504,8.8552,0,0,0,Primary,Endothelial,Endothelial,6,TRUE,TRUE,TRUE,TRUE,FALSE,FALSE
HNSCC6_p16_HNSCC6_P16_H11,3.9456,4.3611,2.9159,5.8136,10.621,9.2003,1,Primary,0,Cancer cells,6,TRUE,TRUE,TRUE,TRUE,TRUE,TRUE
HNSCC6_p16_HNSCC6_P16_H04,0,6.3408,5.269,8.5195,0,0,0,Primary,Endothelial,Endothelial,6,FALSE,TRUE,TRUE,TRUE,FALSE,FALSE
HNSCC6_p16_HNSCC6_P16_H10,0,0,0.14143,0.31267,9.9313,8.4994,1,Primary,0,Cancer cells,6,FALSE,FALSE,TRUE,TRUE,TRUE,TRUE
HNSCC6_p16_HNSCC6_P16_E07,0,0,0.12697,7.2887,0,0,0,Primary,Mast,Mast,6,FALSE,FALSE,TRUE,TRUE,FALSE,FALSE
HNSCC6_p16_HNSCC6_P16_C10,7.0465,0,0.19787,9.0057,0,0,0,Primary,Fibroblast,Fibroblast,6,TRUE,FALSE,TRUE,TRUE,FALSE,FALSE
HNSCC6_p16_HNSCC6_P16_A03,0,0,3.2368,0,10.962,10.05,1,Primary,0,Cancer cells,6,FALSE,FALSE,TRUE,FALSE,TRUE,TRUE
HNSCC6_p16_HNSCC6_P16_F02,0,3.4933,0.063503,7.5608,0.47508,0,0,Primary,Macrophage,Macrophage,6,FALSE,TRUE,TRUE,TRUE,TRUE,FALSE
HNSCC6_p16_HNSCC6_P16_B10,4.0592,5.3847,0,8.4755,0,0,0,Primary,Endothelial,Endothelial,6,TRUE,TRUE,FALSE,TRUE,FALSE,FALSE
HNSCC6_p16_HNSCC6_P16_F01,0.66448,0,2.0979,0,10.939,10.412,1,Primary,0,Cancer cells,6,TRUE,FALSE,TRUE,FALSE,TRUE,TRUE
HNSCC6_p16_HNSCC6_P16_B05,5.6298,5.6167,0,7.6686,1.0517,1.6942,0,Primary,Endothelial,Endothelial,6,TRUE,TRUE,FALSE,TRUE,TRUE,TRUE
HNSCC6_p16_HNSCC6_P16_C01,0,0,0,0,12.05,12.158,1,Primary,0,Cancer cells,6,FALSE,FALSE,FALSE,FALSE,TRUE,TRUE
HNSCC6_p16_HNSCC6_P16_H03,0,0,0,0,10.813,10.918,1,Primary,0,Cancer cells,6,FALSE,FALSE,FALSE,FALSE,TRUE,TRUE
HNSCC6_p16_HNSCC6_P16_B01,0,0,0,0,11.293,8.0789,1,Primary,0,Cancer cells,6,FALSE,FALSE,FALSE,FALSE,TRUE,TRUE
HNSCC6_p16_HNSCC6_P16_A11,0,0,0,0,9.1005,9.7774,1,Primary,0,Cancer cells,6,FALSE,FALSE,FALSE,FALSE,TRUE,TRUE
HNSCC10_p1_HNSCC10_P1_G09,0,0,0,5.3959,0,0,0,Primary,Endothelial,Endothelial,10,FALSE,FALSE,FALSE,TRUE,FALSE,FALSE
HNSCC10_p1_HNSCC10_P1_A06,0,0,0,0,0,0,0,Primary,B cell,B cell,10,FALSE,FALSE,FALSE,FALSE,FALSE,FALSE
HNSCC10_p1_HNSCC10_P1_B05,4.5799,4.8253,0.02148,1.5969,0,0,0,Primary,Fibroblast,Fibroblast,10,TRUE,TRUE,TRUE,TRUE,FALSE,FALSE
HNSCC10_p1_HNSCC10_P1_C05,5.0875,4.605,0,0,0,0,0,Primary,Fibroblast,Fibroblast,10,TRUE,TRUE,FALSE,FALSE,FALSE,FALSE
HNSCC10_p1_HNSCC10_P1_D03,0,5.8714,0,5.3165,0,0,0,Primary,Fibroblast,Fibroblast,10,FALSE,TRUE,FALSE,TRUE,FALSE,FALSE
HNSCC10_p1_HNSCC10_P1_C12,0,7.4488,0.044044,5.5564,0,0,0,Primary,Endothelial,Endothelial,10,FALSE,TRUE,TRUE,TRUE,FALSE,FALSE
HNSCC10_p1_HNSCC10_P1_E06,0,0,0,6.7523,0,0,0,Primary,Fibroblast,Fibroblast,10,FALSE,FALSE,FALSE,TRUE,FALSE,FALSE
HNSCC10_p1_HNSCC10_P1_D07,3.5311,0,0.088142,9.0257,0,0,0,Primary,B cell,B cell,10,TRUE,FALSE,TRUE,TRUE,FALSE,FALSE
HNSCC10_p1_HNSCC10_P1_F10,5.5441,0,0,6.4668,0,0,0,Primary,Fibroblast,Fibroblast,10,TRUE,FALSE,FALSE,TRUE,FALSE,FALSE
HNSCC10_p1_HNSCC10_P1_B08,0,0.03984,0.071763,0.07861,0,6.302,0,Primary,Fibroblast,Fibroblast,10,FALSE,TRUE,TRUE,TRUE,FALSE,TRUE
HNSCC10_p1_HNSCC10_P1_E05,0.55876,6.9486,0.22527,8.3308,0.085425,0,0,Primary,Endothelial,Endothelial,10,TRUE,TRUE,TRUE,TRUE,TRUE,FALSE
HNSCC10_p1_HNSCC10_P1_A07,0,0,0.089498,6.6559,0,0,0,Primary,Endothelial,Endothelial,10,FALSE,FALSE,TRUE,TRUE,FALSE,FALSE
HNSCC10_p1_HNSCC10_P1_B07,4.7037,3.7453,0.0229,0.049631,0,0,0,Primary,Fibroblast,Fibroblast,10,TRUE,TRUE,TRUE,TRUE,FALSE,FALSE
HNSCC10_p1_HNSCC10_P1_H07,0,0,0.04684,6.6837,0,0,0,Primary,B cell,B cell,10,FALSE,FALSE,TRUE,TRUE,FALSE,FALSE
HNSCC10_p1_HNSCC10_P1_F06,0,0,0.10702,7.5968,0,0,0,Primary,Fibroblast,Fibroblast,10,FALSE,FALSE,TRUE,TRUE,FALSE,FALSE
HNSCC10_p1_HNSCC10_P1_H04,0,0,0,0.29278,0,0,0,Primary,B cell,B cell,10,FALSE,FALSE,FALSE,TRUE,FALSE,FALSE
HNSCC10_p1_HNSCC10_P1_G11,6.2992,0,0.051024,5.8154,0,0,0,Primary,Fibroblast,Fibroblast,10,TRUE,FALSE,TRUE,TRUE,FALSE,FALSE
HNSCC10_p1_HNSCC10_P1_H11,0,4.4905,0.03984,7.245,0,0,0,Primary,Fibroblast,Fibroblast,10,FALSE,TRUE,TRUE,TRUE,FALSE,FALSE
HNSCC10_p1_HNSCC10_P1_F02,6.5829,6.2208,0.052416,6.8034,0,0,0,Primary,Fibroblast,Fibroblast,10,TRUE,TRUE,TRUE,TRUE,FALSE,FALSE
HNSCC10_p1_HNSCC10_P1_D04,5.5995,0,0,0.14274,0,0,0,Primary,Fibroblast,Fibroblast,10,TRUE,FALSE,FALSE,TRUE,FALSE,FALSE
HNSCC10_p1_HNSCC10_P1_F08,0.11103,0,0,7.6615,0,0,0,Primary,Fibroblast,Fibroblast,10,TRUE,FALSE,FALSE,TRUE,FALSE,FALSE
HNSCC10_p1_HNSCC10_P1_G05,6.2599,0,0,8.0812,0,0,0,Primary,B cell,B cell,10,TRUE,FALSE,FALSE,TRUE,FALSE,FALSE
HNSCC10_p1_HNSCC10_P1_G01,5.7672,0,0.089498,0.12829,0.086784,0,0,Primary,Fibroblast,Fibroblast,10,TRUE,FALSE,TRUE,TRUE,TRUE,FALSE
HNSCC10_p1_HNSCC10_P1_G04,1.1434,2.8001,1.4844,5.157,0,0,0,Primary,Fibroblast,Fibroblast,10,TRUE,TRUE,TRUE,TRUE,FALSE,FALSE
HNSCC10_p1_HNSCC10_P1_A01,6.0937,4.7697,0,4.9741,0.094912,0,0,Primary,Fibroblast,Fibroblast,10,TRUE,TRUE,FALSE,TRUE,TRUE,FALSE
HNSCC10_p1_HNSCC10_P1_H08,0,0,0,5.8137,0,0,0,Primary,B cell,B cell,10,FALSE,FALSE,FALSE,TRUE,FALSE,FALSE
HNSCC10_p1_HNSCC10_P1_F07,5.3767,5.818,0,1.0151,0,0,0,Primary,Fibroblast,Fibroblast,10,TRUE,TRUE,FALSE,TRUE,FALSE,FALSE
HNSCC10_p1_HNSCC10_P1_E04,7.5119,0,0,7.0793,0,0,0,Primary,Fibroblast,Fibroblast,10,TRUE,FALSE,FALSE,TRUE,FALSE,FALSE
HNSCC10_p1_HNSCC10_P1_D09,6.1389,2.0638,0,6.3635,0,0,0,Primary,Fibroblast,Fibroblast,10,TRUE,TRUE,FALSE,TRUE,FALSE,FALSE
HNSCC10_p1_HNSCC10_P1_F09,0,4.2702,0,1.2869,0,0,0,Primary,Fibroblast,Fibroblast,10,FALSE,TRUE,FALSE,TRUE,FALSE,FALSE
HNSCC10_p1_HNSCC10_P1_C06,0.40272,0,0,7.2673,0,0,0,Primary,B cell,B cell,10,TRUE,FALSE,FALSE,TRUE,FALSE,FALSE
HNSCC10_p1_HNSCC10_P1_D01,0,0.041243,0,6.0001,0,0,0,Primary,Fibroblast,Fibroblast,10,FALSE,TRUE,FALSE,TRUE,FALSE,FALSE
HNSCC10_p1_HNSCC10_P1_F05,0,0,0,3.3742,0,0,0,Primary,Fibroblast,Fibroblast,10,FALSE,FALSE,FALSE,TRUE,FALSE,FALSE
HNSCC10_p1_HNSCC10_P1_A03,5.4867,3.7702,0.051024,7.0709,0.13881,0,0,Primary,Fibroblast,Fibroblast,10,TRUE,TRUE,TRUE,TRUE,TRUE,FALSE
HNSCC10_p1_HNSCC10_P1_A05,0,0,0,8.0201,0,0,0,Primary,B cell,B cell,10,FALSE,FALSE,FALSE,TRUE,FALSE,FALSE
HNSCC10_p1_HNSCC10_P1_D12,0,0.13093,4.3966,0,10.541,11.007,1,Primary,0,Cancer cells,10,FALSE,TRUE,TRUE,FALSE,TRUE,TRUE
HNSCC10_p1_HNSCC10_P1_B09,4.4364,7.408,0,7.3686,0,0,0,Primary,Fibroblast,Fibroblast,10,TRUE,TRUE,FALSE,TRUE,FALSE,FALSE
HNSCC10_p4_HNSCC10_P4_F12,0,0,0,0,0,0,0,Primary,B cell,B cell,10,FALSE,FALSE,FALSE,FALSE,FALSE,FALSE
HNSCC10_p4_HNSCC10_P4_A06,0,6.4658,0,7.77,0,0,0,Primary,Endothelial,Endothelial,10,FALSE,TRUE,FALSE,TRUE,FALSE,FALSE
HNSCC10_p4_HNSCC10_P4_H12,0,0.082703,0.21164,0,0,0,0,Primary,B cell,B cell,10,FALSE,TRUE,TRUE,FALSE,FALSE,FALSE
HNSCC10_p4_HNSCC10_P4_H04,0,0,0.16092,0,8.5,8.61,0,Primary,0,0,10,FALSE,FALSE,TRUE,FALSE,TRUE,TRUE
HNSCC10_p4_HNSCC10_P4_D12,0,0,0,0,0,0,0,Primary,B cell,B cell,10,FALSE,FALSE,FALSE,FALSE,FALSE,FALSE
HNSCC10_p4_HNSCC10_P4_H10,0,0,0,0,0,0,0,Primary,B cell,B cell,10,FALSE,FALSE,FALSE,FALSE,FALSE,FALSE
HNSCC10_p4_HNSCC10_P4_B11,0,0,0.034216,5.9837,0,0,0,Primary,B cell,B cell,10,FALSE,FALSE,TRUE,TRUE,FALSE,FALSE
HNSCC10_p4_HNSCC10_P4_A12,0,0,0,6.3717,0,0,0,Primary,B cell,B cell,10,FALSE,FALSE,FALSE,TRUE,FALSE,FALSE
HNSCC10_p4_HNSCC10_P4_A01,6.4922,0,0.066261,0.070389,0,0,0,Primary,Fibroblast,Fibroblast,10,TRUE,FALSE,TRUE,TRUE,FALSE,FALSE
HNSCC10_p4_HNSCC10_P4_G04,5.1672,0,0,5.6179,0,0,0,Primary,Fibroblast,Fibroblast,10,TRUE,FALSE,FALSE,TRUE,FALSE,FALSE
HNSCC10_p4_HNSCC10_P4_H07,0,0,0.027154,1.0286,0,0,0,Primary,B cell,B cell,10,FALSE,FALSE,TRUE,TRUE,FALSE,FALSE
HNSCC10_p4_HNSCC10_P4_C11,0,0,0,0,0,0,0,Primary,B cell,B cell,10,FALSE,FALSE,FALSE,FALSE,FALSE,FALSE
HNSCC10_p4_HNSCC10_P4_C10,0,0,0.098958,6.2459,0,0,0,Primary,B cell,B cell,10,FALSE,FALSE,TRUE,TRUE,FALSE,FALSE
HNSCC12_p11_HNSCC12_P11_G05,0,0,0.025738,0,6.3713,0,0,Primary,0,0,12,FALSE,FALSE,TRUE,FALSE,TRUE,FALSE
HNSCC12_p11_HNSCC12_P11_C03,1.2981,0.02148,0.02148,0,6.1754,9.1452,0,Primary,0,0,12,TRUE,TRUE,TRUE,FALSE,TRUE,TRUE
HNSCC12_p11_HNSCC12_P11_B10,0,0,0,0,11.033,9.1842,0,Primary,0,0,12,FALSE,FALSE,FALSE,FALSE,TRUE,TRUE
HNSCC12_p11_HNSCC12_P11_G06,0,0,0,0,10.013,0,0,Primary,0,0,12,FALSE,FALSE,FALSE,FALSE,TRUE,FALSE
HNSCC12_p11_HNSCC12_P11_H12,3.8284,0,0,0,7.3557,10.585,1,Primary,0,Cancer cells,12,TRUE,FALSE,FALSE,FALSE,TRUE,TRUE
HNSCC12_p11_HNSCC12_P11_E11,0,0,0,7.0775,9.3727,6.1024,0,Primary,0,0,12,FALSE,FALSE,FALSE,TRUE,TRUE,TRUE
HNSCC12_p11_HNSCC12_P11_A03,0,0,0,0,10.994,9.3476,0,Primary,0,0,12,FALSE,FALSE,FALSE,FALSE,TRUE,TRUE
HNSCC12_p11_HNSCC12_P11_D08,0,0,0.070389,7.258,10.538,10.907,0,Primary,0,0,12,FALSE,FALSE,TRUE,TRUE,TRUE,TRUE
HNSCC12_p11_HNSCC12_P11_F12,4.4862,0,0,0,10.693,10.406,1,Primary,0,Cancer cells,12,TRUE,FALSE,FALSE,FALSE,TRUE,TRUE
HNSCC12_p11_HNSCC12_P11_E10,6.9012,0,0.052416,0.10434,0,0,0,Primary,Fibroblast,Fibroblast,12,TRUE,FALSE,TRUE,TRUE,FALSE,FALSE
HNSCC12_p11_HNSCC12_P11_G07,0.67446,0,0,0,8.4488,11.554,0,Primary,0,0,12,TRUE,FALSE,FALSE,FALSE,TRUE,TRUE
HNSCC12_p11_HNSCC12_P11_E05,0,0,0,0,11.863,6.5626,0,Primary,0,0,12,FALSE,FALSE,FALSE,FALSE,TRUE,TRUE
HNSCC12_p11_HNSCC12_P11_G12,0,0,0.029983,0,11.289,8.2777,1,Primary,0,Cancer cells,12,FALSE,FALSE,TRUE,FALSE,TRUE,TRUE
HNSCC12_p11_HNSCC12_P11_B12,0,0,1.7066,0,0,9.6535,0,Primary,0,0,12,FALSE,FALSE,TRUE,FALSE,FALSE,TRUE
HNSCC12_p11_HNSCC12_P11_F09,0,0,0,0,12.388,8.7288,1,Primary,0,Cancer cells,12,FALSE,FALSE,FALSE,FALSE,TRUE,TRUE
HNSCC12_p18_HNSCC12_P18_F12,0,0,0.13225,7.518,0,0,0,Primary,T cell,T cell,12,FALSE,FALSE,TRUE,TRUE,FALSE,FALSE
HNSCC12_p18_HNSCC12_P18_C05,0,0,0,0,0,0,0,Primary,T cell,T cell,12,FALSE,FALSE,FALSE,FALSE,FALSE,FALSE
HNSCC12_p18_HNSCC12_P18_D02,0,0,0,6.5646,0,0,0,Primary,T cell,T cell,12,FALSE,FALSE,FALSE,TRUE,FALSE,FALSE
HNSCC12_p18_HNSCC12_P18_G05,0,0,0,0,0,0,0,Primary,T cell,T cell,12,FALSE,FALSE,FALSE,FALSE,FALSE,FALSE
HNSCC12_p18_HNSCC12_P18_E05,0,0,0.062122,6.9589,0.94111,0,0,Primary,T cell,T cell,12,FALSE,FALSE,TRUE,TRUE,TRUE,FALSE
HNSCC12_p18_HNSCC12_P18_B07,0,0,0.062122,6.1133,0,0,0,Primary,T cell,T cell,12,FALSE,FALSE,TRUE,TRUE,FALSE,FALSE
HNSCC12_p18_HNSCC12_P18_G07,0,0,0.1375,6.8186,0,0,0,Primary,T cell,T cell,12,FALSE,FALSE,TRUE,TRUE,FALSE,FALSE
HNSCC12_p18_HNSCC12_P18_H07,0,0,0,6.5086,0.1003,0,0,Primary,T cell,T cell,12,FALSE,FALSE,FALSE,TRUE,TRUE,FALSE
HNSCC12_p18_HNSCC12_P18_D08,0,0,0,0,0,0,0,Primary,T cell,T cell,12,FALSE,FALSE,FALSE,FALSE,FALSE,FALSE
HNSCC12_p18_HNSCC12_P18_A07,0,0,0.27023,0,0,0,0,Primary,T cell,T cell,12,FALSE,FALSE,TRUE,FALSE,FALSE,FALSE
HNSCC12_p18_HNSCC12_P18_D03,0,0,0,0,0,0,0,Primary,T cell,T cell,12,FALSE,FALSE,FALSE,FALSE,FALSE,FALSE
HNSCC12_p18_HNSCC12_P18_C04,0,0,0.049631,5.9085,0,0,0,Primary,T cell,T cell,12,FALSE,FALSE,TRUE,TRUE,FALSE,FALSE
HNSCC12_p18_HNSCC12_P18_C09,0,0,0.42868,0,0,0,0,Primary,T cell,T cell,12,FALSE,FALSE,TRUE,FALSE,FALSE,FALSE
HNSCC12_p18_HNSCC12_P18_F03,0,0,0.049631,7.1106,0.14796,0,0,Primary,T cell,T cell,12,FALSE,FALSE,TRUE,TRUE,TRUE,FALSE
HNSCC12_p18_HNSCC12_P18_H01,0,0,0,0,0,0,0,Primary,T cell,T cell,12,FALSE,FALSE,FALSE,FALSE,FALSE,FALSE
HNSCC12_p18_HNSCC12_P18_F11,0,0,0.12035,8.6021,0,0,0,Primary,T cell,T cell,12,FALSE,FALSE,TRUE,TRUE,FALSE,FALSE
HNSCC12_p18_HNSCC12_P18_B09,0,0.69777,0.14535,7.2379,0,0,0,Primary,T cell,T cell,12,FALSE,TRUE,TRUE,TRUE,FALSE,FALSE
HNSCC12_p18_HNSCC12_P18_F07,0,0,0.015783,7.1154,0.1865,0,0,Primary,T cell,T cell,12,FALSE,FALSE,TRUE,TRUE,TRUE,FALSE
HNSCC12_p18_HNSCC12_P18_H05,0,0,0,7.375,0.21537,0,0,Primary,T cell,T cell,12,FALSE,FALSE,FALSE,TRUE,TRUE,FALSE
HNSCC12_p18_HNSCC12_P18_H06,0,0,0,8.4449,0.21288,0,0,Primary,T cell,T cell,12,FALSE,FALSE,FALSE,TRUE,TRUE,FALSE
HNSCC12_p18_HNSCC12_P18_C03,0,0,0,8.3144,0,0,0,Primary,T cell,T cell,12,FALSE,FALSE,FALSE,TRUE,FALSE,FALSE
HNSCC12_p18_HNSCC12_P18_C10,0,0,0,5.6447,0,0,0,Primary,T cell,T cell,12,FALSE,FALSE,FALSE,TRUE,FALSE,FALSE
HNSCC12_p18_HNSCC12_P18_C12,0,0,0.075875,0,0,0,0,Primary,T cell,T cell,12,FALSE,FALSE,TRUE,FALSE,FALSE,FALSE
HNSCC12_p18_HNSCC12_P18_D06,0,0,0.25822,9.6836,0,0,0,Primary,T cell,T cell,12,FALSE,FALSE,TRUE,TRUE,FALSE,FALSE
HNSCC12_p18_HNSCC12_P18_B05,0,0,0.34596,2.7596,0,0,0,Primary,T cell,T cell,12,FALSE,FALSE,TRUE,TRUE,FALSE,FALSE
HNSCC12_p18_HNSCC12_P18_H08,0,7.0186,0.18269,2.8953,0,0,0,Primary,T cell,T cell,12,FALSE,TRUE,TRUE,TRUE,FALSE,FALSE
HNSCC12_p18_HNSCC12_P18_E02,0,0,0,9.3306,0.36177,0.67175,0,Primary,T cell,T cell,12,FALSE,FALSE,FALSE,TRUE,TRUE,TRUE
HNSCC12_p18_HNSCC12_P18_C11,0,0,0,0,0,0,0,Primary,T cell,T cell,12,FALSE,FALSE,FALSE,FALSE,FALSE,FALSE
HNSCC12_p18_HNSCC12_P18_D04,0,0.926,0.042644,5.8963,0,0,0,Primary,T cell,T cell,12,FALSE,TRUE,TRUE,TRUE,FALSE,FALSE
HNSCC12_p18_HNSCC12_P18_C02,0,0,0,6.0197,0,0,0,Primary,T cell,T cell,12,FALSE,FALSE,FALSE,TRUE,FALSE,FALSE
HNSCC12_p18_HNSCC12_P18_D09,0,0,0.11902,0,0,0,0,Primary,T cell,T cell,12,FALSE,FALSE,TRUE,FALSE,FALSE,FALSE
HNSCC12_p18_HNSCC12_P18_F09,0,0,0.15704,4.2861,0,0,0,Primary,T cell,T cell,12,FALSE,FALSE,TRUE,TRUE,FALSE,FALSE
HNSCC12_p18_HNSCC12_P18_A12,0,0,0.063503,2.8231,0,0.18396,0,Primary,T cell,T cell,12,FALSE,FALSE,TRUE,TRUE,FALSE,TRUE
HNSCC12_p18_HNSCC12_P18_D12,0,0,0.094912,0,0,0,0,Primary,T cell,T cell,12,FALSE,FALSE,TRUE,FALSE,FALSE,FALSE
HNSCC12_p18_HNSCC12_P18_G08,0,0,0.2857,0,0,0,0,Primary,T cell,T cell,12,FALSE,FALSE,TRUE,FALSE,FALSE,FALSE
HNSCC12_p18_HNSCC12_P18_E10,0,0,0.070389,6.0705,0,0.20539,0,Primary,T cell,T cell,12,FALSE,FALSE,TRUE,TRUE,FALSE,TRUE
HNSCC12_p18_HNSCC12_P18_D10,0,0,0.16864,0,0,0,0,Primary,T cell,T cell,12,FALSE,FALSE,TRUE,FALSE,FALSE,FALSE
HNSCC12_p18_HNSCC12_P18_C08,0,0,0,6.8171,0,0,0,Primary,T cell,T cell,12,FALSE,FALSE,FALSE,TRUE,FALSE,FALSE
HNSCC12_p18_HNSCC12_P18_H03,0,0,0.053806,0,0,0,0,Primary,T cell,T cell,12,FALSE,FALSE,TRUE,FALSE,FALSE,FALSE
HNSCC12_p18_HNSCC12_P18_E03,0,0,0.10299,0,0,0,0,Primary,T cell,T cell,12,FALSE,FALSE,TRUE,FALSE,FALSE,FALSE
HNSCC12_p18_HNSCC12_P18_G06,0,0,0,9.1079,0,0,0,Primary,T cell,T cell,12,FALSE,FALSE,FALSE,TRUE,FALSE,FALSE
HNSCC12_p18_HNSCC12_P18_G10,0,0,0,0,0,0,0,Primary,T cell,T cell,12,FALSE,FALSE,FALSE,FALSE,FALSE,FALSE
HNSCC12_p18_HNSCC12_P18_A01,0,7.0527,0.23511,4.2684,0,0,0,Primary,T cell,T cell,12,FALSE,TRUE,TRUE,TRUE,FALSE,FALSE
HNSCC12_p18_HNSCC12_P18_B01,0,0,0,0,0,0,0,Primary,T cell,T cell,12,FALSE,FALSE,FALSE,FALSE,FALSE,FALSE
HNSCC12_p18_HNSCC12_P18_E11,0,0,0.31267,1.6332,1.9214,0.78743,0,Primary,T cell,T cell,12,FALSE,FALSE,TRUE,TRUE,TRUE,TRUE
HNSCC12_p18_HNSCC12_P18_C01,0,0,0.063503,5.373,0,0,0,Primary,T cell,T cell,12,FALSE,FALSE,TRUE,TRUE,FALSE,FALSE
HNSCC13_p1_HNSCC13_P1_B12,0,2.6411,6.0387,6.9927,13.21,10.858,1,Primary,0,Cancer cells,13,FALSE,TRUE,TRUE,TRUE,TRUE,TRUE
HNSCC13_p1_HNSCC13_P1_E09,0,4.7593,0,5.0088,0.071763,0,0,Primary,Fibroblast,Fibroblast,13,FALSE,TRUE,FALSE,TRUE,TRUE,FALSE
HNSCC13_p1_HNSCC13_P1_G05,3.5379,3.9405,7.8665,5.2482,12.902,9.9685,1,Primary,0,Cancer cells,13,TRUE,TRUE,TRUE,TRUE,TRUE,TRUE
HNSCC13_p1_HNSCC13_P1_B04,0,0,0.031395,5.8769,0,0,0,Primary,Fibroblast,Fibroblast,13,FALSE,FALSE,TRUE,TRUE,FALSE,FALSE
HNSCC13_p1_HNSCC13_P1_D10,5.9287,0,0,5.1672,0.81967,0,0,Primary,Fibroblast,Fibroblast,13,TRUE,FALSE,FALSE,TRUE,TRUE,FALSE
HNSCC13_p1_HNSCC13_P1_D05,4.3691,5.5132,0,3.8104,0.9115,0.14012,0,Primary,Fibroblast,Fibroblast,13,TRUE,TRUE,FALSE,TRUE,TRUE,TRUE
HNSCC13_p1_HNSCC13_P1_D09,0,0,0.029983,2.8363,12.266,10.038,0,Primary,0,0,13,FALSE,FALSE,TRUE,TRUE,TRUE,TRUE
HNSCC13_p1_HNSCC13_P1_G10,4.0592,0,0.02148,7.3891,0,0,0,Primary,Mast,Mast,13,TRUE,FALSE,TRUE,TRUE,FALSE,FALSE
HNSCC13_p1_HNSCC13_P1_A04,0,0,0.12829,5.6419,0.20289,0.21039,0,Primary,Fibroblast,Fibroblast,13,FALSE,FALSE,TRUE,TRUE,TRUE,TRUE
HNSCC13_p1_HNSCC13_P1_D02,0,0,0,3.6436,0.1635,0,0,Primary,0,0,13,FALSE,FALSE,FALSE,TRUE,TRUE,FALSE
HNSCC13_p1_HNSCC13_P1_A10,0,3.7179,7.2367,6.6383,11.144,9.9076,1,Primary,0,Cancer cells,13,FALSE,TRUE,TRUE,TRUE,TRUE,TRUE
HNSCC13_p1_HNSCC13_P1_G11,2.7091,1.1368,5.819,3.782,11.533,9.1095,1,Primary,0,Cancer cells,13,TRUE,TRUE,TRUE,TRUE,TRUE,TRUE
HNSCC13_p1_HNSCC13_P1_D11,4.1838,3.3488,6.4213,4.3233,12.12,10.254,1,Primary,0,Cancer cells,13,TRUE,TRUE,TRUE,TRUE,TRUE,TRUE
HNSCC13_p1_HNSCC13_P1_H12,0,0,0,7.6043,0.067639,0,0,Primary,Mast,Mast,13,FALSE,FALSE,FALSE,TRUE,TRUE,FALSE
HNSCC13_p1_HNSCC13_P1_B02,2.886,4.2427,7.4591,4.5008,11.926,9.2288,1,Primary,0,Cancer cells,13,TRUE,TRUE,TRUE,TRUE,TRUE,TRUE
HNSCC13_p1_HNSCC13_P1_F08,0,0,0,6.7186,0.28214,0,0,Primary,B cell,B cell,13,FALSE,FALSE,FALSE,TRUE,TRUE,FALSE
HNSCC13_p1_HNSCC13_P1_B05,6.3029,0,0.038436,2.945,0.11103,0,0,Primary,Fibroblast,Fibroblast,13,TRUE,FALSE,TRUE,TRUE,TRUE,FALSE
HNSCC13_p1_HNSCC13_P1_B09,0,0,0.035624,7.09,0,0,0,Primary,Dendritic,Dendritic,13,FALSE,FALSE,TRUE,TRUE,FALSE,FALSE
HNSCC13_p19_HNSCC13_P19_E06,2.1006,5.1084,8.1975,5.6689,10.925,9.8856,1,Primary,0,Cancer cells,13,TRUE,TRUE,TRUE,TRUE,TRUE,TRUE
HNSCC13_p19_HNSCC13_P19_D04,0,0,0,0,0,0,0,Primary,T cell,T cell,13,FALSE,FALSE,FALSE,FALSE,FALSE,FALSE
HNSCC13_p19_HNSCC13_P19_G06,1.1622,0,0.053806,3.1998,0.29042,0.76469,0,Primary,Mast,Mast,13,TRUE,FALSE,TRUE,TRUE,TRUE,TRUE
HNSCC13_p19_HNSCC13_P19_B11,0,0,4.6092,6.7578,0,0,0,Primary,Dendritic,Dendritic,13,FALSE,FALSE,TRUE,TRUE,FALSE,FALSE
HNSCC13_p19_HNSCC13_P19_A04,0,0,0,7.191,0,0,0,Primary,Dendritic,Dendritic,13,FALSE,FALSE,FALSE,TRUE,FALSE,FALSE
HNSCC13_p19_HNSCC13_P19_F05,0,4.6599,0.053806,0.9396,0.15186,0,0,Primary,Dendritic,Dendritic,13,FALSE,TRUE,TRUE,TRUE,TRUE,FALSE
HNSCC13_p19_HNSCC13_P19_B06,0,4.7085,0.042644,1.4589,0.53605,0.3584,0,Primary,Macrophage,Macrophage,13,FALSE,TRUE,TRUE,TRUE,TRUE,TRUE
HNSCC13_p19_HNSCC13_P19_E11,0,0,1.0293,0,1.3363,0,0,Primary,0,0,13,FALSE,FALSE,TRUE,FALSE,TRUE,FALSE
HNSCC13_p19_HNSCC13_P19_H06,0,0,0,7.4827,0,0,0,Primary,Dendritic,Dendritic,13,FALSE,FALSE,FALSE,TRUE,FALSE,FALSE
HNSCC13_p19_HNSCC13_P19_G07,0,0.071763,0,7.3153,0,0,0,Primary,Dendritic,Dendritic,13,FALSE,TRUE,FALSE,TRUE,FALSE,FALSE
HNSCC13_p19_HNSCC13_P19_C12,0,0,0,6.9788,0,0,0,Primary,Dendritic,Dendritic,13,FALSE,FALSE,FALSE,TRUE,FALSE,FALSE
HNSCC13_p19_HNSCC13_P19_H01,0,0,0.086784,6.6525,0,0,0,Primary,Dendritic,Dendritic,13,FALSE,FALSE,TRUE,TRUE,FALSE,FALSE
HNSCC13_p19_HNSCC13_P19_F07,0,0,0,4.9482,0,0,0,Primary,Dendritic,Dendritic,13,FALSE,FALSE,FALSE,TRUE,FALSE,FALSE
HNSCC13_p19_HNSCC13_P19_H12,3.9377,0,0,0.8922,0.19409,0,0,Primary,Mast,Mast,13,TRUE,FALSE,FALSE,TRUE,TRUE,FALSE
HNSCC13_p19_HNSCC13_P19_G05,0,0,0.074505,6.3926,10.582,9.3099,0,Primary,Dendritic,Dendritic,13,FALSE,FALSE,TRUE,TRUE,TRUE,TRUE
HNSCC13_p19_HNSCC13_P19_G04,0,0,0,4.1446,0.13225,0,0,Primary,0,0,13,FALSE,FALSE,FALSE,TRUE,TRUE,FALSE
HNSCC13_p19_HNSCC13_P19_C01,0,0,0.1903,0.14143,0.3505,1.0022,0,Primary,Mast,Mast,13,FALSE,FALSE,TRUE,TRUE,TRUE,TRUE
HNSCC13_p19_HNSCC13_P19_E12,3.6236,5.8299,0,8.6751,0.43829,0.16864,0,Primary,Endothelial,Endothelial,13,TRUE,TRUE,FALSE,TRUE,TRUE,TRUE
HNSCC13_p19_HNSCC13_P19_F09,0,0,0,6.9376,0.12829,0.13356,0,Primary,Endothelial,Endothelial,13,FALSE,FALSE,FALSE,TRUE,TRUE,TRUE
HNSCC13_p19_HNSCC13_P19_H03,0,0,0.034216,5.1483,0,0.44784,0,Primary,0,0,13,FALSE,FALSE,TRUE,TRUE,FALSE,TRUE
HNSCC13_p19_HNSCC13_P19_B10,0,0,0,4.0906,0,0,0,Primary,#NAME?,#NAME?,13,FALSE,FALSE,FALSE,TRUE,FALSE,FALSE
HNSCC13_p19_HNSCC13_P19_G11,0,0,0,7.6088,0,0,0,Primary,Dendritic,Dendritic,13,FALSE,FALSE,FALSE,TRUE,FALSE,FALSE
HNSCC13_p19_HNSCC13_P19_D12,0,0,0,6.2798,0,0,0,Primary,B cell,B cell,13,FALSE,FALSE,FALSE,TRUE,FALSE,FALSE
HNSCC13_p19_HNSCC13_P19_A11,0,0,0.088142,6.2166,0,0,0,Primary,Dendritic,Dendritic,13,FALSE,FALSE,TRUE,TRUE,FALSE,FALSE
HNSCC13_p19_HNSCC13_P19_B12,2.6415,4.8156,0,8.6879,0,0,0,Primary,Endothelial,Endothelial,13,TRUE,TRUE,FALSE,TRUE,FALSE,FALSE
HNSCC13_p19_HNSCC13_P19_A10,3.5141,0,0.052416,5.9312,0,0,0,Primary,Dendritic,Dendritic,13,TRUE,FALSE,TRUE,TRUE,FALSE,FALSE
HNSCC13_p19_HNSCC13_P19_H09,0,0,0.059355,0,0,0,0,Primary,T cell,T cell,13,FALSE,FALSE,TRUE,FALSE,FALSE,FALSE
HNSCC13_p19_HNSCC13_P19_F06,0,0,0,1.6544,4.4042,6.4653,0,Primary,#NAME?,#NAME?,13,FALSE,FALSE,FALSE,TRUE,TRUE,TRUE
HNSCC13_p19_HNSCC13_P19_D03,0,0,4.1323,6.5873,0,0,0,Primary,Dendritic,Dendritic,13,FALSE,FALSE,TRUE,TRUE,FALSE,FALSE
HNSCC13_p19_HNSCC13_P19_E07,0,0.81639,0,2.8612,0,0,0,Primary,Dendritic,Dendritic,13,FALSE,TRUE,FALSE,TRUE,FALSE,FALSE
HNSCC13_p19_HNSCC13_P19_H11,0,0,0,6.6149,0.86156,0,0,Primary,B cell,B cell,13,FALSE,FALSE,FALSE,TRUE,TRUE,FALSE
HNSCC13_p19_HNSCC13_P19_E03,0,0,0,4.8372,0,0,0,Primary,0,0,13,FALSE,FALSE,FALSE,TRUE,FALSE,FALSE
HNSCC13_p19_HNSCC13_P19_C08,0,0,0.056584,6.9369,0,0,0,Primary,Dendritic,Dendritic,13,FALSE,FALSE,TRUE,TRUE,FALSE,FALSE
HNSCC13_p19_HNSCC13_P19_B03,0,0,0,7.5017,7.103,0,0,Primary,T cell,T cell,13,FALSE,FALSE,FALSE,TRUE,TRUE,FALSE
HNSCC13_p19_HNSCC13_P19_D06,0,0,0,4.022,0,0,0,Primary,Fibroblast,Fibroblast,13,FALSE,FALSE,FALSE,TRUE,FALSE,FALSE
HNSCC13_p19_HNSCC13_P19_C06,0,0,0,5.7807,0,0,0,Primary,Dendritic,Dendritic,13,FALSE,FALSE,FALSE,TRUE,FALSE,FALSE
HNSCC13_p19_HNSCC13_P19_E10,0,0.10568,0,6.7918,0,0,0,Primary,Dendritic,Dendritic,13,FALSE,TRUE,FALSE,TRUE,FALSE,FALSE
HNSCC13_p19_HNSCC13_P19_C10,6.9227,0,0,0,0,0,0,Primary,Fibroblast,Fibroblast,13,TRUE,FALSE,FALSE,FALSE,FALSE,FALSE
HNSCC13_p19_HNSCC13_P19_E02,0,0,0,2.2869,0.23266,0,0,Primary,Dendritic,Dendritic,13,FALSE,FALSE,FALSE,TRUE,TRUE,FALSE
HNSCC13_p19_HNSCC13_P19_B02,0,0,0,7.3705,0.14274,0.28214,0,Primary,Dendritic,Dendritic,13,FALSE,FALSE,FALSE,TRUE,TRUE,TRUE
HNSCC13_p19_HNSCC13_P19_G09,0,0,0,7.4905,0,0,0,Primary,B cell,B cell,13,FALSE,FALSE,FALSE,TRUE,FALSE,FALSE
HNSCC13_p19_HNSCC13_P19_G01,3.7043,0,0,4.7962,0.60312,0,0,Primary,0,0,13,TRUE,FALSE,FALSE,TRUE,TRUE,FALSE
HNSCC13_p19_HNSCC13_P19_D02,0,0,0.063503,7.1218,0,0,0,Primary,Dendritic,Dendritic,13,FALSE,FALSE,TRUE,TRUE,FALSE,FALSE
HNSCC13_p19_HNSCC13_P19_F04,0,0,0.069015,5.3957,0,0,0,Primary,Dendritic,Dendritic,13,FALSE,FALSE,TRUE,TRUE,FALSE,FALSE
HNSCC13_p19_HNSCC13_P19_A05,0,0,0.11503,6.055,0,0,0,Primary,Dendritic,Dendritic,13,FALSE,FALSE,TRUE,TRUE,FALSE,FALSE
HNSCC13_p19_HNSCC13_P19_E09,0,0,0,0,0,0,0,Primary,T cell,T cell,13,FALSE,FALSE,FALSE,FALSE,FALSE,FALSE
HNSCC13_p19_HNSCC13_P19_A08,0,0,0,2.9771,0.12961,0.37184,0,Primary,T cell,T cell,13,FALSE,FALSE,FALSE,TRUE,TRUE,TRUE
HNSCC13_p19_HNSCC13_P19_F01,0,0,0,0,0.45101,0,0,Primary,T cell,T cell,13,FALSE,FALSE,FALSE,FALSE,TRUE,FALSE
HNSCC13_p19_HNSCC13_P19_F03,0,0,0,0,0,0,0,Primary,B cell,B cell,13,FALSE,FALSE,FALSE,FALSE,FALSE,FALSE
HNSCC13_p19_HNSCC13_P19_G10,0,0,0.056584,0,0.74502,0.16092,0,Primary,Dendritic,Dendritic,13,FALSE,FALSE,TRUE,FALSE,TRUE,TRUE
HNSCC13_p19_HNSCC13_P19_G03,0,0,0,0,0,0,0,Primary,B cell,B cell,13,FALSE,FALSE,FALSE,FALSE,FALSE,FALSE
HNSCC13_p19_HNSCC13_P19_A06,0,0,0,5.5645,5.8171,4.8691,0,Primary,Dendritic,Dendritic,13,FALSE,FALSE,FALSE,TRUE,TRUE,TRUE
HNSCC13_p19_HNSCC13_P19_F12,3.7831,0,0,8.0422,0,0,0,Primary,Macrophage,Macrophage,13,TRUE,FALSE,FALSE,TRUE,FALSE,FALSE
HNSCC13_p19_HNSCC13_P19_E08,1.542,0,0,7.453,0,0.1903,0,Primary,Fibroblast,Fibroblast,13,TRUE,FALSE,FALSE,TRUE,FALSE,TRUE
HNSCC13_p19_HNSCC13_P19_H10,0,0,0,7.1389,0,0,0,Primary,Dendritic,Dendritic,13,FALSE,FALSE,FALSE,TRUE,FALSE,FALSE
HNSCC13_p19_HNSCC13_P19_C11,0,4.2497,0,8.8718,0,0,0,Primary,Dendritic,Dendritic,13,FALSE,TRUE,FALSE,TRUE,FALSE,FALSE
HNSCC13_p19_HNSCC13_P19_B04,0,0,0,5.1417,0.53705,0,0,Primary,Dendritic,Dendritic,13,FALSE,FALSE,FALSE,TRUE,TRUE,FALSE
HNSCC13_p19_HNSCC13_P19_B08,0,0,0,5.1689,7.3582,0,0,Primary,Dendritic,Dendritic,13,FALSE,FALSE,FALSE,TRUE,TRUE,FALSE
HNSCC13_p19_HNSCC13_P19_B07,0,0,0,7.5771,0,0,0,Primary,Dendritic,Dendritic,13,FALSE,FALSE,FALSE,TRUE,FALSE,FALSE
HNSCC13_p19_HNSCC13_P19_E01,0,0,0,4.653,0.14535,0.28688,0,Primary,#NAME?,#NAME?,13,FALSE,FALSE,FALSE,TRUE,TRUE,TRUE
HNSCC13_p19_HNSCC13_P19_G08,0,0,0,6.5464,9.3691,7.5538,0,Primary,0,0,13,FALSE,FALSE,FALSE,TRUE,TRUE,TRUE
HNSCC5_p3_HNSCC5_P3_D09,0,4.0248,0,6.2729,0.29396,0,0,Primary,Macrophage,Macrophage,5,FALSE,TRUE,FALSE,TRUE,TRUE,FALSE
HNSCC5_p3_HNSCC5_P3_E10,4.3596,4.989,0,6.1813,0,0,0,Primary,Fibroblast,Fibroblast,5,TRUE,TRUE,FALSE,TRUE,FALSE,FALSE
HNSCC5_p3_HNSCC5_P3_A10,0,0,0,5.2184,4.9403,4.7732,0,Primary,Macrophage,Macrophage,5,FALSE,FALSE,FALSE,TRUE,TRUE,TRUE
HNSCC5_p3_HNSCC5_P3_E03,3.3938,3.6204,0,3.8248,12.611,11.305,1,Primary,0,Cancer cells,5,TRUE,TRUE,FALSE,TRUE,TRUE,TRUE
HNSCC5_p3_HNSCC5_P3_E09,2.3707,4.7181,0.20664,7.9345,0,0,0,Primary,Endothelial,Endothelial,5,TRUE,TRUE,TRUE,TRUE,FALSE,FALSE
HNSCC5_p3_HNSCC5_P3_F12,0,3.4506,0.04684,6.7684,0,0,0,Primary,Macrophage,Macrophage,5,FALSE,TRUE,TRUE,TRUE,FALSE,FALSE
HNSCC5_p3_HNSCC5_P3_C05,3.9413,1.8172,0,6.3663,4.3839,0.21288,0,Primary,Macrophage,Macrophage,5,TRUE,TRUE,FALSE,TRUE,TRUE,TRUE
HNSCC5_p3_HNSCC5_P3_A08,0,1.0587,0,7.2778,0,2.5231,0,Primary,Macrophage,Macrophage,5,FALSE,TRUE,FALSE,TRUE,FALSE,TRUE
HNSCC5_p3_HNSCC5_P3_D10,2.6643,3.8182,0,4.9771,12.302,7.1312,1,Primary,0,Cancer cells,5,TRUE,TRUE,FALSE,TRUE,TRUE,TRUE
HNSCC5_p3_HNSCC5_P3_F07,3.9931,2.392,7.5942,4.4843,11.968,9.4337,1,Primary,0,Cancer cells,5,TRUE,TRUE,TRUE,TRUE,TRUE,TRUE
HNSCC5_p3_HNSCC5_P3_H01,3.0853,3.9093,3.2476,3.0762,12.103,7.6754,1,Primary,0,Cancer cells,5,TRUE,TRUE,TRUE,TRUE,TRUE,TRUE
HNSCC5_p3_HNSCC5_P3_F08,5.3749,0,0,8.2963,0,0,0,Primary,Mast,Mast,5,TRUE,FALSE,FALSE,TRUE,FALSE,FALSE
HNSCC5_p3_HNSCC5_P3_C01,0,0.4782,0,8.3536,5.5775,0,0,Primary,Macrophage,Macrophage,5,FALSE,TRUE,FALSE,TRUE,TRUE,FALSE
HNSCC5_p3_HNSCC5_P3_C11,0,3.9659,0,0,12.27,10.562,1,Primary,0,Cancer cells,5,FALSE,TRUE,FALSE,FALSE,TRUE,TRUE
HNSCC5_p3_HNSCC5_P3_H06,5.4043,7.0359,0.084064,6.6576,3.8311,6.2034,0,Primary,Fibroblast,Fibroblast,5,TRUE,TRUE,TRUE,TRUE,TRUE,TRUE
HNSCC5_p3_HNSCC5_P3_A05,7.0698,5.3895,0,4.6601,5.9204,5.6834,0,Primary,Fibroblast,Fibroblast,5,TRUE,TRUE,FALSE,TRUE,TRUE,TRUE
HNSCC5_p3_HNSCC5_P3_E12,0,3.5835,0,7.1044,0,0,0,Primary,Macrophage,Macrophage,5,FALSE,TRUE,FALSE,TRUE,FALSE,FALSE
HNSCC5_p3_HNSCC5_P3_E08,5.5921,4.3155,0,8.1134,3.5696,0.46258,0,Primary,Fibroblast,Fibroblast,5,TRUE,TRUE,FALSE,TRUE,TRUE,TRUE
HNSCC5_p3_HNSCC5_P3_G10,3.5559,0,0,5.5808,4.9562,0,0,Primary,Macrophage,Macrophage,5,TRUE,FALSE,FALSE,TRUE,TRUE,FALSE
HNSCC5_p3_HNSCC5_P3_C06,0.28333,5.0884,0,6.4121,3.3663,0,0,Primary,Macrophage,Macrophage,5,TRUE,TRUE,FALSE,TRUE,TRUE,FALSE
HNSCC5_p3_HNSCC5_P3_D05,0,0,0,5.847,0,0,0,Primary,Macrophage,Macrophage,5,FALSE,FALSE,FALSE,TRUE,FALSE,FALSE
HNSCC5_p3_HNSCC5_P3_G07,0,0,3.2236,0,11.653,8.8495,1,Primary,0,Cancer cells,5,FALSE,FALSE,TRUE,FALSE,TRUE,TRUE
HNSCC5_p3_HNSCC5_P3_A04,2.969,0.56365,2.1266,3.7651,12.194,9.8609,1,Primary,0,Cancer cells,5,TRUE,TRUE,TRUE,TRUE,TRUE,TRUE
HNSCC5_p3_HNSCC5_P3_D06,3.7826,5.5102,0,7.0635,4.38,0,0,Primary,Endothelial,Endothelial,5,TRUE,TRUE,FALSE,TRUE,TRUE,FALSE
HNSCC6_p13_hnscc6_p13_A06,0,0,0.2228,0,7.7011,3.6617,0,Primary,0,0,6,FALSE,FALSE,TRUE,FALSE,TRUE,TRUE
HNSCC6_p13_hnscc6_p13_C03,0,0,0.20789,0,5.5096,0,0,Primary,0,0,6,FALSE,FALSE,TRUE,FALSE,TRUE,FALSE
HNSCC6_p13_hnscc6_p13_G12,0,0,0,0,8.149,6.9537,0,Primary,0,0,6,FALSE,FALSE,FALSE,FALSE,TRUE,TRUE
HNSCC6_p13_hnscc6_p13_G06,0,0,0.089498,0,8.3152,3.1493,0,Primary,0,0,6,FALSE,FALSE,TRUE,FALSE,TRUE,TRUE
HNSCC6_p13_hnscc6_p13_C06,0,0,0.14012,0,6.5072,0.82212,0,Primary,0,0,6,FALSE,FALSE,TRUE,FALSE,TRUE,TRUE
HNSCC6_p13_hnscc6_p13_E03,0,0,0.32884,3.5012,0,0,0,Primary,0,0,6,FALSE,FALSE,TRUE,TRUE,FALSE,FALSE
HNSCC6_p13_hnscc6_p13_F11,0,0,0,0.18396,6.675,4.2593,0,Primary,0,0,6,FALSE,FALSE,FALSE,TRUE,TRUE,TRUE
HNSCC6_p13_hnscc6_p13_A11,0,0,0.28096,0,6.7241,0.27739,0,Primary,0,0,6,FALSE,FALSE,TRUE,FALSE,TRUE,TRUE
HNSCC6_p13_hnscc6_p13_E08,0,0,0.48543,0,6.9616,4.321,0,Primary,0,0,6,FALSE,FALSE,TRUE,FALSE,TRUE,TRUE
HNSCC6_p13_hnscc6_p13_F08,0,0,0.38405,0,9.3313,6.1995,0,Primary,0,0,6,FALSE,FALSE,TRUE,FALSE,TRUE,TRUE
HNSCC6_p13_hnscc6_p13_G08,0,0,0.543,0,4.1858,3.9278,0,Primary,0,0,6,FALSE,FALSE,TRUE,FALSE,TRUE,TRUE
HNSCC6_p13_hnscc6_p13_D05,0,0,0.36737,0,8.0974,3.2998,0,Primary,0,0,6,FALSE,FALSE,TRUE,FALSE,TRUE,TRUE
HNSCC6_p13_hnscc6_p13_A05,0,0,0.49262,0,6.0577,4.5264,0,Primary,0,0,6,FALSE,FALSE,TRUE,FALSE,TRUE,TRUE
HNSCC6_p13_hnscc6_p13_G03,0,0,0.31267,0,7.2157,5.6967,0,Primary,0,0,6,FALSE,FALSE,TRUE,FALSE,TRUE,TRUE
HNSCC6_p13_hnscc6_p13_B05,0,0,0.26424,0,8.1738,6.2375,0,Primary,0,0,6,FALSE,FALSE,TRUE,FALSE,TRUE,TRUE
HNSCC6_p13_hnscc6_p13_H11,0,0.22897,0.15575,3.3918,5.2391,0,0,Primary,0,0,6,FALSE,TRUE,TRUE,TRUE,TRUE,FALSE
HNSCC6_p13_hnscc6_p13_B12,0,0,0.44679,0,8.1803,3.0878,0,Primary,0,0,6,FALSE,FALSE,TRUE,FALSE,TRUE,TRUE
HNSCC6_p13_hnscc6_p13_G02,0,0,0.20038,0,6.7716,3.019,0,Primary,0,0,6,FALSE,FALSE,TRUE,FALSE,TRUE,TRUE
HNSCC6_p13_hnscc6_p13_C11,0,0.95308,0.24367,0,7.7681,3.297,0,Primary,0,0,6,FALSE,TRUE,TRUE,FALSE,TRUE,TRUE
HNSCC6_p13_hnscc6_p13_C12,0,0,0.10836,0,8.0018,3.4063,0,Primary,0,0,6,FALSE,FALSE,TRUE,FALSE,TRUE,TRUE
HNSCC6_p13_hnscc6_p13_B07,0,0,0.39616,0,7.0971,0,0,Primary,0,0,6,FALSE,FALSE,TRUE,FALSE,TRUE,FALSE
HNSCC6_p13_hnscc6_p13_A10,0,0,0.48336,0,5.4015,4.0466,0,Primary,0,0,6,FALSE,FALSE,TRUE,FALSE,TRUE,TRUE
HNSCC6_p13_hnscc6_p13_C04,0,0,0,0,6.1749,3.1536,0,Primary,0,0,6,FALSE,FALSE,FALSE,FALSE,TRUE,TRUE
HNSCC6_p13_hnscc6_p13_G11,0,0,0.23389,0,7.5707,0,0,Primary,0,0,6,FALSE,FALSE,TRUE,FALSE,TRUE,FALSE
HNSCC6_p13_hnscc6_p13_C09,0,0,0.72596,0,8.7764,6.6775,0,Primary,0,0,6,FALSE,FALSE,TRUE,FALSE,TRUE,TRUE
HNSCC6_p13_hnscc6_p13_A07,0,0,0.1177,0,5.9071,3.9913,0,Primary,0,0,6,FALSE,FALSE,TRUE,FALSE,TRUE,TRUE
HNSCC6_p13_hnscc6_p13_D08,0,0,0.056584,0,7.8714,0.21909,0,Primary,0,0,6,FALSE,FALSE,TRUE,FALSE,TRUE,TRUE
HNSCC6_p13_hnscc6_p13_F04,0,0,0.3584,0,8.7471,4.4118,0,Primary,0,0,6,FALSE,FALSE,TRUE,FALSE,TRUE,TRUE
HNSCC6_p13_hnscc6_p13_E05,0,0,0.23756,6.2705,0,0,0,Primary,0,0,6,FALSE,FALSE,TRUE,TRUE,FALSE,FALSE
HNSCC5_p11_p12_hnscc5_p11_p12_F08,0,0,0.11636,2.4753,0,0,0,Primary,T cell,T cell,5,FALSE,FALSE,TRUE,TRUE,FALSE,FALSE
HNSCC5_p11_p12_hnscc5_p11_p12_D11,0,0,0,0,0.59741,0,0,Primary,T cell,T cell,5,FALSE,FALSE,FALSE,FALSE,TRUE,FALSE
HNSCC5_p11_p12_hnscc5_p11_p12_E09,0,0,0.052416,8.0817,0,0,0,Primary,Macrophage,Macrophage,5,FALSE,FALSE,TRUE,TRUE,FALSE,FALSE
HNSCC5_p11_p12_hnscc5_p11_p12_D01,0,0,0,0.24853,1.9103,0,0,Primary,T cell,T cell,5,FALSE,FALSE,FALSE,TRUE,TRUE,FALSE
HNSCC5_p11_p12_hnscc5_p11_p12_E12,4.1551,2.6918,0,5.7344,3.2428,3.2969,0,Primary,Macrophage,Macrophage,5,TRUE,TRUE,FALSE,TRUE,TRUE,TRUE
HNSCC5_p11_p12_hnscc5_p11_p12_G03,0,0,0.1003,6.0357,0.14274,0,0,Primary,T cell,T cell,5,FALSE,FALSE,TRUE,TRUE,TRUE,FALSE
HNSCC5_p11_p12_hnscc5_p11_p12_A04,0,3.9438,0,5.2709,0,0,0,Primary,Macrophage,Macrophage,5,FALSE,TRUE,FALSE,TRUE,FALSE,FALSE
HNSCC5_p11_p12_hnscc5_p11_p12_C11,0,2.6185,0,5.7957,4.6057,4.3132,0,Primary,Macrophage,Macrophage,5,FALSE,TRUE,FALSE,TRUE,TRUE,TRUE
HNSCC5_p11_p12_hnscc5_p11_p12_E08,0,0,0.1137,1.8675,0,0.31383,0,Primary,T cell,T cell,5,FALSE,FALSE,TRUE,TRUE,FALSE,TRUE
HNSCC5_p11_p12_hnscc5_p11_p12_G12,0,0,0,2.059,0,0,0,Primary,T cell,T cell,5,FALSE,FALSE,FALSE,TRUE,FALSE,FALSE
HNSCC5_p11_p12_hnscc5_p11_p12_G07,0,0,0.038436,8.3852,0,0,0,Primary,T cell,T cell,5,FALSE,FALSE,TRUE,TRUE,FALSE,FALSE
HNSCC5_p11_p12_hnscc5_p11_p12_B12,0,0,0,5.6302,0,4.3966,0,Primary,Macrophage,Macrophage,5,FALSE,FALSE,FALSE,TRUE,FALSE,TRUE
HNSCC5_p11_p12_hnscc5_p11_p12_C10,0,0,0,0,0,0,0,Primary,T cell,T cell,5,FALSE,FALSE,FALSE,FALSE,FALSE,FALSE
HNSCC5_p11_p12_hnscc5_p11_p12_A01,0,0,0,0,0,0,0,Primary,T cell,T cell,5,FALSE,FALSE,FALSE,FALSE,FALSE,FALSE
HNSCC5_p11_p12_hnscc5_p11_p12_E11,0,0.073135,0,6.9635,3.5758,0,0,Primary,Macrophage,Macrophage,5,FALSE,TRUE,FALSE,TRUE,TRUE,FALSE
HNSCC5_p11_p12_hnscc5_p11_p12_D09,0,0,0,4.5598,0,0,0,Primary,Macrophage,Macrophage,5,FALSE,FALSE,FALSE,TRUE,FALSE,FALSE
HNSCC5_p11_p12_hnscc5_p11_p12_H01,0,0,0.035624,4.5343,4.2679,0,0,Primary,Macrophage,Macrophage,5,FALSE,FALSE,TRUE,TRUE,TRUE,FALSE
HNSCC5_p11_p12_hnscc5_p11_p12_C03,0,0,0.059355,1.0983,4.3752,0,0,Primary,T cell,T cell,5,FALSE,FALSE,TRUE,TRUE,TRUE,FALSE
HNSCC5_p11_p12_hnscc5_p11_p12_C07,0,0,0.11636,0,0,0,0,Primary,T cell,T cell,5,FALSE,FALSE,TRUE,FALSE,FALSE,FALSE
HNSCC5_p11_p12_hnscc5_p11_p12_H07,0,0,0,6.6244,0,0,0,Primary,T cell,T cell,5,FALSE,FALSE,FALSE,TRUE,FALSE,FALSE
HNSCC5_p11_p12_hnscc5_p11_p12_E04,0,0,0,0,6.7369,0,0,Primary,T cell,T cell,5,FALSE,FALSE,FALSE,FALSE,TRUE,FALSE
HNSCC5_p11_p12_hnscc5_p11_p12_B04,3.4952,3.1682,0.017209,6.3878,0,0,0,Primary,Macrophage,Macrophage,5,TRUE,TRUE,TRUE,TRUE,FALSE,FALSE
HNSCC5_p11_p12_hnscc5_p11_p12_C08,0,0,0,0.60122,0,0,0,Primary,T cell,T cell,5,FALSE,FALSE,FALSE,TRUE,FALSE,FALSE
HNSCC5_p11_p12_hnscc5_p11_p12_E07,3.3931,4.5014,0,5.3584,3.9341,0,0,Primary,Macrophage,Macrophage,5,TRUE,TRUE,FALSE,TRUE,TRUE,FALSE
HNSCC5_p11_p12_hnscc5_p11_p12_F05,0,0,0,6.9168,0,0.18269,0,Primary,T cell,T cell,5,FALSE,FALSE,FALSE,TRUE,FALSE,TRUE
HNSCC5_p11_p12_hnscc5_p11_p12_H05,0,0,0,7.7148,0,0.9313,0,Primary,T cell,T cell,5,FALSE,FALSE,FALSE,TRUE,FALSE,TRUE
HNSCC5_p11_p12_hnscc5_p11_p12_G05,0,1.745,0.071763,6.8208,6.5079,0.20414,0,Primary,Macrophage,Macrophage,5,FALSE,TRUE,TRUE,TRUE,TRUE,TRUE
HNSCC5_p11_p12_hnscc5_p11_p12_B02,2.8961,0,0,7.0371,0,0,0,Primary,Macrophage,Macrophage,5,TRUE,FALSE,FALSE,TRUE,FALSE,FALSE
HNSCC5_p11_p12_hnscc5_p11_p12_F10,0,0,0,8.5238,5.8678,0,0,Primary,T cell,T cell,5,FALSE,FALSE,FALSE,TRUE,TRUE,FALSE
HNSCC5_p11_p12_hnscc5_p11_p12_A10,0,0,0,3.5804,0,0,0,Primary,Macrophage,Macrophage,5,FALSE,FALSE,FALSE,TRUE,FALSE,FALSE
HNSCC5_p11_p12_hnscc5_p11_p12_D05,0,0,0,4.7704,0,0,0,Primary,T cell,T cell,5,FALSE,FALSE,FALSE,TRUE,FALSE,FALSE
HNSCC5_p11_p12_hnscc5_p11_p12_A05,0,0,0.17887,0,6.6827,0.41143,0,Primary,T cell,T cell,5,FALSE,FALSE,TRUE,FALSE,TRUE,TRUE
HNSCC5_p11_p12_hnscc5_p11_p12_G09,0,0,0,0,0,0,0,Primary,T cell,T cell,5,FALSE,FALSE,FALSE,FALSE,FALSE,FALSE
HNSCC5_p11_p12_hnscc5_p11_p12_C06,0,5.5281,0,0,0,0,0,Primary,T cell,T cell,5,FALSE,TRUE,FALSE,FALSE,FALSE,FALSE
HNSCC5_p11_p12_hnscc5_p11_p12_F09,0,0,0.05797,2.4898,0,0,0,Primary,T cell,T cell,5,FALSE,FALSE,TRUE,TRUE,FALSE,FALSE
HNSCC5_p11_p12_hnscc5_p11_p12_F11,0,1.0058,0.048236,6.8608,0,0,0,Primary,Macrophage,Macrophage,5,FALSE,TRUE,TRUE,TRUE,FALSE,FALSE
HNSCC5_p11_p12_hnscc5_p11_p12_H09,0,0,0,5.0885,0,1.543,0,Primary,Macrophage,Macrophage,5,FALSE,FALSE,FALSE,TRUE,FALSE,TRUE
HNSCC5_p11_p12_hnscc5_p11_p12_H11,0.26303,2.6064,0,5.1107,2.8626,0,0,Primary,Macrophage,Macrophage,5,TRUE,TRUE,FALSE,TRUE,TRUE,FALSE
HNSCC5_p11_p12_hnscc5_p11_p12_E05,0,0,0,0.37518,0.30451,0.1137,0,Primary,Macrophage,Macrophage,5,FALSE,FALSE,FALSE,TRUE,TRUE,TRUE
HNSCC5_p11_p12_hnscc5_p11_p12_G11,0,0,0,5.5388,0.10969,0,0,Primary,T cell,T cell,5,FALSE,FALSE,FALSE,TRUE,TRUE,FALSE
HNSCC5_p11_p12_hnscc5_p11_p12_H10,0,2.099,0,6.7022,2.5031,0,0,Primary,Macrophage,Macrophage,5,FALSE,TRUE,FALSE,TRUE,TRUE,FALSE
HNSCC5_p11_p12_hnscc5_p11_p12_H06,0,0,0.22404,0,0,0,0,Primary,T cell,T cell,5,FALSE,FALSE,TRUE,FALSE,FALSE,FALSE
HNSCC5_p11_p12_hnscc5_p11_p12_H04,0,0,0,6.2404,0,0,0,Primary,T cell,T cell,5,FALSE,FALSE,FALSE,TRUE,FALSE,FALSE
HNSCC5_p11_p12_hnscc5_p11_p12_G02,5.112,4.4692,0.1903,6.6402,7.3263,0,0,Primary,Macrophage,Macrophage,5,TRUE,TRUE,TRUE,TRUE,TRUE,FALSE
HNSCC5_p11_p12_hnscc5_p11_p12_C02,0,0,0.09356,0,0,0,0,Primary,T cell,T cell,5,FALSE,FALSE,TRUE,FALSE,FALSE,FALSE
HNSCC5_p11_p12_hnscc5_p11_p12_C09,0,0,0,5.415,3.9131,2.281,0,Primary,Macrophage,Macrophage,5,FALSE,FALSE,FALSE,TRUE,TRUE,TRUE
HNSCC5_p11_p12_hnscc5_p11_p12_D07,0,0,0,5.5141,0,0,0,Primary,Macrophage,Macrophage,5,FALSE,FALSE,FALSE,TRUE,FALSE,FALSE
HNSCC5_p11_p12_hnscc5_p11_p12_B05,0,0,0,6.1462,0,0,0,Primary,T cell,T cell,5,FALSE,FALSE,FALSE,TRUE,FALSE,FALSE
HNSCC5_p11_p12_hnscc5_p11_p12_D10,4.7215,0,0,0,4.5873,0,0,Primary,Macrophage,Macrophage,5,TRUE,FALSE,FALSE,FALSE,TRUE,FALSE
HNSCC5_p11_p12_hnscc5_p11_p12_G01,0,0,0,8.9453,2.8448,0,0,Primary,Mast,Mast,5,FALSE,FALSE,FALSE,TRUE,TRUE,FALSE
HNSCC5_p11_p12_hnscc5_p11_p12_B10,0,0,0,0.16607,0,0,0,Primary,T cell,T cell,5,FALSE,FALSE,FALSE,TRUE,FALSE,FALSE
HNSCC5_p11_p12_hnscc5_p11_p12_E06,3.7973,0,0.0086303,6.1707,0,0,0,Primary,Macrophage,Macrophage,5,TRUE,FALSE,TRUE,TRUE,FALSE,FALSE
HNSCC5_p11_p12_hnscc5_p11_p12_A02,2.9117,3.1532,0,5.0725,0.32423,0,0,Primary,Macrophage,Macrophage,5,TRUE,TRUE,FALSE,TRUE,TRUE,FALSE
HNSCC5_p11_p12_hnscc5_p11_p12_B06,0,4.3463,0,5.5385,0,0,0,Primary,Macrophage,Macrophage,5,FALSE,TRUE,FALSE,TRUE,FALSE,FALSE
HNSCC5_p11_p12_hnscc5_p11_p12_A12,0,0,0,6.3584,0,0,0,Primary,Macrophage,Macrophage,5,FALSE,FALSE,FALSE,TRUE,FALSE,FALSE
HNSCC5_p11_p12_hnscc5_p11_p12_E03,0,3.7509,0,7.3567,0,0,0,Primary,Macrophage,Macrophage,5,FALSE,TRUE,FALSE,TRUE,FALSE,FALSE
HNSCC7_p8_HNSCC7_P8_D05,0.80157,5.1888,7.216,0,9.2748,6.8145,1,Primary,0,Cancer cells,7,TRUE,TRUE,TRUE,FALSE,TRUE,TRUE
HNSCC7_p8_HNSCC7_P8_A06,0,6.9279,0.15445,6.5186,0,0,0,Primary,Fibroblast,Fibroblast,7,FALSE,TRUE,TRUE,TRUE,FALSE,FALSE
HNSCC7_p8_HNSCC7_P8_E01,4.6544,4.6929,4.1085,0,10.873,9.63,1,Primary,0,Cancer cells,7,TRUE,TRUE,TRUE,FALSE,TRUE,TRUE
HNSCC7_p8_HNSCC7_P8_G01,5.1282,0.22033,6.1525,0,0.123,5.7325,1,Primary,0,Cancer cells,7,TRUE,TRUE,TRUE,FALSE,TRUE,TRUE
HNSCC7_p8_HNSCC7_P8_B05,0,5.2708,7.1463,0.051024,7.6909,7.8829,1,Primary,0,Cancer cells,7,FALSE,TRUE,TRUE,TRUE,TRUE,TRUE
HNSCC7_p8_HNSCC7_P8_B06,4.956,0,4.4931,0,10.14,8.4962,1,Primary,0,Cancer cells,7,TRUE,FALSE,TRUE,FALSE,TRUE,TRUE
HNSCC7_p8_HNSCC7_P8_A09,0,4.9583,7.5034,0,6.5123,8.3064,1,Primary,0,Cancer cells,7,FALSE,TRUE,TRUE,FALSE,TRUE,TRUE
HNSCC6_p14_hnscc6_p14_G04,0,0,0,0,10.024,8.1823,1,Primary,0,Cancer cells,6,FALSE,FALSE,FALSE,FALSE,TRUE,TRUE
HNSCC6_p14_hnscc6_p14_H05,2.2684,0.035624,0,8.0748,0,0,0,Primary,Fibroblast,Fibroblast,6,TRUE,TRUE,FALSE,TRUE,FALSE,FALSE
HNSCC6_p14_hnscc6_p14_H09,7.938,3.3816,0,10.142,0,0,0,Primary,Fibroblast,Fibroblast,6,TRUE,TRUE,FALSE,TRUE,FALSE,FALSE
HNSCC6_p14_hnscc6_p14_F08,0,0,0,0,10.205,10.061,1,Primary,0,Cancer cells,6,FALSE,FALSE,FALSE,FALSE,TRUE,TRUE
HNSCC6_p14_hnscc6_p14_E07,0,0,3.2051,2.1865,11.724,11.158,1,Primary,0,Cancer cells,6,FALSE,FALSE,TRUE,TRUE,TRUE,TRUE
HNSCC6_p14_hnscc6_p14_E11,0,0,0,0,10.746,7.8829,1,Primary,0,Cancer cells,6,FALSE,FALSE,FALSE,FALSE,TRUE,TRUE
HNSCC6_p14_hnscc6_p14_G08,0,0,0,0,11.071,8.2512,1,Primary,0,Cancer cells,6,FALSE,FALSE,FALSE,FALSE,TRUE,TRUE
HNSCC6_p14_hnscc6_p14_G07,0,0,0,5.77,1.4901,0.7031,0,Primary,Endothelial,Endothelial,6,FALSE,FALSE,FALSE,TRUE,TRUE,TRUE
HNSCC6_p14_hnscc6_p14_G02,0,0,0,0,10.894,8.1304,0,Primary,0,0,6,FALSE,FALSE,FALSE,FALSE,TRUE,TRUE
HNSCC6_p14_hnscc6_p14_F11,0,0.59932,0,8.8174,0,0,0,Primary,Endothelial,Endothelial,6,FALSE,TRUE,FALSE,TRUE,FALSE,FALSE
HNSCC6_p14_hnscc6_p14_H11,4.2235,4.0832,0,5.4001,9.7898,7.5453,1,Primary,0,Cancer cells,6,TRUE,TRUE,FALSE,TRUE,TRUE,TRUE
HNSCC6_p14_hnscc6_p14_G12,4.4026,0,0,0,9.4891,6.2434,1,Primary,0,Cancer cells,6,TRUE,FALSE,FALSE,FALSE,TRUE,TRUE
HNSCC6_p14_hnscc6_p14_E02,0,0,0.1635,0,9.3112,6.7978,1,Primary,0,Cancer cells,6,FALSE,FALSE,TRUE,FALSE,TRUE,TRUE
HNSCC6_p14_hnscc6_p14_H02,6.4417,5.4073,0,8.7135,1.5044,0,0,Primary,Endothelial,Endothelial,6,TRUE,TRUE,FALSE,TRUE,TRUE,FALSE
HNSCC6_p14_hnscc6_p14_H06,0,0,0.10299,0,9.9008,9.6234,1,Primary,0,Cancer cells,6,FALSE,FALSE,TRUE,FALSE,TRUE,TRUE
HNSCC6_p14_hnscc6_p14_E12,0,3.0897,0.14405,6.631,2.0218,1.4828,0,Primary,Macrophage,Macrophage,6,FALSE,TRUE,TRUE,TRUE,TRUE,TRUE
HNSCC6_p14_hnscc6_p14_F04,0,4.9386,0.02432,6.3435,0,0,0,Primary,Macrophage,Macrophage,6,FALSE,TRUE,TRUE,TRUE,FALSE,FALSE
HNSCC6_p14_hnscc6_p14_G11,0,5.7546,0,6.1944,1.1037,0.3774,0,Primary,Endothelial,Endothelial,6,FALSE,TRUE,FALSE,TRUE,TRUE,TRUE
HNSCC6_p14_hnscc6_p14_E05,0,0.73031,0.14143,0,10.348,9.2667,1,Primary,0,Cancer cells,6,FALSE,TRUE,TRUE,FALSE,TRUE,TRUE
HNSCC6_p14_hnscc6_p14_H10,3.4198,0,0,0,9.5393,5.9897,1,Primary,0,Cancer cells,6,TRUE,FALSE,FALSE,FALSE,TRUE,TRUE
HNSCC6_p14_hnscc6_p14_H03,3.8352,0,0,3.2544,8.956,8.5874,1,Primary,0,Cancer cells,6,TRUE,FALSE,FALSE,TRUE,TRUE,TRUE
HNSCC6_p14_hnscc6_p14_E04,3.1925,0,3.3813,0,10.693,10.6,1,Primary,0,Cancer cells,6,TRUE,FALSE,TRUE,FALSE,TRUE,TRUE
HNSCC6_p14_hnscc6_p14_G01,0,0,0,0,11.072,11.818,1,Primary,0,Cancer cells,6,FALSE,FALSE,FALSE,FALSE,TRUE,TRUE
HNSCC6_p14_hnscc6_p14_E06,0,0.21661,0.053806,0,10.442,8.3394,1,Primary,0,Cancer cells,6,FALSE,TRUE,TRUE,FALSE,TRUE,TRUE
HNSCC6_p14_hnscc6_p14_F06,3.7281,0,0,0,9.5018,8.2673,1,Primary,0,Cancer cells,6,TRUE,FALSE,FALSE,FALSE,TRUE,TRUE
HNSCC6_p14_hnscc6_p14_G10,3.9521,0,0.097611,0,9.9911,9.7201,1,Primary,0,Cancer cells,6,TRUE,FALSE,TRUE,FALSE,TRUE,TRUE
HNSCC6_p14_hnscc6_p14_H08,0,4.968,5.143,7.7767,0,0,0,Primary,Endothelial,Endothelial,6,FALSE,TRUE,TRUE,TRUE,FALSE,FALSE
HNSCC6_p14_hnscc6_p14_G06,4.8729,6.088,5.7558,7.8457,0.63413,0,0,Primary,Endothelial,Endothelial,6,TRUE,TRUE,TRUE,TRUE,TRUE,FALSE
HNSCC6_p14_hnscc6_p14_F01,0,0,0,0,11.342,11.79,1,Primary,0,Cancer cells,6,FALSE,FALSE,FALSE,FALSE,TRUE,TRUE
HNSCC6_p14_hnscc6_p14_F10,0,0,0.52206,0,9.1686,9.2274,1,Primary,0,Cancer cells,6,FALSE,FALSE,TRUE,FALSE,TRUE,TRUE
HNSCC6_p14_hnscc6_p14_E01,3.7055,0,0,0,11.086,9.6437,1,Primary,0,Cancer cells,6,TRUE,FALSE,FALSE,FALSE,TRUE,TRUE
HNSCC6_p14_hnscc6_p14_E08,0.70487,0,0,5.4046,1.2085,0.83188,0,Primary,Fibroblast,Fibroblast,6,TRUE,FALSE,FALSE,TRUE,TRUE,TRUE
HNSCC6_p14_hnscc6_p14_H01,0,0,0.18142,0,9.993,7.8056,1,Primary,0,Cancer cells,6,FALSE,FALSE,TRUE,FALSE,TRUE,TRUE
HNSCC6_p14_hnscc6_p14_H07,0,0,0.14405,0,10.812,8.4767,1,Primary,0,Cancer cells,6,FALSE,FALSE,TRUE,FALSE,TRUE,TRUE
HNSCC6_p14_hnscc6_p14_F09,0.81229,1.6512,0,8.8301,0,0,0,Primary,Endothelial,Endothelial,6,TRUE,TRUE,FALSE,TRUE,FALSE,FALSE
HNSCC6_p14_hnscc6_p14_E03,0,0,0.066261,0,11.184,8.444,1,Primary,0,Cancer cells,6,FALSE,FALSE,TRUE,FALSE,TRUE,TRUE
HNSCC6_p14_hnscc6_p14_E09,2.7007,0,0,0,9.2829,7.7418,1,Primary,0,Cancer cells,6,TRUE,FALSE,FALSE,FALSE,TRUE,TRUE
HNSCC6_p14_hnscc6_p14_G09,0,0.11902,2.9362,0,10.882,6.7951,1,Primary,0,Cancer cells,6,FALSE,TRUE,TRUE,FALSE,TRUE,TRUE
HNSCC5_p9_HNSCC5_P9_B10,0,4.0426,2.6402,0,12.502,0.36625,1,Primary,0,Cancer cells,5,FALSE,TRUE,TRUE,FALSE,TRUE,TRUE
HNSCC5_p9_HNSCC5_P9_G01,4.3313,2.9151,0,7.1655,0,0,0,Primary,Fibroblast,Fibroblast,5,TRUE,TRUE,FALSE,TRUE,FALSE,FALSE
HNSCC5_p9_HNSCC5_P9_F07,4.4839,0.07861,0,7.5886,4.6239,0,0,Primary,Fibroblast,Fibroblast,5,TRUE,TRUE,FALSE,TRUE,TRUE,FALSE
HNSCC5_p9_HNSCC5_P9_D01,5.5312,5.697,0,6.6544,4.1158,0,0,Primary,Fibroblast,Fibroblast,5,TRUE,TRUE,FALSE,TRUE,TRUE,FALSE
HNSCC5_p9_HNSCC5_P9_D08,0,3.6427,6.1911,3.8296,12.155,10.37,1,Primary,0,Cancer cells,5,FALSE,TRUE,TRUE,TRUE,TRUE,TRUE
HNSCC5_p9_HNSCC5_P9_A10,5.0177,2.3612,0,7.2493,4.9898,0.77231,0,Primary,Fibroblast,Fibroblast,5,TRUE,TRUE,FALSE,TRUE,TRUE,TRUE
HNSCC5_p9_HNSCC5_P9_D03,0,0,0,0,11.482,8.4156,1,Primary,0,Cancer cells,5,FALSE,FALSE,FALSE,FALSE,TRUE,TRUE
HNSCC5_p9_HNSCC5_P9_F06,4.4733,4.3153,0,3.8246,0.19912,0,0,Primary,Fibroblast,Fibroblast,5,TRUE,TRUE,FALSE,TRUE,TRUE,FALSE
HNSCC5_p9_HNSCC5_P9_B11,4.0801,4.5539,5.7331,4.5435,11.679,9.6849,1,Primary,0,Cancer cells,5,TRUE,TRUE,TRUE,TRUE,TRUE,TRUE
HNSCC5_p9_HNSCC5_P9_H03,0,0,0,0,11.877,5.6337,1,Primary,0,Cancer cells,5,FALSE,FALSE,FALSE,FALSE,TRUE,TRUE
HNSCC5_p9_HNSCC5_P9_H10,0,0.55189,0,0,12.075,4.3485,1,Primary,0,Cancer cells,5,FALSE,TRUE,FALSE,FALSE,TRUE,TRUE
HNSCC5_p9_HNSCC5_P9_B06,0,2.5363,0.070389,0,12.822,9.922,1,Primary,0,Cancer cells,5,FALSE,TRUE,TRUE,FALSE,TRUE,TRUE
HNSCC5_p9_HNSCC5_P9_A02,0,0,4.1233,2.496,11.855,10.268,1,Primary,0,Cancer cells,5,FALSE,FALSE,TRUE,TRUE,TRUE,TRUE
HNSCC5_p9_HNSCC5_P9_G04,0,2.9677,1.5826,2.7818,12.022,7.9311,1,Primary,0,Cancer cells,5,FALSE,TRUE,TRUE,TRUE,TRUE,TRUE
HNSCC5_p9_HNSCC5_P9_A06,0,4.5486,7.433,4.7388,12.428,11.054,1,Primary,0,Cancer cells,5,FALSE,TRUE,TRUE,TRUE,TRUE,TRUE
HNSCC5_p9_HNSCC5_P9_B07,3.111,4.4718,5.7879,0,11.931,9.7957,1,Primary,0,Cancer cells,5,TRUE,TRUE,TRUE,FALSE,TRUE,TRUE
HNSCC5_p9_HNSCC5_P9_A03,3.8298,3.6402,0,7.087,3.7896,0,0,Primary,Fibroblast,Fibroblast,5,TRUE,TRUE,FALSE,TRUE,TRUE,FALSE
HNSCC5_p9_HNSCC5_P9_G07,3.2689,4.5759,0.035624,3.1137,11.553,9.9986,1,Primary,0,Cancer cells,5,TRUE,TRUE,TRUE,TRUE,TRUE,TRUE
HNSCC5_p9_HNSCC5_P9_H11,5.157,4.5303,0,6.6181,4.1008,0,0,Primary,Fibroblast,Fibroblast,5,TRUE,TRUE,FALSE,TRUE,TRUE,FALSE
HNSCC5_p9_HNSCC5_P9_D11,5.2588,0,0,6.9313,4.9701,0,0,Primary,Fibroblast,Fibroblast,5,TRUE,FALSE,FALSE,TRUE,TRUE,FALSE
HNSCC5_p9_HNSCC5_P9_D04,4.4068,3.3695,6.6594,0.2461,12.312,11.574,1,Primary,0,Cancer cells,5,TRUE,TRUE,TRUE,TRUE,TRUE,TRUE
HNSCC5_p9_HNSCC5_P9_G11,0,0,0.19787,2.4074,11.427,0.20289,1,Primary,0,Cancer cells,5,FALSE,FALSE,TRUE,TRUE,TRUE,TRUE
HNSCC5_p9_HNSCC5_P9_G09,0,0.42008,0,0,12.141,9.7404,1,Primary,0,Cancer cells,5,FALSE,TRUE,FALSE,FALSE,TRUE,TRUE
HNSCC5_p9_HNSCC5_P9_D10,0,0,0.048236,1.5226,12.821,9.6757,1,Primary,0,Cancer cells,5,FALSE,FALSE,TRUE,TRUE,TRUE,TRUE
HNSCC5_p9_HNSCC5_P9_F01,0,5.1285,0.11103,3.2534,0,6.2347,0,Primary,Fibroblast,Fibroblast,5,FALSE,TRUE,TRUE,TRUE,FALSE,TRUE
HNSCC5_p9_HNSCC5_P9_E09,3.9327,1.3051,6.9075,5.4291,11.626,10.086,1,Primary,0,Cancer cells,5,TRUE,TRUE,TRUE,TRUE,TRUE,TRUE
HNSCC5_p9_HNSCC5_P9_B09,2.6681,3.8038,3.5241,0,12.295,10.377,1,Primary,0,Cancer cells,5,TRUE,TRUE,TRUE,FALSE,TRUE,TRUE
HNSCC5_p9_HNSCC5_P9_E10,3.6893,3.6657,7.1869,4.0738,11.739,10.698,1,Primary,0,Cancer cells,5,TRUE,TRUE,TRUE,TRUE,TRUE,TRUE
HNSCC5_p9_HNSCC5_P9_F10,0,3.6579,7.0127,4.4344,11.93,9.129,1,Primary,0,Cancer cells,5,FALSE,TRUE,TRUE,TRUE,TRUE,TRUE
HNSCC5_p9_HNSCC5_P9_D02,4.9705,1.1545,0,7.4215,6.3599,0,0,Primary,Fibroblast,Fibroblast,5,TRUE,TRUE,FALSE,TRUE,TRUE,FALSE
HNSCC5_p9_HNSCC5_P9_E04,4.9919,5.7622,0.064883,7.189,2.3182,3.262,0,Primary,Fibroblast,Fibroblast,5,TRUE,TRUE,TRUE,TRUE,TRUE,TRUE
HNSCC5_p9_HNSCC5_P9_A05,6.3891,0,0,7.4389,0.22651,0.23511,0,Primary,Fibroblast,Fibroblast,5,TRUE,FALSE,FALSE,TRUE,TRUE,TRUE
HNSCC5_p9_HNSCC5_P9_A08,2.386,2.1862,3.8761,1.9866,12.293,9.366,1,Primary,0,Cancer cells,5,TRUE,TRUE,TRUE,TRUE,TRUE,TRUE
HNSCC5_p9_HNSCC5_P9_C10,0,0,0.38957,7.7871,0,0.48233,0,Primary,Fibroblast,Fibroblast,5,FALSE,FALSE,TRUE,TRUE,FALSE,TRUE
HNSCC5_p9_HNSCC5_P9_G02,3.2497,4.6044,5.9925,5.9015,11.437,6.7503,1,Primary,0,Cancer cells,5,TRUE,TRUE,TRUE,TRUE,TRUE,TRUE
HNSCC5_p9_HNSCC5_P9_F12,0,0.13225,6.8973,0,11.294,9.0707,1,Primary,0,Cancer cells,5,FALSE,TRUE,TRUE,FALSE,TRUE,TRUE
HNSCC5_p9_HNSCC5_P9_A09,0.78827,1.754,6.2819,0.54992,11.086,8.9967,1,Primary,0,Cancer cells,5,TRUE,TRUE,TRUE,TRUE,TRUE,TRUE
HNSCC5_p9_HNSCC5_P9_C11,4.7718,6.908,0.22527,7.1146,0,0,0,Primary,Endothelial,Endothelial,5,TRUE,TRUE,TRUE,TRUE,FALSE,FALSE
HNSCC5_p9_HNSCC5_P9_G06,1.6295,0.46571,7.1189,4.4278,12.33,9.7367,1,Primary,0,Cancer cells,5,TRUE,TRUE,TRUE,TRUE,TRUE,TRUE
HNSCC5_p9_HNSCC5_P9_H06,4.1935,4.4289,7.7039,0,12.124,11.042,1,Primary,0,Cancer cells,5,TRUE,TRUE,TRUE,FALSE,TRUE,TRUE
HNSCC5_p9_HNSCC5_P9_C02,6.0291,0,0,0.72072,5.8873,0,0,Primary,Fibroblast,Fibroblast,5,TRUE,FALSE,FALSE,TRUE,TRUE,FALSE
HNSCC5_p9_HNSCC5_P9_D05,0,0,2.4906,1.6857,12.899,9.0906,1,Primary,0,Cancer cells,5,FALSE,FALSE,TRUE,TRUE,TRUE,TRUE
HNSCC5_p9_HNSCC5_P9_C07,0,0,0,5.7905,0,0.46884,0,Primary,Fibroblast,Fibroblast,5,FALSE,FALSE,FALSE,TRUE,FALSE,TRUE
HNSCC5_p9_HNSCC5_P9_F09,0,2.0942,7.3574,3.123,11.856,10.668,1,Primary,0,Cancer cells,5,FALSE,TRUE,TRUE,TRUE,TRUE,TRUE
HNSCC5_p9_HNSCC5_P9_A07,3.1132,4.3892,0,6.8362,4.4359,5.2753,0,Primary,Fibroblast,Fibroblast,5,TRUE,TRUE,FALSE,TRUE,TRUE,TRUE
HNSCC5_p9_HNSCC5_P9_F03,0,5.8506,0.05797,6.4579,0,0,0,Primary,Endothelial,Endothelial,5,FALSE,TRUE,TRUE,TRUE,FALSE,FALSE
HNSCC5_p9_HNSCC5_P9_C12,3.4598,0,5.9611,4.6384,11.94,8.1786,1,Primary,0,Cancer cells,5,TRUE,FALSE,TRUE,TRUE,TRUE,TRUE
HNSCC5_p9_HNSCC5_P9_H12,5.4526,0,0,0,4.3751,0,0,Primary,Fibroblast,Fibroblast,5,TRUE,FALSE,FALSE,FALSE,TRUE,FALSE
HNSCC5_p9_HNSCC5_P9_E08,0,0,5.1442,0,11.997,10.121,1,Primary,0,Cancer cells,5,FALSE,FALSE,TRUE,FALSE,TRUE,TRUE
HNSCC5_p9_HNSCC5_P9_C03,0,0,3.5574,0,12.045,8.0258,1,Primary,0,Cancer cells,5,FALSE,FALSE,TRUE,FALSE,TRUE,TRUE
HNSCC5_p9_HNSCC5_P9_E11,0,0,0.070389,5.5099,0,0,0,Primary,Fibroblast,Fibroblast,5,FALSE,FALSE,TRUE,TRUE,FALSE,FALSE
HNSCC5_p9_HNSCC5_P9_B08,0,4.5753,7.7022,0,11.635,11.498,1,Primary,0,Cancer cells,5,FALSE,TRUE,TRUE,FALSE,TRUE,TRUE
HNSCC5_p9_HNSCC5_P9_H08,2.8254,2.0942,1.2351,0.90612,12.698,8.7202,1,Primary,0,Cancer cells,5,TRUE,TRUE,TRUE,TRUE,TRUE,TRUE
HNSCC5_p9_HNSCC5_P9_E02,0,0.038436,0,0.077243,12.159,6.8746,1,Primary,0,Cancer cells,5,FALSE,TRUE,FALSE,TRUE,TRUE,TRUE
HNSCC5_p14_HNSCC5_P14_LN_F03,0,0,0,0,10.716,0,1,Lymph node,0,Cancer cells,5,FALSE,FALSE,FALSE,FALSE,TRUE,FALSE
HNSCC5_p14_HNSCC5_P14_LN_E06,0,5.9211,0,0,11.45,8.0018,0,Lymph node,0,0,5,FALSE,TRUE,FALSE,FALSE,TRUE,TRUE
HNSCC5_p14_HNSCC5_P14_LN_E02,0,0,0.092207,8.2892,0.4957,0,0,Lymph node,Endothelial,Endothelial,5,FALSE,FALSE,TRUE,TRUE,TRUE,FALSE
HNSCC5_p14_HNSCC5_P14_LN_A08,6.7815,6.7789,0,3.7638,0.31267,0,0,Lymph node,Endothelial,Endothelial,5,TRUE,TRUE,FALSE,TRUE,TRUE,FALSE
HNSCC5_p14_HNSCC5_P14_LN_A09,5.8007,3.4497,0,0,11.224,9.1824,1,Lymph node,0,Cancer cells,5,TRUE,TRUE,FALSE,FALSE,TRUE,TRUE
HNSCC5_p14_HNSCC5_P14_LN_D04,6.2972,5.7549,0,6.0717,0,0,0,Lymph node,Endothelial,Endothelial,5,TRUE,TRUE,FALSE,TRUE,FALSE,FALSE
HNSCC5_p14_HNSCC5_P14_LN_H01,0,0,0.12168,6.3402,0,0,0,Lymph node,Fibroblast,Fibroblast,5,FALSE,FALSE,TRUE,TRUE,FALSE,FALSE
HNSCC5_p14_HNSCC5_P14_LN_C03,0,0,0,0,11.137,8.984,1,Lymph node,0,Cancer cells,5,FALSE,FALSE,FALSE,FALSE,TRUE,TRUE
HNSCC5_p14_HNSCC5_P14_LN_E08,0,0,2.5663,0,11.032,9.4533,1,Lymph node,0,Cancer cells,5,FALSE,FALSE,TRUE,FALSE,TRUE,TRUE
HNSCC5_p14_HNSCC5_P14_LN_H02,4.8611,0,0.03984,4.7212,0,0,0,Lymph node,Fibroblast,Fibroblast,5,TRUE,FALSE,TRUE,TRUE,FALSE,FALSE
HNSCC5_p14_HNSCC5_P14_LN_F11,6.0175,6.4468,0.063503,7.5288,0,0,0,Lymph node,Endothelial,Endothelial,5,TRUE,TRUE,TRUE,TRUE,FALSE,FALSE
HNSCC5_p14_HNSCC5_P14_LN_D05,4.7332,0,0.056584,5.0834,0,0,0,Lymph node,Fibroblast,Fibroblast,5,TRUE,FALSE,TRUE,TRUE,FALSE,FALSE
HNSCC5_p14_HNSCC5_P14_LN_H11,0,0,4.394,0,10.825,5.4301,1,Lymph node,0,Cancer cells,5,FALSE,FALSE,TRUE,FALSE,TRUE,TRUE
HNSCC5_p14_HNSCC5_P14_LN_F02,0,3.8246,6.1533,5.1551,0,0,0,Lymph node,Endothelial,Endothelial,5,FALSE,TRUE,TRUE,TRUE,FALSE,FALSE
HNSCC5_p14_HNSCC5_P14_LN_D07,0,0,0.34483,7.5257,0,0,0,Lymph node,Endothelial,Endothelial,5,FALSE,FALSE,TRUE,TRUE,FALSE,FALSE
HNSCC5_p14_HNSCC5_P14_LN_G08,0,0,0,0,11.954,8.9487,1,Lymph node,0,Cancer cells,5,FALSE,FALSE,FALSE,FALSE,TRUE,TRUE
HNSCC5_p14_HNSCC5_P14_LN_G06,3.3278,0,0.03984,0,11.387,8.782,1,Lymph node,0,Cancer cells,5,TRUE,FALSE,TRUE,FALSE,TRUE,TRUE
HNSCC5_p14_HNSCC5_P14_LN_D03,0,4.2328,0,6.4259,0,0,0,Lymph node,Fibroblast,Fibroblast,5,FALSE,TRUE,FALSE,TRUE,FALSE,FALSE
HNSCC5_p14_HNSCC5_P14_LN_C05,0,0,0.28451,8.0317,2.2073,0,0,Lymph node,Endothelial,Endothelial,5,FALSE,FALSE,TRUE,TRUE,TRUE,FALSE
HNSCC5_p14_HNSCC5_P14_LN_G11,0,6.3011,3.5514,7.2088,0.13619,0,0,Lymph node,Endothelial,Endothelial,5,FALSE,TRUE,TRUE,TRUE,TRUE,FALSE
HNSCC5_p14_HNSCC5_P14_LN_D01,0,0,0,3.9205,11.233,8.4316,1,Lymph node,0,Cancer cells,5,FALSE,FALSE,FALSE,TRUE,TRUE,TRUE
HNSCC5_p14_HNSCC5_P14_LN_E04,5.9117,0.088142,0,6.5854,0.59264,0,0,Lymph node,Fibroblast,Fibroblast,5,TRUE,TRUE,FALSE,TRUE,TRUE,FALSE
HNSCC5_p14_HNSCC5_P14_LN_G07,0,0,0,7.0731,0,0.12168,0,Lymph node,Endothelial,Endothelial,5,FALSE,FALSE,FALSE,TRUE,FALSE,TRUE
HNSCC5_p14_HNSCC5_P14_LN_C01,0,0,4.6475,0,10.96,11.469,1,Lymph node,0,Cancer cells,5,FALSE,FALSE,TRUE,FALSE,TRUE,TRUE
HNSCC5_p14_HNSCC5_P14_LN_G05,5.3765,0.053806,0,7.0476,0,0,0,Lymph node,Fibroblast,Fibroblast,5,TRUE,TRUE,FALSE,TRUE,FALSE,FALSE
HNSCC5_p14_HNSCC5_P14_LN_H03,0,0,0,0.15575,0,0,0,Lymph node,Endothelial,Endothelial,5,FALSE,FALSE,FALSE,TRUE,FALSE,FALSE
HNSCC5_p14_HNSCC5_P14_LN_A04,0.36177,0,0,0,11.817,6.1041,1,Lymph node,0,Cancer cells,5,TRUE,FALSE,FALSE,FALSE,TRUE,TRUE
HNSCC5_p14_HNSCC5_P14_LN_H06,6.5304,6.9616,0.042644,7.8047,0.12035,0,0,Lymph node,Endothelial,Endothelial,5,TRUE,TRUE,TRUE,TRUE,TRUE,FALSE
HNSCC5_p14_HNSCC5_P14_LN_C06,0,0,0,0,0,0,0,Lymph node,Fibroblast,Fibroblast,5,FALSE,FALSE,FALSE,FALSE,FALSE,FALSE
HNSCC5_p14_HNSCC5_P14_LN_B09,4.1659,6.381,0.16864,4.9474,0,0,0,Lymph node,Endothelial,Endothelial,5,TRUE,TRUE,TRUE,TRUE,FALSE,FALSE
HNSCC5_p14_HNSCC5_P14_LN_B11,0,0,0.07861,6.1303,0,0,0,Lymph node,B cell,B cell,5,FALSE,FALSE,TRUE,TRUE,FALSE,FALSE
HNSCC5_p14_HNSCC5_P14_LN_A03,5.0267,5.3323,0.051024,5.7102,0.14012,0,0,Lymph node,Endothelial,Endothelial,5,TRUE,TRUE,TRUE,TRUE,TRUE,FALSE
HNSCC5_p14_HNSCC5_P14_LN_C09,0,0,0.055196,0,11.342,9.1521,1,Lymph node,0,Cancer cells,5,FALSE,FALSE,TRUE,FALSE,TRUE,TRUE
HNSCC5_p14_HNSCC5_P14_LN_A05,0,0,0,0.35952,0,0,0,Lymph node,Fibroblast,Fibroblast,5,FALSE,FALSE,FALSE,TRUE,FALSE,FALSE
HNSCC5_p14_HNSCC5_P14_LN_A10,0,0,0,6.8615,0,0,0,Lymph node,Endothelial,Endothelial,5,FALSE,FALSE,FALSE,TRUE,FALSE,FALSE
HNSCC5_p14_HNSCC5_P14_LN_B05,0,0,0,5.2635,0,0,0,Lymph node,Fibroblast,Fibroblast,5,FALSE,FALSE,FALSE,TRUE,FALSE,FALSE
HNSCC5_p14_HNSCC5_P14_LN_H05,0,0.72159,0,0.28688,0,0,0,Lymph node,Endothelial,Endothelial,5,FALSE,TRUE,FALSE,TRUE,FALSE,FALSE
HNSCC5_p14_HNSCC5_P14_LN_G09,0,0,0.034216,0,9.4683,10.182,1,Lymph node,0,Cancer cells,5,FALSE,FALSE,TRUE,FALSE,TRUE,TRUE
HNSCC5_p14_HNSCC5_P14_LN_B06,3.9598,3.9457,6.5524,3.0022,11.706,9.5628,1,Lymph node,0,Cancer cells,5,TRUE,TRUE,TRUE,TRUE,TRUE,TRUE
HNSCC5_p14_HNSCC5_P14_LN_B04,0,0,0,0,0,0,0,Lymph node,Fibroblast,Fibroblast,5,FALSE,FALSE,FALSE,FALSE,FALSE,FALSE
HNSCC5_p14_HNSCC5_P14_LN_E10,0,0,0,0,1.1985,0.74416,0,Lymph node,Fibroblast,Fibroblast,5,FALSE,FALSE,FALSE,FALSE,TRUE,TRUE
HNSCC5_p14_HNSCC5_P14_LN_G03,5.445,6.2967,0,7.5856,0,0,0,Lymph node,Endothelial,Endothelial,5,TRUE,TRUE,FALSE,TRUE,FALSE,FALSE
HNSCC5_p14_HNSCC5_P14_LN_A12,0,1.3004,0,7.4455,0,0,0,Lymph node,Endothelial,Endothelial,5,FALSE,TRUE,FALSE,TRUE,FALSE,FALSE
HNSCC5_p14_HNSCC5_P14_LN_F07,0,5.0915,0.096262,2.355,0,0,0,Lymph node,Endothelial,Endothelial,5,FALSE,TRUE,TRUE,TRUE,FALSE,FALSE
HNSCC5_p14_HNSCC5_P14_LN_D08,0,0,6.0548,6.3313,0,0,0,Lymph node,Endothelial,Endothelial,5,FALSE,FALSE,TRUE,TRUE,FALSE,FALSE
HNSCC5_p14_HNSCC5_P14_LN_B07,0,0,0,0,11.716,5.4118,1,Lymph node,0,Cancer cells,5,FALSE,FALSE,FALSE,FALSE,TRUE,TRUE
HNSCC5_p14_HNSCC5_P14_LN_G02,0,0,0,6.8274,0,0,0,Lymph node,Fibroblast,Fibroblast,5,FALSE,FALSE,FALSE,TRUE,FALSE,FALSE
HNSCC5_p14_HNSCC5_P14_LN_C08,0,0,0,0,12.212,3.354,1,Lymph node,0,Cancer cells,5,FALSE,FALSE,FALSE,FALSE,TRUE,TRUE
HNSCC5_p14_HNSCC5_P14_LN_E07,2.7144,5.4161,0,8.4368,0.44679,0,0,Lymph node,Endothelial,Endothelial,5,TRUE,TRUE,FALSE,TRUE,TRUE,FALSE
HNSCC5_p14_HNSCC5_P14_LN_E09,0,0,0,0,12.066,9.6022,1,Lymph node,0,Cancer cells,5,FALSE,FALSE,FALSE,FALSE,TRUE,TRUE
HNSCC5_p14_HNSCC5_P14_LN_D12,0,7.509,0,6.2128,0,0,0,Lymph node,Endothelial,Endothelial,5,FALSE,TRUE,FALSE,TRUE,FALSE,FALSE
HNSCC5_p14_HNSCC5_P14_LN_B01,4.8212,3.9707,0,6.3793,0,0,0,Lymph node,Fibroblast,Fibroblast,5,TRUE,TRUE,FALSE,TRUE,FALSE,FALSE
HNSCC5_p14_HNSCC5_P14_LN_E03,0,6.6841,0,7.3303,0,0,0,Lymph node,Endothelial,Endothelial,5,FALSE,TRUE,FALSE,TRUE,FALSE,FALSE
HNSCC5_p14_HNSCC5_P14_LN_A07,2.1134,2.2603,5.6806,4.3267,11.839,11.963,1,Lymph node,0,Cancer cells,5,TRUE,TRUE,TRUE,TRUE,TRUE,TRUE
HNSCC5_p14_HNSCC5_P14_LN_B10,0,4.8995,0.060739,5.8312,0,0,0,Lymph node,Endothelial,Endothelial,5,FALSE,TRUE,TRUE,TRUE,FALSE,FALSE
HNSCC5_p14_HNSCC5_P14_LN_F01,5.1709,0,0,6.3348,0.14535,0,0,Lymph node,Fibroblast,Fibroblast,5,TRUE,FALSE,FALSE,TRUE,TRUE,FALSE
HNSCC5_p14_HNSCC5_P14_LN_F05,0,4.6233,5.4365,0,11.442,6.537,1,Lymph node,0,Cancer cells,5,FALSE,TRUE,TRUE,FALSE,TRUE,TRUE
HNSCC5_p14_HNSCC5_P14_LN_D10,0,0,0,0,11.247,5.5661,1,Lymph node,0,Cancer cells,5,FALSE,FALSE,FALSE,FALSE,TRUE,TRUE
HNSCC5_p14_HNSCC5_P14_LN_H07,6.2996,5.1013,0,5.4544,4.4474,0.17632,0,Lymph node,Endothelial,Endothelial,5,TRUE,TRUE,FALSE,TRUE,TRUE,TRUE
HNSCC5_p14_HNSCC5_P14_LN_E12,0,5.6278,0,0,11.092,9.4266,1,Lymph node,0,Cancer cells,5,FALSE,TRUE,FALSE,FALSE,TRUE,TRUE
HNSCC8_1ant_HNSCC8_1ant_F06,0,0,0,3.7341,0,4.2778,0,Primary,Fibroblast,Fibroblast,8,FALSE,FALSE,FALSE,TRUE,FALSE,TRUE
HNSCC8_1ant_HNSCC8_1ant_H01,6.4472,5.9092,0,7.9466,0,0,0,Primary,Endothelial,Endothelial,8,TRUE,TRUE,FALSE,TRUE,FALSE,FALSE
HNSCC8_1ant_HNSCC8_1ant_B03,0,0,0,8.2396,0,0,0,Primary,Fibroblast,Fibroblast,8,FALSE,FALSE,FALSE,TRUE,FALSE,FALSE
HNSCC8_1ant_HNSCC8_1ant_E03,2.4813,0,0,0,5.635,0,0,Primary,Fibroblast,Fibroblast,8,TRUE,FALSE,FALSE,FALSE,TRUE,FALSE
HNSCC8_1ant_HNSCC8_1ant_B01,4.8117,0,0,7.9114,0,0,0,Primary,Fibroblast,Fibroblast,8,TRUE,FALSE,FALSE,TRUE,FALSE,FALSE
HNSCC8_1ant_HNSCC8_1ant_E01,0,6.5979,0,8.6371,0,0,0,Primary,Endothelial,Endothelial,8,FALSE,TRUE,FALSE,TRUE,FALSE,FALSE
HNSCC8_1ant_HNSCC8_1ant_B04,0,0,0,7.98,0,0,0,Primary,Fibroblast,Fibroblast,8,FALSE,FALSE,FALSE,TRUE,FALSE,FALSE
HNSCC8_1ant_HNSCC8_1ant_A09,0,0,0,0,0,0,0,Primary,Endothelial,Endothelial,8,FALSE,FALSE,FALSE,FALSE,FALSE,FALSE
HNSCC8_1ant_HNSCC8_1ant_F04,0,0,0.15445,9.0723,0,0,0,Primary,Endothelial,Endothelial,8,FALSE,FALSE,TRUE,TRUE,FALSE,FALSE
HNSCC8_1ant_HNSCC8_1ant_G11,0,4.9178,0,7.2362,7.4148,0,0,Primary,Endothelial,Endothelial,8,FALSE,TRUE,FALSE,TRUE,TRUE,FALSE
HNSCC8_1ant_HNSCC8_1ant_C07,0,0,0.082703,8.9364,0,2.2035,0,Primary,Fibroblast,Fibroblast,8,FALSE,FALSE,TRUE,TRUE,FALSE,TRUE
HNSCC8_1ant_HNSCC8_1ant_C05,0,0,0.48646,7.7806,0,0,0,Primary,Fibroblast,Fibroblast,8,FALSE,FALSE,TRUE,TRUE,FALSE,FALSE
HNSCC8_1ant_HNSCC8_1ant_C09,0,0,0,7.2477,0,0,0,Primary,Endothelial,Endothelial,8,FALSE,FALSE,FALSE,TRUE,FALSE,FALSE
HNSCC8_1ant_HNSCC8_1ant_G04,0,5.8907,0,5.474,0,0,0,Primary,Endothelial,Endothelial,8,FALSE,TRUE,FALSE,TRUE,FALSE,FALSE
HNSCC8_1ant_HNSCC8_1ant_F05,5.5739,3.5624,0,8.6887,0,0,0,Primary,Fibroblast,Fibroblast,8,TRUE,TRUE,FALSE,TRUE,FALSE,FALSE
HNSCC8_1ant_HNSCC8_1ant_D02,5.8805,0,0,7.5442,0.38073,0,0,Primary,Fibroblast,Fibroblast,8,TRUE,FALSE,FALSE,TRUE,TRUE,FALSE
HNSCC8_1ant_HNSCC8_1ant_A04,0,5.9204,0,8.8272,0,0,0,Primary,Endothelial,Endothelial,8,FALSE,TRUE,FALSE,TRUE,FALSE,FALSE
HNSCC8_1ant_HNSCC8_1ant_C03,0,1.3202,0,6.8719,0.16864,0.33113,0,Primary,Fibroblast,Fibroblast,8,FALSE,TRUE,FALSE,TRUE,TRUE,TRUE
HNSCC8_1ant_HNSCC8_1ant_C12,0,5.8081,0.29983,9.0844,0,0,0,Primary,Endothelial,Endothelial,8,FALSE,TRUE,TRUE,TRUE,FALSE,FALSE
HNSCC8_1ant_HNSCC8_1ant_G02,0,2.7655,0,8.9574,0.86711,0,0,Primary,Endothelial,Endothelial,8,FALSE,TRUE,FALSE,TRUE,TRUE,FALSE
HNSCC8_1ant_HNSCC8_1ant_A06,0,0,0,5.8377,0,0,0,Primary,Fibroblast,Fibroblast,8,FALSE,FALSE,FALSE,TRUE,FALSE,FALSE
HNSCC8_1ant_HNSCC8_1ant_E08,5.3252,0,0,6.7665,0,0,0,Primary,Fibroblast,Fibroblast,8,TRUE,FALSE,FALSE,TRUE,FALSE,FALSE
HNSCC8_1ant_HNSCC8_1ant_B09,2.1554,5.173,0,0,0,0.87657,0,Primary,Fibroblast,Fibroblast,8,TRUE,TRUE,FALSE,FALSE,FALSE,TRUE
HNSCC8_1ant_HNSCC8_1ant_C10,4.3378,5.0877,0,7.5818,0,0,0,Primary,Endothelial,Endothelial,8,TRUE,TRUE,FALSE,TRUE,FALSE,FALSE
HNSCC8_1ant_HNSCC8_1ant_H03,5.5355,0,0,0,0,0,0,Primary,Fibroblast,Fibroblast,8,TRUE,FALSE,FALSE,FALSE,FALSE,FALSE
HNSCC8_1ant_HNSCC8_1ant_B07,0,4.7098,0.012926,8.6934,0,0,0,Primary,Endothelial,Endothelial,8,FALSE,TRUE,TRUE,TRUE,FALSE,FALSE
HNSCC8_1ant_HNSCC8_1ant_C06,0,7.1181,0,6.6191,0,0,0,Primary,Endothelial,Endothelial,8,FALSE,TRUE,FALSE,TRUE,FALSE,FALSE
HNSCC8_1ant_HNSCC8_1ant_E05,0,2.2317,0.21039,8.8695,0,0,0,Primary,Endothelial,Endothelial,8,FALSE,TRUE,TRUE,TRUE,FALSE,FALSE
HNSCC8_1ant_HNSCC8_1ant_A07,5.8414,0,0,9.5782,0,0,0,Primary,Fibroblast,Fibroblast,8,TRUE,FALSE,FALSE,TRUE,FALSE,FALSE
HNSCC8_1ant_HNSCC8_1ant_C04,5.2084,0,4.0717,0,12.429,8.7203,0,Primary,0,0,8,TRUE,FALSE,TRUE,FALSE,TRUE,TRUE
HNSCC8_1ant_HNSCC8_1ant_B06,4.7852,2.4394,4.2718,6.6562,0,0,0,Primary,Fibroblast,Fibroblast,8,TRUE,TRUE,TRUE,TRUE,FALSE,FALSE
HNSCC8_1ant_HNSCC8_1ant_E04,1.5519,4.0678,0,7.6254,6.4993,0,0,Primary,Endothelial,Endothelial,8,TRUE,TRUE,FALSE,TRUE,TRUE,FALSE
HNSCC8_1ant_HNSCC8_1ant_E10,0,5.8076,0.056584,7.4073,0,0,0,Primary,Endothelial,Endothelial,8,FALSE,TRUE,TRUE,TRUE,FALSE,FALSE
HNSCC8_1ant_HNSCC8_1ant_F12,0,0,0,5.763,0,0,0,Primary,Macrophage,Macrophage,8,FALSE,FALSE,FALSE,TRUE,FALSE,FALSE
HNSCC8_1ant_HNSCC8_1ant_D03,4.1811,5.4169,0,6.0854,0.35163,4.9013,0,Primary,Fibroblast,Fibroblast,8,TRUE,TRUE,FALSE,TRUE,TRUE,TRUE
HNSCC8_1ant_HNSCC8_1ant_D09,6.0831,0.16864,0,4.16,0,0,0,Primary,Fibroblast,Fibroblast,8,TRUE,TRUE,FALSE,TRUE,FALSE,FALSE
HNSCC8_RLN_HNSCC8_RLNI_E09,6.9261,0,0,0,0.19283,0,0,Primary,Endothelial,Endothelial,8,TRUE,FALSE,FALSE,FALSE,TRUE,FALSE
HNSCC8_RLN_HNSCC8_RLNI_C11,0.23634,0.055196,0,4.9646,0,0,0,Primary,T cell,T cell,8,TRUE,TRUE,FALSE,TRUE,FALSE,FALSE
HNSCC8_RLN_HNSCC8_RLNI_F01,4.2948,5.7921,0,6.3036,0,0,0,Primary,Endothelial,Endothelial,8,TRUE,TRUE,FALSE,TRUE,FALSE,FALSE
HNSCC8_RLN_HNSCC8_RLNI_D05,0,0,0.059355,1.4558,0,0,0,Primary,T cell,T cell,8,FALSE,FALSE,TRUE,TRUE,FALSE,FALSE
HNSCC8_RLN_HNSCC8_RLNI_G05,0,0,0,0,0,0,0,Primary,T cell,T cell,8,FALSE,FALSE,FALSE,FALSE,FALSE,FALSE
HNSCC8_RLN_HNSCC8_RLNI_D02,0,0,0,6.6518,0,0,0,Primary,#NAME?,#NAME?,8,FALSE,FALSE,FALSE,TRUE,FALSE,FALSE
HNSCC8_RLN_HNSCC8_RLNI_C09,0,0.419,0.14405,0,0,0,0,Primary,T cell,T cell,8,FALSE,TRUE,TRUE,FALSE,FALSE,FALSE
HNSCC8_RLN_HNSCC8_RLNI_B07,0,0,0,0,0,0,0,Primary,T cell,T cell,8,FALSE,FALSE,FALSE,FALSE,FALSE,FALSE
HNSCC8_RLN_HNSCC8_RLNI_A04,0,0,0.14926,6.2429,0,0,0,Primary,T cell,T cell,8,FALSE,FALSE,TRUE,TRUE,FALSE,FALSE
HNSCC8_RLN_HNSCC8_RLNI_D06,0,0,0,0.1903,0,0,0,Primary,B cell,B cell,8,FALSE,FALSE,FALSE,TRUE,FALSE,FALSE
HNSCC8_RLN_HNSCC8_RLNI_G08,0,0,0,0,0,0,0,Primary,T cell,T cell,8,FALSE,FALSE,FALSE,FALSE,FALSE,FALSE
HNSCC8_RLN_HNSCC8_RLNI_F10,6.8817,2.0807,0.053806,0.11237,0,0,0,Primary,Endothelial,Endothelial,8,TRUE,TRUE,TRUE,TRUE,FALSE,FALSE
HNSCC8_RLN_HNSCC8_RLNI_E12,0,4.435,0,0.27858,0,0,0,Primary,T cell,T cell,8,FALSE,TRUE,FALSE,TRUE,FALSE,FALSE
HNSCC8_RLN_HNSCC8_RLNI_E11,0.37184,0,0,0.51501,0,0,0,Primary,T cell,T cell,8,TRUE,FALSE,FALSE,TRUE,FALSE,FALSE
HNSCC8_RLN_HNSCC8_RLNI_D01,5.5695,0.037031,0,5.3969,0,0,0,Primary,0,0,8,TRUE,TRUE,FALSE,TRUE,FALSE,FALSE
HNSCC8_RLN_HNSCC8_RLNI_E02,6.2659,5.7758,0,6.6032,0,0,0,Primary,Endothelial,Endothelial,8,TRUE,TRUE,FALSE,TRUE,FALSE,FALSE
HNSCC8_RLN_HNSCC8_RLNI_H12,4.3303,0,0.03984,0.30217,0,0,0,Primary,Fibroblast,Fibroblast,8,TRUE,FALSE,TRUE,TRUE,FALSE,FALSE
HNSCC8_RLN_HNSCC8_RLNI_C08,6.3169,4.44,0.042644,6.1551,0,0,0,Primary,Endothelial,Endothelial,8,TRUE,TRUE,TRUE,TRUE,FALSE,FALSE
HNSCC8_RLN_HNSCC8_RLNI_H05,0,0.89375,0,7.495,0,0,0,Primary,#NAME?,#NAME?,8,FALSE,TRUE,FALSE,TRUE,FALSE,FALSE
HNSCC8_RLN_HNSCC8_RLNI_D07,4.6886,0,0.21039,5.738,0,0,0,Primary,Endothelial,Endothelial,8,TRUE,FALSE,TRUE,TRUE,FALSE,FALSE
HNSCC8_RLN_HNSCC8_RLNI_D08,0,0,0.15445,0.69955,0,0,0,Primary,T cell,T cell,8,FALSE,FALSE,TRUE,TRUE,FALSE,FALSE
HNSCC8_RLN_HNSCC8_RLNI_A09,0,0,0,6.7415,0,0,0,Primary,Fibroblast,Fibroblast,8,FALSE,FALSE,FALSE,TRUE,FALSE,FALSE
HNSCC8_RLN_HNSCC8_RLNI_C01,0,0,0.1003,7.0323,0,0,0,Primary,T cell,T cell,8,FALSE,FALSE,TRUE,TRUE,FALSE,FALSE
HNSCC8_RLN_HNSCC8_RLNI_B02,0,0,0.20789,0,0.9115,0.54498,0,Primary,T cell,T cell,8,FALSE,FALSE,TRUE,FALSE,TRUE,TRUE
HNSCC8_RLN_HNSCC8_RLNI_H11,0,0,0.096262,0,0,0,0,Primary,T cell,T cell,8,FALSE,FALSE,TRUE,FALSE,FALSE,FALSE
HNSCC8_RLN_HNSCC8_RLNI_F07,0,0,0,0,0,0,0,Primary,T cell,T cell,8,FALSE,FALSE,FALSE,FALSE,FALSE,FALSE
HNSCC8_RLN_HNSCC8_RLNI_A03,0,3.9697,0,7.2771,0.26903,0,0,Primary,Endothelial,Endothelial,8,FALSE,TRUE,FALSE,TRUE,TRUE,FALSE
HNSCC8_RLN_HNSCC8_RLNI_C07,0,0,0,5.3692,0,0,0,Primary,T cell,T cell,8,FALSE,FALSE,FALSE,TRUE,FALSE,FALSE
HNSCC8_RLN_HNSCC8_RLNI_H08,0,0,0.18523,0,0,0,0,Primary,T cell,T cell,8,FALSE,FALSE,TRUE,FALSE,FALSE,FALSE
HNSCC8_RLN_HNSCC8_RLNI_D04,0,0,0,6.6509,0,0,0,Primary,0,0,8,FALSE,FALSE,FALSE,TRUE,FALSE,FALSE
HNSCC8_RLN_HNSCC8_RLNI_E01,6.7878,0.36065,0.053806,7.0225,0,0,0,Primary,#NAME?,#NAME?,8,TRUE,TRUE,TRUE,TRUE,FALSE,FALSE
HNSCC8_RLN_HNSCC8_RLNI_D10,0,0,0,0.17632,0,0,0,Primary,Fibroblast,Fibroblast,8,FALSE,FALSE,FALSE,TRUE,FALSE,FALSE
HNSCC8_RLN_HNSCC8_RLNI_G02,2.1506,0,0.090853,7.3785,0.6397,0,0,Primary,Fibroblast,Fibroblast,8,TRUE,FALSE,TRUE,TRUE,TRUE,FALSE
HNSCC8_RLN_HNSCC8_RLNI_F08,0,0,0,3.6256,0,0,0,Primary,T cell,T cell,8,FALSE,FALSE,FALSE,TRUE,FALSE,FALSE
HNSCC8_RLN_HNSCC8_RLNI_H07,0,0,0,0,0,0,0,Primary,T cell,T cell,8,FALSE,FALSE,FALSE,FALSE,FALSE,FALSE
HNSCC8_RLN_HNSCC8_RLNI_H02,0,0,0.16607,0,0,0,0,Primary,T cell,T cell,8,FALSE,FALSE,TRUE,FALSE,FALSE,FALSE
HNSCC8_RLN_HNSCC8_RLNI_E08,5.1653,0.034216,0,5.8162,0,0,0,Primary,Fibroblast,Fibroblast,8,TRUE,TRUE,FALSE,TRUE,FALSE,FALSE
HNSCC8_RLN_HNSCC8_RLNI_E07,0,0.65901,0.034216,7.4103,0,0,0,Primary,Fibroblast,Fibroblast,8,FALSE,TRUE,TRUE,TRUE,FALSE,FALSE
HNSCC8_RLN_HNSCC8_RLNI_B05,6.9413,0,0.32193,7.5254,0,0,0,Primary,T cell,T cell,8,TRUE,FALSE,TRUE,TRUE,FALSE,FALSE
HNSCC8_RLN_HNSCC8_RLNI_C05,0,0,0,6.387,0,0,0,Primary,T cell,T cell,8,FALSE,FALSE,FALSE,TRUE,FALSE,FALSE
HNSCC8_RLN_HNSCC8_RLNI_F04,4.3318,0,0.067639,2.7841,0,0,0,Primary,T cell,T cell,8,TRUE,FALSE,TRUE,TRUE,FALSE,FALSE
HNSCC8_RLN_HNSCC8_RLNI_F12,0,0,0.064883,4.1511,0,0,0,Primary,T cell,T cell,8,FALSE,FALSE,TRUE,TRUE,FALSE,FALSE
HNSCC8_RLN_HNSCC8_RLNI_B09,0,0,0.053806,0,0,0,0,Primary,T cell,T cell,8,FALSE,FALSE,TRUE,FALSE,FALSE,FALSE
HNSCC8_RLN_HNSCC8_RLNI_G03,0,0,0,0,0,0,0,Primary,T cell,T cell,8,FALSE,FALSE,FALSE,FALSE,FALSE,FALSE
HNSCC8_RLN_HNSCC8_RLNI_C02,0,0,0,6.2682,0.4957,0,0,Primary,T cell,T cell,8,FALSE,FALSE,FALSE,TRUE,TRUE,FALSE
HNSCC8_RLN_HNSCC8_RLNI_C12,0,0,0.063503,2.2256,0,0,0,Primary,T cell,T cell,8,FALSE,FALSE,TRUE,TRUE,FALSE,FALSE
HNSCC8_RLN_HNSCC8_RLNI_B08,0,0,0.19535,0,0,0,0,Primary,T cell,T cell,8,FALSE,FALSE,TRUE,FALSE,FALSE,FALSE
HNSCC8_RLN_HNSCC8_RLNI_H01,0,2.3519,0,0,0,0,0,Primary,T cell,T cell,8,FALSE,TRUE,FALSE,FALSE,FALSE,FALSE
HNSCC8_RLN_HNSCC8_RLNI_E03,0,0,1.3121,0.42116,0,0,0,Primary,T cell,T cell,8,FALSE,FALSE,TRUE,TRUE,FALSE,FALSE
HNSCC8_RLN_HNSCC8_RLNI_B12,0,0,0.38957,0,0,0,0,Primary,Endothelial,Endothelial,8,FALSE,FALSE,TRUE,FALSE,FALSE,FALSE
HNSCC8_RLN_HNSCC8_RLNI_C06,0,5.8502,0.073135,3.1656,0,0,0,Primary,T cell,T cell,8,FALSE,TRUE,TRUE,TRUE,FALSE,FALSE
HNSCC8_RLN_HNSCC8_RLNI_F06,0,0,0,7.68,0,0,0,Primary,#NAME?,#NAME?,8,FALSE,FALSE,FALSE,TRUE,FALSE,FALSE
HNSCC8_RLN_HNSCC8_RLNI_A11,0,0.11237,0.10568,0,0,0,0,Primary,T cell,T cell,8,FALSE,TRUE,TRUE,FALSE,FALSE,FALSE
HNSCC8_RLN_HNSCC8_RLNI_E10,0,0,0,0,0,0,0,Primary,T cell,T cell,8,FALSE,FALSE,FALSE,FALSE,FALSE,FALSE
HNSCC8_RLN_HNSCC8_RLNI_H06,0,0,0,0,0,0,0,Primary,T cell,T cell,8,FALSE,FALSE,FALSE,FALSE,FALSE,FALSE
HNSCC8_RLN_HNSCC8_RLNI_B11,0,0,0,7.7524,0,0,0,Primary,#NAME?,#NAME?,8,FALSE,FALSE,FALSE,TRUE,FALSE,FALSE
HNSCC8_RLN_HNSCC8_RLNI_G12,0,0.35614,0.092207,0,0,0,0,Primary,T cell,T cell,8,FALSE,TRUE,TRUE,FALSE,FALSE,FALSE
HNSCC8_RLN_HNSCC8_RLNI_D09,0,0,0,6.948,0,0,0,Primary,Endothelial,Endothelial,8,FALSE,FALSE,FALSE,TRUE,FALSE,FALSE
HNSCC8_RLN_HNSCC8_RLNI_F03,0,0,0,0,0,0,0,Primary,T cell,T cell,8,FALSE,FALSE,FALSE,FALSE,FALSE,FALSE
HNSCC8_RLN_HNSCC8_RLNI_A02,0,4.464,3.1411,5.8894,0.22033,0,0,Primary,Endothelial,Endothelial,8,FALSE,TRUE,TRUE,TRUE,TRUE,FALSE
HNSCC8_RLN_HNSCC8_RLNI_H10,6.1877,3.2316,0,7.1589,0,0,0,Primary,Endothelial,Endothelial,8,TRUE,TRUE,FALSE,TRUE,FALSE,FALSE
HNSCC8_RLN_HNSCC8_RLNI_A07,0,0,0,6.6079,0,0,0,Primary,Fibroblast,Fibroblast,8,FALSE,FALSE,FALSE,TRUE,FALSE,FALSE
HNSCC8_RLN_HNSCC8_RLNI_C04,0,0,0,0,0,0,0,Primary,B cell,B cell,8,FALSE,FALSE,FALSE,FALSE,FALSE,FALSE
HNSCC8_RLN_HNSCC8_RLNI_B06,0,0,0,5.3782,0,0,0,Primary,Fibroblast,Fibroblast,8,FALSE,FALSE,FALSE,TRUE,FALSE,FALSE
HNSCC8_RLN_HNSCC8_RLNI_E04,0.42116,0,0,5.8676,0,0,0,Primary,#NAME?,#NAME?,8,TRUE,FALSE,FALSE,TRUE,FALSE,FALSE
HNSCC8_RLN_HNSCC8_RLNI_A10,0,0,0,7.3902,0,0,0,Primary,Mast,Mast,8,FALSE,FALSE,FALSE,TRUE,FALSE,FALSE
HNSCC8_RLN_HNSCC8_RLNI_H09,0.28924,0,0,0.13488,0,0,0,Primary,T cell,T cell,8,TRUE,FALSE,FALSE,TRUE,FALSE,FALSE
HNSCC8_RLN_HNSCC8_RLNI_G04,0,0,0,0.22527,0,0,0,Primary,Mast,Mast,8,FALSE,FALSE,FALSE,TRUE,FALSE,FALSE
HNSCC6_p14_hnscc6_p14_A06,0,0,0.05797,0,11.775,6.6247,1,Primary,0,Cancer cells,6,FALSE,FALSE,TRUE,FALSE,TRUE,TRUE
HNSCC6_p14_hnscc6_p14_B08,0,0,0,0,0.87106,0.51803,0,Primary,B cell,B cell,6,FALSE,FALSE,FALSE,FALSE,TRUE,TRUE
HNSCC6_p14_hnscc6_p14_A04,0,0,0,1.583,9.9498,7.5083,1,Primary,0,Cancer cells,6,FALSE,FALSE,FALSE,TRUE,TRUE,TRUE
HNSCC6_p14_hnscc6_p14_A05,0,0,0,0.29631,0,8.6802,1,Primary,0,Cancer cells,6,FALSE,FALSE,FALSE,TRUE,FALSE,TRUE
HNSCC6_p14_hnscc6_p14_A02,0,0,0,0,9.8074,8.6124,1,Primary,0,Cancer cells,6,FALSE,FALSE,FALSE,FALSE,TRUE,TRUE
HNSCC6_p14_hnscc6_p14_C11,5.3461,0.35952,0,9.7515,0,0,0,Primary,Fibroblast,Fibroblast,6,TRUE,TRUE,FALSE,TRUE,FALSE,FALSE
HNSCC6_p14_hnscc6_p14_B04,0,0,0.052416,0,8.8587,8.7259,1,Primary,0,Cancer cells,6,FALSE,FALSE,TRUE,FALSE,TRUE,TRUE
HNSCC6_p14_hnscc6_p14_A12,3.5151,3.0937,4.7452,5.444,9.8042,9.0905,1,Primary,0,Cancer cells,6,TRUE,TRUE,TRUE,TRUE,TRUE,TRUE
HNSCC6_p14_hnscc6_p14_C06,4.9935,0.36849,0,5.595,0,0,0,Primary,Endothelial,Endothelial,6,TRUE,TRUE,FALSE,TRUE,FALSE,FALSE
HNSCC6_p14_hnscc6_p14_C05,0,0,0.052416,0,11.502,9.3523,1,Primary,0,Cancer cells,6,FALSE,FALSE,TRUE,FALSE,TRUE,TRUE
HNSCC6_p14_hnscc6_p14_C12,0,0,0.23143,0.96199,10.504,9.6553,1,Primary,0,Cancer cells,6,FALSE,FALSE,TRUE,TRUE,TRUE,TRUE
HNSCC6_p14_hnscc6_p14_B03,0,0,0.11103,0,10.933,8.5093,1,Primary,0,Cancer cells,6,FALSE,FALSE,TRUE,FALSE,TRUE,TRUE
HNSCC6_p14_hnscc6_p14_C03,0,0,0,4.5888,9.1165,6.2241,1,Primary,0,Cancer cells,6,FALSE,FALSE,FALSE,TRUE,TRUE,TRUE
HNSCC6_p14_hnscc6_p14_C01,0,6.4736,0,8.6175,0,0,0,Primary,Endothelial,Endothelial,6,FALSE,TRUE,FALSE,TRUE,FALSE,FALSE
HNSCC6_p14_hnscc6_p14_C07,0,0,0.21537,0,0,0,0,Primary,B cell,B cell,6,FALSE,FALSE,TRUE,FALSE,FALSE,FALSE
HNSCC6_p14_hnscc6_p14_A10,0,6.5076,0.075875,7.1874,0,0,0,Primary,Endothelial,Endothelial,6,FALSE,TRUE,TRUE,TRUE,FALSE,FALSE
HNSCC6_p14_hnscc6_p14_B12,0,0,0.16607,0,10.783,9.5283,1,Primary,0,Cancer cells,6,FALSE,FALSE,TRUE,FALSE,TRUE,TRUE
HNSCC6_p14_hnscc6_p14_A03,4.2437,4.4549,0,7.0155,0,0,0,Primary,Endothelial,Endothelial,6,TRUE,TRUE,FALSE,TRUE,FALSE,FALSE
HNSCC6_p14_hnscc6_p14_C10,0,0,0.074505,0,10.365,8.3121,1,Primary,0,Cancer cells,6,FALSE,FALSE,TRUE,FALSE,TRUE,TRUE
HNSCC6_p14_hnscc6_p14_D02,0,6.1592,3.8548,6.5385,0,0,0,Primary,Endothelial,Endothelial,6,FALSE,TRUE,TRUE,TRUE,FALSE,FALSE
HNSCC6_p14_hnscc6_p14_C02,0,6.8764,0,2.4112,0,0,0,Primary,Endothelial,Endothelial,6,FALSE,TRUE,FALSE,TRUE,FALSE,FALSE
HNSCC6_p14_hnscc6_p14_D07,6.314,0,0,6.9371,0.74502,0.23389,0,Primary,Fibroblast,Fibroblast,6,TRUE,FALSE,FALSE,TRUE,TRUE,TRUE
HNSCC6_p14_hnscc6_p14_B06,5.3188,0,0,6.9961,0,0,0,Primary,Fibroblast,Fibroblast,6,TRUE,FALSE,FALSE,TRUE,FALSE,FALSE
HNSCC6_p14_hnscc6_p14_D05,0,0,3.5404,0,10.872,8.0317,1,Primary,0,Cancer cells,6,FALSE,FALSE,TRUE,FALSE,TRUE,TRUE
HNSCC6_p14_hnscc6_p14_B01,0,0,0,0,10.429,8.58,1,Primary,0,Cancer cells,6,FALSE,FALSE,FALSE,FALSE,TRUE,TRUE
HNSCC6_p14_hnscc6_p14_D12,3.364,0,3.8108,0,11.624,8.9426,1,Primary,0,Cancer cells,6,TRUE,FALSE,TRUE,FALSE,TRUE,TRUE
HNSCC6_p14_hnscc6_p14_A07,4.954,0,0.048236,0.10165,9.6226,7.134,1,Primary,0,Cancer cells,6,TRUE,FALSE,TRUE,TRUE,TRUE,TRUE
HNSCC6_p14_hnscc6_p14_D11,1.2449,1.326,1.1564,7.411,6.323,4.9935,0,Primary,0,0,6,TRUE,TRUE,TRUE,TRUE,TRUE,TRUE
HNSCC6_p14_hnscc6_p14_B09,0,0,0.092207,7.1714,0,0,0,Primary,Fibroblast,Fibroblast,6,FALSE,FALSE,TRUE,TRUE,FALSE,FALSE
HNSCC6_p14_hnscc6_p14_B02,0,0,0,0.26424,11.032,9.0675,1,Primary,0,Cancer cells,6,FALSE,FALSE,FALSE,TRUE,TRUE,TRUE
HNSCC6_p14_hnscc6_p14_B11,5.1065,0,0,7.5224,1.346,0.34255,0,Primary,Fibroblast,Fibroblast,6,TRUE,FALSE,FALSE,TRUE,TRUE,TRUE
HNSCC6_p14_hnscc6_p14_D04,3.6079,0,0,0,9.7684,10.832,1,Primary,0,Cancer cells,6,TRUE,FALSE,FALSE,FALSE,TRUE,TRUE
HNSCC6_p14_hnscc6_p14_A01,3.8909,0,0,0,8.7185,8.3817,1,Primary,0,Cancer cells,6,TRUE,FALSE,FALSE,FALSE,TRUE,TRUE
HNSCC6_p14_hnscc6_p14_D10,0,0,0,0.48233,10.366,9.6718,1,Primary,0,Cancer cells,6,FALSE,FALSE,FALSE,TRUE,TRUE,TRUE
HNSCC6_p14_hnscc6_p14_A08,7.4551,4.5514,0.055196,6.8672,0.15186,0.29983,0,Primary,Fibroblast,Fibroblast,6,TRUE,TRUE,TRUE,TRUE,TRUE,TRUE
HNSCC6_p14_hnscc6_p14_D09,0,0,0,6.3739,0,0,0,Primary,Fibroblast,Fibroblast,6,FALSE,FALSE,FALSE,TRUE,FALSE,FALSE
HNSCC6_p14_hnscc6_p14_A09,2.8268,0,0,0,10.73,10.595,1,Primary,0,Cancer cells,6,TRUE,FALSE,FALSE,FALSE,TRUE,TRUE
HNSCC6_p14_hnscc6_p14_D08,0,0,0.12829,0,9.5336,8.16,1,Primary,0,Cancer cells,6,FALSE,FALSE,TRUE,FALSE,TRUE,TRUE
HNSCC6_p14_hnscc6_p14_A11,5.8001,6.5116,0,6.1847,0.31615,0,0,Primary,Fibroblast,Fibroblast,6,TRUE,TRUE,FALSE,TRUE,TRUE,FALSE
HNSCC6_p14_hnscc6_p14_B07,0,0,0.27739,7.9953,2.009,0,0,Primary,0,0,6,FALSE,FALSE,TRUE,TRUE,TRUE,FALSE
HNSCC5_p5_P5_C07,0,0,0,8.7026,3.7433,0.58496,0,Primary,Macrophage,Macrophage,5,FALSE,FALSE,FALSE,TRUE,TRUE,TRUE
HNSCC5_p5_P5_C03,3.5702,0,0,8.0977,6.0475,4.939,0,Primary,Macrophage,Macrophage,5,TRUE,FALSE,FALSE,TRUE,TRUE,TRUE
HNSCC5_p5_P5_H06,3.0995,0,0,0,12.443,7.3655,1,Primary,0,Cancer cells,5,TRUE,FALSE,FALSE,FALSE,TRUE,TRUE
HNSCC5_p5_P5_B05,3.6518,0,3.0158,3.9038,12.35,6.1433,1,Primary,0,Cancer cells,5,TRUE,FALSE,TRUE,TRUE,TRUE,TRUE
HNSCC5_p5_P5_G09,0,0,0,9.3009,0,0,0,Primary,Macrophage,Macrophage,5,FALSE,FALSE,FALSE,TRUE,FALSE,FALSE
HNSCC5_p5_P5_F07,4.1228,0,0,8.7005,0,0,0,Primary,Macrophage,Macrophage,5,TRUE,FALSE,FALSE,TRUE,FALSE,FALSE
HNSCC5_p5_P5_G12,0,0.67356,0,9.034,0,0,0,Primary,Macrophage,Macrophage,5,FALSE,TRUE,FALSE,TRUE,FALSE,FALSE
HNSCC5_p5_P5_F04,3.1247,3.6838,0.36513,9.9118,4.7286,1.2827,0,Primary,Fibroblast,Fibroblast,5,TRUE,TRUE,TRUE,TRUE,TRUE,TRUE
HNSCC5_p5_P5_G03,0,3.7306,0,8.2533,5.3108,0,0,Primary,Macrophage,Macrophage,5,FALSE,TRUE,FALSE,TRUE,TRUE,FALSE
HNSCC5_p5_P5_E08,0,0,0,9.2176,1.406,0,0,Primary,Mast,Mast,5,FALSE,FALSE,FALSE,TRUE,TRUE,FALSE
HNSCC5_p5_P5_A09,0,0,0,7.9433,5.1888,0,0,Primary,Macrophage,Macrophage,5,FALSE,FALSE,FALSE,TRUE,TRUE,FALSE
HNSCC5_p5_P5_E11,0,3.075,3.2807,5.8281,11.88,9.6181,1,Primary,0,Cancer cells,5,FALSE,TRUE,TRUE,TRUE,TRUE,TRUE
HNSCC5_p5_P5_F08,4.8051,5.777,0,2.7027,5.1433,0,0,Primary,Fibroblast,Fibroblast,5,TRUE,TRUE,FALSE,TRUE,TRUE,FALSE
HNSCC5_p5_P5_E07,0,0,0,8.3041,0,0,0,Primary,Macrophage,Macrophage,5,FALSE,FALSE,FALSE,TRUE,FALSE,FALSE
HNSCC5_p5_P5_F05,0,0,0,8.3701,6.3746,0,0,Primary,Fibroblast,Fibroblast,5,FALSE,FALSE,FALSE,TRUE,TRUE,FALSE
HNSCC5_p5_P5_C12,0,6.4173,0,6.3093,1.1124,0,0,Primary,0,0,5,FALSE,TRUE,FALSE,TRUE,TRUE,FALSE
HNSCC5_p5_P5_F11,3.1483,2.2434,2.9594,3.0897,11.738,6.4057,1,Primary,0,Cancer cells,5,TRUE,TRUE,TRUE,TRUE,TRUE,TRUE
HNSCC5_p5_P5_A02,0,0,0,5.4516,0,8.1815,0,Primary,Macrophage,Macrophage,5,FALSE,FALSE,FALSE,TRUE,FALSE,TRUE
HNSCC5_p5_P5_B03,5.4428,4.2213,0,9.8501,0,0,0,Primary,Fibroblast,Fibroblast,5,TRUE,TRUE,FALSE,TRUE,FALSE,FALSE
HNSCC5_p5_P5_E04,2.1117,3.9654,4.6479,5.7569,12.844,9.4876,1,Primary,0,Cancer cells,5,TRUE,TRUE,TRUE,TRUE,TRUE,TRUE
HNSCC5_p5_P5_E05,0,0.24001,2.6095,6.386,12.156,10.478,1,Primary,0,Cancer cells,5,FALSE,TRUE,TRUE,TRUE,TRUE,TRUE
HNSCC5_p5_P5_H05,4.8553,3.8297,0.25822,8.994,4.3901,0,0,Primary,Fibroblast,Fibroblast,5,TRUE,TRUE,TRUE,TRUE,TRUE,FALSE
HNSCC5_p5_P5_F10,0,0,0,6.0168,0,0,0,Primary,Macrophage,Macrophage,5,FALSE,FALSE,FALSE,TRUE,FALSE,FALSE
HNSCC5_p5_P5_E06,0,4.094,0,8.8214,0,0,0,Primary,Macrophage,Macrophage,5,FALSE,TRUE,FALSE,TRUE,FALSE,FALSE
HNSCC5_p5_P5_C09,5.835,0,0,9.02,0,0,0,Primary,Fibroblast,Fibroblast,5,TRUE,FALSE,FALSE,TRUE,FALSE,FALSE
HNSCC5_p5_P5_C10,3.2152,3.5696,0,6.7123,1.5079,0,0,Primary,Macrophage,Macrophage,5,TRUE,TRUE,FALSE,TRUE,TRUE,FALSE
HNSCC5_p5_P5_A12,5.3369,2.7849,0,7.1706,3.4118,0,0,Primary,Fibroblast,Fibroblast,5,TRUE,TRUE,FALSE,TRUE,TRUE,FALSE
HNSCC5_p5_P5_H10,0,0,0,7.5648,0,0,0,Primary,Fibroblast,Fibroblast,5,FALSE,FALSE,FALSE,TRUE,FALSE,FALSE
HNSCC5_p5_P5_D01,4.053,5.6481,0,7.7649,2.7746,0,0,Primary,Macrophage,Macrophage,5,TRUE,TRUE,FALSE,TRUE,TRUE,FALSE
HNSCC5_p5_P5_D09,4.249,5.0356,0,8.804,3.8743,0,0,Primary,Macrophage,Macrophage,5,TRUE,TRUE,FALSE,TRUE,TRUE,FALSE
HNSCC5_p5_P5_A06,0,3.4285,0,8.2406,3.8875,0,0,Primary,Macrophage,Macrophage,5,FALSE,TRUE,FALSE,TRUE,TRUE,FALSE
HNSCC5_p5_P5_G02,0,4.0221,0,7.7164,5.0827,0,0,Primary,Macrophage,Macrophage,5,FALSE,TRUE,FALSE,TRUE,TRUE,FALSE
HNSCC5_p5_P5_F06,4.4718,6.8061,3.9758,9.1983,0,0,0,Primary,Endothelial,Endothelial,5,TRUE,TRUE,TRUE,TRUE,FALSE,FALSE
HNSCC5_p5_P5_H09,0,4.1462,0,9.9623,5.5104,0,0,Primary,Macrophage,Macrophage,5,FALSE,TRUE,FALSE,TRUE,TRUE,FALSE
HNSCC5_p5_P5_D08,4.1847,5.1972,0,10.816,0,0,0,Primary,Endothelial,Endothelial,5,TRUE,TRUE,FALSE,TRUE,FALSE,FALSE
HNSCC5_p5_P5_C06,4.4924,4.6709,0,9.97,3.2085,0,0,Primary,Fibroblast,Fibroblast,5,TRUE,TRUE,FALSE,TRUE,TRUE,FALSE
HNSCC5_p5_P5_E03,0,2.4727,3.8905,6.2784,12.511,9.7275,1,Primary,0,Cancer cells,5,FALSE,TRUE,TRUE,TRUE,TRUE,TRUE
HNSCC5_p5_P5_B08,3.9179,3.2311,0,8.2598,0,4.5882,0,Primary,Macrophage,Macrophage,5,TRUE,TRUE,FALSE,TRUE,FALSE,TRUE
HNSCC5_p5_P5_G08,5.51,0,0,10.129,0,0,0,Primary,Mast,Mast,5,TRUE,FALSE,FALSE,TRUE,FALSE,FALSE
HNSCC5_p5_P5_C02,0,4.1094,0,6.1703,3.2251,0,0,Primary,Macrophage,Macrophage,5,FALSE,TRUE,FALSE,TRUE,TRUE,FALSE
HNSCC5_p5_P5_E12,0,3.9735,2.4821,5.4345,12.085,9.9531,1,Primary,0,Cancer cells,5,FALSE,TRUE,TRUE,TRUE,TRUE,TRUE
HNSCC5_p5_P5_A08,0,5.4293,7.3046,7.6573,12.135,8.5309,1,Primary,0,Cancer cells,5,FALSE,TRUE,TRUE,TRUE,TRUE,TRUE
HNSCC5_p5_P5_D05,3.4494,2.7429,0,0,12.505,8.05,1,Primary,0,Cancer cells,5,TRUE,TRUE,FALSE,FALSE,TRUE,TRUE
HNSCC5_p5_P5_D03,0,0.29514,0,8.4285,5.0994,2.5311,0,Primary,Macrophage,Macrophage,5,FALSE,TRUE,FALSE,TRUE,TRUE,TRUE
HNSCC5_p5_P5_G04,4.0226,3.0754,0,9.0949,3.9863,0,0,Primary,Macrophage,Macrophage,5,TRUE,TRUE,FALSE,TRUE,TRUE,FALSE
HNSCC5_p7_HNSCC5_P7_E10,4.8106,4.0146,0,8.7435,4.6883,4.5049,0,Primary,Fibroblast,Fibroblast,5,TRUE,TRUE,FALSE,TRUE,TRUE,TRUE
HNSCC5_p7_HNSCC5_P7_D04,1.1744,2.886,0,0,12.248,8.9614,1,Primary,0,Cancer cells,5,TRUE,TRUE,FALSE,FALSE,TRUE,TRUE
HNSCC5_p7_HNSCC5_P7_B09,0,2.5619,4.226,5.0524,11.091,7.2545,1,Primary,0,Cancer cells,5,FALSE,TRUE,TRUE,TRUE,TRUE,TRUE
HNSCC5_p7_HNSCC5_P7_A01,0,5.5726,0,9.2015,3.9072,0,0,Primary,Endothelial,Endothelial,5,FALSE,TRUE,FALSE,TRUE,TRUE,FALSE
HNSCC5_p7_HNSCC5_P7_F07,0,3.3127,0,8.9251,0,0,0,Primary,Fibroblast,Fibroblast,5,FALSE,TRUE,FALSE,TRUE,FALSE,FALSE
HNSCC5_p7_HNSCC5_P7_D03,0,0,0,0,0,0,0,Primary,0,0,5,FALSE,FALSE,FALSE,FALSE,FALSE,FALSE
HNSCC5_p7_HNSCC5_P7_E06,3.0966,2.3462,0,9.1235,3.2636,0,0,Primary,Fibroblast,Fibroblast,5,TRUE,TRUE,FALSE,TRUE,TRUE,FALSE
HNSCC5_p7_HNSCC5_P7_F06,3.5398,0,0,5.0886,0,0,0,Primary,Fibroblast,Fibroblast,5,TRUE,FALSE,FALSE,TRUE,FALSE,FALSE
HNSCC5_p7_HNSCC5_P7_A02,4.5269,0.066261,0,4.4166,11.713,10.678,1,Primary,0,Cancer cells,5,TRUE,TRUE,FALSE,TRUE,TRUE,TRUE
HNSCC5_p7_HNSCC5_P7_A04,1.8647,2.5883,0,0,11.586,9.0218,1,Primary,0,Cancer cells,5,TRUE,TRUE,FALSE,FALSE,TRUE,TRUE
HNSCC5_p7_HNSCC5_P7_A06,0.3505,0,0,9.2912,2.9117,0,0,Primary,Fibroblast,Fibroblast,5,TRUE,FALSE,FALSE,TRUE,TRUE,FALSE
HNSCC5_p7_HNSCC5_P7_E11,2.175,5.5896,0,8.8502,3.6398,0,0,Primary,Fibroblast,Fibroblast,5,TRUE,TRUE,FALSE,TRUE,TRUE,FALSE
HNSCC5_p7_HNSCC5_P7_D06,3.2284,5.1235,0,9.5629,0,0,0,Primary,Endothelial,Endothelial,5,TRUE,TRUE,FALSE,TRUE,FALSE,FALSE
HNSCC5_p7_HNSCC5_P7_G02,2.0707,1.7549,2.1342,3.3767,12.561,5.6273,1,Primary,0,Cancer cells,5,TRUE,TRUE,TRUE,TRUE,TRUE,TRUE
HNSCC5_p7_HNSCC5_P7_G06,3.8664,5.0318,0,8.6065,4.0124,0,0,Primary,Fibroblast,Fibroblast,5,TRUE,TRUE,FALSE,TRUE,TRUE,FALSE
HNSCC5_p7_HNSCC5_P7_A12,0.19409,2.1843,5.0653,6.4074,11.575,11.208,1,Primary,0,Cancer cells,5,TRUE,TRUE,TRUE,TRUE,TRUE,TRUE
HNSCC5_p7_HNSCC5_P7_C06,4.2519,0,0,8.817,0,0,0,Primary,Fibroblast,Fibroblast,5,TRUE,FALSE,FALSE,TRUE,FALSE,FALSE
HNSCC5_p7_HNSCC5_P7_D01,3.4293,2.7592,2.7218,8.4638,4.1154,0,0,Primary,Fibroblast,Fibroblast,5,TRUE,TRUE,TRUE,TRUE,TRUE,FALSE
HNSCC5_p7_HNSCC5_P7_F10,0,2.1953,1.9957,3.9349,11.83,8.1267,1,Primary,0,Cancer cells,5,FALSE,TRUE,TRUE,TRUE,TRUE,TRUE
HNSCC5_p7_HNSCC5_P7_D10,0.49876,2.5536,2.7974,0,12.105,8.347,1,Primary,0,Cancer cells,5,TRUE,TRUE,TRUE,FALSE,TRUE,TRUE
HNSCC5_p7_HNSCC5_P7_A11,5.0155,5.7733,0,8.8379,0.21661,0,0,Primary,Endothelial,Endothelial,5,TRUE,TRUE,FALSE,TRUE,TRUE,FALSE
HNSCC5_p7_HNSCC5_P7_C10,3.6262,5.0299,7.9623,2.4901,12.076,10.086,1,Primary,0,Cancer cells,5,TRUE,TRUE,TRUE,TRUE,TRUE,TRUE
HNSCC5_p7_HNSCC5_P7_G07,0,4.1557,5.9779,5.0343,11.09,7.6906,1,Primary,0,Cancer cells,5,FALSE,TRUE,TRUE,TRUE,TRUE,TRUE
HNSCC5_p7_HNSCC5_P7_F12,1.9888,3.2511,2.0388,5.3848,12.277,10.933,1,Primary,0,Cancer cells,5,TRUE,TRUE,TRUE,TRUE,TRUE,TRUE
HNSCC5_p7_HNSCC5_P7_C07,2.12,3.5404,3.735,5.8222,11.502,7.5683,1,Primary,0,Cancer cells,5,TRUE,TRUE,TRUE,TRUE,TRUE,TRUE
HNSCC5_p7_HNSCC5_P7_C12,0.96495,3.0437,3.8769,5.1371,11.889,8.577,1,Primary,0,Cancer cells,5,TRUE,TRUE,TRUE,TRUE,TRUE,TRUE
HNSCC5_p7_HNSCC5_P7_G04,2.5442,0.034216,3.4611,6.4411,11.343,7.3399,1,Primary,0,Cancer cells,5,TRUE,TRUE,TRUE,TRUE,TRUE,TRUE
HNSCC5_p7_HNSCC5_P7_A10,3.5463,0,0,8.505,4.9728,0,0,Primary,Fibroblast,Fibroblast,5,TRUE,FALSE,FALSE,TRUE,TRUE,FALSE
HNSCC5_p7_HNSCC5_P7_E07,1.2898,1.6938,2.9701,4.5789,11.352,7.2414,1,Primary,0,Cancer cells,5,TRUE,TRUE,TRUE,TRUE,TRUE,TRUE
HNSCC5_p7_HNSCC5_P7_B04,4.7181,4.4543,0,7.6589,8.6614,7.3133,0,Primary,0,0,5,TRUE,TRUE,FALSE,TRUE,TRUE,TRUE
HNSCC5_p7_HNSCC5_P7_G05,2.2969,3.3426,6.6869,4.7219,11.96,10.587,1,Primary,0,Cancer cells,5,TRUE,TRUE,TRUE,TRUE,TRUE,TRUE
HNSCC5_p7_HNSCC5_P7_D08,3.8458,5.8677,0.25822,9.2027,4.1331,3.2161,0,Primary,Fibroblast,Fibroblast,5,TRUE,TRUE,TRUE,TRUE,TRUE,TRUE
HNSCC5_p7_HNSCC5_P7_D09,0,5.1336,0,9.3476,0.3774,0,0,Primary,Endothelial,Endothelial,5,FALSE,TRUE,FALSE,TRUE,TRUE,FALSE
HNSCC5_p7_HNSCC5_P7_E04,5.4683,5.0613,0,7.5198,0,0,0,Primary,Endothelial,Endothelial,5,TRUE,TRUE,FALSE,TRUE,FALSE,FALSE
HNSCC5_p13_P13_A05,3.4287,0,4.4009,0,11.965,8.8621,1,Lymph node,0,Cancer cells,5,TRUE,FALSE,TRUE,FALSE,TRUE,TRUE
HNSCC5_p13_P13_H07,3.9888,3.3835,6.4533,0,9.9568,0.55876,1,Lymph node,0,Cancer cells,5,TRUE,TRUE,TRUE,FALSE,TRUE,TRUE
HNSCC5_p13_P13_F12,0,0,0,8.9973,0.19283,0,0,Lymph node,Fibroblast,Fibroblast,5,FALSE,FALSE,FALSE,TRUE,TRUE,FALSE
HNSCC5_p13_P13_E03,0,0,0.34369,0,10.507,6.1278,1,Lymph node,0,Cancer cells,5,FALSE,FALSE,TRUE,FALSE,TRUE,TRUE
HNSCC5_p13_P13_C07,4.7337,3.1666,5.2068,0,11.696,9.9521,1,Lymph node,0,Cancer cells,5,TRUE,TRUE,TRUE,FALSE,TRUE,TRUE
HNSCC5_p13_P13_A04,0,0,0,9.3547,0,0.33571,0,Lymph node,Mast,Mast,5,FALSE,FALSE,FALSE,TRUE,FALSE,TRUE
HNSCC5_p13_P13_G05,0,0,3.6592,0,12.214,8.8461,1,Lymph node,0,Cancer cells,5,FALSE,FALSE,TRUE,FALSE,TRUE,TRUE
HNSCC5_p13_P13_E04,0,4.7557,2.2296,10.071,0,0,0,Lymph node,Endothelial,Endothelial,5,FALSE,TRUE,TRUE,TRUE,FALSE,FALSE
HNSCC5_p13_P13_D03,0,3.4281,0,3.3447,11.143,8.6446,1,Lymph node,0,Cancer cells,5,FALSE,TRUE,FALSE,TRUE,TRUE,TRUE
HNSCC5_p13_P13_G09,0,2.0728,5.1108,9.5571,0,0,0,Lymph node,Endothelial,Endothelial,5,FALSE,TRUE,TRUE,TRUE,FALSE,FALSE
HNSCC5_p13_P13_C06,2.1541,2.4576,3.6732,0,9.3502,0,1,Lymph node,0,Cancer cells,5,TRUE,TRUE,TRUE,FALSE,TRUE,FALSE
HNSCC5_p13_P13_C03,6.4076,5.2145,0,8.2933,0,0,0,Lymph node,Endothelial,Endothelial,5,TRUE,TRUE,FALSE,TRUE,FALSE,FALSE
HNSCC5_p13_P13_H12,0,4.662,0,7.8417,0,0,0,Lymph node,Endothelial,Endothelial,5,FALSE,TRUE,FALSE,TRUE,FALSE,FALSE
HNSCC5_p13_P13_B05,0,1.842,0,0,11.097,5.6751,1,Lymph node,0,Cancer cells,5,FALSE,TRUE,FALSE,FALSE,TRUE,TRUE
HNSCC5_p13_P13_A10,0,0,0,0,10.919,10.281,1,Lymph node,0,Cancer cells,5,FALSE,FALSE,FALSE,FALSE,TRUE,TRUE
HNSCC5_p13_P13_D10,0,0,0,0.8679,0.6397,0.19661,0,Lymph node,B cell,B cell,5,FALSE,FALSE,FALSE,TRUE,TRUE,TRUE
HNSCC5_p13_P13_G04,2.2978,0.048236,0,0,12.15,9.3318,1,Lymph node,0,Cancer cells,5,TRUE,TRUE,FALSE,FALSE,TRUE,TRUE
HNSCC5_p13_P13_E01,4.9902,5.6483,0,8.7123,0,0,0,Lymph node,Endothelial,Endothelial,5,TRUE,TRUE,FALSE,TRUE,FALSE,FALSE
HNSCC5_p13_P13_D11,4.565,5.781,6.7104,6.2247,10.48,9.8782,1,Lymph node,0,Cancer cells,5,TRUE,TRUE,TRUE,TRUE,TRUE,TRUE
HNSCC5_p13_P13_A08,0,0.57821,0.16607,0,12.079,7.8909,1,Lymph node,0,Cancer cells,5,FALSE,TRUE,TRUE,FALSE,TRUE,TRUE
HNSCC5_p13_P13_C09,2.4295,2.8456,6.307,4.5328,11.36,10.649,1,Lymph node,0,Cancer cells,5,TRUE,TRUE,TRUE,TRUE,TRUE,TRUE
HNSCC5_p13_P13_G08,3.0493,3.6745,4.0236,0,11.06,9.211,1,Lymph node,0,Cancer cells,5,TRUE,TRUE,TRUE,FALSE,TRUE,TRUE
HNSCC5_p13_P13_F10,0.65444,3.152,7.1399,0,10.796,9.7616,1,Lymph node,0,Cancer cells,5,TRUE,TRUE,TRUE,FALSE,TRUE,TRUE
HNSCC5_p13_P13_H04,3.8213,4.4972,1.6821,9.4181,0,0,0,Lymph node,Endothelial,Endothelial,5,TRUE,TRUE,TRUE,TRUE,FALSE,FALSE
HNSCC5_p13_P13_G06,0,0,0,6.3641,0,0,0,Lymph node,T cell,T cell,5,FALSE,FALSE,FALSE,TRUE,FALSE,FALSE
HNSCC5_p13_P13_D06,4.4329,4.6334,0,6.7698,0,0,0,Lymph node,Fibroblast,Fibroblast,5,TRUE,TRUE,FALSE,TRUE,FALSE,FALSE
HNSCC5_p13_P13_H01,4.0736,0,2.7598,0,12.125,10.05,1,Lymph node,0,Cancer cells,5,TRUE,FALSE,TRUE,FALSE,TRUE,TRUE
HNSCC5_p13_P13_B03,5.0798,0,0,8.639,0,0,0,Lymph node,Endothelial,Endothelial,5,TRUE,FALSE,FALSE,TRUE,FALSE,FALSE
HNSCC5_p13_P13_G02,4.8537,0,0.096262,8.6805,0,0,0,Lymph node,Endothelial,Endothelial,5,TRUE,FALSE,TRUE,TRUE,FALSE,FALSE
HNSCC5_p13_P13_D01,0,0,2.4748,0,11.347,9.9089,1,Lymph node,0,Cancer cells,5,FALSE,FALSE,TRUE,FALSE,TRUE,TRUE
HNSCC5_p13_P13_B11,5.7562,1.8832,0,10.097,0,0,0,Lymph node,Endothelial,Endothelial,5,TRUE,TRUE,FALSE,TRUE,FALSE,FALSE
HNSCC5_p13_P13_D02,0,4.7854,5.5399,8.9612,0,0,0,Lymph node,Endothelial,Endothelial,5,FALSE,TRUE,TRUE,TRUE,FALSE,FALSE
HNSCC5_p13_P13_F04,0,0,7.2697,4.2919,11.133,8.9476,1,Lymph node,0,Cancer cells,5,FALSE,FALSE,TRUE,TRUE,TRUE,TRUE
HNSCC5_p13_P13_F09,0,0,0,6.9459,0.45523,0,0,Lymph node,B cell,B cell,5,FALSE,FALSE,FALSE,TRUE,TRUE,FALSE
HNSCC5_p13_P13_A03,4.0649,4.3225,2.3363,9.4997,0,0,0,Lymph node,Endothelial,Endothelial,5,TRUE,TRUE,TRUE,TRUE,FALSE,FALSE
HNSCC5_p13_P13_F08,0,2.0652,5.8896,8.4964,1.1512,0,0,Lymph node,Endothelial,Endothelial,5,FALSE,TRUE,TRUE,TRUE,TRUE,FALSE
HNSCC5_p13_P13_H11,3.5456,2.4709,0,0.17632,11.455,9.4396,1,Lymph node,0,Cancer cells,5,TRUE,TRUE,FALSE,TRUE,TRUE,TRUE
HNSCC5_p13_P13_C12,5.8213,0,0,0,10.785,8.2239,0,Lymph node,0,0,5,TRUE,FALSE,FALSE,FALSE,TRUE,TRUE
HNSCC5_p13_P13_G07,0,0,0,7.2328,0,0,0,Lymph node,Mast,Mast,5,FALSE,FALSE,FALSE,TRUE,FALSE,FALSE
HNSCC5_p13_P13_D08,3.3285,0,0.037031,0,11.495,9.2355,1,Lymph node,0,Cancer cells,5,TRUE,FALSE,TRUE,FALSE,TRUE,TRUE
HNSCC5_p13_P13_A09,4.8979,1.2129,0.018634,9.7922,0,0.21537,0,Lymph node,Endothelial,Endothelial,5,TRUE,TRUE,TRUE,TRUE,FALSE,TRUE
HNSCC5_p13_P13_H09,0.24975,0,0,0,11.773,9.1188,1,Lymph node,0,Cancer cells,5,TRUE,FALSE,FALSE,FALSE,TRUE,TRUE
HNSCC5_p13_P13_B12,0,0,0,0,9.6752,7.1813,1,Lymph node,0,Cancer cells,5,FALSE,FALSE,FALSE,FALSE,TRUE,TRUE
HNSCC5_p13_P13_H08,0,3.2095,0,0,11.778,9.1576,1,Lymph node,0,Cancer cells,5,FALSE,TRUE,FALSE,FALSE,TRUE,TRUE
HNSCC5_p13_P13_G11,0,0,0.11636,0,10.202,8.8181,0,Lymph node,0,0,5,FALSE,FALSE,TRUE,FALSE,TRUE,TRUE
HNSCC5_p13_P13_C11,0,4.0419,3.7358,0,11.522,9.3771,1,Lymph node,0,Cancer cells,5,FALSE,TRUE,TRUE,FALSE,TRUE,TRUE
HNSCC5_p15_HNSCC5_P15_C10,4.2658,0.91609,0,9.1558,0,0,0,Lymph node,Endothelial,Endothelial,5,TRUE,TRUE,FALSE,TRUE,FALSE,FALSE
HNSCC5_p15_HNSCC5_P15_D03,0,2.854,1.4626,0,10.976,6.4796,1,Lymph node,0,Cancer cells,5,FALSE,TRUE,TRUE,FALSE,TRUE,TRUE
HNSCC5_p15_HNSCC5_P15_C11,4.3567,0,0,6.7594,0,0,0,Lymph node,Fibroblast,Fibroblast,5,TRUE,FALSE,FALSE,TRUE,FALSE,FALSE
HNSCC5_p15_HNSCC5_P15_C06,3.3135,4.4724,4.1848,9.5627,0,0,0,Lymph node,Endothelial,Endothelial,5,TRUE,TRUE,TRUE,TRUE,FALSE,FALSE
HNSCC5_p15_HNSCC5_P15_A08,0,1.2678,0.1635,7.9332,0,0,0,Lymph node,Fibroblast,Fibroblast,5,FALSE,TRUE,TRUE,TRUE,FALSE,FALSE
HNSCC5_p15_HNSCC5_P15_B12,3.8233,4.6016,8.2971,6.4948,10.983,11.322,1,Lymph node,0,Cancer cells,5,TRUE,TRUE,TRUE,TRUE,TRUE,TRUE
HNSCC5_p15_HNSCC5_P15_D09,0,3.4324,0,6.5229,0,0,0,Lymph node,Fibroblast,Fibroblast,5,FALSE,TRUE,FALSE,TRUE,FALSE,FALSE
HNSCC5_p15_HNSCC5_P15_E06,0,0,0,8.1699,1.9241,0.50284,0,Lymph node,Endothelial,Endothelial,5,FALSE,FALSE,FALSE,TRUE,TRUE,TRUE
HNSCC5_p15_HNSCC5_P15_B02,5.2923,0,0,7.9898,0,0,0,Lymph node,Fibroblast,Fibroblast,5,TRUE,FALSE,FALSE,TRUE,FALSE,FALSE
HNSCC5_p15_HNSCC5_P15_G02,5.2788,0,3.3682,9.2265,0,0,0,Lymph node,Fibroblast,Fibroblast,5,TRUE,FALSE,TRUE,TRUE,FALSE,FALSE
HNSCC5_p15_HNSCC5_P15_B04,2.247,6.46,0,7.5764,0.88675,0,0,Lymph node,Endothelial,Endothelial,5,TRUE,TRUE,FALSE,TRUE,TRUE,FALSE
HNSCC5_p15_HNSCC5_P15_B10,2.7512,0,0.75873,0,10.718,8.7961,1,Lymph node,0,Cancer cells,5,TRUE,FALSE,TRUE,FALSE,TRUE,TRUE
HNSCC5_p15_HNSCC5_P15_C12,0,4.3005,0,7.954,0,0,0,Lymph node,Fibroblast,Fibroblast,5,FALSE,TRUE,FALSE,TRUE,FALSE,FALSE
HNSCC5_p15_HNSCC5_P15_E11,1.3219,1.4901,2.6512,0,10.648,8.2492,1,Lymph node,0,Cancer cells,5,TRUE,TRUE,TRUE,FALSE,TRUE,TRUE
HNSCC5_p15_HNSCC5_P15_F03,0,4.9217,4.2493,0,11.429,10.56,1,Lymph node,0,Cancer cells,5,FALSE,TRUE,TRUE,FALSE,TRUE,TRUE
HNSCC5_p15_HNSCC5_P15_C09,2.4407,6.1859,2.7662,8.5624,0,0,0,Lymph node,Endothelial,Endothelial,5,TRUE,TRUE,TRUE,TRUE,FALSE,FALSE
HNSCC5_p15_HNSCC5_P15_C05,0,6.0173,0,7.8991,0,0,0,Lymph node,Endothelial,Endothelial,5,FALSE,TRUE,FALSE,TRUE,FALSE,FALSE
HNSCC5_p15_HNSCC5_P15_B09,0,6.0572,0,7.9289,0,0,0,Lymph node,Endothelial,Endothelial,5,FALSE,TRUE,FALSE,TRUE,FALSE,FALSE
HNSCC5_p15_HNSCC5_P15_C03,0,5.5756,0,8.4141,0,0,0,Lymph node,Endothelial,Endothelial,5,FALSE,TRUE,FALSE,TRUE,FALSE,FALSE
HNSCC5_p15_HNSCC5_P15_A01,0,0.098958,1.7858,0,10.587,10.75,1,Lymph node,0,Cancer cells,5,FALSE,TRUE,TRUE,FALSE,TRUE,TRUE
HNSCC5_p15_HNSCC5_P15_E03,4.0518,3.7728,0,7.6131,9.8131,7.2139,1,Lymph node,0,Cancer cells,5,TRUE,TRUE,FALSE,TRUE,TRUE,TRUE
HNSCC5_p15_HNSCC5_P15_B01,0,5.8043,4.4364,8.8152,0,0,0,Lymph node,Endothelial,Endothelial,5,FALSE,TRUE,TRUE,TRUE,FALSE,FALSE
HNSCC5_p15_HNSCC5_P15_E02,3.4971,7.0233,0,8.7397,0,0,0,Lymph node,Endothelial,Endothelial,5,TRUE,TRUE,FALSE,TRUE,FALSE,FALSE
HNSCC5_p15_HNSCC5_P15_B07,2.0022,4.5924,7.561,5.5596,11.355,10.074,1,Lymph node,0,Cancer cells,5,TRUE,TRUE,TRUE,TRUE,TRUE,TRUE
HNSCC5_p15_HNSCC5_P15_B05,2.2732,3.7698,4.2351,4.6304,11.859,9.3764,1,Lymph node,0,Cancer cells,5,TRUE,TRUE,TRUE,TRUE,TRUE,TRUE
HNSCC5_p15_HNSCC5_P15_F05,4.1253,4.9061,0,9.0233,0.75446,0.44255,0,Lymph node,Endothelial,Endothelial,5,TRUE,TRUE,FALSE,TRUE,TRUE,TRUE
HNSCC5_p15_HNSCC5_P15_G07,3.3222,3.7323,0,8.0785,0,0,0,Lymph node,Fibroblast,Fibroblast,5,TRUE,TRUE,FALSE,TRUE,FALSE,FALSE
HNSCC5_p15_HNSCC5_P15_D01,3.0846,5.5295,0,9.2308,0,0,0,Lymph node,Endothelial,Endothelial,5,TRUE,TRUE,FALSE,TRUE,FALSE,FALSE
HNSCC5_p15_HNSCC5_P15_B08,2.3426,0,3.5056,0,10.129,6.3162,1,Lymph node,0,Cancer cells,5,TRUE,FALSE,TRUE,FALSE,TRUE,TRUE
HNSCC5_p15_HNSCC5_P15_D07,3.8164,6.8294,2.9071,8.7857,0,0,0,Lymph node,Endothelial,Endothelial,5,TRUE,TRUE,TRUE,TRUE,FALSE,FALSE
HNSCC5_p15_HNSCC5_P15_B11,4.0325,5.6537,4.3341,9.5216,0,0,0,Lymph node,Endothelial,Endothelial,5,TRUE,TRUE,TRUE,TRUE,FALSE,FALSE
HNSCC5_p15_HNSCC5_P15_G04,3.6598,5.1841,4.6599,9.2768,0,0,0,Lymph node,Endothelial,Endothelial,5,TRUE,TRUE,TRUE,TRUE,FALSE,FALSE
HNSCC5_p15_HNSCC5_P15_D08,0,2.0072,0,0,8.7697,7.537,1,Lymph node,0,Cancer cells,5,FALSE,TRUE,FALSE,FALSE,TRUE,TRUE
HNSCC5_p15_HNSCC5_P15_D10,0,0,2.2567,8.0604,0,0,0,Lymph node,Fibroblast,Fibroblast,5,FALSE,FALSE,TRUE,TRUE,FALSE,FALSE
HNSCC5_p15_HNSCC5_P15_E09,4.4197,4.9303,0,9.8037,0,0,0,Lymph node,Endothelial,Endothelial,5,TRUE,TRUE,FALSE,TRUE,FALSE,FALSE
HNSCC5_p15_HNSCC5_P15_F04,2.3632,0,0,0,11.539,7.7487,1,Lymph node,0,Cancer cells,5,TRUE,FALSE,FALSE,FALSE,TRUE,TRUE
HNSCC5_p15_HNSCC5_P15_F09,2.3477,0,1.7247,0,10.947,8.6681,1,Lymph node,0,Cancer cells,5,TRUE,FALSE,TRUE,FALSE,TRUE,TRUE
HNSCC5_p15_HNSCC5_P15_A11,3.7216,2.0437,3.436,0,10.743,5.7934,1,Lymph node,0,Cancer cells,5,TRUE,TRUE,TRUE,FALSE,TRUE,TRUE
HNSCC5_p15_HNSCC5_P15_A09,2.6792,2.4238,2.7344,0,11.652,10.332,1,Lymph node,0,Cancer cells,5,TRUE,TRUE,TRUE,FALSE,TRUE,TRUE
HNSCC5_p15_HNSCC5_P15_F06,4.1743,0,0,7.7159,0,0,0,Lymph node,Fibroblast,Fibroblast,5,TRUE,FALSE,FALSE,TRUE,FALSE,FALSE
HNSCC5_p15_HNSCC5_P15_B03,2.9096,3.2396,0,0,11.399,6.2413,1,Lymph node,0,Cancer cells,5,TRUE,TRUE,FALSE,FALSE,TRUE,TRUE
HNSCC5_p15_HNSCC5_P15_G01,0,6.9719,0,8.5505,0,0,0,Lymph node,Endothelial,Endothelial,5,FALSE,TRUE,FALSE,TRUE,FALSE,FALSE
HNSCC5_p15_HNSCC5_P15_G06,0,4.3938,3.8981,0,11.03,5.0031,1,Lymph node,0,Cancer cells,5,FALSE,TRUE,TRUE,FALSE,TRUE,TRUE
HNSCC5_p15_HNSCC5_P15_A12,0,0,4.3312,0,11.392,9.3924,1,Lymph node,0,Cancer cells,5,FALSE,FALSE,TRUE,FALSE,TRUE,TRUE
HNSCC5_p15_HNSCC5_P15_G03,1.1263,6.0478,7.7266,7.1724,11.855,10.937,1,Lymph node,0,Cancer cells,5,TRUE,TRUE,TRUE,TRUE,TRUE,TRUE
HNSCC5_p15_HNSCC5_P15_A04,3.4563,4.5049,6.4417,5.5194,11.323,9.5522,1,Lymph node,0,Cancer cells,5,TRUE,TRUE,TRUE,TRUE,TRUE,TRUE
HNSCC5_p15_HNSCC5_P15_A05,4.5017,5.0308,0,9.0871,0,0,0,Lymph node,Endothelial,Endothelial,5,TRUE,TRUE,FALSE,TRUE,FALSE,FALSE
HNSCC5_p15_HNSCC5_P15_E07,1.7463,2.9937,1.8675,3.5791,11.453,8.4452,1,Lymph node,0,Cancer cells,5,TRUE,TRUE,TRUE,TRUE,TRUE,TRUE
HNSCC5_p15_HNSCC5_P15_E01,3.4695,5.3151,3.5569,9.7572,0,0,0,Lymph node,Endothelial,Endothelial,5,TRUE,TRUE,TRUE,TRUE,FALSE,FALSE
HNSCC5_p15_HNSCC5_P15_A07,4.7389,3.8718,0,8.4481,0,0.99494,0,Lymph node,Fibroblast,Fibroblast,5,TRUE,TRUE,FALSE,TRUE,FALSE,TRUE
HNSCC5_p15_HNSCC5_P15_A03,3.8628,3.2648,0,7.2859,0,0,0,Lymph node,Fibroblast,Fibroblast,5,TRUE,TRUE,FALSE,TRUE,FALSE,FALSE
HNSCC6_p8_HNSCC6_P8_B11,0,0,0,9.5593,0,0,0,Primary,Fibroblast,Fibroblast,6,FALSE,FALSE,FALSE,TRUE,FALSE,FALSE
HNSCC6_p8_HNSCC6_P8_B10,0,0,0,9.5433,0,0,0,Primary,Fibroblast,Fibroblast,6,FALSE,FALSE,FALSE,TRUE,FALSE,FALSE
HNSCC6_p8_HNSCC6_P8_A03,0,0,0,8.6534,0,0,0,Primary,Fibroblast,Fibroblast,6,FALSE,FALSE,FALSE,TRUE,FALSE,FALSE
HNSCC6_p8_HNSCC6_P8_B07,0,0,0,9.2898,0,0,0,Primary,Fibroblast,Fibroblast,6,FALSE,FALSE,FALSE,TRUE,FALSE,FALSE
HNSCC6_p8_HNSCC6_P8_G09,0,6.0523,0,10.158,0,0,0,Primary,Fibroblast,Fibroblast,6,FALSE,TRUE,FALSE,TRUE,FALSE,FALSE
HNSCC6_p8_HNSCC6_P8_B02,2.3953,0,0.17505,10.199,0,0,0,Primary,Fibroblast,Fibroblast,6,TRUE,FALSE,TRUE,TRUE,FALSE,FALSE
HNSCC6_p8_HNSCC6_P8_E03,0.71017,5.5289,0,9.8523,0,0,0,Primary,Endothelial,Endothelial,6,TRUE,TRUE,FALSE,TRUE,FALSE,FALSE
HNSCC6_p8_HNSCC6_P8_B03,0,5.6424,0,9.2236,0,0,0,Primary,Fibroblast,Fibroblast,6,FALSE,TRUE,FALSE,TRUE,FALSE,FALSE
HNSCC6_p8_HNSCC6_P8_F12,0,0,0,8.0058,0,0,0,Primary,Fibroblast,Fibroblast,6,FALSE,FALSE,FALSE,TRUE,FALSE,FALSE
HNSCC6_p8_HNSCC6_P8_H05,0,0,0,9.8825,0,0,0,Primary,Fibroblast,Fibroblast,6,FALSE,FALSE,FALSE,TRUE,FALSE,FALSE
HNSCC6_p8_HNSCC6_P8_E04,0,6.0798,0,10.231,0,0,0,Primary,Fibroblast,Fibroblast,6,FALSE,TRUE,FALSE,TRUE,FALSE,FALSE
HNSCC6_p8_HNSCC6_P8_H01,0,0,0,9.166,0,0,0,Primary,Fibroblast,Fibroblast,6,FALSE,FALSE,FALSE,TRUE,FALSE,FALSE
HNSCC6_p8_HNSCC6_P8_A11,0,3.4432,0,9.3262,0,0,0,Primary,Fibroblast,Fibroblast,6,FALSE,TRUE,FALSE,TRUE,FALSE,FALSE
HNSCC6_p8_HNSCC6_P8_H08,1.7774,0,0,8.7197,0,0,0,Primary,Fibroblast,Fibroblast,6,TRUE,FALSE,FALSE,TRUE,FALSE,FALSE
HNSCC6_p8_HNSCC6_P8_F03,0,0,0,9.8321,0,0,0,Primary,Fibroblast,Fibroblast,6,FALSE,FALSE,FALSE,TRUE,FALSE,FALSE
HNSCC6_p8_HNSCC6_P8_E01,0,7.1557,0,9.5743,0,0,0,Primary,Fibroblast,Fibroblast,6,FALSE,TRUE,FALSE,TRUE,FALSE,FALSE
HNSCC6_p8_HNSCC6_P8_H12,3.7501,2.9764,0.13619,9.6178,0.91915,2.4179,0,Primary,0,0,6,TRUE,TRUE,TRUE,TRUE,TRUE,TRUE
HNSCC6_p8_HNSCC6_P8_B08,5.3619,0,0.096262,9.0659,0,0,0,Primary,Fibroblast,Fibroblast,6,TRUE,FALSE,TRUE,TRUE,FALSE,FALSE
HNSCC6_p8_HNSCC6_P8_H07,0,0,0,9.3847,0,0,0,Primary,Endothelial,Endothelial,6,FALSE,FALSE,FALSE,TRUE,FALSE,FALSE
HNSCC6_p8_HNSCC6_P8_G05,5.9528,6.1321,0,9.8032,0,0,0,Primary,Fibroblast,Fibroblast,6,TRUE,TRUE,FALSE,TRUE,FALSE,FALSE
HNSCC6_p8_HNSCC6_P8_B12,5.398,2.9514,0,9.6929,0,0,0,Primary,Fibroblast,Fibroblast,6,TRUE,TRUE,FALSE,TRUE,FALSE,FALSE
HNSCC6_p8_HNSCC6_P8_B04,6.0977,3.167,0,9.5142,0,0,0,Primary,Fibroblast,Fibroblast,6,TRUE,TRUE,FALSE,TRUE,FALSE,FALSE
HNSCC6_p8_HNSCC6_P8_C07,0,0,0,9.051,0,0,0,Primary,Endothelial,Endothelial,6,FALSE,FALSE,FALSE,TRUE,FALSE,FALSE
HNSCC6_p8_HNSCC6_P8_B09,5.5456,6.1631,0,9.0997,0,0,0,Primary,Endothelial,Endothelial,6,TRUE,TRUE,FALSE,TRUE,FALSE,FALSE
HNSCC6_p8_HNSCC6_P8_F07,0,0,0,10.162,0,0,0,Primary,Fibroblast,Fibroblast,6,FALSE,FALSE,FALSE,TRUE,FALSE,FALSE
HNSCC6_p8_HNSCC6_P8_A01,0,0,0,9.2527,0,0,0,Primary,Fibroblast,Fibroblast,6,FALSE,FALSE,FALSE,TRUE,FALSE,FALSE
HNSCC6_p8_HNSCC6_P8_C12,4.4972,0.49978,0,9.3384,0,0,0,Primary,Fibroblast,Fibroblast,6,TRUE,TRUE,FALSE,TRUE,FALSE,FALSE
HNSCC6_p8_HNSCC6_P8_H02,0,3.0793,0,9.4136,0,0,0,Primary,Endothelial,Endothelial,6,FALSE,TRUE,FALSE,TRUE,FALSE,FALSE
HNSCC6_p8_HNSCC6_P8_H03,4.7722,0,0,9.4359,0,0,0,Primary,Fibroblast,Fibroblast,6,TRUE,FALSE,FALSE,TRUE,FALSE,FALSE
HNSCC6_p8_HNSCC6_P8_A02,0,0,0,9.012,0,0,0,Primary,Fibroblast,Fibroblast,6,FALSE,FALSE,FALSE,TRUE,FALSE,FALSE
HNSCC6_p8_HNSCC6_P8_D07,6.1522,0,0,9.6449,0,0,0,Primary,Fibroblast,Fibroblast,6,TRUE,FALSE,FALSE,TRUE,FALSE,FALSE
HNSCC6_p8_HNSCC6_P8_A12,0,0.13881,0.18015,10.135,0,0,0,Primary,Endothelial,Endothelial,6,FALSE,TRUE,TRUE,TRUE,FALSE,FALSE
HNSCC6_p8_HNSCC6_P8_F08,0,0,0,9.541,0,0,0,Primary,Fibroblast,Fibroblast,6,FALSE,FALSE,FALSE,TRUE,FALSE,FALSE
HNSCC6_p8_HNSCC6_P8_C10,4.9605,0,0.1635,10.239,0,0,0,Primary,Fibroblast,Fibroblast,6,TRUE,FALSE,TRUE,TRUE,FALSE,FALSE
HNSCC6_p8_HNSCC6_P8_G12,0,4.931,0,8.3007,0,0,0,Primary,Endothelial,Endothelial,6,FALSE,TRUE,FALSE,TRUE,FALSE,FALSE
HNSCC6_p8_HNSCC6_P8_A09,0,5.9563,0,9.6985,0,0,0,Primary,Endothelial,Endothelial,6,FALSE,TRUE,FALSE,TRUE,FALSE,FALSE
HNSCC6_p8_HNSCC6_P8_F01,5.5779,7.2153,0,10.177,1.338,0,0,Primary,Endothelial,Endothelial,6,TRUE,TRUE,FALSE,TRUE,TRUE,FALSE
HNSCC6_p8_HNSCC6_P8_D11,0,0,0,8.7697,0,0,0,Primary,Endothelial,Endothelial,6,FALSE,FALSE,FALSE,TRUE,FALSE,FALSE
HNSCC6_p8_HNSCC6_P8_E09,0,5.2538,0,10.947,0,0,0,Primary,Endothelial,Endothelial,6,FALSE,TRUE,FALSE,TRUE,FALSE,FALSE
HNSCC6_p8_HNSCC6_P8_G08,4.837,0,0,9.8367,0,0,0,Primary,Fibroblast,Fibroblast,6,TRUE,FALSE,FALSE,TRUE,FALSE,FALSE
HNSCC6_p8_HNSCC6_P8_C06,0,0,0,9.1753,0,0,0,Primary,Fibroblast,Fibroblast,6,FALSE,FALSE,FALSE,TRUE,FALSE,FALSE
HNSCC6_p8_HNSCC6_P8_G10,0,0,0,9.8778,0,0,0,Primary,Fibroblast,Fibroblast,6,FALSE,FALSE,FALSE,TRUE,FALSE,FALSE
HNSCC6_p8_HNSCC6_P8_H04,0,5.1547,0,9.612,0,0,0,Primary,Endothelial,Endothelial,6,FALSE,TRUE,FALSE,TRUE,FALSE,FALSE
HNSCC6_p8_HNSCC6_P8_C11,0,3.8126,0,9.109,0,0,0,Primary,Endothelial,Endothelial,6,FALSE,TRUE,FALSE,TRUE,FALSE,FALSE
HNSCC6_p8_HNSCC6_P8_E08,0,5.0051,0,9.7822,0,0,0,Primary,Endothelial,Endothelial,6,FALSE,TRUE,FALSE,TRUE,FALSE,FALSE
HNSCC6_p8_HNSCC6_P8_C04,2.7409,5.5345,0,9.3073,0,0,0,Primary,Endothelial,Endothelial,6,TRUE,TRUE,FALSE,TRUE,FALSE,FALSE
HNSCC6_p8_HNSCC6_P8_A04,0,0,0,9.7698,0,0,0,Primary,Fibroblast,Fibroblast,6,FALSE,FALSE,FALSE,TRUE,FALSE,FALSE
HNSCC6_p8_HNSCC6_P8_B05,1.9188,0,0.071763,9.4972,0,0,0,Primary,Fibroblast,Fibroblast,6,TRUE,FALSE,TRUE,TRUE,FALSE,FALSE
HNSCC6_p8_HNSCC6_P8_A10,0,0,0,9.8279,0,0,0,Primary,B cell,B cell,6,FALSE,FALSE,FALSE,TRUE,FALSE,FALSE
HNSCC6_p8_HNSCC6_P8_D10,4.8936,0,0,9.8378,0,0,0,Primary,Fibroblast,Fibroblast,6,TRUE,FALSE,FALSE,TRUE,FALSE,FALSE
HNSCC6_p8_HNSCC6_P8_F05,0,0,0,8.2767,0,0,0,Primary,Fibroblast,Fibroblast,6,FALSE,FALSE,FALSE,TRUE,FALSE,FALSE
HNSCC6_p8_HNSCC6_P8_E07,4.8539,0,0,9.3431,0,0,0,Primary,Fibroblast,Fibroblast,6,TRUE,FALSE,FALSE,TRUE,FALSE,FALSE
HNSCC6_p8_HNSCC6_P8_E06,0,0,0,9.773,0,0,0,Primary,Fibroblast,Fibroblast,6,FALSE,FALSE,FALSE,TRUE,FALSE,FALSE
HNSCC6_p8_HNSCC6_P8_F06,6.2157,0,0,9.5717,0,0,0,Primary,Fibroblast,Fibroblast,6,TRUE,FALSE,FALSE,TRUE,FALSE,FALSE
HNSCC6_p8_HNSCC6_P8_G04,6.1306,0,0,9.3167,0,0,0,Primary,Fibroblast,Fibroblast,6,TRUE,FALSE,FALSE,TRUE,FALSE,FALSE
HNSCC6_p8_HNSCC6_P8_A06,3.7019,6.1095,0,9.6149,0,0,0,Primary,Fibroblast,Fibroblast,6,TRUE,TRUE,FALSE,TRUE,FALSE,FALSE
HNSCC6_p8_HNSCC6_P8_A05,0,0,0,8.3552,0,0,0,Primary,Endothelial,Endothelial,6,FALSE,FALSE,FALSE,TRUE,FALSE,FALSE
HNSCC6_p8_HNSCC6_P8_D02,0.3115,0,0,0,3.4283,0,0,Primary,0,0,6,TRUE,FALSE,FALSE,FALSE,TRUE,FALSE
HNSCC6_p8_HNSCC6_P8_H10,6.059,0,0,8.805,0,0,0,Primary,Fibroblast,Fibroblast,6,TRUE,FALSE,FALSE,TRUE,FALSE,FALSE
HNSCC6_p8_HNSCC6_P8_A08,0,3.7037,0,9.7105,0,0,0,Primary,Endothelial,Endothelial,6,FALSE,TRUE,FALSE,TRUE,FALSE,FALSE
HNSCC6_p8_HNSCC6_P8_D12,0,0,0,9.8283,0,0,0,Primary,Fibroblast,Fibroblast,6,FALSE,FALSE,FALSE,TRUE,FALSE,FALSE
HNSCC6_p8_HNSCC6_P8_D06,0,0.91915,0,9.6441,0,0,0,Primary,Fibroblast,Fibroblast,6,FALSE,TRUE,FALSE,TRUE,FALSE,FALSE
HNSCC6_p8_HNSCC6_P8_G11,0,1.3068,0,9.1953,0,0,0,Primary,Endothelial,Endothelial,6,FALSE,TRUE,FALSE,TRUE,FALSE,FALSE
HNSCC6_p8_HNSCC6_P8_H11,3.8538,0,0,9.3638,0,0,0,Primary,Fibroblast,Fibroblast,6,TRUE,FALSE,FALSE,TRUE,FALSE,FALSE
HNSCC6_p15_HNSCC6_P15_LN_F07,5.897,4.7716,0,8.4315,6.319,0,0,Primary,Endothelial,Endothelial,6,TRUE,TRUE,FALSE,TRUE,TRUE,FALSE
HNSCC6_p15_HNSCC6_P15_LN_B04,3.8403,0,0,0,6.1348,11.811,1,Primary,0,Cancer cells,6,TRUE,FALSE,FALSE,FALSE,TRUE,TRUE
HNSCC6_p15_HNSCC6_P15_LN_C08,0,0,0,9.1156,0,0,0,Primary,Fibroblast,Fibroblast,6,FALSE,FALSE,FALSE,TRUE,FALSE,FALSE
HNSCC6_p15_HNSCC6_P15_LN_C06,2.6038,0,1.5205,0,10.949,7.4384,1,Primary,0,Cancer cells,6,TRUE,FALSE,TRUE,FALSE,TRUE,TRUE
HNSCC6_p15_HNSCC6_P15_LN_G02,0,2.763,0.57821,8.2204,5.0472,0,0,Primary,Fibroblast,Fibroblast,6,FALSE,TRUE,TRUE,TRUE,TRUE,FALSE
HNSCC6_p15_HNSCC6_P15_LN_E02,0,0,0,0,8.7339,6.0937,1,Primary,0,Cancer cells,6,FALSE,FALSE,FALSE,FALSE,TRUE,TRUE
HNSCC6_p15_HNSCC6_P15_LN_E11,5.3705,0.56657,0.53705,9.8756,0,0,0,Primary,Fibroblast,Fibroblast,6,TRUE,TRUE,TRUE,TRUE,FALSE,FALSE
HNSCC6_p15_HNSCC6_P15_LN_F04,0.96421,0,0.24853,0.86711,9.5775,5.0021,1,Primary,0,Cancer cells,6,TRUE,FALSE,TRUE,TRUE,TRUE,TRUE
HNSCC6_p15_HNSCC6_P15_LN_H11,1.9123,3.4533,1.854,7.6683,10.288,8.3487,1,Primary,0,Cancer cells,6,TRUE,TRUE,TRUE,TRUE,TRUE,TRUE
HNSCC6_p15_HNSCC6_P15_LN_F10,5.4166,2.2138,0,9.8125,0,0,0,Primary,Fibroblast,Fibroblast,6,TRUE,TRUE,FALSE,TRUE,FALSE,FALSE
HNSCC6_p15_HNSCC6_P15_LN_C07,4.0637,4.5,0,9.7661,0,0,0,Primary,Fibroblast,Fibroblast,6,TRUE,TRUE,FALSE,TRUE,FALSE,FALSE
HNSCC6_p15_HNSCC6_P15_LN_A10,0,0,0,0,9.7817,7.2734,1,Primary,0,Cancer cells,6,FALSE,FALSE,FALSE,FALSE,TRUE,TRUE
HNSCC6_p15_HNSCC6_P15_LN_E01,2.5743,7.1691,0,10.317,0,0,0,Primary,Endothelial,Endothelial,6,TRUE,TRUE,FALSE,TRUE,FALSE,FALSE
HNSCC6_p15_HNSCC6_P15_LN_G12,3.2508,3.2931,2.308,8.9792,10.257,9.2618,1,Primary,0,Cancer cells,6,TRUE,TRUE,TRUE,TRUE,TRUE,TRUE
HNSCC6_p15_HNSCC6_P15_LN_C09,0,0,2.6969,0,10.762,11.096,1,Primary,0,Cancer cells,6,FALSE,FALSE,TRUE,FALSE,TRUE,TRUE
HNSCC6_p15_HNSCC6_P15_LN_D04,0,0,0,1.8992,11.406,12.124,1,Primary,0,Cancer cells,6,FALSE,FALSE,FALSE,TRUE,TRUE,TRUE
HNSCC6_p15_HNSCC6_P15_LN_E12,0,0,0,3.4136,9.2437,9.4016,1,Primary,0,Cancer cells,6,FALSE,FALSE,FALSE,TRUE,TRUE,TRUE
HNSCC6_p15_HNSCC6_P15_LN_B01,1.9583,0,0,1.0482,10.564,6.9063,1,Primary,0,Cancer cells,6,TRUE,FALSE,FALSE,TRUE,TRUE,TRUE
HNSCC6_p15_HNSCC6_P15_LN_A03,0,5.5337,0,10.752,0,0,0,Primary,Macrophage,Macrophage,6,FALSE,TRUE,FALSE,TRUE,FALSE,FALSE
HNSCC6_p15_HNSCC6_P15_LN_C01,0,0,0.50487,1.263,10.995,8.4808,1,Primary,0,Cancer cells,6,FALSE,FALSE,TRUE,TRUE,TRUE,TRUE
HNSCC6_p15_HNSCC6_P15_LN_E09,1.9199,0,0,0.25942,10.759,9.5784,1,Primary,0,Cancer cells,6,TRUE,FALSE,FALSE,TRUE,TRUE,TRUE
HNSCC6_p15_HNSCC6_P15_LN_A12,0,0.13093,0,0,11.088,8.6615,1,Primary,0,Cancer cells,6,FALSE,TRUE,FALSE,FALSE,TRUE,TRUE
HNSCC6_p15_HNSCC6_P15_LN_A07,3.8328,0,0,0,12.157,11.199,1,Primary,0,Cancer cells,6,TRUE,FALSE,FALSE,FALSE,TRUE,TRUE
HNSCC6_p15_HNSCC6_P15_LN_H01,2.8014,2.2206,3.2997,0,10.018,8.8861,1,Primary,0,Cancer cells,6,TRUE,TRUE,TRUE,FALSE,TRUE,TRUE
HNSCC6_p15_HNSCC6_P15_LN_F02,1.9745,0,1.9126,0,10.895,8.6348,1,Primary,0,Cancer cells,6,TRUE,FALSE,TRUE,FALSE,TRUE,TRUE
HNSCC6_p15_HNSCC6_P15_LN_G09,1.3679,0,2.0531,0,9.7873,7.9494,1,Primary,0,Cancer cells,6,TRUE,FALSE,TRUE,FALSE,TRUE,TRUE
HNSCC6_p15_HNSCC6_P15_LN_C12,4.2516,6.1862,0,11.129,0,0,0,Primary,Endothelial,Endothelial,6,TRUE,TRUE,FALSE,TRUE,FALSE,FALSE
HNSCC6_p15_HNSCC6_P15_LN_A01,3.117,5.6521,2.2048,10.357,0,0,0,Primary,Fibroblast,Fibroblast,6,TRUE,TRUE,TRUE,TRUE,FALSE,FALSE
HNSCC6_p15_HNSCC6_P15_LN_B11,2.5462,0,1.3768,0,9.3156,6.127,1,Primary,0,Cancer cells,6,TRUE,FALSE,TRUE,FALSE,TRUE,TRUE
HNSCC6_p15_HNSCC6_P15_LN_D01,0,0,3.291,0,11.096,8.9388,1,Primary,0,Cancer cells,6,FALSE,FALSE,TRUE,FALSE,TRUE,TRUE
HNSCC6_p15_HNSCC6_P15_LN_D03,3.9887,5.41,0,10.027,0,0,0,Primary,Endothelial,Endothelial,6,TRUE,TRUE,FALSE,TRUE,FALSE,FALSE
HNSCC6_p15_HNSCC6_P15_LN_C04,1.7225,0,1.9859,0,10.505,8.0404,1,Primary,0,Cancer cells,6,TRUE,FALSE,TRUE,FALSE,TRUE,TRUE
HNSCC6_p15_HNSCC6_P15_LN_H08,2.2482,2.96,1.3426,7.6357,9.6242,4.9322,1,Primary,0,Cancer cells,6,TRUE,TRUE,TRUE,TRUE,TRUE,TRUE
HNSCC6_p15_HNSCC6_P15_LN_H06,3.7926,5.323,0.1137,8.2835,0,0,0,Primary,Endothelial,Endothelial,6,TRUE,TRUE,TRUE,TRUE,FALSE,FALSE
HNSCC6_p15_HNSCC6_P15_LN_F03,3.8464,0.97306,0,9.9637,0,0,0,Primary,Fibroblast,Fibroblast,6,TRUE,TRUE,FALSE,TRUE,FALSE,FALSE
HNSCC6_p15_HNSCC6_P15_LN_G10,1.1137,0,0,0,9.1218,10.437,1,Primary,0,Cancer cells,6,TRUE,FALSE,FALSE,FALSE,TRUE,TRUE
HNSCC6_p15_HNSCC6_P15_LN_H10,0,0,1.8408,0,11.051,8.5974,1,Primary,0,Cancer cells,6,FALSE,FALSE,TRUE,FALSE,TRUE,TRUE
HNSCC6_p15_HNSCC6_P15_LN_D06,0,0,2.3677,1.6098,11.58,12.41,1,Primary,0,Cancer cells,6,FALSE,FALSE,TRUE,TRUE,TRUE,TRUE
HNSCC6_p15_HNSCC6_P15_LN_G07,3.9812,3.6938,0,10.093,0,0,0,Primary,Fibroblast,Fibroblast,6,TRUE,TRUE,FALSE,TRUE,FALSE,FALSE
HNSCC6_p15_HNSCC6_P15_LN_C11,2.918,6.7183,0,9.3079,0,0,0,Primary,Fibroblast,Fibroblast,6,TRUE,TRUE,FALSE,TRUE,FALSE,FALSE
HNSCC6_p15_HNSCC6_P15_LN_E04,4.5746,0,4.1106,9.1387,5.8012,4.2431,0,Primary,Fibroblast,Fibroblast,6,TRUE,FALSE,TRUE,TRUE,TRUE,TRUE
HNSCC6_p15_HNSCC6_P15_LN_H03,4.2627,7.9468,0,10.089,0,0,0,Primary,Fibroblast,Fibroblast,6,TRUE,TRUE,FALSE,TRUE,FALSE,FALSE
HNSCC6_p15_HNSCC6_P15_LN_F08,2.2051,0,3.1283,0.2228,10.405,9.137,1,Primary,0,Cancer cells,6,TRUE,FALSE,TRUE,TRUE,TRUE,TRUE
HNSCC6_p15_HNSCC6_P15_LN_C05,0,0,0,9.6077,0,0,0,Primary,B cell,B cell,6,FALSE,FALSE,FALSE,TRUE,FALSE,FALSE
HNSCC6_p15_HNSCC6_P15_LN_G08,0.67446,0.25942,1.4699,0,10.071,5.4004,1,Primary,0,Cancer cells,6,TRUE,TRUE,TRUE,FALSE,TRUE,TRUE
HNSCC6_p15_HNSCC6_P15_LN_A04,3.9081,0,0,1.8168,0,6.9157,1,Primary,0,Cancer cells,6,TRUE,FALSE,FALSE,TRUE,FALSE,TRUE
HNSCC6_p15_HNSCC6_P15_LN_A02,0,3.3811,0,10.297,0.81803,0,0,Primary,Macrophage,Macrophage,6,FALSE,TRUE,FALSE,TRUE,TRUE,FALSE
HNSCC6_p15_HNSCC6_P15_LN_C02,1.9184,0,0,0.84398,9.2231,6.8796,1,Primary,0,Cancer cells,6,TRUE,FALSE,FALSE,TRUE,TRUE,TRUE
HNSCC6_p15_HNSCC6_P15_LN_G05,0.9222,0,0.92752,0,10.609,9.2058,1,Primary,0,Cancer cells,6,TRUE,FALSE,TRUE,FALSE,TRUE,TRUE
HNSCC6_p15_HNSCC6_P15_LN_H04,6.0368,5.0223,0,11.046,0,0,0,Primary,Fibroblast,Fibroblast,6,TRUE,TRUE,FALSE,TRUE,FALSE,FALSE
HNSCC6_p15_HNSCC6_P15_LN_H07,0,1.278,0,0,10.547,9.8185,1,Primary,0,Cancer cells,6,FALSE,TRUE,FALSE,FALSE,TRUE,TRUE
HNSCC6_p15_HNSCC6_P15_LN_E03,0,0.14143,1.5816,0,12.765,10.592,1,Primary,0,Cancer cells,6,FALSE,TRUE,TRUE,FALSE,TRUE,TRUE
HNSCC6_p15_HNSCC6_P15_LN_F05,0,0,0,0,10.986,9.3349,1,Primary,0,Cancer cells,6,FALSE,FALSE,FALSE,FALSE,TRUE,TRUE
HNSCC6_p15_HNSCC6_P15_LN_A06,2.4636,0,0,0.7031,10.817,7.6232,1,Primary,0,Cancer cells,6,TRUE,FALSE,FALSE,TRUE,TRUE,TRUE
HNSCC6_p15_HNSCC6_P15_LN_B02,6.3243,5.6242,0,9.5491,0,1.7476,0,Primary,Endothelial,Endothelial,6,TRUE,TRUE,FALSE,TRUE,FALSE,TRUE
HNSCC6_p15_HNSCC6_P15_LN_D05,0,0,0,0.48027,9.8578,5.9513,1,Primary,0,Cancer cells,6,FALSE,FALSE,FALSE,TRUE,TRUE,TRUE
HNSCC6_p15_HNSCC6_P15_LN_H02,0,0,2.3311,10.284,1.4152,0,0,Primary,Fibroblast,Fibroblast,6,FALSE,FALSE,TRUE,TRUE,TRUE,FALSE
HNSCC6_p15_HNSCC6_P15_LN_E05,1.91,0,0.018634,3.3384,9.48,7.8031,1,Primary,0,Cancer cells,6,TRUE,FALSE,TRUE,TRUE,TRUE,TRUE
HNSCC6_p15_HNSCC6_P15_LN_D08,4.1609,0,0,9.9649,0,0,0,Primary,Fibroblast,Fibroblast,6,TRUE,FALSE,FALSE,TRUE,FALSE,FALSE
HNSCC6_p15_HNSCC6_P15_LN_E10,4.8199,3.275,0,9.6347,0.85599,0,0,Primary,Fibroblast,Fibroblast,6,TRUE,TRUE,FALSE,TRUE,TRUE,FALSE
HNSCC6_p15_HNSCC6_P15_LN_D10,3.5011,0,0,9.2282,0,0,0,Primary,Fibroblast,Fibroblast,6,TRUE,FALSE,FALSE,TRUE,FALSE,FALSE
HNSCC6_p15_HNSCC6_P15_LN_G01,5.6682,5.165,0,9.032,0,5.203,0,Primary,Fibroblast,Fibroblast,6,TRUE,TRUE,FALSE,TRUE,FALSE,TRUE
HNSCC6_p15_HNSCC6_P15_LN_B10,5.2961,0,0,9.2031,0,0,0,Primary,Fibroblast,Fibroblast,6,TRUE,FALSE,FALSE,TRUE,FALSE,FALSE
HNSCC6_p15_HNSCC6_P15_LN_A11,1.0101,2.5301,0.092207,0,10.164,9.0801,1,Primary,0,Cancer cells,6,TRUE,TRUE,TRUE,FALSE,TRUE,TRUE
HNSCC6_p15_HNSCC6_P15_LN_B12,0,0,0,10.565,4.5432,3.1331,0,Primary,Fibroblast,Fibroblast,6,FALSE,FALSE,FALSE,TRUE,TRUE,TRUE
HNSCC6_p15_HNSCC6_P15_LN_B07,5.4865,3.0083,0,9.9786,1.0086,3.3199,0,Primary,Fibroblast,Fibroblast,6,TRUE,TRUE,FALSE,TRUE,TRUE,TRUE
HNSCC6_p15_HNSCC6_P15_LN_E06,4.5593,5.0743,0,10.086,0,0,0,Primary,Fibroblast,Fibroblast,6,TRUE,TRUE,FALSE,TRUE,FALSE,FALSE
HNSCC6_p15_HNSCC6_P15_LN_E08,2.233,0,0,0.25822,10.765,7.2811,1,Primary,0,Cancer cells,6,TRUE,FALSE,FALSE,TRUE,TRUE,TRUE
HNSCC6_p15_HNSCC6_P15_LN_B08,0,5.025,0,10.469,0,0,0,Primary,Macrophage,Macrophage,6,FALSE,TRUE,FALSE,TRUE,FALSE,FALSE
HNSCC6_p15_HNSCC6_P15_LN_F06,2.4417,1.3173,5.9787,0,10.875,10.095,1,Primary,0,Cancer cells,6,TRUE,TRUE,TRUE,FALSE,TRUE,TRUE
HNSCC6_p15_HNSCC6_P15_LN_D09,0.44573,0,0,0,11.138,9.0903,1,Primary,0,Cancer cells,6,TRUE,FALSE,FALSE,FALSE,TRUE,TRUE
HNSCC6_p15_HNSCC6_P15_LN_A09,0,3.3366,0,9.8155,0,0,0,Primary,Endothelial,Endothelial,6,FALSE,TRUE,FALSE,TRUE,FALSE,FALSE
HNSCC6_p15_HNSCC6_P15_LN_A08,0,0,0,0,8.1317,10.423,1,Primary,0,Cancer cells,6,FALSE,FALSE,FALSE,FALSE,TRUE,TRUE
HNSCC6_p15_HNSCC6_P15_LN_A05,0.96273,0,0.13356,0,10.877,7.5102,1,Primary,0,Cancer cells,6,TRUE,FALSE,TRUE,FALSE,TRUE,TRUE
HNSCC6_p15_HNSCC6_P15_LN_C03,0,0,0,0.41251,11.437,8.7717,1,Primary,0,Cancer cells,6,FALSE,FALSE,FALSE,TRUE,TRUE,TRUE
HNSCC20_P3_C12_S36_comb,2.1919,0,2.2057,0,8.6715,11.139,1,Primary,0,Cancer cells,20,TRUE,FALSE,TRUE,FALSE,TRUE,TRUE
HNSCC20_P3_D12_S48_comb,2.8213,2.9819,10.887,0,11.346,11.473,1,Primary,0,Cancer cells,20,TRUE,TRUE,TRUE,FALSE,TRUE,TRUE
HNSCC20_P3_E08_S56_comb,2.6604,0.40272,3.7984,0,7.5824,12.004,1,Primary,0,Cancer cells,20,TRUE,TRUE,TRUE,FALSE,TRUE,TRUE
HNSCC20_P13_G09_S273_comb,4.0308,0,0,0,5.7048,8.456,1,Lymph node,0,Cancer cells,20,TRUE,FALSE,FALSE,FALSE,TRUE,TRUE
HNSCC20_P3_B05_S17_comb,3.7434,0,0,0,2.7587,12.748,1,Primary,0,Cancer cells,20,TRUE,FALSE,FALSE,FALSE,TRUE,TRUE
HNSCC20_P3_B02_S14_comb,4.1873,0,0,0,9.4634,11.13,1,Primary,0,Cancer cells,20,TRUE,FALSE,FALSE,FALSE,TRUE,TRUE
HNSCC20_P13_A10_S202_comb,1.0915,1.4568,0,0,8.3793,10.461,1,Lymph node,0,Cancer cells,20,TRUE,TRUE,FALSE,FALSE,TRUE,TRUE
HNSCC20_P3_G11_S83_comb,0,0,1.0929,0,4.4234,12.914,1,Primary,0,Cancer cells,20,FALSE,FALSE,TRUE,FALSE,TRUE,TRUE
HNSCC17_P4_F02_S158_comb,5.2778,0.36065,6.2769,0,12.285,11.841,1,Primary,0,Cancer cells,17,TRUE,TRUE,TRUE,FALSE,TRUE,TRUE
HNSCC20_P13_A08_S200_comb,2.9279,0,0,0,8.7842,12.156,1,Lymph node,0,Cancer cells,20,TRUE,FALSE,FALSE,FALSE,TRUE,TRUE
HNSCC20_P13_F07_S259_comb,2.9013,0,2.2501,0,7.8999,10.119,1,Lymph node,0,Cancer cells,20,TRUE,FALSE,TRUE,FALSE,TRUE,TRUE
HNSCC20_P3_H01_S85_comb,2.2038,0,3.4506,0,9.6912,10.597,1,Primary,0,Cancer cells,20,TRUE,FALSE,TRUE,FALSE,TRUE,TRUE
HNSCC17_P4_D10_S142_comb,0.21537,0,5.5935,0,12.301,12.905,1,Primary,0,Cancer cells,17,TRUE,FALSE,TRUE,FALSE,TRUE,TRUE
HNSCC17_P4_D05_S137_comb,4.0067,4.1169,7.1838,0,12.777,12.922,1,Primary,0,Cancer cells,17,TRUE,TRUE,TRUE,FALSE,TRUE,TRUE
HNSCC20_P13_F04_S256_comb,3.6108,2.7166,0,0,9.2202,10.52,1,Lymph node,0,Cancer cells,20,TRUE,TRUE,FALSE,FALSE,TRUE,TRUE
HNSCC20_P3_A03_S3_comb,3.813,0,0,0,5.2714,11.973,1,Primary,0,Cancer cells,20,TRUE,FALSE,FALSE,FALSE,TRUE,TRUE
HNSCC20_P3_D08_S44_comb,0,0,0,0,0.848,13.183,1,Primary,0,Cancer cells,20,FALSE,FALSE,FALSE,FALSE,TRUE,TRUE
HNSCC17_P4_C01_S121_comb,3.3502,2.4678,6.1617,0,12.657,11.669,1,Primary,0,Cancer cells,17,TRUE,TRUE,TRUE,FALSE,TRUE,TRUE
HNSCC20_P3_F01_S61_comb,0,0,0,0,5.3045,13.258,1,Primary,0,Cancer cells,20,FALSE,FALSE,FALSE,FALSE,TRUE,TRUE
HNSCC17_P4_F04_S160_comb,2.9957,3.9849,7.5619,0,12.312,13.16,1,Primary,0,Cancer cells,17,TRUE,TRUE,TRUE,FALSE,TRUE,TRUE
HNSCC20_P13_E09_S249_comb,0,0,0,0,6.6514,12.677,1,Lymph node,0,Cancer cells,20,FALSE,FALSE,FALSE,FALSE,TRUE,TRUE
HNSCC17_P4_C03_S123_comb,3.6578,3.6599,9.3518,4.6028,12.083,11.69,1,Primary,0,Cancer cells,17,TRUE,TRUE,TRUE,TRUE,TRUE,TRUE
HNSCC17_P4_H06_S186_comb,4.2699,2.6742,5.7901,0,12.396,12.323,1,Primary,0,Cancer cells,17,TRUE,TRUE,TRUE,FALSE,TRUE,TRUE
HNSCC20_P3_H02_S86_comb,3.5161,0,2.2057,0,5.3505,13.043,1,Primary,0,Cancer cells,20,TRUE,FALSE,TRUE,FALSE,TRUE,TRUE
HNSCC20_P3_H06_S90_comb,0,0.99711,3.0432,0,7.68,12.468,1,Primary,0,Cancer cells,20,FALSE,TRUE,TRUE,FALSE,TRUE,TRUE
HNSCC20_P3_E03_S51_comb,0,0,0.066261,0,2.7685,12.811,1,Primary,0,Cancer cells,20,FALSE,FALSE,TRUE,FALSE,TRUE,TRUE
HNSCC17_P4_C05_S125_comb,3.7739,1.5797,5.7293,0,11.938,12.227,1,Primary,0,Cancer cells,17,TRUE,TRUE,TRUE,FALSE,TRUE,TRUE
HNSCC20_P3_B07_S19_comb,3.503,2.0759,9.1305,0,10.952,12.298,1,Primary,0,Cancer cells,20,TRUE,TRUE,TRUE,FALSE,TRUE,TRUE
HNSCC20_P13_E04_S244_comb,4.4659,3.0762,0,0,1.6253,10.997,1,Lymph node,0,Cancer cells,20,TRUE,TRUE,FALSE,FALSE,TRUE,TRUE
HNSCC20_P13_F03_S255_comb,3.0339,0,0,0,7.5296,11.214,1,Lymph node,0,Cancer cells,20,TRUE,FALSE,FALSE,FALSE,TRUE,TRUE
HNSCC20_P3_G05_S77_comb,0,1.4201,0,0,0,13.202,1,Primary,0,Cancer cells,20,FALSE,TRUE,FALSE,FALSE,FALSE,TRUE
HNSCC17_P4_E05_S149_comb,4.3466,0.08134,5.6636,0,11.801,11.011,1,Primary,0,Cancer cells,17,TRUE,TRUE,TRUE,FALSE,TRUE,TRUE
HNSCC20_P3_G01_S73_comb,4.719,0,0,0,0.18777,12.084,1,Primary,0,Cancer cells,20,TRUE,FALSE,FALSE,FALSE,TRUE,TRUE
HNSCC17_P4_E12_S156_comb,3.9958,2.945,9.0957,4.0259,11.631,11.528,1,Primary,0,Cancer cells,17,TRUE,TRUE,TRUE,TRUE,TRUE,TRUE
HNSCC20_P3_A06_S6_comb,0,0,3.8909,0,9.9775,11.539,1,Primary,0,Cancer cells,20,FALSE,FALSE,TRUE,FALSE,TRUE,TRUE
HNSCC20_P13_A04_S196_comb,0,0,2.9624,0,6.1936,11.922,1,Lymph node,0,Cancer cells,20,FALSE,FALSE,TRUE,FALSE,TRUE,TRUE
HNSCC20_P13_H07_S283_comb,0,0,5.582,0,9.5602,11.502,1,Lymph node,0,Cancer cells,20,FALSE,FALSE,TRUE,FALSE,TRUE,TRUE
HNSCC17_P4_D02_S134_comb,0.22527,3.9287,6.7454,0,12.501,12.338,1,Primary,0,Cancer cells,17,TRUE,TRUE,TRUE,FALSE,TRUE,TRUE
HNSCC20_P13_E03_S243_comb,4.7238,0,0.15575,0,7.6336,10.472,1,Lymph node,0,Cancer cells,20,TRUE,FALSE,TRUE,FALSE,TRUE,TRUE
HNSCC20_P3_E05_S53_comb,3.6334,2.7266,5.1095,0.15834,11.106,12.567,1,Primary,0,Cancer cells,20,TRUE,TRUE,TRUE,TRUE,TRUE,TRUE
HNSCC20_P13_E11_S251_comb,0,2.8536,0.57918,0,5.7951,9.6723,1,Lymph node,0,Cancer cells,20,FALSE,TRUE,TRUE,FALSE,TRUE,TRUE
HNSCC20_P3_F02_S62_comb,2.2023,0,0,0,9.5494,11.878,1,Primary,0,Cancer cells,20,TRUE,FALSE,FALSE,FALSE,TRUE,TRUE
HNSCC20_P13_A11_S203_comb,2.3135,2.4967,3.2334,1.7233,7.8339,10.59,1,Lymph node,0,Cancer cells,20,TRUE,TRUE,TRUE,TRUE,TRUE,TRUE
HNSCC20_P3_D07_S43_comb,0,4.5647,7.0589,0.43829,10.145,10.278,1,Primary,0,Cancer cells,20,FALSE,TRUE,TRUE,TRUE,TRUE,TRUE
HNSCC20_P3_F10_S70_comb,1.7115,0,2.7262,0,8.8402,12.296,1,Primary,0,Cancer cells,20,TRUE,FALSE,TRUE,FALSE,TRUE,TRUE
HNSCC17_P4_A10_S106_comb,5.3902,3.7149,7.1983,0,11.975,12.047,1,Primary,0,Cancer cells,17,TRUE,TRUE,TRUE,FALSE,TRUE,TRUE
HNSCC20_P13_D11_S239_comb,3.7956,0,0,0,4.6664,10.186,1,Lymph node,0,Cancer cells,20,TRUE,FALSE,FALSE,FALSE,TRUE,TRUE
HNSCC20_P13_C04_S220_comb,0,0,0,0,7.9988,11.765,1,Lymph node,0,Cancer cells,20,FALSE,FALSE,FALSE,FALSE,TRUE,TRUE
HNSCC20_P13_C09_S225_comb,0,0,0,0,3.8394,11.27,1,Lymph node,0,Cancer cells,20,FALSE,FALSE,FALSE,FALSE,TRUE,TRUE
HNSCC20_P3_E01_S49_comb,2.5705,0,3.8785,0,8.2908,12.514,1,Primary,0,Cancer cells,20,TRUE,FALSE,TRUE,FALSE,TRUE,TRUE
HNSCC20_P3_A12_S12_comb,0,0,0,0,7.5792,8.8848,1,Primary,0,Cancer cells,20,FALSE,FALSE,FALSE,FALSE,TRUE,TRUE
HNSCC17_P4_D06_S138_comb,4.4266,4.4277,9.0108,0,11.983,11.668,1,Primary,0,Cancer cells,17,TRUE,TRUE,TRUE,FALSE,TRUE,TRUE
HNSCC20_P13_C11_S227_comb,0,0,2.8824,0,8.9671,11.965,1,Lymph node,0,Cancer cells,20,FALSE,FALSE,TRUE,FALSE,TRUE,TRUE
HNSCC17_P4_G09_S177_comb,0,0,6.2618,0,12.064,12.142,1,Primary,0,Cancer cells,17,FALSE,FALSE,TRUE,FALSE,TRUE,TRUE
HNSCC20_P13_B01_S205_comb,6.1725,0,0.56071,0,6.1428,5.1586,1,Lymph node,0,Cancer cells,20,TRUE,FALSE,TRUE,FALSE,TRUE,TRUE
HNSCC17_P4_E07_S151_comb,3.7137,3.6478,6.362,0,12.08,12.131,1,Primary,0,Cancer cells,17,TRUE,TRUE,TRUE,FALSE,TRUE,TRUE
HNSCC20_P3_D03_S39_comb,4.3465,0,0.14796,0,7.9714,11.818,1,Primary,0,Cancer cells,20,TRUE,FALSE,TRUE,FALSE,TRUE,TRUE
HNSCC20_P13_B07_S211_comb,2.5967,0.99494,0.56852,0,9.3118,12.189,1,Lymph node,0,Cancer cells,20,TRUE,TRUE,TRUE,FALSE,TRUE,TRUE
HNSCC20_P13_H04_S280_comb,0,0.38073,0.056584,0,0,12.285,1,Lymph node,0,Cancer cells,20,FALSE,TRUE,TRUE,FALSE,FALSE,TRUE
HNSCC17_P4_E11_S155_comb,4.6141,0.10299,5.6455,0,11.333,10.299,1,Primary,0,Cancer cells,17,TRUE,TRUE,TRUE,FALSE,TRUE,TRUE
HNSCC20_P3_H11_S95_comb,3.7318,2.6778,0.17377,0,9.7818,10.495,1,Primary,0,Cancer cells,20,TRUE,TRUE,TRUE,FALSE,TRUE,TRUE
HNSCC20_P3_C10_S34_comb,0,3.2251,5.2801,0,10.604,11.486,1,Primary,0,Cancer cells,20,FALSE,TRUE,TRUE,FALSE,TRUE,TRUE
HNSCC20_P3_H04_S88_comb,2.2898,0,3.8732,0,8.9778,12.03,1,Primary,0,Cancer cells,20,TRUE,FALSE,TRUE,FALSE,TRUE,TRUE
HNSCC20_P13_G03_S267_comb,0,0,0,0,0,11.368,1,Lymph node,0,Cancer cells,20,FALSE,FALSE,FALSE,FALSE,FALSE,TRUE
HNSCC20_P13_H01_S277_comb,0,0,0,0,7.4463,9.4525,1,Lymph node,0,Cancer cells,20,FALSE,FALSE,FALSE,FALSE,TRUE,TRUE
HNSCC20_P3_D06_S42_comb,0,0,0,0,8.5571,11.343,1,Primary,0,Cancer cells,20,FALSE,FALSE,FALSE,FALSE,TRUE,TRUE
HNSCC20_P3_A01_S1_comb,3.1797,2.7073,2.6695,0,9.5216,10.669,1,Primary,0,Cancer cells,20,TRUE,TRUE,TRUE,FALSE,TRUE,TRUE
HNSCC20_P13_E06_S246_comb,0,0,0,0,3.8746,10.301,1,Lymph node,0,Cancer cells,20,FALSE,FALSE,FALSE,FALSE,TRUE,TRUE
HNSCC20_P3_C03_S27_comb,2.2937,0,1.281,0,2.9343,12.317,1,Primary,0,Cancer cells,20,TRUE,FALSE,TRUE,FALSE,TRUE,TRUE
HNSCC20_P13_H02_S278_comb,1.4206,1.0752,0.086784,0,6.4598,8.7856,1,Lymph node,0,Cancer cells,20,TRUE,TRUE,TRUE,FALSE,TRUE,TRUE
HNSCC20_P3_D05_S41_comb,5.2447,0,6.3485,0,10.485,10.829,1,Primary,0,Cancer cells,20,TRUE,FALSE,TRUE,FALSE,TRUE,TRUE
HNSCC20_P3_F04_S64_comb,3.582,0,1.6604,0.21785,10.307,11.643,1,Primary,0,Cancer cells,20,TRUE,FALSE,TRUE,TRUE,TRUE,TRUE
HNSCC20_P13_B03_S207_comb,4.8801,0,0,0,0,11.445,1,Lymph node,0,Cancer cells,20,TRUE,FALSE,FALSE,FALSE,FALSE,TRUE
HNSCC20_P3_B09_S21_comb,3.6891,0,0,0,2.8373,10.896,1,Primary,0,Cancer cells,20,TRUE,FALSE,FALSE,FALSE,TRUE,TRUE
HNSCC20_P3_G02_S74_comb,0,0,2.3156,0,8.317,11.943,1,Primary,0,Cancer cells,20,FALSE,FALSE,TRUE,FALSE,TRUE,TRUE
HNSCC20_P3_C06_S30_comb,0,0,1.1283,0,9.5379,10.968,1,Primary,0,Cancer cells,20,FALSE,FALSE,TRUE,FALSE,TRUE,TRUE
HNSCC20_P3_H10_S94_comb,3.5789,0,0.10702,0,6.7527,11.182,1,Primary,0,Cancer cells,20,TRUE,FALSE,TRUE,FALSE,TRUE,TRUE
HNSCC17_P4_F03_S159_comb,2.899,3.2248,6.7399,0,11.636,11.722,1,Primary,0,Cancer cells,17,TRUE,TRUE,TRUE,FALSE,TRUE,TRUE
HNSCC20_P13_G10_S274_comb,3.4787,2.8109,2.5358,0,8.0484,9.5299,1,Lymph node,0,Cancer cells,20,TRUE,TRUE,TRUE,FALSE,TRUE,TRUE
HNSCC20_P13_C01_S217_comb,0,0,3.2729,0,3.6757,10.996,1,Lymph node,0,Cancer cells,20,FALSE,FALSE,TRUE,FALSE,TRUE,TRUE
HNSCC20_P13_C10_S226_comb,2.5974,2.726,0,0,8.4495,12.433,1,Lymph node,0,Cancer cells,20,TRUE,TRUE,FALSE,FALSE,TRUE,TRUE
HNSCC17_P4_F09_S165_comb,4.8177,4.2998,5.6095,0,12.299,12.002,1,Primary,0,Cancer cells,17,TRUE,TRUE,TRUE,FALSE,TRUE,TRUE
HNSCC20_P3_A05_S5_comb,4.5932,0,0,0,8.7539,11.031,1,Primary,0,Cancer cells,20,TRUE,FALSE,FALSE,FALSE,TRUE,TRUE
HNSCC20_P3_B03_S15_comb,2.0892,0,7.0692,0,9.6065,11.795,1,Primary,0,Cancer cells,20,TRUE,FALSE,TRUE,FALSE,TRUE,TRUE
HNSCC20_P3_A02_S2_comb,4.1579,0,0.76384,0,7.2647,12.007,1,Primary,0,Cancer cells,20,TRUE,FALSE,TRUE,FALSE,TRUE,TRUE
HNSCC20_P13_D02_S230_comb,4.9232,0,0,0,5.8554,12.403,1,Lymph node,0,Cancer cells,20,TRUE,FALSE,FALSE,FALSE,TRUE,TRUE
HNSCC20_P3_E06_S54_comb,0,0,3.2912,0,8.1384,12.086,1,Primary,0,Cancer cells,20,FALSE,FALSE,TRUE,FALSE,TRUE,TRUE
HNSCC17_P4_G02_S170_comb,0,0,0,6.61,0.32308,0,0,Primary,Mast,Mast,17,FALSE,FALSE,FALSE,TRUE,TRUE,FALSE
HNSCC17_P4_G08_S176_comb,3.8164,1.2166,6.6323,0,11.78,11.599,1,Primary,0,Cancer cells,17,TRUE,TRUE,TRUE,FALSE,TRUE,TRUE
HNSCC20_P3_A09_S9_comb,2.91,0,2.0215,0,4.9549,12.27,1,Primary,0,Cancer cells,20,TRUE,FALSE,TRUE,FALSE,TRUE,TRUE
HNSCC20_P3_F08_S68_comb,2.8086,0,0,0,0,12.532,1,Primary,0,Cancer cells,20,TRUE,FALSE,FALSE,FALSE,FALSE,TRUE
HNSCC20_P3_C07_S31_comb,2.6565,0,2.7696,0,7.8328,11.713,1,Primary,0,Cancer cells,20,TRUE,FALSE,TRUE,FALSE,TRUE,TRUE
HNSCC20_P13_E05_S245_comb,0,0,0,0,7.929,11.363,1,Lymph node,0,Cancer cells,20,FALSE,FALSE,FALSE,FALSE,TRUE,TRUE
HNSCC20_P3_E10_S58_comb,2.4444,2.7388,0,0,5.8052,11.552,1,Primary,0,Cancer cells,20,TRUE,TRUE,FALSE,FALSE,TRUE,TRUE
HNSCC20_P3_E02_S50_comb,4.5338,0,0,0,8.4925,12.14,1,Primary,0,Cancer cells,20,TRUE,FALSE,FALSE,FALSE,TRUE,TRUE
HNSCC20_P3_A11_S11_comb,0,0,2.9454,0,7.8285,11.787,1,Primary,0,Cancer cells,20,FALSE,FALSE,TRUE,FALSE,TRUE,TRUE
HNSCC20_P13_E08_S248_comb,4.3637,0,1.082,0,6.7189,10.339,1,Lymph node,0,Cancer cells,20,TRUE,FALSE,TRUE,FALSE,TRUE,TRUE
HNSCC20_P3_C09_S33_comb,2.5046,0,5.5798,0,10.459,12.695,1,Primary,0,Cancer cells,20,TRUE,FALSE,TRUE,FALSE,TRUE,TRUE
HNSCC17_P4_F05_S161_comb,2.0724,1.8074,3.9312,0,12.933,12.578,1,Primary,0,Cancer cells,17,TRUE,TRUE,TRUE,FALSE,TRUE,TRUE
HNSCC17_P4_H05_S185_comb,2.8191,4.7302,6.5002,0,12.726,11.772,1,Primary,0,Cancer cells,17,TRUE,TRUE,TRUE,FALSE,TRUE,TRUE
HNSCC20_P3_D11_S47_comb,2.2299,0,2.6576,0,10.11,10.494,1,Primary,0,Cancer cells,20,TRUE,FALSE,TRUE,FALSE,TRUE,TRUE
HNSCC17_P4_E09_S153_comb,0,3.2599,6.9478,0,11.912,12.335,1,Primary,0,Cancer cells,17,FALSE,TRUE,TRUE,FALSE,TRUE,TRUE
HNSCC20_P3_H07_S91_comb,3.3536,1.2951,0,7.1121,0.26784,4.1728,0,Primary,Fibroblast,Fibroblast,20,TRUE,TRUE,FALSE,TRUE,TRUE,TRUE
HNSCC20_P13_C02_S218_comb,3.8254,0,0,0,3.2059,11.806,1,Lymph node,0,Cancer cells,20,TRUE,FALSE,FALSE,FALSE,TRUE,TRUE
HNSCC17_P4_B02_S110_comb,3.408,0.045443,3.9627,0,12.71,12.759,1,Primary,0,Cancer cells,17,TRUE,TRUE,TRUE,FALSE,TRUE,TRUE
HNSCC20_P3_F05_S65_comb,0,0,0.10299,0,9.6692,11.213,1,Primary,0,Cancer cells,20,FALSE,FALSE,TRUE,FALSE,TRUE,TRUE
HNSCC20_P3_F07_S67_comb,3.8507,0,3.2681,0,9.3886,10.451,1,Primary,0,Cancer cells,20,TRUE,FALSE,TRUE,FALSE,TRUE,TRUE
HNSCC17_P4_D03_S135_comb,4.0814,3.5578,5.1799,0.1003,12.507,12.718,1,Primary,0,Cancer cells,17,TRUE,TRUE,TRUE,TRUE,TRUE,TRUE
HNSCC17_P4_H08_S188_comb,3.0498,3.0849,7.2883,0,12.033,12.075,1,Primary,0,Cancer cells,17,TRUE,TRUE,TRUE,FALSE,TRUE,TRUE
HNSCC17_P4_D07_S139_comb,3.8006,4.0565,6.6632,0,12.231,12.218,1,Primary,0,Cancer cells,17,TRUE,TRUE,TRUE,FALSE,TRUE,TRUE
HNSCC17_P4_F07_S163_comb,4.5664,4.5607,8.1792,0,12.145,12.055,1,Primary,0,Cancer cells,17,TRUE,TRUE,TRUE,FALSE,TRUE,TRUE
HNSCC20_P13_B10_S214_comb,0,0,0,0,4.3607,11.099,1,Lymph node,0,Cancer cells,20,FALSE,FALSE,FALSE,FALSE,TRUE,TRUE
HNSCC17_P4_B08_S116_comb,2.2262,0,6.3759,0,12.095,11.502,1,Primary,0,Cancer cells,17,TRUE,FALSE,TRUE,FALSE,TRUE,TRUE
HNSCC17_P4_B07_S115_comb,2.5878,0,2.4893,0,12.34,9.8746,0,Primary,0,0,17,TRUE,FALSE,TRUE,FALSE,TRUE,TRUE
HNSCC20_P13_D03_S231_comb,0,0,0,0,0.53406,11.007,1,Lymph node,0,Cancer cells,20,FALSE,FALSE,FALSE,FALSE,TRUE,TRUE
HNSCC17_P4_D11_S143_comb,0,0,4.7402,0,10.328,7.558,0,Primary,0,0,17,FALSE,FALSE,TRUE,FALSE,TRUE,TRUE
HNSCC17_P4_C07_S127_comb,2.8278,0,7.765,0,12.486,12.668,1,Primary,0,Cancer cells,17,TRUE,FALSE,TRUE,FALSE,TRUE,TRUE
HNSCC20_P13_E12_S252_comb,4.0251,0,3.3665,0.27262,7.999,10.135,1,Lymph node,0,Cancer cells,20,TRUE,FALSE,TRUE,TRUE,TRUE,TRUE
HNSCC17_P4_G04_S172_comb,4.7796,3.8638,5.5696,0,12.159,11.524,1,Primary,0,Cancer cells,17,TRUE,TRUE,TRUE,FALSE,TRUE,TRUE
HNSCC17_P4_H01_S181_comb,2.5276,4.5525,2.676,0,12.857,12.81,1,Primary,0,Cancer cells,17,TRUE,TRUE,TRUE,FALSE,TRUE,TRUE
HNSCC20_P13_H12_S288_comb,2.344,0,0,0,6.5924,11.219,1,Lymph node,0,Cancer cells,20,TRUE,FALSE,FALSE,FALSE,TRUE,TRUE
HNSCC20_P3_B12_S24_comb,2.7993,0,1.7689,0,10.247,11.258,1,Primary,0,Cancer cells,20,TRUE,FALSE,TRUE,FALSE,TRUE,TRUE
HNSCC20_P13_D04_S232_comb,4.303,1.2172,3.6299,0,8.2825,10.673,1,Lymph node,0,Cancer cells,20,TRUE,TRUE,TRUE,FALSE,TRUE,TRUE
HNSCC20_P13_F08_S260_comb,3.0934,0,0,0,8.1646,12.848,1,Lymph node,0,Cancer cells,20,TRUE,FALSE,FALSE,FALSE,TRUE,TRUE
HNSCC20_P13_F11_S263_comb,0,0,0.32769,0,8.7749,9.2231,1,Lymph node,0,Cancer cells,20,FALSE,FALSE,TRUE,FALSE,TRUE,TRUE
HNSCC17_P4_F12_S168_comb,3.6624,4.7274,6.2103,0,11.711,12.164,1,Primary,0,Cancer cells,17,TRUE,TRUE,TRUE,FALSE,TRUE,TRUE
HNSCC17_P4_A09_S105_comb,4.1582,2.1424,8.3113,0,11.771,11.431,1,Primary,0,Cancer cells,17,TRUE,TRUE,TRUE,FALSE,TRUE,TRUE
HNSCC20_P3_E12_S60_comb,5.0651,0,4.1013,0,9.5544,12.078,1,Primary,0,Cancer cells,20,TRUE,FALSE,TRUE,FALSE,TRUE,TRUE
HNSCC20_P13_D09_S237_comb,0,1.9971,0,0,9.0256,10.553,1,Lymph node,0,Cancer cells,20,FALSE,TRUE,FALSE,FALSE,TRUE,TRUE
HNSCC20_P3_B06_S18_comb,3.3865,0,2.3098,0,9.8087,12.739,1,Primary,0,Cancer cells,20,TRUE,FALSE,TRUE,FALSE,TRUE,TRUE
HNSCC20_P3_H03_S87_comb,3.3668,0,0.1177,0,10.375,11.021,1,Primary,0,Cancer cells,20,TRUE,FALSE,TRUE,FALSE,TRUE,TRUE
HNSCC20_P13_C07_S223_comb,2.7113,2.0058,0,0,6.9629,9.4856,1,Lymph node,0,Cancer cells,20,TRUE,TRUE,FALSE,FALSE,TRUE,TRUE
HNSCC17_P4_B09_S117_comb,2.9831,0.1137,0.42868,0,12.488,11.266,1,Primary,0,Cancer cells,17,TRUE,TRUE,TRUE,FALSE,TRUE,TRUE
HNSCC17_P4_G06_S174_comb,4.6055,2.2182,6.9933,0,11.58,11.007,1,Primary,0,Cancer cells,17,TRUE,TRUE,TRUE,FALSE,TRUE,TRUE
HNSCC20_P13_G06_S270_comb,3.9215,3.0859,0,0,0,10.816,1,Lymph node,0,Cancer cells,20,TRUE,TRUE,FALSE,FALSE,FALSE,TRUE
HNSCC20_P13_G01_S265_comb,0,0,4.3474,0,9.2648,9.726,1,Lymph node,0,Cancer cells,20,FALSE,FALSE,TRUE,FALSE,TRUE,TRUE
HNSCC20_P13_E01_S241_comb,0,0,0.20163,0,7.5487,10.052,1,Lymph node,0,Cancer cells,20,FALSE,FALSE,TRUE,FALSE,TRUE,TRUE
HNSCC17_P4_G03_S171_comb,2.5859,3.1408,7.3537,0,12.59,10.961,1,Primary,0,Cancer cells,17,TRUE,TRUE,TRUE,FALSE,TRUE,TRUE
HNSCC20_P3_E07_S55_comb,4.7503,0,0,0,9.7284,12.468,1,Primary,0,Cancer cells,20,TRUE,FALSE,FALSE,FALSE,TRUE,TRUE
HNSCC17_P4_A04_S100_comb,3.6552,0,8.4158,6.3088,11.861,11.643,1,Primary,0,Cancer cells,17,TRUE,FALSE,TRUE,TRUE,TRUE,TRUE
HNSCC20_P13_H03_S279_comb,0,0,4.4811,0,9.9169,12.175,1,Lymph node,0,Cancer cells,20,FALSE,FALSE,TRUE,FALSE,TRUE,TRUE
HNSCC20_P3_G12_S84_comb,3.0136,0,3.9963,0,5.4789,12.647,1,Primary,0,Cancer cells,20,TRUE,FALSE,TRUE,FALSE,TRUE,TRUE
HNSCC20_P3_E04_S52_comb,2.4534,0,0.084064,0,0,12.815,1,Primary,0,Cancer cells,20,TRUE,FALSE,TRUE,FALSE,FALSE,TRUE
HNSCC20_P13_A07_S199_comb,4.0936,0,0,0,9.3173,10.98,1,Lymph node,0,Cancer cells,20,TRUE,FALSE,FALSE,FALSE,TRUE,TRUE
HNSCC17_P4_H07_S187_comb,4.8797,3.6949,7.1349,0,12.681,11.822,1,Primary,0,Cancer cells,17,TRUE,TRUE,TRUE,FALSE,TRUE,TRUE
HNSCC20_P3_C01_S25_comb,3.6448,1.1197,0,0,9.3878,11.523,1,Primary,0,Cancer cells,20,TRUE,TRUE,FALSE,FALSE,TRUE,TRUE
HNSCC20_P13_E07_S247_comb,2.2357,0,0,0,4.6837,10.822,1,Lymph node,0,Cancer cells,20,TRUE,FALSE,FALSE,FALSE,TRUE,TRUE
HNSCC20_P13_B05_S209_comb,0,3.3026,0.123,0,5.3582,12.135,1,Lymph node,0,Cancer cells,20,FALSE,TRUE,TRUE,FALSE,TRUE,TRUE
HNSCC20_P3_B04_S16_comb,2.6448,2.6812,3.0295,0,10.065,11.356,1,Primary,0,Cancer cells,20,TRUE,TRUE,TRUE,FALSE,TRUE,TRUE
HNSCC17_P4_A11_S107_comb,6.2058,2.8309,6.1196,0,11.573,12.127,1,Primary,0,Cancer cells,17,TRUE,TRUE,TRUE,FALSE,TRUE,TRUE
HNSCC20_P13_G07_S271_comb,3.4255,0,2.2925,0,6.9205,11.641,1,Lymph node,0,Cancer cells,20,TRUE,FALSE,TRUE,FALSE,TRUE,TRUE
HNSCC17_P4_D09_S141_comb,0,0,4.676,0,11.715,10.478,1,Primary,0,Cancer cells,17,FALSE,FALSE,TRUE,FALSE,TRUE,TRUE
HNSCC17_P4_D08_S140_comb,2.6255,3.3416,7.8284,0,12.271,11.608,1,Primary,0,Cancer cells,17,TRUE,TRUE,TRUE,FALSE,TRUE,TRUE
HNSCC20_P3_D10_S46_comb,3.3872,2.8854,2.4033,0,10.672,10.437,1,Primary,0,Cancer cells,20,TRUE,TRUE,TRUE,FALSE,TRUE,TRUE
HNSCC20_P13_B08_S212_comb,2.3268,0,3.629,2.7411,10.206,9.8065,1,Lymph node,0,Cancer cells,20,TRUE,FALSE,TRUE,TRUE,TRUE,TRUE
HNSCC17_P4_G05_S173_comb,0,0,0.8883,0,11.648,10.853,0,Primary,0,0,17,FALSE,FALSE,TRUE,FALSE,TRUE,TRUE
HNSCC20_P3_H05_S89_comb,0,0,5.2885,0,5.7677,9.5913,0,Primary,0,0,20,FALSE,FALSE,TRUE,FALSE,TRUE,TRUE
HNSCC20_P13_G12_S276_comb,0,0,0,0,6.595,9.6543,0,Lymph node,0,0,20,FALSE,FALSE,FALSE,FALSE,TRUE,TRUE
HNSCC20_P13_B02_S206_comb,3.5261,0,0.26424,0,3.9618,10.771,1,Lymph node,0,Cancer cells,20,TRUE,FALSE,TRUE,FALSE,TRUE,TRUE
HNSCC20_P3_B01_S13_comb,4.2973,0,0,0,0.2461,12.597,1,Primary,0,Cancer cells,20,TRUE,FALSE,FALSE,FALSE,TRUE,TRUE
HNSCC17_P4_D01_S133_comb,0,0,6.7432,0,12.996,10.179,1,Primary,0,Cancer cells,17,FALSE,FALSE,TRUE,FALSE,TRUE,TRUE
HNSCC20_P3_E09_S57_comb,0.36065,0,0,0,9.1158,11.684,1,Primary,0,Cancer cells,20,TRUE,FALSE,FALSE,FALSE,TRUE,TRUE
HNSCC20_P13_G04_S268_comb,3.2242,0,0,0,6.355,10.332,1,Lymph node,0,Cancer cells,20,TRUE,FALSE,FALSE,FALSE,TRUE,TRUE
HNSCC20_P13_F05_S257_comb,0,0,0,0,0,11.325,1,Lymph node,0,Cancer cells,20,FALSE,FALSE,FALSE,FALSE,FALSE,TRUE
HNSCC20_P3_C11_S35_comb,1.825,3.0296,4.055,0,10.018,11.939,1,Primary,0,Cancer cells,20,TRUE,TRUE,TRUE,FALSE,TRUE,TRUE
HNSCC20_P13_A02_S194_comb,0,0,0,0,0,11.136,1,Lymph node,0,Cancer cells,20,FALSE,FALSE,FALSE,FALSE,FALSE,TRUE
HNSCC20_P13_B06_S210_comb,4.4412,0,0,0,5.8165,11.624,1,Lymph node,0,Cancer cells,20,TRUE,FALSE,FALSE,FALSE,TRUE,TRUE
HNSCC20_P3_G08_S80_comb,3.9625,0,0.98258,0,8.1606,12.263,1,Primary,0,Cancer cells,20,TRUE,FALSE,TRUE,FALSE,TRUE,TRUE
HNSCC20_P3_H09_S93_comb,3.2191,2.0247,9.6814,0,11.387,11.476,1,Primary,0,Cancer cells,20,TRUE,TRUE,TRUE,FALSE,TRUE,TRUE
HNSCC20_P3_H12_S96_comb,3.1104,0,2.7847,0,9.7296,11.532,1,Primary,0,Cancer cells,20,TRUE,FALSE,TRUE,FALSE,TRUE,TRUE
HNSCC17_P4_B05_S113_comb,0.543,0,0,0,11.418,7.0415,0,Primary,0,0,17,TRUE,FALSE,FALSE,FALSE,TRUE,TRUE
HNSCC20_P3_G09_S81_comb,0,0,1.8496,0,9.0655,11.288,1,Primary,0,Cancer cells,20,FALSE,FALSE,TRUE,FALSE,TRUE,TRUE
HNSCC20_P13_E10_S250_comb,0,0.10165,0.094912,0,6.883,11.984,1,Lymph node,0,Cancer cells,20,FALSE,TRUE,TRUE,FALSE,TRUE,TRUE
HNSCC20_P3_G10_S82_comb,2.0468,0,2.9345,0,10.987,11.642,1,Primary,0,Cancer cells,20,TRUE,FALSE,TRUE,FALSE,TRUE,TRUE
HNSCC17_P4_G01_S169_comb,3.5242,0,4.1025,0,12.058,11.383,1,Primary,0,Cancer cells,17,TRUE,FALSE,TRUE,FALSE,TRUE,TRUE
HNSCC20_P3_A08_S8_comb,0,0,0.21909,0,0,9.6452,1,Primary,0,Cancer cells,20,FALSE,FALSE,TRUE,FALSE,FALSE,TRUE
HNSCC17_P4_H02_S182_comb,4.5107,0.29042,5.2068,0,12.314,11.429,1,Primary,0,Cancer cells,17,TRUE,TRUE,TRUE,FALSE,TRUE,TRUE
HNSCC20_P3_F03_S63_comb,5.465,2.4383,2.9842,3.4725,10.124,11.1,1,Primary,0,Cancer cells,20,TRUE,TRUE,TRUE,TRUE,TRUE,TRUE
HNSCC20_P3_A04_S4_comb,0,0,2.4581,0,9.5218,11.229,1,Primary,0,Cancer cells,20,FALSE,FALSE,TRUE,FALSE,TRUE,TRUE
HNSCC20_P13_E02_S242_comb,3.2493,0,0,0,1.2216,12.795,1,Lymph node,0,Cancer cells,20,TRUE,FALSE,FALSE,FALSE,TRUE,TRUE
HNSCC20_P13_D06_S234_comb,3.4185,0,0.31034,0,8.1066,8.8491,1,Lymph node,0,Cancer cells,20,TRUE,FALSE,TRUE,FALSE,TRUE,TRUE
HNSCC20_P13_B12_S216_comb,0,0,0.12035,0,8.3847,9.5929,1,Lymph node,0,Cancer cells,20,FALSE,FALSE,TRUE,FALSE,TRUE,TRUE
HNSCC20_P13_A09_S201_comb,2.5683,0,0,0,8.8815,10.498,1,Lymph node,0,Cancer cells,20,TRUE,FALSE,FALSE,FALSE,TRUE,TRUE
HNSCC20_P3_B08_S20_comb,2.9745,2.4217,2.6215,0,9.3367,12.015,1,Primary,0,Cancer cells,20,TRUE,TRUE,TRUE,FALSE,TRUE,TRUE
HNSCC17_P4_E04_S148_comb,3.5465,2.9149,6.6979,3.2787,11.864,11.136,1,Primary,0,Cancer cells,17,TRUE,TRUE,TRUE,TRUE,TRUE,TRUE
HNSCC17_P4_A06_S102_comb,2.6022,3.177,7.2306,0,12.372,12.379,1,Primary,0,Cancer cells,17,TRUE,TRUE,TRUE,FALSE,TRUE,TRUE
HNSCC17_P4_G11_S179_comb,3.5221,4.0098,2.0766,0,11.996,11.287,1,Primary,0,Cancer cells,17,TRUE,TRUE,TRUE,FALSE,TRUE,TRUE
HNSCC20_P3_C05_S29_comb,2.679,2.6996,0,0,8.278,11.808,1,Primary,0,Cancer cells,20,TRUE,TRUE,FALSE,FALSE,TRUE,TRUE
HNSCC20_P3_F06_S66_comb,0,0,0,0,0,12.092,1,Primary,0,Cancer cells,20,FALSE,FALSE,FALSE,FALSE,FALSE,TRUE
HNSCC17_P4_F10_S166_comb,5.0224,3.4707,5.2855,0,11.846,10.914,1,Primary,0,Cancer cells,17,TRUE,TRUE,TRUE,FALSE,TRUE,TRUE
HNSCC20_P13_D07_S235_comb,0,0,0,0,3.982,7.7499,1,Lymph node,0,Cancer cells,20,FALSE,FALSE,FALSE,FALSE,TRUE,TRUE
HNSCC20_P3_G04_S76_comb,3.4079,2.4322,4.2818,0,10.133,10.719,1,Primary,0,Cancer cells,20,TRUE,TRUE,TRUE,FALSE,TRUE,TRUE
HNSCC17_P4_B10_S118_comb,2.1204,3.8015,6.1484,0,11.947,11.586,1,Primary,0,Cancer cells,17,TRUE,TRUE,TRUE,FALSE,TRUE,TRUE
HNSCC17_P4_G10_S178_comb,5.9345,0,5.8707,0.098958,12.172,12.387,1,Primary,0,Cancer cells,17,TRUE,FALSE,TRUE,TRUE,TRUE,TRUE
HNSCC20_P13_G05_S269_comb,2.7394,0,1.5375,0,7.0901,12.4,1,Lymph node,0,Cancer cells,20,TRUE,FALSE,TRUE,FALSE,TRUE,TRUE
HNSCC17_P4_E03_S147_comb,3.43,0,4.7246,2.8329,11.757,11.96,1,Primary,0,Cancer cells,17,TRUE,FALSE,TRUE,TRUE,TRUE,TRUE
HNSCC20_P13_F09_S261_comb,5.3504,0,0,0,9.6301,10.47,1,Lymph node,0,Cancer cells,20,TRUE,FALSE,FALSE,FALSE,TRUE,TRUE
HNSCC20_P3_A07_S7_comb,2.6098,1.6489,0,0,9.6332,12.407,1,Primary,0,Cancer cells,20,TRUE,TRUE,FALSE,FALSE,TRUE,TRUE
HNSCC20_P3_F12_S72_comb,6.1754,0,3.5311,2.4998,8.335,10.82,1,Primary,0,Cancer cells,20,TRUE,FALSE,TRUE,TRUE,TRUE,TRUE
HNSCC20_P3_D04_S40_comb,1.7987,0,0,0,10.271,12.486,1,Primary,0,Cancer cells,20,TRUE,FALSE,FALSE,FALSE,TRUE,TRUE
HNSCC17_P4_A07_S103_comb,3.5883,4.9391,7.4865,0,11.856,12.285,1,Primary,0,Cancer cells,17,TRUE,TRUE,TRUE,FALSE,TRUE,TRUE
HNSCC17_P4_C02_S122_comb,4.5553,0.096262,7.1956,0,11.812,12.12,1,Primary,0,Cancer cells,17,TRUE,TRUE,TRUE,FALSE,TRUE,TRUE
HNSCC20_P3_G03_S75_comb,3.7155,0,0,0,3.074,12.575,1,Primary,0,Cancer cells,20,TRUE,FALSE,FALSE,FALSE,TRUE,TRUE
HNSCC17_P4_E01_S145_comb,3.4865,0,7.2271,2.8186,12.588,12.212,1,Primary,0,Cancer cells,17,TRUE,FALSE,TRUE,TRUE,TRUE,TRUE
HNSCC17_P4_C08_S128_comb,2.7717,2.4444,6.6753,0,11.918,11.478,1,Primary,0,Cancer cells,17,TRUE,TRUE,TRUE,FALSE,TRUE,TRUE
HNSCC20_P3_G07_S79_comb,0.73292,0,4.2631,0,9.5781,11.205,1,Primary,0,Cancer cells,20,TRUE,FALSE,TRUE,FALSE,TRUE,TRUE
HNSCC20_P13_D08_S236_comb,3.2612,0,0,0,0.56267,11.515,1,Lymph node,0,Cancer cells,20,TRUE,FALSE,FALSE,FALSE,TRUE,TRUE
HNSCC20_P3_B11_S23_comb,4.2849,0,2.7964,0,9.5548,11.525,1,Primary,0,Cancer cells,20,TRUE,FALSE,TRUE,FALSE,TRUE,TRUE
HNSCC20_P13_A05_S197_comb,0,0,0,0,9.5148,10.246,1,Lymph node,0,Cancer cells,20,FALSE,FALSE,FALSE,FALSE,TRUE,TRUE
HNSCC20_P3_D02_S38_comb,0,0,0.51702,0,6.3587,10.516,1,Primary,0,Cancer cells,20,FALSE,FALSE,TRUE,FALSE,TRUE,TRUE
HNSCC20_P13_F01_S253_comb,3.1205,0,0,0,0.2461,11.897,1,Lymph node,0,Cancer cells,20,TRUE,FALSE,FALSE,FALSE,TRUE,TRUE
HNSCC17_P4_F08_S164_comb,6.4485,0,5.0522,0,10.18,10.226,0,Primary,0,0,17,TRUE,FALSE,TRUE,FALSE,TRUE,TRUE
HNSCC17_P4_A03_S99_comb,4.2344,3.8898,6.9174,0,12.289,12.887,1,Primary,0,Cancer cells,17,TRUE,TRUE,TRUE,FALSE,TRUE,TRUE
HNSCC20_P13_A03_S195_comb,2.5529,0,4.1008,0,10.698,11.691,1,Lymph node,0,Cancer cells,20,TRUE,FALSE,TRUE,FALSE,TRUE,TRUE
HNSCC20_P3_E11_S59_comb,3.0393,0,0,0,2.5208,11.515,1,Primary,0,Cancer cells,20,TRUE,FALSE,FALSE,FALSE,TRUE,TRUE
HNSCC20_P3_F11_S71_comb,0,3.0573,2.8643,0,6.9196,13.083,1,Primary,0,Cancer cells,20,FALSE,TRUE,TRUE,FALSE,TRUE,TRUE
HNSCC20_P13_D05_S233_comb,4.8493,0,3.0907,0,0.19283,9.5153,1,Lymph node,0,Cancer cells,20,TRUE,FALSE,TRUE,FALSE,TRUE,TRUE
HNSCC20_P13_A06_S198_comb,3.2409,1.2666,7.1387,0,9.123,11.83,1,Lymph node,0,Cancer cells,20,TRUE,TRUE,TRUE,FALSE,TRUE,TRUE
HNSCC20_P3_C02_S26_comb,3.9318,0,3.0339,0,10.343,12.258,1,Primary,0,Cancer cells,20,TRUE,FALSE,TRUE,FALSE,TRUE,TRUE
HNSCC17_P4_H09_S189_comb,3.8318,4.5072,5.9552,0,12.533,12.624,1,Primary,0,Cancer cells,17,TRUE,TRUE,TRUE,FALSE,TRUE,TRUE
HNSCC20_P13_C08_S224_comb,3.5341,0,0,0,8.1733,11.638,1,Lymph node,0,Cancer cells,20,TRUE,FALSE,FALSE,FALSE,TRUE,TRUE
HNSCC17_P4_A08_S104_comb,2.4457,0,5.0144,0,12.386,12.137,1,Primary,0,Cancer cells,17,TRUE,FALSE,TRUE,FALSE,TRUE,TRUE
HNSCC17_P4_E10_S154_comb,4.1285,3.7386,6.8596,0,12.33,12.611,1,Primary,0,Cancer cells,17,TRUE,TRUE,TRUE,FALSE,TRUE,TRUE
HNSCC17_P4_E02_S146_comb,4.9408,2.4457,5.2905,0,12.442,12.144,1,Primary,0,Cancer cells,17,TRUE,TRUE,TRUE,FALSE,TRUE,TRUE
HNSCC20_P13_F10_S262_comb,5.0626,3.3718,2.9749,0,4.0927,11.229,1,Lymph node,0,Cancer cells,20,TRUE,TRUE,TRUE,FALSE,TRUE,TRUE
HNSCC17_P4_D04_S136_comb,2.4875,4.875,7.7969,0,12.376,12.087,1,Primary,0,Cancer cells,17,TRUE,TRUE,TRUE,FALSE,TRUE,TRUE
HNSCC20_P13_C06_S222_comb,3.7218,0,0.096262,0,3.7141,11.901,1,Lymph node,0,Cancer cells,20,TRUE,FALSE,TRUE,FALSE,TRUE,TRUE
HNSCC20_P13_C12_S228_comb,4.0759,0,6.6797,4.0225,10.548,10.804,1,Lymph node,0,Cancer cells,20,TRUE,FALSE,TRUE,TRUE,TRUE,TRUE
HNSCC17_P4_H04_S184_comb,3.5019,0,5.0393,0,12.876,13.148,1,Primary,0,Cancer cells,17,TRUE,FALSE,TRUE,FALSE,TRUE,TRUE
HNSCC17_P4_C06_S126_comb,4.2093,5.3261,6.9774,0,11.963,12.46,1,Primary,0,Cancer cells,17,TRUE,TRUE,TRUE,FALSE,TRUE,TRUE
HNSCC20_P3_D01_S37_comb,3.0829,0,0,0,8.3751,11.009,1,Primary,0,Cancer cells,20,TRUE,FALSE,FALSE,FALSE,TRUE,TRUE
HNSCC20_P3_D09_S45_comb,2.4233,0,0,0,7.3098,11.666,1,Primary,0,Cancer cells,20,TRUE,FALSE,FALSE,FALSE,TRUE,TRUE
HNSCC17_P4_E06_S150_comb,4.3101,0.33914,8.4001,4.2714,12.044,12.031,1,Primary,0,Cancer cells,17,TRUE,TRUE,TRUE,TRUE,TRUE,TRUE
HNSCC20_P13_H10_S286_comb,2.8309,0,0,0,6.416,10.348,1,Lymph node,0,Cancer cells,20,TRUE,FALSE,FALSE,FALSE,TRUE,TRUE
HNSCC17_P4_A02_S98_comb,0,5.1176,4.2277,0,11.356,11.478,0,Primary,0,0,17,FALSE,TRUE,TRUE,FALSE,TRUE,TRUE
HNSCC20_P13_D01_S229_comb,3.4486,0,0,0,8.0663,10.279,1,Lymph node,0,Cancer cells,20,TRUE,FALSE,FALSE,FALSE,TRUE,TRUE
HNSCC20_P13_G02_S266_comb,0,0,1.6429,0,0.48543,12.646,1,Lymph node,0,Cancer cells,20,FALSE,FALSE,TRUE,FALSE,TRUE,TRUE
HNSCC17_P4_B04_S112_comb,4.9144,4.1946,4.3666,0.10836,12.036,11.51,1,Primary,0,Cancer cells,17,TRUE,TRUE,TRUE,TRUE,TRUE,TRUE
HNSCC17_P4_C09_S129_comb,4.2685,3.6417,6.9795,0,11.862,12.063,1,Primary,0,Cancer cells,17,TRUE,TRUE,TRUE,FALSE,TRUE,TRUE
HNSCC20_P13_A12_S204_comb,1.9411,0,0,0,8.2001,12.344,1,Lymph node,0,Cancer cells,20,TRUE,FALSE,FALSE,FALSE,TRUE,TRUE
HNSCC17_P4_F06_S162_comb,0,0,0,0,12.242,11.309,1,Primary,0,Cancer cells,17,FALSE,FALSE,FALSE,FALSE,TRUE,TRUE
HNSCC20_P3_B10_S22_comb,3.9995,0,1.4131,0,10.161,10.836,1,Primary,0,Cancer cells,20,TRUE,FALSE,TRUE,FALSE,TRUE,TRUE
HNSCC20_P13_B11_S215_comb,1.5826,1.9146,6.2102,0,10.524,10.814,1,Lymph node,0,Cancer cells,20,TRUE,TRUE,TRUE,FALSE,TRUE,TRUE
HNSCC20_P3_C08_S32_comb,0,0,0,0,7.9188,12.828,1,Primary,0,Cancer cells,20,FALSE,FALSE,FALSE,FALSE,TRUE,TRUE
HNSCC17_P4_H03_S183_comb,0,0,6.2838,0,12.172,11.927,1,Primary,0,Cancer cells,17,FALSE,FALSE,TRUE,FALSE,TRUE,TRUE
HNSCC20_P3_F09_S69_comb,0,0,0,0,0.52406,13.311,1,Primary,0,Cancer cells,20,FALSE,FALSE,FALSE,FALSE,TRUE,TRUE
HNSCC17_P4_G12_S180_comb,0,4.5745,6.8842,4.9905,11.525,10.77,0,Primary,0,0,17,FALSE,TRUE,TRUE,TRUE,TRUE,TRUE
HNSCC20_P13_C05_S221_comb,5.893,0,0,0,8.6324,7.9731,1,Lymph node,0,Cancer cells,20,TRUE,FALSE,FALSE,FALSE,TRUE,TRUE
HNSCC17_P4_C12_S132_comb,3.0111,2.7523,6.104,0,11.828,10.575,1,Primary,0,Cancer cells,17,TRUE,TRUE,TRUE,FALSE,TRUE,TRUE
HNSCC20_P3_H08_S92_comb,2.885,0,1.301,3.3337,0,12.545,1,Primary,0,Cancer cells,20,TRUE,FALSE,TRUE,TRUE,FALSE,TRUE
HNSCC20_P3_G06_S78_comb,3.926,0,0,0,9.0559,11.919,1,Primary,0,Cancer cells,20,TRUE,FALSE,FALSE,FALSE,TRUE,TRUE
